queryItem	queryIndex	stringId	ncbiTaxonId	taxonName	preferredName	annotation
ATM	0	9606.ENSP00000278616	9606	Homo sapiens	ATM	Serine-protein kinase ATM; Serine/threonine protein kinase which activates checkpoint signaling upon double strand breaks (DSBs), apoptosis and genotoxic stresses such as ionizing ultraviolet A light (UVA), thereby acting as a DNA damage sensor. Recognizes the substrate consensus sequence [ST]- Q. Phosphorylates 'Ser-139' of histone variant H2AX at double strand breaks (DSBs), thereby regulating DNA damage response mechanism. Also plays a role in pre-B cell allelic exclusion, a process leading to expression of a single immunoglobulin heavy chain allele to enforce clonality and monospec [...] 
BRCA2	1	9606.ENSP00000369497	9606	Homo sapiens	BRCA2	Breast cancer type 2 susceptibility protein; Involved in double-strand break repair and/or homologous recombination. Binds RAD51 and potentiates recombinational DNA repair by promoting assembly of RAD51 onto single-stranded DNA (ssDNA). Acts by targeting RAD51 to ssDNA over double-stranded DNA, enabling RAD51 to displace replication protein-A (RPA) from ssDNA and stabilizing RAD51- ssDNA filaments by blocking ATP hydrolysis. Part of a PALB2-scaffolded HR complex containing RAD51C and which is thought to play a role in DNA repair by HR. May participate in S phase checkpoint activation.  [...] 
CHEK2	2	9606.ENSP00000372023	9606	Homo sapiens	CHEK2	Serine/threonine-protein kinase Chk2; Serine/threonine-protein kinase which is required for checkpoint-mediated cell cycle arrest, activation of DNA repair and apoptosis in response to the presence of DNA double-strand breaks. May also negatively regulate cell cycle progression during unperturbed cell cycles. Following activation, phosphorylates numerous effectors preferentially at the consensus sequence [L-X-R-X-X-S/T]. Regulates cell cycle checkpoint arrest through phosphorylation of CDC25A, CDC25B and CDC25C, inhibiting their activity. Inhibition of CDC25 phosphatase activity leads  [...] 
BARD1	3	9606.ENSP00000260947	9606	Homo sapiens	BARD1	BRCA1-associated RING domain protein 1; E3 ubiquitin-protein ligase. The BRCA1-BARD1 heterodimer specifically mediates the formation of 'Lys-6'-linked polyubiquitin chains and coordinates a diverse range of cellular pathways such as DNA damage repair, ubiquitination and transcriptional regulation to maintain genomic stability. Plays a central role in the control of the cell cycle in response to DNA damage. Acts by mediating ubiquitin E3 ligase activity that is required for its tumor suppressor function. Also forms a heterodimer with CSTF1/CSTF-50 to modulate mRNA processing and RNAP II [...] 
BRCA1	4	9606.ENSP00000418960	9606	Homo sapiens	BRCA1	Breast cancer type 1 susceptibility protein; E3 ubiquitin-protein ligase that specifically mediates the formation of 'Lys-6'-linked polyubiquitin chains and plays a central role in DNA repair by facilitating cellular responses to DNA damage. It is unclear whether it also mediates the formation of other types of polyubiquitin chains. The E3 ubiquitin-protein ligase activity is required for its tumor suppressor function. The BRCA1-BARD1 heterodimer coordinates a diverse range of cellular pathways such as DNA damage repair, ubiquitination and transcriptional regulation to maintain genomic [...] 
CDH1	5	9606.ENSP00000261769	9606	Homo sapiens	CDH1	Cadherin-1; Cadherins are calcium-dependent cell adhesion proteins. They preferentially interact with themselves in a homophilic manner in connecting cells; cadherins may thus contribute to the sorting of heterogeneous cell types. CDH1 is involved in mechanisms regulating cell-cell adhesions, mobility and proliferation of epithelial cells. Has a potent invasive suppressor role. It is a ligand for integrin alpha-E/beta-7.  (Microbial infection) Serves as a receptor for Listeria monocytogenes; internalin A (InlA) binds to this protein and promotes uptake of the bacteria.
BRIP1	6	9606.ENSP00000259008	9606	Homo sapiens	BRIP1	Fanconi anemia group J protein; DNA-dependent ATPase and 5' to 3' DNA helicase required for the maintenance of chromosomal stability. Acts late in the Fanconi anemia pathway, after FANCD2 ubiquitination. Involved in the repair of DNA double-strand breaks by homologous recombination in a manner that depends on its association with BRCA1.
TP53	7	9606.ENSP00000269305	9606	Homo sapiens	TP53	Cellular tumor antigen p53; Acts as a tumor suppressor in many tumor types; induces growth arrest or apoptosis depending on the physiological circumstances and cell type. Involved in cell cycle regulation as a trans-activator that acts to negatively regulate cell division by controlling a set of genes required for this process. One of the activated genes is an inhibitor of cyclin-dependent kinases. Apoptosis induction seems to be mediated either by stimulation of BAX and FAS antigen expression, or by repression of Bcl-2 expression. Its pro-apoptotic activity is activated via its intera [...] 
CDKN2B	8	9606.ENSP00000276925	9606	Homo sapiens	CDKN2B	Cyclin-dependent kinase 4 inhibitor B; Interacts strongly with CDK4 and CDK6. Potent inhibitor. Potential effector of TGF-beta induced cell cycle arrest; Belongs to the CDKN2 cyclin-dependent kinase inhibitor family.
PTEN	9	9606.ENSP00000361021	9606	Homo sapiens	PTEN	Phosphatase and tensin homolog; Tumor suppressor. Acts as a dual-specificity protein phosphatase, dephosphorylating tyrosine-, serine- and threonine- phosphorylated proteins. Also acts as a lipid phosphatase, removing the phosphate in the D3 position of the inositol ring from phosphatidylinositol 3,4,5-trisphosphate, phosphatidylinositol 3,4- diphosphate, phosphatidylinositol 3-phosphate and inositol 1,3,4,5- tetrakisphosphate with order of substrate preference in vitro PtdIns(3,4,5)P3 > PtdIns(3,4)P2 > PtdIns3P > Ins(1,3,4,5)P4. The lipid phosphatase activity is critical for its tumor [...] 
RAD51	10	9606.ENSP00000493712	9606	Homo sapiens	RAD51	DNA repair protein RAD51 homolog 1; Plays an important role in homologous strand exchange, a key step in DNA repair through homologous recombination (HR). Binds to single and double-stranded DNA and exhibits DNA-dependent ATPase activity. Catalyzes the recognition of homology and strand exchange between homologous DNA partners to form a joint molecule between a processed DNA break and the repair template. Binds to single-stranded DNA in an ATP-dependent manner to form nucleoprotein filaments which are essential for the homology search and strand exchange. Part of a PALB2-scaffolded HR  [...] 
PIK3CA	11	9606.ENSP00000263967	9606	Homo sapiens	PIK3CA	Phosphatidylinositol 4,5-bisphosphate 3-kinase catalytic subunit alpha isoform; Phosphoinositide-3-kinase (PI3K) that phosphorylates PtdIns (Phosphatidylinositol), PtdIns4P (Phosphatidylinositol 4-phosphate) and PtdIns(4,5)P2 (Phosphatidylinositol 4,5-bisphosphate) to generate phosphatidylinositol 3,4,5-trisphosphate (PIP3). PIP3 plays a key role by recruiting PH domain-containing proteins to the membrane, including AKT1 and PDPK1, activating signaling cascades involved in cell growth, survival, proliferation, motility and morphology. Participates in cellular signaling in response to v [...] 
ESR1	12	9606.ENSP00000405330	9606	Homo sapiens	ESR1	Estrogen receptor; Nuclear hormone receptor. The steroid hormones and their receptors are involved in the regulation of eukaryotic gene expression and affect cellular proliferation and differentiation in target tissues. Ligand-dependent nuclear transactivation involves either direct homodimer binding to a palindromic estrogen response element (ERE) sequence or association with other DNA-binding transcription factors, such as AP-1/c-Jun, c-Fos, ATF-2, Sp1 and Sp3, to mediate ERE- independent signaling. Ligand binding induces a conformational change allowing subsequent or combinatorial a [...] 
FGFR2	13	9606.ENSP00000410294	9606	Homo sapiens	FGFR2	Fibroblast growth factor receptor 2; Tyrosine-protein kinase that acts as cell-surface receptor for fibroblast growth factors and plays an essential role in the regulation of cell proliferation, differentiation, migration and apoptosis, and in the regulation of embryonic development. Required for normal embryonic patterning, trophoblast function, limb bud development, lung morphogenesis, osteogenesis and skin development. Plays an essential role in the regulation of osteoblast differentiation, proliferation and apoptosis, and is required for normal skeleton development. Promotes cell p [...] 
AKT1	14	9606.ENSP00000451828	9606	Homo sapiens	AKT1	RAC-alpha serine/threonine-protein kinase; AKT1 is one of 3 closely related serine/threonine-protein kinases (AKT1, AKT2 and AKT3) called the AKT kinase, and which regulate many processes including metabolism, proliferation, cell survival, growth and angiogenesis. This is mediated through serine and/or threonine phosphorylation of a range of downstream substrates. Over 100 substrate candidates have been reported so far, but for most of them, no isoform specificity has been reported. AKT is responsible of the regulation of glucose uptake by mediating insulin-induced translocation of the [...] 
CASP8	15	9606.ENSP00000351273	9606	Homo sapiens	CASP8	Caspase-8 subunit p10; Most upstream protease of the activation cascade of caspases responsible for the TNFRSF6/FAS mediated and TNFRSF1A induced cell death. Binding to the adapter molecule FADD recruits it to either receptor. The resulting aggregate called death-inducing signaling complex (DISC) performs CASP8 proteolytic activation. The active dimeric enzyme is then liberated from the DISC and free to activate downstream apoptotic proteases. Proteolytic fragments of the N-terminal propeptide (termed CAP3, CAP5 and CAP6) are likely retained in the DISC. Cleaves and activates CASP3, CA [...] 
CDKN2A	16	9606.ENSP00000418915	9606	Homo sapiens	CDKN2A	Cyclin-dependent kinase inhibitor 2A; Acts as a negative regulator of the proliferation of normal cells by interacting strongly with CDK4 and CDK6. This inhibits their ability to interact with cyclins D and to phosphorylate the retinoblastoma protein; Belongs to the CDKN2 cyclin-dependent kinase inhibitor family.
CAV1	17	9606.ENSP00000339191	9606	Homo sapiens	CAV1	Caveolin-1; May act as a scaffolding protein within caveolar membranes. Forms a stable heterooligomeric complex with CAV2 that targets to lipid rafts and drives caveolae formation. Mediates the recruitment of CAVIN proteins (CAVIN1/2/3/4) to the caveolae. Interacts directly with G-protein alpha subunits and can functionally regulate their activity (By similarity). Involved in the costimulatory signal essential for T-cell receptor (TCR)-mediated T-cell activation. Its binding to DPP4 induces T-cell proliferation and NF-kappa-B activation in a T-cell receptor/CD3-dependent manner. Recrui [...] 
PALB2	18	9606.ENSP00000261584	9606	Homo sapiens	PALB2	Partner and localizer of BRCA2; Plays a critical role in homologous recombination repair (HRR) through its ability to recruit BRCA2 and RAD51 to DNA breaks. Strongly stimulates the DNA strand- invasion activity of RAD51, stabilizes the nucleoprotein filament against a disruptive BRC3-BRC4 polypeptide and helps RAD51 to overcome the suppressive effect of replication protein A (RPA). Functionally cooperates with RAD51AP1 in promoting of D-loop formation by RAD51. Serves as the molecular scaffold in the formation of the BRCA1-PALB2-BRCA2 complex which is essential for homologous recombina [...] 
MAP3K1	19	9606.ENSP00000382423	9606	Homo sapiens	MAP3K1	Mitogen-activated protein kinase kinase kinase 1; Component of a protein kinase signal transduction cascade. Activates the ERK and JNK kinase pathways by phosphorylation of MAP2K1 and MAP2K4. May phosphorylate the MAPK8/JNK1 kinase. Activates CHUK and IKBKB, the central protein kinases of the NF-kappa-B pathway.
GSTM1	20	9606.ENSP00000311469	9606	Homo sapiens	GSTM1	Glutathione S-transferase Mu 1; Conjugation of reduced glutathione to a wide number of exogenous and endogenous hydrophobic electrophiles.
MKI67	21	9606.ENSP00000357643	9606	Homo sapiens	MKI67	Proliferation marker protein Ki-67; Required to maintain individual mitotic chromosomes dispersed in the cytoplasm following nuclear envelope disassembly. Associates with the surface of the mitotic chromosome, the perichromosomal layer, and covers a substantial fraction of the chromosome surface. Prevents chromosomes from collapsing into a single chromatin mass by forming a steric and electrostatic charge barrier: the protein has a high net electrical charge and acts as a surfactant, dispersing chromosomes and enabling independent chromosome motility. Binds DNA, with a preference for s [...] 
CTSD	22	9606.ENSP00000236671	9606	Homo sapiens	CTSD	Cathepsin D heavy chain; Acid protease active in intracellular protein breakdown. Plays a role in APP processing following cleavage and activation by ADAM30 which leads to APP degradation. Involved in the pathogenesis of several diseases such as breast cancer and possibly Alzheimer disease.
CYP19A1	23	9606.ENSP00000379683	9606	Homo sapiens	CYP19A1	Aromatase; A cytochrome P450 monooxygenase that catalyzes the conversion of C19 androgens, androst-4-ene-3,17-dione (androstenedione) and testosterone to the C18 estrogens, estrone and estradiol, respectively. Catalyzes three successive oxidations of C19 androgens: two conventional oxidations at C19 yielding 19-hydroxy and 19-oxo/19-aldehyde derivatives, followed by a third oxidative aromatization step that involves C1-beta hydrogen abstraction combined with cleavage of the C10-C19 bond to yield a phenolic A ring and formic acid. Alternatively, the third oxidative reaction yields a 19- [...] 
CYP1A1	24	9606.ENSP00000378488	9606	Homo sapiens	CYP1A1	Cytochrome P450 1A1; A cytochrome P450 monooxygenase involved in the metabolism of various endogenous substrates, including fatty acids, steroid hormones and vitamins. Mechanistically, uses molecular oxygen inserting one oxygen atom into a substrate, and reducing the second into a water molecule, with two electrons provided by NADPH via cytochrome P450 reductase (NADPH--hemoprotein reductase). Catalyzes the hydroxylation of carbon-hydrogen bonds. Exhibits high catalytic activity for the formation of hydroxyestrogens from estrone (E1) and 17beta-estradiol (E2), namely 2-hydroxy E1 and E [...] 
CYP1B1	25	9606.ENSP00000478561	9606	Homo sapiens	CYP1B1	Cytochrome P450 1B1; A cytochrome P450 monooxygenase involved in the metabolism of various endogenous substrates, including fatty acids, steroid hormones and vitamins. Mechanistically, uses molecular oxygen inserting one oxygen atom into a substrate, and reducing the second into a water molecule, with two electrons provided by NADPH via cytochrome P450 reductase (NADPH--hemoprotein reductase). Exhibits catalytic activity for the formation of hydroxyestrogens from estrone (E1) and 17beta-estradiol (E2), namely 2- and 4-hydroxy E1 and E2. Displays a predominant hydroxylase activity towar [...] 
MMP1	26	9606.ENSP00000322788	9606	Homo sapiens	MMP1	22 kDa interstitial collagenase; Cleaves collagens of types I, II, and III at one site in the helical domain. Also cleaves collagens of types VII and X. In case of HIV infection, interacts and cleaves the secreted viral Tat protein, leading to a decrease in neuronal Tat's mediated neurotoxicity.
RB1CC1	27	9606.ENSP00000025008	9606	Homo sapiens	RB1CC1	RB1-inducible coiled-coil protein 1; Involved in autophagy. Regulates early events but also late events of autophagosome formation through direct interaction with Atg16L1. Required for the formation of the autophagosome-like double-membrane structure that surrounds the Salmonella-containing vacuole (SCV) during S.typhimurium infection and subsequent xenophagy (By similarity). Involved in repair of DNA damage caused by ionizing radiation, which subsequently improves cell survival by decreasing apoptosis (By similarity). Inhibits PTK2/FAK1 and PTK2B/PYK2 kinase activity, affecting their  [...] 
PHB1	28	9606.ENSP00000479488	9606	Homo sapiens	PHB	Prohibitin; Prohibitin inhibits DNA synthesis. It has a role in regulating proliferation. As yet it is unclear if the protein or the mRNA exhibits this effect. May play a role in regulating mitochondrial respiration activity and in aging.
VDR	29	9606.ENSP00000228606	9606	Homo sapiens	CYP27B1	25-hydroxyvitamin D-1 alpha hydroxylase, mitochondrial; A cytochrome P450 monooxygenase involved in vitamin D metabolism and in calcium and phosphorus homeostasis. Catalyzes the rate-limiting step in the activation of vitamin D in the kidney, namely the hydroxylation of 25-hydroxyvitamin D3/calcidiol at the C1alpha- position to form the hormonally active form of vitamin D3, 1alpha,25- dihydroxyvitamin D3/calcitriol that acts via the vitamin D receptor (VDR). Has 1alpha-hydroxylase activity on vitamin D intermediates of the CYP24A1-mediated inactivation pathway. Converts 24R,25-dihydrox [...] 
MYC	30	9606.ENSP00000478887	9606	Homo sapiens	MYC	Myc proto-oncogene protein; Transcription factor that binds DNA in a non-specific manner, yet also specifically recognizes the core sequence 5'-CAC[GA]TG-3'. Activates the transcription of growth-related genes. Binds to the VEGFA promoter, promoting VEGFA production and subsequent sprouting angiogenesis. Regulator of somatic reprogramming, controls self-renewal of embryonic stem cells. Functions with TAF6L to activate target gene expression through RNA polymerase II pause release (By similarity).
TGFB1	31	9606.ENSP00000221930	9606	Homo sapiens	TGFB1	Transforming growth factor beta-1 proprotein; Transforming growth factor beta-1 proprotein: Precursor of the Latency-associated peptide (LAP) and Transforming growth factor beta-1 (TGF-beta-1) chains, which constitute the regulatory and active subunit of TGF-beta-1, respectively. Transforming growth factor beta-1: Multifunctional protein that regulates the growth and differentiation of various cell types and is involved in various processes, such as normal development, immune function, microglia function and responses to neurodegeneration (By similarity). Activation into mature form fo [...] 
TNF	32	9606.ENSP00000398698	9606	Homo sapiens	TNF	Tumor necrosis factor, membrane form; Cytokine that binds to TNFRSF1A/TNFR1 and TNFRSF1B/TNFBR. It is mainly secreted by macrophages and can induce cell death of certain tumor cell lines. It is potent pyrogen causing fever by direct action or by stimulation of interleukin-1 secretion and is implicated in the induction of cachexia, Under certain conditions it can stimulate cell proliferation and induce cell differentiation. Impairs regulatory T- cells (Treg) function in individuals with rheumatoid arthritis via FOXP3 dephosphorylation. Upregulates the expression of protein phosphatase 1 [...] 
IFNG	33	9606.ENSP00000229135	9606	Homo sapiens	IFNG	Interferon gamma; Produced by lymphocytes activated by specific antigens or mitogens. IFN-gamma, in addition to having antiviral activity, has important immunoregulatory functions. It is a potent activator of macrophages, it has antiproliferative effects on transformed cells and it can potentiate the antiviral and antitumor effects of the type I interferons; Belongs to the type II (or gamma) interferon family.
STAT3	34	9606.ENSP00000264657	9606	Homo sapiens	STAT3	Signal transducer and activator of transcription 3; Signal transducer and transcription activator that mediates cellular responses to interleukins, KITLG/SCF, LEP and other growth factors. Once activated, recruits coactivators, such as NCOA1 or MED1, to the promoter region of the target gene. May mediate cellular responses to activated FGFR1, FGFR2, FGFR3 and FGFR4. Binds to the interleukin-6 (IL-6)-responsive elements identified in the promoters of various acute-phase protein genes. Activated by IL31 through IL31RA. Acts as a regulator of inflammatory response by regulating differenti [...] 
PTHLH	35	9606.ENSP00000441765	9606	Homo sapiens	PTHLH	Parathyroid hormone-related protein; Neuroendocrine peptide which is a critical regulator of cellular and organ growth, development, migration, differentiation and survival and of epithelial calcium ion transport. Regulates endochondral bone development and epithelial-mesenchymal interactions during the formation of the mammary glands and teeth. Required for skeletal homeostasis. Promotes mammary mesenchyme differentiation and bud outgrowth by modulating mesenchymal cell responsiveness to BMPs. Upregulates BMPR1A expression in the mammary mesenchyme and this increases the sensitivity o [...] 
IGFBP3	36	9606.ENSP00000370473	9606	Homo sapiens	IGFBP3	Insulin-like growth factor-binding protein 3; IGF-binding proteins prolong the half-life of the IGFs and have been shown to either inhibit or stimulate the growth promoting effects of the IGFs on cell culture. They alter the interaction of IGFs with their cell surface receptors. Also exhibits IGF-independent antiproliferative and apoptotic effects mediated by its receptor TMEM219/IGFBP-3R.
ESR2	37	9606.ENSP00000343925	9606	Homo sapiens	ESR2	Estrogen receptor beta; Nuclear hormone receptor. Binds estrogens with an affinity similar to that of ESR1, and activates expression of reporter genes containing estrogen response elements (ERE) in an estrogen-dependent manner. Isoform beta-cx lacks ligand binding ability and has no or only very low ere binding activity resulting in the loss of ligand-dependent transactivation ability. DNA-binding by ESR1 and ESR2 is rapidly lost at 37 degrees Celsius in the absence of ligand while in the presence of 17 beta-estradiol and 4-hydroxy-tamoxifen loss in DNA-binding at elevated temperature  [...] 
IL1B	38	9606.ENSP00000263341	9606	Homo sapiens	IL1B	Interleukin-1 beta; Potent proinflammatory cytokine. Initially discovered as the major endogenous pyrogen, induces prostaglandin synthesis, neutrophil influx and activation, T-cell activation and cytokine production, B- cell activation and antibody production, and fibroblast proliferation and collagen production. Promotes Th17 differentiation of T-cells. Synergizes with IL12/interleukin-12 to induce IFNG synthesis from T- helper 1 (Th1) cells.
IL6	39	9606.ENSP00000385675	9606	Homo sapiens	IL6	Interleukin-6; Cytokine with a wide variety of biological functions. It is a potent inducer of the acute phase response. Plays an essential role in the final differentiation of B-cells into Ig-secreting cells Involved in lymphocyte and monocyte differentiation. Acts on B-cells, T-cells, hepatocytes, hematopoietic progenitor cells and cells of the CNS. Required for the generation of T(H)17 cells. Also acts as a myokine. It is discharged into the bloodstream after muscle contraction and acts to increase the breakdown of fats and to improve insulin resistance. It induces myeloma and plasm [...] 
MUC1	40	9606.ENSP00000484824	9606	Homo sapiens	MUC1	Mucin-1 subunit alpha; The alpha subunit has cell adhesive properties. Can act both as an adhesion and an anti-adhesion protein. May provide a protective layer on epithelial cells against bacterial and enzyme attack.
NBN	41	9606.ENSP00000265433	9606	Homo sapiens	NBN	Nibrin; Component of the MRE11-RAD50-NBN (MRN complex) which plays a critical role in the cellular response to DNA damage and the maintenance of chromosome integrity. The complex is involved in double- strand break (DSB) repair, DNA recombination, maintenance of telomere integrity, cell cycle checkpoint control and meiosis. The complex possesses single-strand endonuclease activity and double-strand- specific 3'-5' exonuclease activity, which are provided by MRE11. RAD50 may be required to bind DNA ends and hold them in close proximity. NBN modulate the DNA damage signal sensing by recr [...] 
NF2	42	9606.ENSP00000344666	9606	Homo sapiens	NF2	Merlin; Probable regulator of the Hippo/SWH (Sav/Wts/Hpo) signaling pathway, a signaling pathway that plays a pivotal role in tumor suppression by restricting proliferation and promoting apoptosis. Along with WWC1 can synergistically induce the phosphorylation of LATS1 and LATS2 and can probably function in the regulation of the Hippo/SWH (Sav/Wts/Hpo) signaling pathway. May act as a membrane stabilizing protein. May inhibit PI3 kinase by binding to AGAP2 and impairing its stimulating activity. Suppresses cell proliferation and tumorigenesis by inhibiting the CUL4A-RBX1-DDB1-VprBP/DCAF [...] 
MSH2	43	9606.ENSP00000233146	9606	Homo sapiens	MSH2	DNA mismatch repair protein Msh2; Component of the post-replicative DNA mismatch repair system (MMR). Forms two different heterodimers: MutS alpha (MSH2-MSH6 heterodimer) and MutS beta (MSH2-MSH3 heterodimer) which binds to DNA mismatches thereby initiating DNA repair. When bound, heterodimers bend the DNA helix and shields approximately 20 base pairs. MutS alpha recognizes single base mismatches and dinucleotide insertion-deletion loops (IDL) in the DNA. MutS beta recognizes larger insertion-deletion loops up to 13 nucleotides long. After mismatch binding, MutS alpha or beta forms a t [...] 
GATA3	44	9606.ENSP00000368632	9606	Homo sapiens	GATA3	Trans-acting T-cell-specific transcription factor GATA-3; Transcriptional activator which binds to the enhancer of the T-cell receptor alpha and delta genes. Binds to the consensus sequence 5'-AGATAG-3'. Required for the T-helper 2 (Th2) differentiation process following immune and inflammatory responses.
AURKA	45	9606.ENSP00000216911	9606	Homo sapiens	AURKA	Aurora kinase A; Mitotic serine/threonine kinase that contributes to the regulation of cell cycle progression. Associates with the centrosome and the spindle microtubules during mitosis and plays a critical role in various mitotic events including the establishment of mitotic spindle, centrosome duplication, centrosome separation as well as maturation, chromosomal alignment, spindle assembly checkpoint, and cytokinesis. Required for normal spindle positioning during mitosis and for the localization of NUMA1 and DCTN1 to the cell cortex during metaphase. Required for initial activation  [...] 
PRKAA2	46	9606.ENSP00000360290	9606	Homo sapiens	PRKAA2	5'-AMP-activated protein kinase catalytic subunit alpha-2; Catalytic subunit of AMP-activated protein kinase (AMPK), an energy sensor protein kinase that plays a key role in regulating cellular energy metabolism. In response to reduction of intracellular ATP levels, AMPK activates energy-producing pathways and inhibits energy-consuming processes: inhibits protein, carbohydrate and lipid biosynthesis, as well as cell growth and proliferation. AMPK acts via direct phosphorylation of metabolic enzymes, and by longer-term effects via phosphorylation of transcription regulators. Also acts a [...] 
IKBKB	47	9606.ENSP00000430684	9606	Homo sapiens	IKBKB	Inhibitor of nuclear factor kappa-B kinase subunit beta; Serine kinase that plays an essential role in the NF-kappa-B signaling pathway which is activated by multiple stimuli such as inflammatory cytokines, bacterial or viral products, DNA damages or other cellular stresses. Acts as part of the canonical IKK complex in the conventional pathway of NF-kappa-B activation. Phosphorylates inhibitors of NF-kappa-B on 2 critical serine residues. These modifications allow polyubiquitination of the inhibitors and subsequent degradation by the proteasome. In turn, free NF-kappa-B is translocated [...] 
KRAS	48	9606.ENSP00000256078	9606	Homo sapiens	KRAS	GTPase KRas, N-terminally processed; Ras proteins bind GDP/GTP and possess intrinsic GTPase activity. Plays an important role in the regulation of cell proliferation. Plays a role in promoting oncogenic events by inducing transcriptional silencing of tumor suppressor genes (TSGs) in colorectal cancer (CRC) cells in a ZNF304-dependent manner.
TCF7L2	49	9606.ENSP00000486891	9606	Homo sapiens	TCF7L2	Transcription factor 7-like 2; Participates in the Wnt signaling pathway and modulates MYC expression by binding to its promoter in a sequence-specific manner. Acts as repressor in the absence of CTNNB1, and as activator in its presence. Activates transcription from promoters with several copies of the Tcf motif 5'-CCTTTGATC-3' in the presence of CTNNB1. TLE1, TLE2, TLE3 and TLE4 repress transactivation mediated by TCF7L2/TCF4 and CTNNB1. Expression of dominant-negative mutants results in cell-cycle arrest in G1. Necessary for the maintenance of the epithelial stem-cell compartment of  [...] 
PARP1	50	9606.ENSP00000355759	9606	Homo sapiens	PARP1	Poly [ADP-ribose] polymerase 1; Poly-ADP-ribosyltransferase that mediates poly-ADP- ribosylation of proteins and plays a key role in DNA repair. Mainly mediates glutamate and aspartate ADP-ribosylation of target proteins: the ADP-D- ribosyl group of NAD(+) is transferred to the acceptor carboxyl group of glutamate and aspartate residues and further ADP-ribosyl groups are transferred to the 2'-position of the terminal adenosine moiety, building up a polymer with an average chain length of 20-30 units. Mediates the poly(ADP-ribosyl)ation of a number of proteins, including itself, APLF an [...] 
H19	51	9606.ENSP00000415579	9606	Homo sapiens	CTCFL	Transcriptional repressor CTCFL; Testis-specific DNA binding protein responsible for insulator function, nuclear architecture and transcriptional control, which probably acts by recruiting epigenetic chromatin modifiers. Plays a key role in gene imprinting in male germline, by participating in the establishment of differential methylation at the IGF2/H19 imprinted control region (ICR). Directly binds the unmethylated H19 ICR and recruits the PRMT7 methyltransferase, leading to methylate histone H4 'Arg-3' to form H4R3sme2. This probably leads to recruit de novo DNA methyltransferases a [...] 
FOXA1	52	9606.ENSP00000250448	9606	Homo sapiens	FOXA1	Hepatocyte nuclear factor 3-alpha; Transcription factor that is involved in embryonic development, establishment of tissue-specific gene expression and regulation of gene expression in differentiated tissues. Is thought to act as a 'pioneer' factor opening the compacted chromatin for other proteins through interactions with nucleosomal core histones and thereby replacing linker histones at target enhancer and/or promoter sites. Binds DNA with the consensus sequence 5'- [AC]A[AT]T[AG]TT[GT][AG][CT]T[CT]-3' (By similarity). Proposed to play a role in translating the epigenetic signatures [...] 
NFKB1	53	9606.ENSP00000226574	9606	Homo sapiens	NFKB1	Nuclear factor NF-kappa-B p105 subunit; NF-kappa-B is a pleiotropic transcription factor present in almost all cell types and is the endpoint of a series of signal transduction events that are initiated by a vast array of stimuli related to many biological processes such as inflammation, immunity, differentiation, cell growth, tumorigenesis and apoptosis. NF-kappa-B is a homo- or heterodimeric complex formed by the Rel-like domain- containing proteins RELA/p65, RELB, NFKB1/p105, NFKB1/p50, REL and NFKB2/p52 and the heterodimeric p65-p50 complex appears to be most abundant one. The dime [...] 
TWIST1	54	9606.ENSP00000242261	9606	Homo sapiens	TWIST1	Twist-related protein 1; Acts as a transcriptional regulator. Inhibits myogenesis by sequestrating E proteins, inhibiting trans-activation by MEF2, and inhibiting DNA-binding by MYOD1 through physical interaction. This interaction probably involves the basic domains of both proteins. Also represses expression of proinflammatory cytokines such as TNFA and IL1B. Regulates cranial suture patterning and fusion. Activates transcription as a heterodimer with E proteins. Regulates gene expression differentially, depending on dimer composition. Homodimers induce expression of FGFR2 and POSTN w [...] 
LHCGR	55	9606.ENSP00000294954	9606	Homo sapiens	LHCGR	Lutropin-choriogonadotropic hormone receptor; Receptor for lutropin-choriogonadotropic hormone. The activity of this receptor is mediated by G proteins which activate adenylate cyclase.
AR	56	9606.ENSP00000363822	9606	Homo sapiens	AR	Androgen receptor; Steroid hormone receptors are ligand-activated transcription factors that regulate eukaryotic gene expression and affect cellular proliferation and differentiation in target tissues. Transcription factor activity is modulated by bound coactivator and corepressor proteins like ZBTB7A that recruits NCOR1 and NCOR2 to the androgen response elements/ARE on target genes, negatively regulating androgen receptor signaling and androgen-induced cell proliferation. Transcription activation is also down-regulated by NR0B2. Activated, but not phosphorylated, by HIPK3 and ZIPK/DA [...] 
SOX2	57	9606.ENSP00000323588	9606	Homo sapiens	SOX2	Transcription factor SOX-2; Transcription factor that forms a trimeric complex with OCT4 on DNA and controls the expression of a number of genes involved in embryonic development such as YES1, FGF4, UTF1 and ZFP206 (By similarity). Binds to the proximal enhancer region of NANOG (By similarity). Critical for early embryogenesis and for embryonic stem cell pluripotency. Downstream SRRT target that mediates the promotion of neural stem cell self-renewal (By similarity). Keeps neural cells undifferentiated by counteracting the activity of proneural proteins and suppresses neuronal differen [...] 
PMS2	58	9606.ENSP00000265849	9606	Homo sapiens	PMS2	Mismatch repair endonuclease PMS2; Component of the post-replicative DNA mismatch repair system (MMR). Heterodimerizes with MLH1 to form MutL alpha. DNA repair is initiated by MutS alpha (MSH2-MSH6) or MutS beta (MSH2-MSH3) binding to a dsDNA mismatch, then MutL alpha is recruited to the heteroduplex. Assembly of the MutL-MutS-heteroduplex ternary complex in presence of RFC and PCNA is sufficient to activate endonuclease activity of PMS2. It introduces single-strand breaks near the mismatch and thus generates new entry points for the exonuclease EXO1 to degrade the strand containing th [...] 
SMARCA4	59	9606.ENSP00000343896	9606	Homo sapiens	SMARCA4	Transcription activator BRG1; Involved in transcriptional activation and repression of select genes by chromatin remodeling (alteration of DNA-nucleosome topology). Component of SWI/SNF chromatin remodeling complexes that carry out key enzymatic activities, changing chromatin structure by altering DNA-histone contacts within a nucleosome in an ATP-dependent manner. Component of the CREST-BRG1 complex, a multiprotein complex that regulates promoter activation by orchestrating the calcium- dependent release of a repressor complex and the recruitment of an activator complex. In resting ne [...] 
APC	60	9606.ENSP00000257430	9606	Homo sapiens	APC	Adenomatous polyposis coli protein; Tumor suppressor. Promotes rapid degradation of CTNNB1 and participates in Wnt signaling as a negative regulator. APC activity is correlated with its phosphorylation state. Activates the GEF activity of SPATA13 and ARHGEF4. Plays a role in hepatocyte growth factor (HGF)- induced cell migration. Required for MMP9 up-regulation via the JNK signaling pathway in colorectal tumor cells. Acts as a mediator of ERBB2-dependent stabilization of microtubules at the cell cortex. It is required for the localization of MACF1 to the cell membrane and this localiza [...] 
FANCD2	61	9606.ENSP00000287647	9606	Homo sapiens	FANCD2	Fanconi anemia group D2 protein; Required for maintenance of chromosomal stability. Promotes accurate and efficient pairing of homologs during meiosis. Involved in the repair of DNA double-strand breaks, both by homologous recombination and single-strand annealing. May participate in S phase and G2 phase checkpoint activation upon DNA damage. Plays a role in preventing breakage and loss of missegregating chromatin at the end of cell division, particularly after replication stress. Required for the targeting, or stabilization, of BLM to non-centromeric abnormal structures induced by rep [...] 
MSH6	62	9606.ENSP00000234420	9606	Homo sapiens	MSH6	DNA mismatch repair protein Msh6; Component of the post-replicative DNA mismatch repair system (MMR). Heterodimerizes with MSH2 to form MutS alpha, which binds to DNA mismatches thereby initiating DNA repair. When bound, MutS alpha bends the DNA helix and shields approximately 20 base pairs, and recognizes single base mismatches and dinucleotide insertion-deletion loops (IDL) in the DNA. After mismatch binding, forms a ternary complex with the MutL alpha heterodimer, which is thought to be responsible for directing the downstream MMR events, including strand discrimination, excision, a [...] 
GSTP1	63	9606.ENSP00000381607	9606	Homo sapiens	GSTP1	Glutathione S-transferase P; Conjugation of reduced glutathione to a wide number of exogenous and endogenous hydrophobic electrophiles. Regulates negatively CDK5 activity via p25/p35 translocation to prevent neurodegeneration.
CCR5	64	9606.ENSP00000292303	9606	Homo sapiens	CCR5	C-C chemokine receptor type 5; Receptor for a number of inflammatory CC-chemokines including CCL3/MIP-1-alpha, CCL4/MIP-1-beta and RANTES and subsequently transduces a signal by increasing the intracellular calcium ion level. May play a role in the control of granulocytic lineage proliferation or differentiation.
CTLA4	65	9606.ENSP00000497102	9606	Homo sapiens	CTLA4	Cytotoxic T-lymphocyte protein 4; Inhibitory receptor acting as a major negative regulator of T-cell responses. The affinity of CTLA4 for its natural B7 family ligands, CD80 and CD86, is considerably stronger than the affinity of their cognate stimulatory coreceptor CD28.
AGTR1	66	9606.ENSP00000398832	9606	Homo sapiens	AGTR1	Type-1 angiotensin II receptor; Receptor for angiotensin II. Mediates its action by association with G proteins that activate a phosphatidylinositol- calcium second messenger system.
OGG1	67	9606.ENSP00000306561	9606	Homo sapiens	OGG1	DNA-(apurinic or apyrimidinic site) lyase; DNA repair enzyme that incises DNA at 8-oxoG residues. Excises 7,8-dihydro-8-oxoguanine and 2,6-diamino-4-hydroxy-5-N- methylformamidopyrimidine (FAPY) from damaged DNA. Has a beta-lyase activity that nicks DNA 3' to the lesion; Belongs to the type-1 OGG1 family.
PAK1	68	9606.ENSP00000278568	9606	Homo sapiens	PAK1	Serine/threonine-protein kinase PAK 1; Protein kinase involved in intracellular signaling pathways downstream of integrins and receptor-type kinases that plays an important role in cytoskeleton dynamics, in cell adhesion, migration, proliferation, apoptosis, mitosis, and in vesicle-mediated transport processes. Can directly phosphorylate BAD and protects cells against apoptosis. Activated by interaction with CDC42 and RAC1. Functions as GTPase effector that links the Rho-related GTPases CDC42 and RAC1 to the JNK MAP kinase pathway. Phosphorylates and activates MAP2K1, and thereby media [...] 
SULT1E1	69	9606.ENSP00000226444	9606	Homo sapiens	SULT1E1	Sulfotransferase 1E1; Sulfotransferase that utilizes 3'-phospho-5'-adenylyl sulfate (PAPS) as sulfonate donor to catalyze the sulfate conjugation of estradiol and estrone. Is a key enzyme in estrogen homeostasis, the sulfation of estrogens leads to their inactivation. Also sulfates dehydroepiandrosterone (DHEA), pregnenolone, (24S)-hydroxycholesterol and xenobiotic compounds like ethinylestradiol, equalenin, diethyl stilbesterol and 1-naphthol at significantly lower efficiency. Does not sulfonate cortisol, testosterone and dopamine.
TLR4	70	9606.ENSP00000363089	9606	Homo sapiens	TLR4	Toll-like receptor 4; Cooperates with LY96 and CD14 to mediate the innate immune response to bacterial lipopolysaccharide (LPS). Acts via MYD88, TIRAP and TRAF6, leading to NF-kappa-B activation, cytokine secretion and the inflammatory response. Also involved in LPS-independent inflammatory responses triggered by free fatty acids, such as palmitate, and Ni(2+). Responses triggered by Ni(2+) require non- conserved histidines and are, therefore, species-specific. Both M.tuberculosis HSP70 (dnaK) and HSP65 (groEL-2) act via this protein to stimulate NF-kappa-B expression. In complex with  [...] 
ADIPOQ	71	9606.ENSP00000389814	9606	Homo sapiens	ADIPOQ	Adiponectin; Important adipokine involved in the control of fat metabolism and insulin sensitivity, with direct anti-diabetic, anti-atherogenic and anti-inflammatory activities. Stimulates AMPK phosphorylation and activation in the liver and the skeletal muscle, enhancing glucose utilization and fatty-acid combustion. Antagonizes TNF-alpha by negatively regulating its expression in various tissues such as liver and macrophages, and also by counteracting its effects. Inhibits endothelial NF-kappa-B signaling through a cAMP-dependent pathway. May play a role in cell growth, angiogenesis  [...] 
PRKAA1	72	9606.ENSP00000346148	9606	Homo sapiens	PRKAA1	5'-AMP-activated protein kinase catalytic subunit alpha-1; Catalytic subunit of AMP-activated protein kinase (AMPK), an energy sensor protein kinase that plays a key role in regulating cellular energy metabolism. In response to reduction of intracellular ATP levels, AMPK activates energy-producing pathways and inhibits energy-consuming processes: inhibits protein, carbohydrate and lipid biosynthesis, as well as cell growth and proliferation. AMPK acts via direct phosphorylation of metabolic enzymes, and by longer-term effects via phosphorylation of transcription regulators. Also acts a [...] 
BCL2L1	73	9606.ENSP00000365230	9606	Homo sapiens	BCL2L1	Bcl-2-like protein 1; Potent inhibitor of cell death. Inhibits activation of caspases. Appears to regulate cell death by blocking the voltage- dependent anion channel (VDAC) by binding to it and preventing the release of the caspase activator, CYC1, from the mitochondrial membrane. Also acts as a regulator of G2 checkpoint and progression to cytokinesis during mitosis. Isoform Bcl-X(S) promotes apoptosis.
HMMR	74	9606.ENSP00000377492	9606	Homo sapiens	HMMR	Hyaluronan mediated motility receptor; Receptor for hyaluronic acid (HA) (By similarity). Involved in cell motility (By similarity). When hyaluronan binds to HMMR, the phosphorylation of a number of proteins, including PTK2/FAK1 occurs. May also be involved in cellular transformation and metastasis formation, and in regulating extracellular-regulated kinase (ERK) activity. May act as a regulator of adipogenisis (By similarity).
APEX1	75	9606.ENSP00000216714	9606	Homo sapiens	APEX1	DNA-(apurinic or apyrimidinic site) lyase, mitochondrial; Multifunctional protein that plays a central role in the cellular response to oxidative stress. The two major activities of APEX1 are DNA repair and redox regulation of transcriptional factors. Functions as a apurinic/apyrimidinic (AP) endodeoxyribonuclease in the DNA base excision repair (BER) pathway of DNA lesions induced by oxidative and alkylating agents. Initiates repair of AP sites in DNA by catalyzing hydrolytic incision of the phosphodiester backbone immediately adjacent to the damage, generating a single-strand break w [...] 
BIRC2	76	9606.ENSP00000477613	9606	Homo sapiens	BIRC2	Baculoviral IAP repeat-containing protein 2; Multi-functional protein which regulates not only caspases and apoptosis, but also modulates inflammatory signaling and immunity, mitogenic kinase signaling, and cell proliferation, as well as cell invasion and metastasis. Acts as an E3 ubiquitin-protein ligase regulating NF-kappa-B signaling and regulates both canonical and non- canonical NF-kappa-B signaling by acting in opposite directions: acts as a positive regulator of the canonical pathway and suppresses constitutive activation of non-canonical NF-kappa-B signaling. The target protein [...] 
COMT	77	9606.ENSP00000354511	9606	Homo sapiens	COMT	Catechol O-methyltransferase; Catalyzes the O-methylation, and thereby the inactivation, of catecholamine neurotransmitters and catechol hormones. Also shortens the biological half-lives of certain neuroactive drugs, like L-DOPA, alpha-methyl DOPA and isoproterenol; Belongs to the class I-like SAM-binding methyltransferase superfamily. Cation-dependent O-methyltransferase family.
ADM	78	9606.ENSP00000436607	9606	Homo sapiens	ADM	Proadrenomedullin N-20 terminal peptide; AM and PAMP are potent hypotensive and vasodilatator agents. Numerous actions have been reported most related to the physiologic control of fluid and electrolyte homeostasis. In the kidney, am is diuretic and natriuretic, and both am and pamp inhibit aldosterone secretion by direct adrenal actions. In pituitary gland, both peptides at physiologically relevant doses inhibit basal ACTH secretion. Both peptides appear to act in brain and pituitary gland to facilitate the loss of plasma volume, actions which complement their hypotensive effects in b [...] 
AGT	79	9606.ENSP00000355627	9606	Homo sapiens	AGT	Angiotensin 1-4; Essential component of the renin-angiotensin system (RAS), a potent regulator of blood pressure, body fluid and electrolyte homeostasis. [Angiotensin-3]: stimulates aldosterone release.
RELB	80	9606.ENSP00000221452	9606	Homo sapiens	RELB	Transcription factor RelB; NF-kappa-B is a pleiotropic transcription factor which is present in almost all cell types and is involved in many biological processed such as inflammation, immunity, differentiation, cell growth, tumorigenesis and apoptosis. NF-kappa-B is a homo- or heterodimeric complex formed by the Rel-like domain-containing proteins RELA/p65, RELB, NFKB1/p105, NFKB1/p50, REL and NFKB2/p52. The dimers bind at kappa-B sites in the DNA of their target genes and the individual dimers have distinct preferences for different kappa-B sites that they can bind with distinguishab [...] 
RUNX3	81	9606.ENSP00000382800	9606	Homo sapiens	RUNX3	Runt-related transcription factor 3; Forms the heterodimeric complex core-binding factor (CBF) with CBFB. RUNX members modulate the transcription of their target genes through recognizing the core consensus binding sequence 5'- TGTGGT-3', or very rarely, 5'-TGCGGT-3', within their regulatory regions via their runt domain, while CBFB is a non-DNA-binding regulatory subunit that allosterically enhances the sequence-specific DNA-binding capacity of RUNX. The heterodimers bind to the core site of a number of enhancers and promoters, including murine leukemia virus, polyomavirus enhancer, T [...] 
CDK1	82	9606.ENSP00000378699	9606	Homo sapiens	CDK1	Cyclin-dependent kinase 1; Plays a key role in the control of the eukaryotic cell cycle by modulating the centrosome cycle as well as mitotic onset; promotes G2-M transition, and regulates G1 progress and G1-S transition via association with multiple interphase cyclins. Required in higher cells for entry into S-phase and mitosis. Phosphorylates PARVA/actopaxin, APC, AMPH, APC, BARD1, Bcl-xL/BCL2L1, BRCA2, CALD1, CASP8, CDC7, CDC20, CDC25A, CDC25C, CC2D1A, CENPA, CSNK2 proteins/CKII, FZR1/CDH1, CDK7, CEBPB, CHAMP1, DMD/dystrophin, EEF1 proteins/EF-1, EZH2, KIF11/EG5, EGFR, FANCG, FOS, G [...] 
SOD2	83	9606.ENSP00000446252	9606	Homo sapiens	SOD2	Superoxide dismutase [Mn], mitochondrial; Destroys superoxide anion radicals which are normally produced within the cells and which are toxic to biological systems. Belongs to the iron/manganese superoxide dismutase family.
STAT1	84	9606.ENSP00000354394	9606	Homo sapiens	STAT1	Signal transducer and activator of transcription 1-alpha/beta; Signal transducer and transcription activator that mediates cellular responses to interferons (IFNs), cytokine KITLG/SCF and other cytokines and other growth factors. Following type I IFN (IFN-alpha and IFN-beta) binding to cell surface receptors, signaling via protein kinases leads to activation of Jak kinases (TYK2 and JAK1) and to tyrosine phosphorylation of STAT1 and STAT2. The phosphorylated STATs dimerize and associate with ISGF3G/IRF-9 to form a complex termed ISGF3 transcription factor, that enters the nucleus. ISGF [...] 
TLR2	85	9606.ENSP00000260010	9606	Homo sapiens	TLR2	Toll-like receptor 2; Cooperates with LY96 to mediate the innate immune response to bacterial lipoproteins and other microbial cell wall components. Cooperates with TLR1 or TLR6 to mediate the innate immune response to bacterial lipoproteins or lipopeptides. Acts via MYD88 and TRAF6, leading to NF-kappa-B activation, cytokine secretion and the inflammatory response. May also activate immune cells and promote apoptosis in response to the lipid moiety of lipoproteins. Recognizes mycoplasmal macrophage-activating lipopeptide-2kD (MALP-2), soluble tuberculosis factor (STF), phenol-soluble  [...] 
APOE	86	9606.ENSP00000252486	9606	Homo sapiens	APOE	Apolipoprotein E; APOE is an apolipoprotein, a protein associating with lipid particles, that mainly functions in lipoprotein-mediated lipid transport between organs via the plasma and interstitial fluids. APOE is a core component of plasma lipoproteins and is involved in their production, conversion and clearance. Apoliproteins are amphipathic molecules that interact both with lipids of the lipoprotein particle core and the aqueous environment of the plasma. As such, APOE associates with chylomicrons, chylomicron remnants, very low density lipoproteins (VLDL) and intermediate density  [...] 
CDH13	87	9606.ENSP00000268613	9606	Homo sapiens	CDH13	Cadherin-13; Cadherins are calcium-dependent cell adhesion proteins. They preferentially interact with themselves in a homophilic manner in connecting cells; cadherins may thus contribute to the sorting of heterogeneous cell types. May act as a negative regulator of neural cell growth.
PSEN2	88	9606.ENSP00000355747	9606	Homo sapiens	PSEN2	Presenilin-2 CTF subunit; Probable catalytic subunit of the gamma-secretase complex, an endoprotease complex that catalyzes the intramembrane cleavage of integral membrane proteins such as Notch receptors and APP (amyloid- beta precursor protein). Requires the other members of the gamma- secretase complex to have a protease activity. May play a role in intracellular signaling and gene expression or in linking chromatin to the nuclear membrane. May function in the cytoplasmic partitioning of proteins. The holoprotein functions as a calcium-leak channel that allows the passive movement o [...] 
FAS	89	9606.ENSP00000498466	9606	Homo sapiens	FAS	Tumor necrosis factor receptor superfamily member 6; Receptor for TNFSF6/FASLG. The adapter molecule FADD recruits caspase-8 to the activated receptor. The resulting death-inducing signaling complex (DISC) performs caspase-8 proteolytic activation which initiates the subsequent cascade of caspases (aspartate-specific cysteine proteases) mediating apoptosis. FAS-mediated apoptosis may have a role in the induction of peripheral tolerance, in the antigen- stimulated suicide of mature T-cells, or both. The secreted isoforms 2 to 6 block apoptosis (in vitro).
AREG	90	9606.ENSP00000379097	9606	Homo sapiens	AREG	Amphiregulin; Ligand of the EGF receptor/EGFR. Autocrine growth factor as well as a mitogen for a broad range of target cells including astrocytes, Schwann cells and fibroblasts; Belongs to the amphiregulin family.
MRE11	91	9606.ENSP00000325863	9606	Homo sapiens	MRE11	Double-strand break repair protein MRE11; Component of the MRN complex, which plays a central role in double-strand break (DSB) repair, DNA recombination, maintenance of telomere integrity and meiosis. The complex possesses single-strand endonuclease activity and double-strand- specific 3'-5' exonuclease activity, which are provided by MRE11. RAD50 may be required to bind DNA ends and hold them in close proximity. This could facilitate searches for short or long regions of sequence homology in the recombining DNA templates, and may also stimulate the activity of DNA ligases and/or rest [...] 
CCNB1	92	9606.ENSP00000256442	9606	Homo sapiens	CCNB1	G2/mitotic-specific cyclin-B1; Essential for the control of the cell cycle at the G2/M (mitosis) transition; Belongs to the cyclin family. Cyclin AB subfamily.
BIK	93	9606.ENSP00000216115	9606	Homo sapiens	BIK	Bcl-2-interacting killer; Accelerates programmed cell death. Association to the apoptosis repressors Bcl-X(L), BHRF1, Bcl-2 or its adenovirus homolog E1B 19k protein suppresses this death-promoting activity. Does not interact with BAX.
TSG101	94	9606.ENSP00000251968	9606	Homo sapiens	TSG101	Tumor susceptibility gene 101 protein; Component of the ESCRT-I complex, a regulator of vesicular trafficking process. Binds to ubiquitinated cargo proteins and is required for the sorting of endocytic ubiquitinated cargos into multivesicular bodies (MVBs). Mediates the association between the ESCRT-0 and ESCRT-I complex. Required for completion of cytokinesis; the function requires CEP55. May be involved in cell growth and differentiation. Acts as a negative growth regulator. Involved in the budding of many viruses through an interaction with viral proteins that contain a late-budding [...] 
LSP1	95	9606.ENSP00000371194	9606	Homo sapiens	LSP1	Lymphocyte-specific protein 1; May play a role in mediating neutrophil activation and chemotaxis.
MMP3	96	9606.ENSP00000299855	9606	Homo sapiens	MMP3	Stromelysin-1; Can degrade fibronectin, laminin, gelatins of type I, III, IV, and V; collagens III, IV, X, and IX, and cartilage proteoglycans. Activates procollagenase; Belongs to the peptidase M10A family.
PPM1D	97	9606.ENSP00000306682	9606	Homo sapiens	PPM1D	Protein phosphatase 1D; Involved in the negative regulation of p53 expression. Required for the relief of p53-dependent checkpoint mediated cell cycle arrest. Binds to and dephosphorylates 'Ser-15' of TP53 and 'Ser-345' of CHEK1 which contributes to the functional inactivation of these proteins. Mediates MAPK14 dephosphorylation and inactivation. Is also an important regulator of global heterochromatin silencing and critical in maintaining genome integrity (By similarity).
PTK2B	98	9606.ENSP00000380638	9606	Homo sapiens	PTK2B	Protein-tyrosine kinase 2-beta; Non-receptor protein-tyrosine kinase that regulates reorganization of the actin cytoskeleton, cell polarization, cell migration, adhesion, spreading and bone remodeling. Plays a role in the regulation of the humoral immune response, and is required for normal levels of marginal B-cells in the spleen and normal migration of splenic B-cells. Required for normal macrophage polarization and migration towards sites of inflammation. Regulates cytoskeleton rearrangement and cell spreading in T-cells, and contributes to the regulation of T-cell responses. Promot [...] 
ACE	99	9606.ENSP00000290866	9606	Homo sapiens	ACE	Angiotensin-converting enzyme, soluble form; Converts angiotensin I to angiotensin II by release of the terminal His-Leu, this results in an increase of the vasoconstrictor activity of angiotensin. Also able to inactivate bradykinin, a potent vasodilator. Has also a glycosidase activity which releases GPI- anchored proteins from the membrane by cleaving the mannose linkage in the GPI moiety; Belongs to the peptidase M2 family.
CDKN1B	100	9606.ENSP00000228872	9606	Homo sapiens	CDKN1B	Cyclin-dependent kinase inhibitor 1B; Important regulator of cell cycle progression. Inhibits the kinase activity of CDK2 bound to cyclin A, but has little inhibitory activity on CDK2 bound to SPDYA. Involved in G1 arrest. Potent inhibitor of cyclin E- and cyclin A-CDK2 complexes. Forms a complex with cyclin type D-CDK4 complexes and is involved in the assembly, stability, and modulation of CCND1-CDK4 complex activation. Acts either as an inhibitor or an activator of cyclin type D-CDK4 complexes depending on its phosphorylation state and/or stoichometry. Belongs to the CDI family.
TACC2	101	9606.ENSP00000358001	9606	Homo sapiens	TACC2	Transforming acidic coiled-coil-containing protein 2; Plays a role in the microtubule-dependent coupling of the nucleus and the centrosome. Involved in the processes that regulate centrosome-mediated interkinetic nuclear migration (INM) of neural progenitors (By similarity). May play a role in organizing centrosomal microtubules. May act as a tumor suppressor protein. May represent a tumor progression marker.
RASSF1	102	9606.ENSP00000349547	9606	Homo sapiens	RASSF1	Ras association domain-containing protein 1; Potential tumor suppressor. Required for death receptor- dependent apoptosis. Mediates activation of STK3/MST2 and STK4/MST1 during Fas-induced apoptosis by preventing their dephosphorylation. When associated with MOAP1, promotes BAX conformational change and translocation to mitochondrial membranes in response to TNF and TNFSF10 stimulation. Isoform A interacts with CDC20, an activator of the anaphase-promoting complex, APC, resulting in the inhibition of APC activity and mitotic progression. Inhibits proliferation by negatively regulating  [...] 
IL18	103	9606.ENSP00000280357	9606	Homo sapiens	IL18	Interleukin-18; A proinflammatory cytokine primarily involved in polarized T- helper 1 (Th1) cell and natural killer (NK) cell immune responses (Probable). Upon binding to IL18R1 and IL18RAP, forms a signaling ternary complex which activates NF-kappa-B, triggering synthesis of inflammatory mediators. Synergizes with IL12/interleukin-12 to induce IFNG synthesis from T-helper 1 (Th1) cells and natural killer (NK) cells (Probable). Belongs to the IL-1 family.
MGMT	104	9606.ENSP00000302111	9606	Homo sapiens	MGMT	Methylated-DNA--protein-cysteine methyltransferase; Involved in the cellular defense against the biological effects of O6-methylguanine (O6-MeG) and O4-methylthymine (O4-MeT) in DNA. Repairs the methylated nucleobase in DNA by stoichiometrically transferring the methyl group to a cysteine residue in the enzyme. This is a suicide reaction: the enzyme is irreversibly inactivated; Belongs to the MGMT family.
NOS3	105	9606.ENSP00000297494	9606	Homo sapiens	NOS3	Nitric oxide synthase, endothelial; Produces nitric oxide (NO) which is implicated in vascular smooth muscle relaxation through a cGMP-mediated signal transduction pathway. NO mediates vascular endothelial growth factor (VEGF)-induced angiogenesis in coronary vessels and promotes blood clotting through the activation of platelets; Belongs to the NOS family.
TP73	106	9606.ENSP00000367545	9606	Homo sapiens	TP73	Tumor protein p73; Participates in the apoptotic response to DNA damage. Isoforms containing the transactivation domain are pro-apoptotic, isoforms lacking the domain are anti-apoptotic and block the function of p53 and transactivating p73 isoforms. May be a tumor suppressor protein.
AXIN2	107	9606.ENSP00000302625	9606	Homo sapiens	AXIN2	Axin-2; Inhibitor of the Wnt signaling pathway. Down-regulates beta- catenin. Probably facilitate the phosphorylation of beta-catenin and APC by GSK3B.
FANCC	108	9606.ENSP00000289081	9606	Homo sapiens	FANCC	Fanconi anemia group C protein; DNA repair protein that may operate in a postreplication repair or a cell cycle checkpoint function. May be implicated in interstrand DNA cross-link repair and in the maintenance of normal chromosome stability. Upon IFNG induction, may facilitate STAT1 activation by recruiting STAT1 to IFNGR1.
RAD51C	109	9606.ENSP00000336701	9606	Homo sapiens	RAD51C	DNA repair protein RAD51 homolog 3; Essential for the homologous recombination (HR) pathway of DNA repair. Involved in the homologous recombination repair (HRR) pathway of double-stranded DNA breaks arising during DNA replication or induced by DNA-damaging agents. Part of the RAD21 paralog protein complexes BCDX2 and CX3 which act at different stages of the BRCA1- BRCA2-dependent HR pathway. Upon DNA damage, BCDX2 seems to act downstream of BRCA2 recruitment and upstream of RAD51 recruitment; CX3 seems to act downstream of RAD51 recruitment; both complexes bind predominantly to the int [...] 
RET	110	9606.ENSP00000347942	9606	Homo sapiens	RET	Extracellular cell-membrane anchored RET cadherin 120 kDa fragment; Receptor tyrosine-protein kinase involved in numerous cellular mechanisms including cell proliferation, neuronal navigation, cell migration, and cell differentiation upon binding with glial cell derived neurotrophic factor family ligands. Phosphorylates PTK2/FAK1. Regulates both cell death/survival balance and positional information. Required for the molecular mechanisms orchestration during intestine organogenesis; involved in the development of enteric nervous system and renal organogenesis during embryonic life, and [...] 
STK11	111	9606.ENSP00000324856	9606	Homo sapiens	STK11	Serine/threonine-protein kinase STK11; Tumor suppressor serine/threonine-protein kinase that controls the activity of AMP-activated protein kinase (AMPK) family members, thereby playing a role in various processes such as cell metabolism, cell polarity, apoptosis and DNA damage response. Acts by phosphorylating the T-loop of AMPK family proteins, thus promoting their activity: phosphorylates PRKAA1, PRKAA2, BRSK1, BRSK2, MARK1, MARK2, MARK3, MARK4, NUAK1, NUAK2, SIK1, SIK2, SIK3 and SNRK but not MELK. Also phosphorylates non-AMPK family proteins such as STRADA, PTEN and possibly p53/TP [...] 
MLH1	113	9606.ENSP00000231790	9606	Homo sapiens	MLH1	DNA mismatch repair protein Mlh1; Heterodimerizes with PMS2 to form MutL alpha, a component of the post-replicative DNA mismatch repair system (MMR). DNA repair is initiated by MutS alpha (MSH2-MSH6) or MutS beta (MSH2-MSH3) binding to a dsDNA mismatch, then MutL alpha is recruited to the heteroduplex. Assembly of the MutL-MutS-heteroduplex ternary complex in presence of RFC and PCNA is sufficient to activate endonuclease activity of PMS2. It introduces single-strand breaks near the mismatch and thus generates new entry points for the exonuclease EXO1 to degrade the strand containing t [...] 
ERCC2	114	9606.ENSP00000375809	9606	Homo sapiens	ERCC2	General transcription and DNA repair factor IIH helicase subunit XPD; ATP-dependent 5'-3' DNA helicase, component of the general transcription and DNA repair factor IIH (TFIIH) core complex, which is involved in general and transcription-coupled nucleotide excision repair (NER) of damaged DNA and, when complexed to CAK, in RNA transcription by RNA polymerase II. In NER, TFIIH acts by opening DNA around the lesion to allow the excision of the damaged oligonucleotide and its replacement by a new DNA fragment. The ATP-dependent helicase activity of XPD/ERCC2 is required for DNA opening. I [...] 
NCOA6	115	9606.ENSP00000363929	9606	Homo sapiens	NCOA6	Nuclear receptor coactivator 6; Nuclear receptor coactivator that directly binds nuclear receptors and stimulates the transcriptional activities in a hormone- dependent fashion. Coactivates expression in an agonist- and AF2- dependent manner. Involved in the coactivation of different nuclear receptors, such as for steroids (GR and ERs), retinoids (RARs and RXRs), thyroid hormone (TRs), vitamin D3 (VDR) and prostanoids (PPARs). Probably functions as a general coactivator, rather than just a nuclear receptor coactivator. May also be involved in the coactivation of the NF-kappa-B pathway. [...] 
MACF1	116	9606.ENSP00000354573	9606	Homo sapiens	MACF1	Microtubule-actin cross-linking factor 1, isoforms 1/2/3/5; [Isoform 2]: F-actin-binding protein which plays a role in cross-linking actin to other cytoskeletal proteins and also binds to microtubules. Plays an important role in ERBB2-dependent stabilization of microtubules at the cell cortex. Acts as a positive regulator of Wnt receptor signaling pathway and is involved in the translocation of AXIN1 and its associated complex (composed of APC, CTNNB1 and GSK3B) from the cytoplasm to the cell membrane (By similarity). Has actin-regulated ATPase activity and is essential for controlling [...] 
GSN	117	9606.ENSP00000362924	9606	Homo sapiens	GSN	Gelsolin; Calcium-regulated, actin-modulating protein that binds to the plus (or barbed) ends of actin monomers or filaments, preventing monomer exchange (end-blocking or capping). It can promote the assembly of monomers into filaments (nucleation) as well as sever filaments already formed. Plays a role in ciliogenesis.
HLA-DRB1	119	9606.ENSP00000353099	9606	Homo sapiens	HLA-DRB1	HLA class II histocompatibility antigen, DRB1 beta chain; A beta chain of antigen-presenting major histocompatibility complex class II (MHCII) molecule. In complex with the alpha chain HLA- DRA, displays antigenic peptides on professional antigen presenting cells (APCs) for recognition by alpha-beta T cell receptor (TCR) on HLA-DRB1-restricted CD4-positive T cells. This guides antigen-specific T helper effector functions, both antibody-mediated immune response and macrophage activation, to ultimately eliminate the infectious agents and transformed cells. Typically presents extracellula [...] 
COL11A1	120	9606.ENSP00000359114	9606	Homo sapiens	COL11A1	Collagen alpha-1(XI) chain; May play an important role in fibrillogenesis by controlling lateral growth of collagen II fibrils.
KDM5B	121	9606.ENSP00000356233	9606	Homo sapiens	KDM5B	Lysine-specific demethylase 5B; Histone demethylase that demethylates 'Lys-4' of histone H3, thereby playing a central role in histone code. Does not demethylate histone H3 'Lys-9' or H3 'Lys-27'. Demethylates trimethylated, dimethylated and monomethylated H3 'Lys-4'. Acts as a transcriptional corepressor for FOXG1B and PAX9. Favors the proliferation of breast cancer cells by repressing tumor suppressor genes such as BRCA1 and HOXA5. In contrast, may act as a tumor suppressor for melanoma. Represses the CLOCK-ARNTL/BMAL1 heterodimer-mediated transcriptional activation of the core clock [...] 
BLM	122	9606.ENSP00000347232	9606	Homo sapiens	BLM	Bloom syndrome protein; ATP-dependent DNA helicase that unwinds single- and double- stranded DNA in a 3'-5' direction. Participates in DNA replication and repair. Involved in 5'-end resection of DNA during double-strand break (DSB) repair: unwinds DNA and recruits DNA2 which mediates the cleavage of 5'-ssDNA. Negatively regulates sister chromatid exchange (SCE). Stimulates DNA 4-way junction branch migration and DNA Holliday junction dissolution. Binds single- stranded DNA (ssDNA), forked duplex DNA and DNA Holliday junction.
CXCR5	123	9606.ENSP00000292174	9606	Homo sapiens	CXCR5	C-X-C chemokine receptor type 5; Cytokine receptor that binds to B-lymphocyte chemoattractant (BLC). Involved in B-cell migration into B-cell follicles of spleen and Peyer patches but not into those of mesenteric or peripheral lymph nodes. May have a regulatory function in Burkitt lymphoma (BL) lymphomagenesis and/or B-cell differentiation.
BMP1	124	9606.ENSP00000305714	9606	Homo sapiens	BMP1	Bone morphogenetic protein 1; Cleaves the C-terminal propeptides of procollagen I, II and III. Induces cartilage and bone formation. May participate in dorsoventral patterning during early development by cleaving chordin (CHRD). Responsible for the proteolytic activation of lysyl oxidase LOX.
TIMELESS	125	9606.ENSP00000450607	9606	Homo sapiens	TIMELESS	Protein timeless homolog; Plays an important role in the control of DNA replication, maintenance of replication fork stability, maintenance of genome stability throughout normal DNA replication, DNA repair and in the regulation of the circadian clock. Required to stabilize replication forks during DNA replication by forming a complex with TIPIN: this complex regulates DNA replication processes under both normal and stress conditions, stabilizes replication forks and influences both CHEK1 phosphorylation and the intra-S phase checkpoint in response to genotoxic stress. TIMELESS promotes [...] 
KEAP1	126	9606.ENSP00000377245	9606	Homo sapiens	KEAP1	Kelch-like ECH-associated protein 1; Substrate-specific adapter of a BCR (BTB-CUL3-RBX1) E3 ubiquitin ligase complex that regulates the response to oxidative stress by targeting NFE2L2/NRF2 for ubiquitination. KEAP1 acts as a key sensor of oxidative and electrophilic stress: in normal conditions, the BCR(KEAP1) complex mediates ubiquitination and degradation of NFE2L2/NRF2, a transcription factor regulating expression of many cytoprotective genes. In response to oxidative stress, different electrophile metabolites trigger non-enzymatic covalent modifications of highly reactive cysteine [...] 
XRCC3	127	9606.ENSP00000451974	9606	Homo sapiens	XRCC3	DNA repair protein XRCC3; Involved in the homologous recombination repair (HRR) pathway of double-stranded DNA, thought to repair chromosomal fragmentation, translocations and deletions. Part of the RAD21 paralog protein complex CX3 which acts in the BRCA1-BRCA2-dependent HR pathway. Upon DNA damage, CX3 acts downstream of RAD51 recruitment; the complex binds predominantly to the intersection of the four duplex arms of the Holliday junction (HJ) and to junctions of replication forks. Involved in HJ resolution and thus in processing HR intermediates late in the DNA repair process; the f [...] 
ARID1A	128	9606.ENSP00000320485	9606	Homo sapiens	ARID1A	AT-rich interactive domain-containing protein 1A; Involved in transcriptional activation and repression of select genes by chromatin remodeling (alteration of DNA-nucleosome topology). Component of SWI/SNF chromatin remodeling complexes that carry out key enzymatic activities, changing chromatin structure by altering DNA-histone contacts within a nucleosome in an ATP-dependent manner. Binds DNA non-specifically. Belongs to the neural progenitors- specific chromatin remodeling complex (npBAF complex) and the neuron- specific chromatin remodeling complex (nBAF complex). During neural dev [...] 
FABP4	129	9606.ENSP00000256104	9606	Homo sapiens	FABP4	Fatty acid-binding protein, adipocyte; Lipid transport protein in adipocytes. Binds both long chain fatty acids and retinoic acid. Delivers long-chain fatty acids and retinoic acid to their cognate receptors in the nucleus. Belongs to the calycin superfamily. Fatty-acid binding protein (FABP) family.
GNRH1	130	9606.ENSP00000276414	9606	Homo sapiens	GNRH1	GnRH-associated peptide 1; Stimulates the secretion of gonadotropins; it stimulates the secretion of both luteinizing and follicle-stimulating hormones.
HFE	131	9606.ENSP00000417404	9606	Homo sapiens	HFE	Hereditary hemochromatosis protein; Binds to transferrin receptor (TFR) and reduces its affinity for iron-loaded transferrin.
CYP1A2	132	9606.ENSP00000342007	9606	Homo sapiens	CYP1A2	Cytochrome P450 1A2; A cytochrome P450 monooxygenase involved in the metabolism of various endogenous substrates, including fatty acids, steroid hormones and vitamins. Mechanistically, uses molecular oxygen inserting one oxygen atom into a substrate, and reducing the second into a water molecule, with two electrons provided by NADPH via cytochrome P450 reductase (NADPH--hemoprotein reductase). Catalyzes the hydroxylation of carbon-hydrogen bonds. Exhibits high catalytic activity for the formation of hydroxyestrogens from estrone (E1) and 17beta- estradiol (E2), namely 2-hydroxy E1 and  [...] 
CYP17A1	133	9606.ENSP00000358903	9606	Homo sapiens	CYP17A1	Steroid 17-alpha-hydroxylase/17,20 lyase; A cytochrome P450 monooxygenase involved in corticoid and androgen biosynthesis. Catalyzes 17-alpha hydroxylation of C21 steroids, which is common for both pathways. A second oxidative step, required only for androgen synthesis, involves an acyl-carbon cleavage. The 17-alpha hydroxy intermediates, as part of adrenal glucocorticoids biosynthesis pathway, are precursors of cortisol  (Probable). Hydroxylates steroid hormones, pregnenolone and progesterone to form 17-alpha hydroxy metabolites, followed by the cleavage of the C17-C20 bond to form C1 [...] 
MIER3	134	9606.ENSP00000370624	9606	Homo sapiens	MIER3	Mesoderm induction early response protein 3; Transcriptional repressor.
WIF1	135	9606.ENSP00000286574	9606	Homo sapiens	WIF1	Wnt inhibitory factor 1; Binds to WNT proteins and inhibits their activities. May be involved in mesoderm segmentation.
FBXW7	136	9606.ENSP00000474725	9606	Homo sapiens	FBXW7	F-box/WD repeat-containing protein 7; Substrate recognition component of a SCF (SKP1-CUL1-F-box protein) E3 ubiquitin-protein ligase complex which mediates the ubiquitination and subsequent proteasomal degradation of target proteins. Recognizes and binds phosphorylated sites/phosphodegrons within target proteins and thereafter bring them to the SCF complex for ubiquitination. Identified substrates include cyclin-E (CCNE1 or CCNE2), DISC1, JUN, MYC, NOTCH1 released notch intracellular domain (NICD), NOTCH2, MCL1, and probably PSEN1. Acts as a negative regulator of JNK signaling by bindi [...] 
ZMIZ1	137	9606.ENSP00000334474	9606	Homo sapiens	ZMIZ1	Zinc finger MIZ domain-containing protein 1; Acts as transcriptional coactivator. Increases ligand- dependent transcriptional activity of AR and promotes AR sumoylation. The stimulation of AR activity is dependent upon sumoylation. Also functions as a transcriptional coactivator in the TGF-beta signaling pathway by increasing the activity of the SMAD3/SMAD4 transcriptional complex. Involved in transcriptional activation of a subset of NOTCH1 target genes including MYC. Involved in thymocyte and T cell development (By similarity).
MMP8	138	9606.ENSP00000236826	9606	Homo sapiens	MMP8	Neutrophil collagenase; Can degrade fibrillar type I, II, and III collagens; Belongs to the peptidase M10A family.
MYH9	139	9606.ENSP00000216181	9606	Homo sapiens	MYH9	Myosin-9; Cellular myosin that appears to play a role in cytokinesis, cell shape, and specialized functions such as secretion and capping. During cell spreading, plays an important role in cytoskeleton reorganization, focal contacts formation (in the margins but not the central part of spreading cells), and lamellipodial retraction; this function is mechanically antagonized by MYH10.
RASAL2	140	9606.ENSP00000356621	9606	Homo sapiens	RASAL2	Ras GTPase-activating protein nGAP; Inhibitory regulator of the Ras-cyclic AMP pathway.
SERPINE2	141	9606.ENSP00000415786	9606	Homo sapiens	SERPINE2	Glia-derived nexin; Serine protease inhibitor with activity toward thrombin, trypsin, and urokinase. Promotes neurite extension by inhibiting thrombin. Binds heparin; Belongs to the serpin family.
PON1	142	9606.ENSP00000222381	9606	Homo sapiens	PON1	Serum paraoxonase/arylesterase 1; Hydrolyzes the toxic metabolites of a variety of organophosphorus insecticides. Capable of hydrolyzing a broad spectrum of organophosphate substrates and lactones, and a number of aromatic carboxylic acid esters. Mediates an enzymatic protection of low density lipoproteins against oxidative modification and the consequent series of events leading to atheroma formation; Belongs to the paraoxonase family.
CLU	143	9606.ENSP00000315130	9606	Homo sapiens	CLU	Clusterin alpha chain; [Isoform 1]: Functions as extracellular chaperone that prevents aggregation of non native proteins. Prevents stress-induced aggregation of blood plasma proteins. Inhibits formation of amyloid fibrils by APP, APOC2, B2M, CALCA, CSN3, SNCA and aggregation-prone LYZ variants (in vitro). Does not require ATP. Maintains partially unfolded proteins in a state appropriate for subsequent refolding by other chaperones, such as HSPA8/HSC70. Does not refold proteins by itself. Binding to cell surface receptors triggers internalization of the chaperone-client complex and sub [...] 
DUSP1	144	9606.ENSP00000239223	9606	Homo sapiens	DUSP1	Dual specificity protein phosphatase 1; Dual specificity phosphatase that dephosphorylates MAP kinase MAPK1/ERK2 on both 'Thr-183' and 'Tyr-185', regulating its activity during the meiotic cell cycle.
EP300	145	9606.ENSP00000263253	9606	Homo sapiens	EP300	Histone acetyltransferase p300; Functions as histone acetyltransferase and regulates transcription via chromatin remodeling. Acetylates all four core histones in nucleosomes. Histone acetylation gives an epigenetic tag for transcriptional activation. Mediates cAMP-gene regulation by binding specifically to phosphorylated CREB protein. Mediates acetylation of histone H3 at 'Lys-122' (H3K122ac), a modification that localizes at the surface of the histone octamer and stimulates transcription, possibly by promoting nucleosome instability. Mediates acetylation of histone H3 at 'Lys-27' (H3K [...] 
ERCC1	146	9606.ENSP00000013807	9606	Homo sapiens	ERCC1	DNA excision repair protein ERCC-1; [Isoform 1]: Non-catalytic component of a structure-specific DNA repair endonuclease responsible for the 5'-incision during DNA repair. Responsible, in conjunction with SLX4, for the first step in the repair of interstrand cross-links (ICL). Participates in the processing of anaphase bridge-generating DNA structures, which consist in incompletely processed DNA lesions arising during S or G2 phase, and can result in cytokinesis failure. Also required for homology-directed repair (HDR) of DNA double-strand breaks, in conjunction with SLX4; Belongs to t [...] 
KDM4B	147	9606.ENSP00000159111	9606	Homo sapiens	KDM4B	Lysine-specific demethylase 4B; Histone demethylase that specifically demethylates 'Lys-9' of histone H3, thereby playing a role in histone code. Does not demethylate histone H3 'Lys-4', H3 'Lys-27', H3 'Lys-36' nor H4 'Lys- 20'. Only able to demethylate trimethylated H3 'Lys-9', with a weaker activity than KDM4A, KDM4C and KDM4D. Demethylation of Lys residue generates formaldehyde and succinate.
IFNB1	148	9606.ENSP00000369581	9606	Homo sapiens	IFNB1	Interferon beta; Has antiviral, antibacterial and anticancer activities; Belongs to the alpha/beta interferon family.
GPNMB	149	9606.ENSP00000371420	9606	Homo sapiens	GPNMB	Transmembrane glycoprotein NMB; Could be a melanogenic enzyme; Belongs to the PMEL/NMB family.
MAGED2	150	9606.ENSP00000364193	9606	Homo sapiens	MAGED2	Melanoma-associated antigen D2; Regulates the expression, localization to the plasma membrane and function of the sodium chloride cotransporters SLC12A1 and SLC12A3, two key components of salt reabsorption in the distal renal tubule.
NF1	151	9606.ENSP00000351015	9606	Homo sapiens	NF1	Neurofibromin truncated; Stimulates the GTPase activity of Ras. NF1 shows greater affinity for Ras GAP, but lower specific activity. May be a regulator of Ras activity.
ROR1	152	9606.ENSP00000360120	9606	Homo sapiens	ROR1	Inactive tyrosine-protein kinase transmembrane receptor ROR1; Has very low kinase activity in vitro and is unlikely to function as a tyrosine kinase in vivo. Receptor for ligand WNT5A which activate downstream NFkB signaling pathway and may result in the inhibition of WNT3A-mediated signaling. In inner ear, crucial for spiral ganglion neurons to innervate auditory hair cells.
UGT1A1	153	9606.ENSP00000304845	9606	Homo sapiens	UGT1A1	UDP-glucuronosyltransferase 1-1; UDPGT is of major importance in the conjugation and subsequent elimination of potentially toxic xenobiotics and endogenous compounds. This isoform glucuronidates bilirubin IX-alpha to form both the IX-alpha-C8 and IX-alpha-C12 monoconjugates and diconjugate. Is also able to catalyze the glucuronidation of 17beta-estradiol, 17alpha- ethinylestradiol, 1-hydroxypyrene, 4-methylumbelliferone, 1-naphthol, paranitrophenol, scopoletin, and umbelliferone. Isoform 2 lacks transferase activity but acts as a negative regulator of isoform 1. Belongs to the UDP-glyc [...] 
PER2	154	9606.ENSP00000254657	9606	Homo sapiens	PER2	Period circadian protein homolog 2; Transcriptional repressor which forms a core component of the circadian clock. The circadian clock, an internal time-keeping system, regulates various physiological processes through the generation of approximately 24 hour circadian rhythms in gene expression, which are translated into rhythms in metabolism and behavior. It is derived from the Latin roots 'circa' (about) and 'diem' (day) and acts as an important regulator of a wide array of physiological functions including metabolism, sleep, body temperature, blood pressure, endocrine, immune, cardi [...] 
TEK	155	9606.ENSP00000369375	9606	Homo sapiens	TEK	Angiopoietin-1 receptor; Tyrosine-protein kinase that acts as cell-surface receptor for ANGPT1, ANGPT2 and ANGPT4 and regulates angiogenesis, endothelial cell survival, proliferation, migration, adhesion and cell spreading, reorganization of the actin cytoskeleton, but also maintenance of vascular quiescence. Has anti-inflammatory effects by preventing the leakage of proinflammatory plasma proteins and leukocytes from blood vessels. Required for normal angiogenesis and heart development during embryogenesis. Required for post-natal hematopoiesis. After birth, activates or inhibits angi [...] 
ENG	156	9606.ENSP00000362299	9606	Homo sapiens	ENG	Endoglin; Vascular endothelium glycoprotein that plays an important role in the regulation of angiogenesis. Required for normal structure and integrity of adult vasculature. Regulates the migration of vascular endothelial cells. Required for normal extraembryonic angiogenesis and for embryonic heart development (By similarity). May regulate endothelial cell shape changes in response to blood flow, which drive vascular remodeling and establishment of normal vascular morphology during angiogenesis (By similarity). May play a critical role in the binding of endothelial cells to integrins  [...] 
FANCA	157	9606.ENSP00000373952	9606	Homo sapiens	FANCA	Fanconi anemia group A protein; DNA repair protein that may operate in a postreplication repair or a cell cycle checkpoint function. May be involved in interstrand DNA cross-link repair and in the maintenance of normal chromosome stability.
FN1	158	9606.ENSP00000346839	9606	Homo sapiens	FN1	Fibronectin; Fibronectins bind cell surfaces and various compounds including collagen, fibrin, heparin, DNA, and actin. Fibronectins are involved in cell adhesion, cell motility, opsonization, wound healing, and maintenance of cell shape. Involved in osteoblast compaction through the fibronectin fibrillogenesis cell-mediated matrix assembly process, essential for osteoblast mineralization. Participates in the regulation of type I collagen deposition by osteoblasts.
GRB2	160	9606.ENSP00000376345	9606	Homo sapiens	GRB2	Growth factor receptor-bound protein 2; Adapter protein that provides a critical link between cell surface growth factor receptors and the Ras signaling pathway; Belongs to the GRB2/sem-5/DRK family.
HSD11B1	161	9606.ENSP00000355995	9606	Homo sapiens	HSD11B1	Corticosteroid 11-beta-dehydrogenase isozyme 1; Catalyzes reversibly the conversion of cortisol to the inactive metabolite cortisone. Catalyzes reversibly the conversion of 7-ketocholesterol to 7-beta-hydroxycholesterol. In intact cells, the reaction runs only in one direction, from 7-ketocholesterol to 7-beta- hydroxycholesterol (By similarity).
ATF2	162	9606.ENSP00000264110	9606	Homo sapiens	ATF2	Cyclic AMP-dependent transcription factor ATF-2; Transcriptional activator which regulates the transcription of various genes, including those involved in anti-apoptosis, cell growth, and DNA damage response. Dependent on its binding partner, binds to CRE (cAMP response element) consensus sequences (5'-TGACGTCA- 3') or to AP-1 (activator protein 1) consensus sequences (5'-TGACTCA- 3'). In the nucleus, contributes to global transcription and the DNA damage response, in addition to specific transcriptional activities that are related to cell development, proliferation and death. In the c [...] 
DDX3X	163	9606.ENSP00000494040	9606	Homo sapiens	DDX3X	ATP-dependent RNA helicase DDX3X; Multifunctional ATP-dependent RNA helicase. The ATPase activity can be stimulated by various ribo-and deoxynucleic acids indicative for a relaxed substrate specificity. In vitro can unwind partially double- stranded DNA with a preference for 5'-single-stranded DNA overhangs. Binds RNA G-quadruplex (rG4s) structures, including those located in the 5'-UTR of NRAS mRNA. Involved in many cellular processes, which do not necessarily require its ATPase/helicase catalytic activities (Probable). Involved in transcription regulation. Positively regulates CDKN1A [...] 
HDAC4	164	9606.ENSP00000264606	9606	Homo sapiens	HDAC4	Histone deacetylase 4; Responsible for the deacetylation of lysine residues on the N-terminal part of the core histones (H2A, H2B, H3 and H4). Histone deacetylation gives a tag for epigenetic repression and plays an important role in transcriptional regulation, cell cycle progression and developmental events. Histone deacetylases act via the formation of large multiprotein complexes. Involved in muscle maturation via its interaction with the myocyte enhancer factors such as MEF2A, MEF2C and MEF2D. Involved in the MTA1-mediated epigenetic regulation of ESR1 expression in breast cancer.  [...] 
PTPN13	165	9606.ENSP00000394794	9606	Homo sapiens	PTPN13	Tyrosine-protein phosphatase non-receptor type 13; Tyrosine phosphatase which regulates negatively FAS-induced apoptosis and NGFR-mediated pro-apoptotic signaling. May regulate phosphoinositide 3-kinase (PI3K) signaling through dephosphorylation of PIK3R2. Belongs to the protein-tyrosine phosphatase family. Non- receptor class subfamily.
ROS1	166	9606.ENSP00000357494	9606	Homo sapiens	ROS1	Proto-oncogene tyrosine-protein kinase ROS; Orphan receptor tyrosine kinase (RTK) that plays a role in epithelial cell differentiation and regionalization of the proximal epididymal epithelium. May activate several downstream signaling pathways related to cell differentiation, proliferation, growth and survival including the PI3 kinase-mTOR signaling pathway. Mediates the phosphorylation of PTPN11, an activator of this pathway. May also phosphorylate and activate the transcription factor STAT3 to control anchorage-independent cell growth. Mediates the phosphorylation and the activation [...] 
ADIPOR1	167	9606.ENSP00000341785	9606	Homo sapiens	ADIPOR1	Adiponectin receptor protein 1; Receptor for ADIPOQ, an essential hormone secreted by adipocytes that regulates glucose and lipid metabolism. Required for normal glucose and fat homeostasis and for maintaining a normal body weight. ADIPOQ-binding activates a signaling cascade that leads to increased AMPK activity, and ultimately to increased fatty acid oxidation, increased glucose uptake and decreased gluconeogenesis. Has high affinity for globular adiponectin and low affinity for full-length adiponectin (By similarity); Belongs to the ADIPOR family.
XBP1	168	9606.ENSP00000216037	9606	Homo sapiens	XBP1	X-box-binding protein 1, cytoplasmic form; Functions as a transcription factor during endoplasmic reticulum (ER) stress by regulating the unfolded protein response (UPR). Required for cardiac myogenesis and hepatogenesis during embryonic development, and the development of secretory tissues such as exocrine pancreas and salivary gland (By similarity). Involved in terminal differentiation of B lymphocytes to plasma cells and production of immunoglobulins. Modulates the cellular response to ER stress in a PIK3R-dependent manner. Binds to the cis-acting X box present in the promoter regio [...] 
PDCD4	169	9606.ENSP00000280154	9606	Homo sapiens	PDCD4	Programmed cell death protein 4; Inhibits translation initiation and cap-dependent translation. May excert its function by hindering the interaction between EIF4A1 and EIF4G. Inhibits the helicase activity of EIF4A. Modulates the activation of JUN kinase. Down-regulates the expression of MAP4K1, thus inhibiting events important in driving invasion, namely, MAPK85 activation and consequent JUN-dependent transcription. May play a role in apoptosis. Tumor suppressor. Inhibits tumor promoter-induced neoplastic transformation. Binds RNA (By similarity). Belongs to the PDCD4 family.
GLI1	170	9606.ENSP00000228682	9606	Homo sapiens	GLI1	Zinc finger protein GLI1; Acts as a transcriptional activator. Binds to the DNA consensus sequence 5'-GACCACCCA-3'. Regulates the transcription of specific genes during normal development. Plays a role in craniofacial development and digital development, as well as development of the central nervous system and gastrointestinal tract. Mediates SHH signaling. Plays a role in cell proliferation and differentiation via its role in SHH signaling. Belongs to the GLI C2H2-type zinc-finger protein family.
CRYAA	171	9606.ENSP00000291554	9606	Homo sapiens	CRYAA	Alpha-crystallin A2(1-162); Contributes to the transparency and refractive index of the lens. Has chaperone-like activity, preventing aggregation of various proteins under a wide range of stress conditions. Belongs to the small heat shock protein (HSP20) family.
CDKN2C	172	9606.ENSP00000262662	9606	Homo sapiens	CDKN2C	Cyclin-dependent kinase 4 inhibitor C; Interacts strongly with CDK6, weakly with CDK4. Inhibits cell growth and proliferation with a correlated dependence on endogenous retinoblastoma protein RB; Belongs to the CDKN2 cyclin-dependent kinase inhibitor family.
RPS6KA3	173	9606.ENSP00000368884	9606	Homo sapiens	RPS6KA3	Ribosomal protein S6 kinase alpha-3; Serine/threonine-protein kinase that acts downstream of ERK (MAPK1/ERK2 and MAPK3/ERK1) signaling and mediates mitogenic and stress-induced activation of the transcription factors CREB1, ETV1/ER81 and NR4A1/NUR77, regulates translation through RPS6 and EIF4B phosphorylation, and mediates cellular proliferation, survival, and differentiation by modulating mTOR signaling and repressing pro- apoptotic function of BAD and DAPK1. In fibroblast, is required for EGF-stimulated phosphorylation of CREB1 and histone H3 at 'Ser-10', which results in the subseq [...] 
NOS2	174	9606.ENSP00000327251	9606	Homo sapiens	NOS2	Nitric oxide synthase, inducible; Produces nitric oxide (NO) which is a messenger molecule with diverse functions throughout the body. In macrophages, NO mediates tumoricidal and bactericidal actions. Also has nitrosylase activity and mediates cysteine S-nitrosylation of cytoplasmic target proteins such PTGS2/COX2 (By similarity). As component of the iNOS-S100A8/9 transnitrosylase complex involved in the selective inflammatory stimulus-dependent S-nitrosylation of GAPDH on 'Cys-247' implicated in regulation of the GAIT complex activity and probably multiple targets including ANXA5, EZR [...] 
XDH	175	9606.ENSP00000368727	9606	Homo sapiens	XDH	Xanthine dehydrogenase/oxidase; Key enzyme in purine degradation. Catalyzes the oxidation of hypoxanthine to xanthine. Catalyzes the oxidation of xanthine to uric acid. Contributes to the generation of reactive oxygen species. Has also low oxidase activity towards aldehydes (in vitro).
ADAM12	176	9606.ENSP00000357668	9606	Homo sapiens	ADAM12	Disintegrin and metalloproteinase domain-containing protein 12; Involved in skeletal muscle regeneration, specifically at the onset of cell fusion. Also involved in macrophage-derived giant cells (MGC) and osteoclast formation from mononuclear precursors (By similarity).
INHBE	177	9606.ENSP00000266646	9606	Homo sapiens	INHBE	Inhibin beta E chain; Inhibins and activins inhibit and activate, respectively, the secretion of follitropin by the pituitary gland. Inhibins/activins are involved in regulating a number of diverse functions such as hypothalamic and pituitary hormone secretion, gonadal hormone secretion, germ cell development and maturation, erythroid differentiation, insulin secretion, nerve cell survival, embryonic axial development or bone growth, depending on their subunit composition. Inhibins appear to oppose the functions of activins.
BCAR1	178	9606.ENSP00000391669	9606	Homo sapiens	BCAR1	Breast cancer anti-estrogen resistance protein 1; Docking protein which plays a central coordinating role for tyrosine kinase-based signaling related to cell adhesion. Implicated in induction of cell migration. Overexpression confers antiestrogen resistance on breast cancer cells.
SULT1A1	179	9606.ENSP00000378972	9606	Homo sapiens	SULT1A1	Sulfotransferase 1A1; Sulfotransferase that utilizes 3'-phospho-5'-adenylyl sulfate (PAPS) as sulfonate donor to catalyze the sulfate conjugation of catecholamines, phenolic drugs and neurotransmitters. Has also estrogen sulfotransferase activity. responsible for the sulfonation and activation of minoxidil. Is Mediates the metabolic activation of carcinogenic N-hydroxyarylamines to DNA binding products and could so participate as modulating factor of cancer risk.
MUTYH	180	9606.ENSP00000500891	9606	Homo sapiens	MUTYH	Adenine DNA glycosylase; Involved in oxidative DNA damage repair. Initiates repair of A*oxoG to C*G by removing the inappropriately paired adenine base from the DNA backbone. Possesses both adenine and 2-OH-A DNA glycosylase activities. Belongs to the Nth/MutY family.
RAD50	181	9606.ENSP00000368100	9606	Homo sapiens	RAD50	DNA repair protein RAD50; Component of the MRN complex, which plays a central role in double-strand break (DSB) repair, DNA recombination, maintenance of telomere integrity and meiosis. The complex possesses single-strand endonuclease activity and double-strand-specific 3'-5' exonuclease activity, which are provided by MRE11. RAD50 may be required to bind DNA ends and hold them in close proximity. This could facilitate searches for short or long regions of sequence homology in the recombining DNA templates, and may also stimulate the activity of DNA ligases and/or restrict the nuclease [...] 
POLD1	182	9606.ENSP00000472445	9606	Homo sapiens	POLD1	DNA polymerase delta catalytic subunit; As the catalytic component of the trimeric (Pol-delta3 complex) and tetrameric DNA polymerase delta complexes (Pol-delta4 complex), plays a crucial role in high fidelity genome replication, including in lagging strand synthesis, and repair. Exhibits both DNA polymerase and 3'- to 5'-exonuclease activities. Requires the presence of accessory proteins POLD2, POLD3 and POLD4 for full activity. Depending upon the absence (Pol-delta3) or the presence of POLD4 (Pol-delta4), displays differences in catalytic activity. Most notably, expresses higher proo [...] 
RAD51D	183	9606.ENSP00000466399	9606	Homo sapiens	RAD51D	DNA repair protein RAD51 homolog 4; Involved in the homologous recombination repair (HRR) pathway of double-stranded DNA breaks arising during DNA replication or induced by DNA-damaging agents. Bind to single-stranded DNA (ssDNA) and has DNA-dependent ATPase activity. Part of the Rad21 paralog protein complex BCDX2 which acts in the BRCA1-BRCA2-dependent HR pathway. Upon DNA damage, BCDX2 acts downstream of BRCA2 recruitment and upstream of RAD51 recruitment. BCDX2 binds predominantly to the intersection of the four duplex arms of the Holliday junction and to junction of replication fo [...] 
MMP10	184	9606.ENSP00000279441	9606	Homo sapiens	MMP10	Stromelysin-2; Can degrade fibronectin, gelatins of type I, III, IV, and V; weakly collagens III, IV, and V. Activates procollagenase; Belongs to the peptidase M10A family.
MSI1	185	9606.ENSP00000257552	9606	Homo sapiens	MSI1	RNA-binding protein Musashi homolog 1; RNA binding protein that regulates the expression of target mRNAs at the translation level. Regulates expression of the NOTCH1 antagonist NUMB. Binds RNA containing the sequence 5'-GUUAGUUAGUUAGUU- 3' and other sequences containing the pattern 5'-[GA]U(1-3)AGU-3'. May play a role in the proliferation and maintenance of stem cells in the central nervous system (By similarity); Belongs to the Musashi family.
KAT6B	186	9606.ENSP00000287239	9606	Homo sapiens	KAT6B	Histone acetyltransferase KAT6B; Histone acetyltransferase which may be involved in both positive and negative regulation of transcription. Required for RUNX2- dependent transcriptional activation. May be involved in cerebral cortex development. Component of the MOZ/MORF complex which has a histone H3 acetyltransferase activity.
SGK3	187	9606.ENSP00000379842	9606	Homo sapiens	SGK3	Serine/threonine-protein kinase Sgk3; Serine/threonine-protein kinase which is involved in the regulation of a wide variety of ion channels, membrane transporters, cell growth, proliferation, survival and migration. Up-regulates Na(+) channels: SCNN1A/ENAC and SCN5A, K(+) channels: KCNA3/KV1.3, KCNE1, KCNQ1 and KCNH2/HERG, epithelial Ca(2+) channels: TRPV5 and TRPV6, chloride channel: BSND, creatine transporter: SLC6A8, Na(+)/dicarboxylate cotransporter: SLC13A2/NADC1, Na(+)-dependent phosphate cotransporter: SLC34A2/NAPI-2B, amino acid transporters: SLC1A5/ASCT2 and SLC6A19, glutamate [...] 
CYP2C19	188	9606.ENSP00000360372	9606	Homo sapiens	CYP2C19	Cytochrome P450 2C19; A cytochrome P450 monooxygenase involved in the metabolism of polyunsaturated fatty acids (PUFA). Mechanistically, uses molecular oxygen inserting one oxygen atom into a substrate, and reducing the second into a water molecule, with two electrons provided by NADPH via cytochrome P450 reductase (NADPH--hemoprotein reductase). Catalyzes the hydroxylation of carbon-hydrogen bonds. Hydroxylates PUFA specifically at the omega-1 position. Catalyzes the epoxidation of double bonds of PUFA. Also metabolizes plant monoterpenes such as limonene. Oxygenates (R)- and (S)-limo [...] 
ADAR	189	9606.ENSP00000357459	9606	Homo sapiens	ADAR	Double-stranded RNA-specific adenosine deaminase; Catalyzes the hydrolytic deamination of adenosine to inosine in double-stranded RNA (dsRNA) referred to as A-to-I RNA editing. This may affect gene expression and function in a number of ways that include mRNA translation by changing codons and hence the amino acid sequence of proteins; pre-mRNA splicing by altering splice site recognition sequences; RNA stability by changing sequences involved in nuclease recognition; genetic stability in the case of RNA virus genomes by changing sequences during viral RNA replication; and RNA structur [...] 
KDM3A	190	9606.ENSP00000386660	9606	Homo sapiens	KDM3A	Lysine-specific demethylase 3A; Histone demethylase that specifically demethylates 'Lys-9' of histone H3, thereby playing a central role in histone code. Preferentially demethylates mono- and dimethylated H3 'Lys-9' residue, with a preference for dimethylated residue, while it has weak or no activity on trimethylated H3 'Lys-9'. Demethylation of Lys residue generates formaldehyde and succinate. Involved in hormone-dependent transcriptional activation, by participating in recruitment to androgen-receptor target genes, resulting in H3 'Lys-9' demethylation and transcriptional activation. [...] 
FANCM	191	9606.ENSP00000267430	9606	Homo sapiens	FANCM	Fanconi anemia group M protein; DNA-dependent ATPase component of the Fanconi anemia (FA) core complex. Required for the normal activation of the FA pathway, leading to monoubiquitination of the FANCI-FANCD2 complex in response to DNA damage, cellular resistance to DNA cross- linking drugs, and prevention of chromosomal breakage. In complex with CENPS and CENPX, binds double-stranded DNA (dsDNA), fork- structured DNA (fsDNA) and Holliday junction substrates. Its ATP-dependent DNA branch migration activity can process branched DNA structures such as a movable replication fork. This acti [...] 
ANKRD30A	192	9606.ENSP00000354432	9606	Homo sapiens	ANKRD30A	Ankyrin repeat domain 30A.
PER1	193	9606.ENSP00000314420	9606	Homo sapiens	PER1	Period circadian protein homolog 1; Transcriptional repressor which forms a core component of the circadian clock. The circadian clock, an internal time-keeping system, regulates various physiological processes through the generation of approximately 24 hour circadian rhythms in gene expression, which are translated into rhythms in metabolism and behavior. It is derived from the Latin roots 'circa' (about) and 'diem' (day) and acts as an important regulator of a wide array of physiological functions including metabolism, sleep, body temperature, blood pressure, endocrine, immune, cardi [...] 
VWF	194	9606.ENSP00000261405	9606	Homo sapiens	VWF	Von Willebrand antigen 2; Important in the maintenance of hemostasis, it promotes adhesion of platelets to the sites of vascular injury by forming a molecular bridge between sub-endothelial collagen matrix and platelet- surface receptor complex GPIb-IX-V. Also acts as a chaperone for coagulation factor VIII, delivering it to the site of injury, stabilizing its heterodimeric structure and protecting it from premature clearance from plasma.
XRCC2	195	9606.ENSP00000352271	9606	Homo sapiens	XRCC2	DNA repair protein XRCC2; Involved in the homologous recombination repair (HRR) pathway of double-stranded DNA, thought to repair chromosomal fragmentation, translocations and deletions. Part of the Rad21 paralog protein complex BCDX2 which acts in the BRCA1-BRCA2-dependent HR pathway. Upon DNA damage, BCDX2 acts downstream of BRCA2 recruitment and upstream of RAD51 recruitment. BCDX2 binds predominantly to the intersection of the four duplex arms of the Holliday junction and to junction of replication forks. The BCDX2 complex was originally reported to bind single-stranded DNA, single [...] 
NOD2	196	9606.ENSP00000300589	9606	Homo sapiens	NOD2	Nucleotide-binding oligomerization domain-containing protein 2; Involved in gastrointestinal immunity. Upon stimulation by muramyl dipeptide (MDP), a fragment of bacterial peptidoglycan, binds the proximal adapter receptor-interacting RIPK2, which recruits ubiquitin ligases as XIAP, BIRC2, BIRC3, INAVA and the LUBAC complex, triggering activation of MAP kinases and activation of NF-kappa-B signaling. This in turn leads to the transcriptional activation of hundreds of genes involved in immune response. Required for MDP-induced NLRP1-dependent CASP1 activation and IL1B release in macroph [...] 
BCL11A	197	9606.ENSP00000496168	9606	Homo sapiens	BCL11A	B-cell lymphoma/leukemia 11A; Transcription factor associated with the BAF SWI/SNF chromatin remodeling complex (By similarity). Repressor of fetal hemoglobin (HbF) level. Involved in brain development. May play a role in hematopoiesis. Essential factor in lymphopoiesis required for B-cell formation in fetal liver. May function as a modulator of the transcriptional repression activity of ARP1 (By similarity).
RECQL	198	9606.ENSP00000416739	9606	Homo sapiens	RECQL	ATP-dependent DNA helicase Q1; DNA helicase that may play a role in the repair of DNA that is damaged by ultraviolet light or other mutagens. Exhibits a magnesium-dependent ATP-dependent DNA-helicase activity that unwinds single- and double-stranded DNA in a 3'-5' direction. Belongs to the helicase family. RecQ subfamily.
CASP7	199	9606.ENSP00000358327	9606	Homo sapiens	CASP7	Caspase-7 subunit p11; Involved in the activation cascade of caspases responsible for apoptosis execution. Cleaves and activates sterol regulatory element binding proteins (SREBPs). Proteolytically cleaves poly(ADP- ribose) polymerase (PARP) at a '216-Asp-|-Gly-217' bond. Overexpression promotes programmed cell death.
CYB5R3	200	9606.ENSP00000354468	9606	Homo sapiens	CYB5R3	NADH-cytochrome b5 reductase 3 membrane-bound form; Desaturation and elongation of fatty acids, cholesterol biosynthesis, drug metabolism, and, in erythrocyte, methemoglobin reduction.
EDNRA	201	9606.ENSP00000315011	9606	Homo sapiens	EDNRA	Endothelin-1 receptor; Receptor for endothelin-1. Mediates its action by association with G proteins that activate a phosphatidylinositol-calcium second messenger system. The rank order of binding affinities for ET-A is: ET1 > ET2 >> ET3.
CCND2	202	9606.ENSP00000261254	9606	Homo sapiens	CCND2	G1/S-specific cyclin-D2; Regulatory component of the cyclin D2-CDK4 (DC) complex that phosphorylates and inhibits members of the retinoblastoma (RB) protein family including RB1 and regulates the cell-cycle during G(1)/S transition. Phosphorylation of RB1 allows dissociation of the transcription factor E2F from the RB/E2F complex and the subsequent transcription of E2F target genes which are responsible for the progression through the G(1) phase. Hypophosphorylates RB1 in early G(1) phase. Cyclin D-CDK4 complexes are major integrators of various mitogenenic and antimitogenic signals. A [...] 
TNS1	203	9606.ENSP00000171887	9606	Homo sapiens	TNS1	Tensin-1; Involved in fibrillar adhesion formation. May be involved in cell migration, cartilage development and in linking signal transduction pathways to the cytoskeleton.
PPP2R2B	204	9606.ENSP00000377936	9606	Homo sapiens	PPP2R2B	Serine/threonine-protein phosphatase 2A 55 kDa regulatory subunit B beta isoform; The B regulatory subunit might modulate substrate selectivity and catalytic activity, and also might direct the localization of the catalytic enzyme to a particular subcellular compartment. Within the PP2A holoenzyme complex, isoform 2 is required to promote proapoptotic activity (By similarity). Isoform 2 regulates neuronal survival through the mitochondrial fission and fusion balance (By similarity).
RAD54L	205	9606.ENSP00000361043	9606	Homo sapiens	RAD54L	DNA repair and recombination protein RAD54-like; Involved in DNA repair and mitotic recombination. Functions in the recombinational DNA repair (RAD52) pathway. Dissociates RAD51 from nucleoprotein filaments formed on dsDNA. Could be involved in the turnover of RAD51 protein-dsDNA filaments (By similarity). May play also an essential role in telomere length maintenance and telomere capping in mammalian cells.
CBX7	206	9606.ENSP00000216133	9606	Homo sapiens	CBX7	Chromobox protein homolog 7; Component of a Polycomb group (PcG) multiprotein PRC1-like complex, a complex class required to maintain the transcriptionally repressive state of many genes, including Hox genes, throughout development. PcG PRC1 complex acts via chromatin remodeling and modification of histones; it mediates monoubiquitination of histone H2A 'Lys-119', rendering chromatin heritably changed in its expressibility. Promotes histone H3 trimethylation at 'Lys-9' (H3K9me3). Binds to trimethylated lysine residues in histones, and possibly also other proteins. Regulator of cellular [...] 
PTPRC	207	9606.ENSP00000411355	9606	Homo sapiens	PTPRC	Receptor-type tyrosine-protein phosphatase C; Protein tyrosine-protein phosphatase required for T-cell activation through the antigen receptor. Acts as a positive regulator of T-cell coactivation upon binding to DPP4. The first PTPase domain has enzymatic activity, while the second one seems to affect the substrate specificity of the first one. Upon T-cell activation, recruits and dephosphorylates SKAP1 and FYN. Dephosphorylates LYN, and thereby modulates LYN activity (By similarity); Belongs to the protein-tyrosine phosphatase family. Receptor class 1/6 subfamily.
NEDD4	208	9606.ENSP00000424827	9606	Homo sapiens	NEDD4	E3 ubiquitin-protein ligase NEDD4; E3 ubiquitin-protein ligase which accepts ubiquitin from an E2 ubiquitin-conjugating enzyme in the form of a thioester and then directly transfers the ubiquitin to targeted substrates. Specifically ubiquitinates 'Lys-63' in target proteins. Involved in the pathway leading to the degradation of VEGFR-2/KDFR, independently of its ubiquitin-ligase activity. Monoubiquitinates IGF1R at multiple sites, thus leading to receptor internalization and degradation in lysosomes. Ubiquitinates FGFR1, leading to receptor internalization and degradation in lysosomes. [...] 
SHMT1	209	9606.ENSP00000318868	9606	Homo sapiens	SHMT1	Serine hydroxymethyltransferase, cytosolic; Interconversion of serine and glycine.
ABRAXAS1	210	9606.ENSP00000369857	9606	Homo sapiens	ABRAXAS1	BRCA1-A complex subunit Abraxas 1; Involved in DNA damage response and double-strand break (DSB) repair. Component of the BRCA1-A complex, acting as a central scaffold protein that assembles the various components of the complex and mediates the recruitment of BRCA1. The BRCA1-A complex specifically recognizes 'Lys-63'-linked ubiquitinated histones H2A and H2AX at DNA lesion sites, leading to target the BRCA1-BARD1 heterodimer to sites of DNA damage at DSBs. This complex also possesses deubiquitinase activity that specifically removes 'Lys-63'-linked ubiquitin on histones H2A and H2AX.
WRAP53	211	9606.ENSP00000324203	9606	Homo sapiens	WRAP53	Telomerase Cajal body protein 1; RNA chaperone that plays a key role in telomere maintenance and RNA localization to Cajal bodies. Specifically recognizes and binds the Cajal body box (CAB box) present in both small Cajal body RNAs (scaRNAs) and telomerase RNA template component (TERC). Essential component of the telomerase holoenzyme complex, a ribonucleoprotein complex essential for the replication of chromosome termini that elongates telomeres in most eukaryotes. In the telomerase holoenzyme complex, required to stimulate the catalytic activity of the complex. Acts by specifically b [...] 
RECQL4	212	9606.ENSP00000482313	9606	Homo sapiens	RECQL4	ATP-dependent DNA helicase Q4; DNA-dependent ATPase. May modulate chromosome segregation. Belongs to the helicase family. RecQ subfamily.
TSHR	213	9606.ENSP00000441235	9606	Homo sapiens	TSHR	Thyrotropin receptor; Receptor for the thyroid-stimulating hormone (TSH) or thyrotropin. Also acts as a receptor for the heterodimeric glycoprotein hormone (GPHA2:GPHB5) or thyrostimulin. The activity of this receptor is mediated by G proteins which activate adenylate cyclase. Plays a central role in controlling thyroid cell metabolism (By similarity); Belongs to the G-protein coupled receptor 1 family. FSH/LSH/TSH subfamily.
SIK3	214	9606.ENSP00000364449	9606	Homo sapiens	SIK3	Serine/threonine-protein kinase SIK3; Positive regulator of mTOR signaling that functions by triggering the degradation of DEPTOR, an mTOR inhibitor. Involved in the dynamic regulation of mTOR signaling in chondrocyte differentiation during skeletogenesis. Negatively regulates cAMP signaling pathway possibly by acting on CRTC2/TORC2 and CRTC3/TORC3 (Probable). Prevents HDAC4 translocation to the nucleus (By similarity); Belongs to the protein kinase superfamily. CAMK Ser/Thr protein kinase family. SNF1 subfamily.
ZFYVE26	215	9606.ENSP00000251119	9606	Homo sapiens	ZFYVE26	Zinc finger FYVE domain-containing protein 26; Phosphatidylinositol 3-phosphate-binding protein required for the abcission step in cytokinesis: recruited to the midbody during cytokinesis and acts as a regulator of abcission. May also be required for efficient homologous recombination DNA double-strand break repair.
PRDX5	216	9606.ENSP00000265462	9606	Homo sapiens	PRDX5	Peroxiredoxin-5, mitochondrial; Thiol-specific peroxidase that catalyzes the reduction of hydrogen peroxide and organic hydroperoxides to water and alcohols, respectively. Plays a role in cell protection against oxidative stress by detoxifying peroxides and as sensor of hydrogen peroxide-mediated signaling events; Belongs to the peroxiredoxin family. Prx5 subfamily.
IRF8	217	9606.ENSP00000268638	9606	Homo sapiens	IRF8	Interferon regulatory factor 8; Plays a role as a transcriptional activator or repressor. Specifically binds to the upstream regulatory region of type I IFN and IFN-inducible MHC class I genes (the interferon consensus sequence (ICS)). Plays a negative regulatory role in cells of the immune system. Involved in CD8(+) dendritic cell differentiation by forming a complex with the BATF-JUNB heterodimer in immune cells, leading to recognition of AICE sequence (5'-TGAnTCA/GAAA-3'), an immune-specific regulatory element, followed by cooperative binding of BATF and IRF8 and activation of genes [...] 
CUX1	218	9606.ENSP00000353401	9606	Homo sapiens	CUX1	Homeobox protein cut-like 1; Transcription factor involved in the control of neuronal differentiation in the brain. Regulates dendrite development and branching, and dendritic spine formation in cortical layers II-III. Also involved in the control of synaptogenesis. In addition, it has probably a broad role in mammalian development as a repressor of developmentally regulated gene expression. May act by preventing binding of positively-activing CCAAT factors to promoters. Component of nf-munr repressor; binds to the matrix attachment regions (MARs) (5' and 3') of the immunoglobulin heav [...] 
AKAP9	219	9606.ENSP00000348573	9606	Homo sapiens	AKAP9	A-kinase anchor protein 9; Scaffolding protein that assembles several protein kinases and phosphatases on the centrosome and Golgi apparatus. Required to maintain the integrity of the Golgi apparatus. Required for microtubule nucleation at the cis-side of the Golgi apparatus. Required for association of the centrosomes with the poles of the bipolar mitotic spindle during metaphase. In complex with PDE4DIP isoform 13/MMG8/SMYLE, recruits CAMSAP2 to the Golgi apparatus and tethers non-centrosomal minus-end microtubules to the Golgi, an important step for polarized cell movement. In compl [...] 
BCAS2	220	9606.ENSP00000358554	9606	Homo sapiens	BCAS2	Pre-mRNA-splicing factor SPF27; Required for pre-mRNA splicing as component of the activated spliceosome. Component of the PRP19-CDC5L complex that forms an integral part of the spliceosome and is required for activating pre-mRNA splicing. May have a scaffolding role in the spliceosome assembly as it contacts all other components of the core complex. The PRP19-CDC5L complex may also play a role in the response to DNA damage (DDR).
P3H2	221	9606.ENSP00000316881	9606	Homo sapiens	P3H2	Prolyl 3-hydroxylase 2; Prolyl 3-hydroxylase that catalyzes the post-translational formation of 3-hydroxyproline on collagens. Contributes to proline 3-hydroxylation of collagen COL4A1 and COL1A1 in tendons, the eye sclera and in the eye lens capsule (By similarity). Has high activity with the type IV collagen COL4A1, and lower activity with COL1A1. Catalyzes hydroxylation of the first Pro in Gly-Pro-Hyp sequences where Hyp is 4-hydroxyproline. Has no activity on substrates that lack 4- hydroxyproline in the third position. Belongs to the leprecan family.
RNF20	222	9606.ENSP00000373772	9606	Homo sapiens	RNF20	E3 ubiquitin-protein ligase BRE1A; Component of the RNF20/40 E3 ubiquitin-protein ligase complex that mediates monoubiquitination of 'Lys-120' of histone H2B (H2BK120ub1). H2BK120ub1 gives a specific tag for epigenetic transcriptional activation and is also prerequisite for histone H3 'Lys-4' and 'Lys-79' methylation (H3K4me and H3K79me, respectively). It thereby plays a central role inb histone code and gene regulation. The RNF20/40 complex forms a H2B ubiquitin ligase complex in cooperation with the E2 enzyme UBE2A or UBE2B; reports about the cooperation with UBE2E1/UBCH are contradi [...] 
F10	223	9606.ENSP00000364709	9606	Homo sapiens	F10	Activated factor Xa heavy chain; Factor Xa is a vitamin K-dependent glycoprotein that converts prothrombin to thrombin in the presence of factor Va, calcium and phospholipid during blood clotting.
GOLIM4	224	9606.ENSP00000417354	9606	Homo sapiens	GOLIM4	Golgi integral membrane protein 4; Plays a role in endosome to Golgi protein trafficking; mediates protein transport along the late endosome-bypass pathway from the early endosome to the Golgi.
HLA-DQA1	225	9606.ENSP00000339398	9606	Homo sapiens	HLA-DQA1	Major histocompatibility complex, class II, DQ alpha 1; Belongs to the MHC class II family.
IFNA2	226	9606.ENSP00000369554	9606	Homo sapiens	IFNA2	Interferon alpha-2; Produced by macrophages, IFN-alpha have antiviral activities.
KRT81	227	9606.ENSP00000369349	9606	Homo sapiens	KRT81	Keratin, type II cuticular Hb1; Keratin 81.
MAGEA1	228	9606.ENSP00000349085	9606	Homo sapiens	MAGEA1	Melanoma-associated antigen 1; May be involved in transcriptional regulation through interaction with SNW1 and recruiting histone deactelyase HDAC1. May inhibit notch intracellular domain (NICD) transactivation. May play a role in embryonal development and tumor transformation or aspects of tumor progression. Antigen recognized on a melanoma by autologous cytolytic T-lymphocytes.
CLCA2	229	9606.ENSP00000359596	9606	Homo sapiens	CLCA2	Calcium-activated chloride channel regulator 2, 109 kDa form; Plays a role in modulating chloride current across the plasma membrane in a calcium-dependent manner, and cell adhesion. Involved in basal cell adhesion and/or stratification of squamous epithelia. May act as a tumor suppressor in breast and colorectal cancer. Plays a key role for cell adhesion in the beginning stages of lung metastasis via the binding to ITGB4. Belongs to the CLCR family.
ARHGAP11A	230	9606.ENSP00000355090	9606	Homo sapiens	ARHGAP11A	Rho GTPase activating protein 11A.
G3BP2	231	9606.ENSP00000352738	9606	Homo sapiens	G3BP2	Ras GTPase-activating protein-binding protein 2; Scaffold protein that plays an essential role in cytoplasmic stress granule formation which acts as a platform for antiviral signaling.
ECT2	232	9606.ENSP00000376457	9606	Homo sapiens	ECT2	Protein ECT2; Guanine nucleotide exchange factor (GEF) that catalyzes the exchange of GDP for GTP. Promotes guanine nucleotide exchange on the Rho family members of small GTPases, like RHOA, RHOC, RAC1 and CDC42. Required for signal transduction pathways involved in the regulation of cytokinesis. Component of the centralspindlin complex that serves as a microtubule-dependent and Rho-mediated signaling required for the myosin contractile ring formation during the cell cycle cytokinesis. Regulates the translocation of RHOA from the central spindle to the equatorial region. Plays a role i [...] 
EIF4A2	233	9606.ENSP00000326381	9606	Homo sapiens	EIF4A2	Eukaryotic initiation factor 4A-II; ATP-dependent RNA helicase which is a subunit of the eIF4F complex involved in cap recognition and is required for mRNA binding to ribosome. In the current model of translation initiation, eIF4A unwinds RNA secondary structures in the 5'-UTR of mRNAs which is necessary to allow efficient binding of the small ribosomal subunit, and subsequent scanning for the initiator codon; Belongs to the DEAD box helicase family. eIF4A subfamily.
FAAH	234	9606.ENSP00000243167	9606	Homo sapiens	FAAH	Fatty-acid amide hydrolase 1; Degrades bioactive fatty acid amides like oleamide, the endogenous cannabinoid, anandamide and myristic amide to their corresponding acids, thereby serving to terminate the signaling functions of these molecules. Hydrolyzes polyunsaturated substrate anandamide preferentially as compared to monounsaturated substrates. Belongs to the amidase family.
ACSL3	235	9606.ENSP00000350012	9606	Homo sapiens	ACSL3	Long-chain-fatty-acid--CoA ligase 3; Acyl-CoA synthetases (ACSL) activates long-chain fatty acids for both synthesis of cellular lipids, and degradation via beta- oxidation. Required for the incorporation of fatty acids into phosphatidylcholine, the major phospholipid located on the surface of VLDL (very low density lipoproteins). Has mainly an anabolic role in energy metabolism. Mediates hepatic lipogenesis. Preferentially uses myristate, laurate, arachidonate and eicosapentaenoate as substrates. Both isoforms exhibit the same level of activity (By similarity).
NET1	236	9606.ENSP00000347134	9606	Homo sapiens	NET1	Neuroepithelial cell-transforming gene 1 protein; Acts as guanine nucleotide exchange factor (GEF) for RhoA GTPase. May be involved in activation of the SAPK/JNK pathway Stimulates genotoxic stress-induced RHOB activity in breast cancer cells leading to their cell death.
CDC27	238	9606.ENSP00000434614	9606	Homo sapiens	CDC27	Cell division cycle protein 27 homolog; Component of the anaphase promoting complex/cyclosome (APC/C), a cell cycle-regulated E3 ubiquitin ligase that controls progression through mitosis and the G1 phase of the cell cycle. The APC/C complex acts by mediating ubiquitination and subsequent degradation of target proteins: it mainly mediates the formation of 'Lys-11'-linked polyubiquitin chains and, to a lower extent, the formation of 'Lys-48'- and 'Lys-63'-linked polyubiquitin chains. Belongs to the APC3/CDC27 family.
SORL1	239	9606.ENSP00000260197	9606	Homo sapiens	SORL1	Sortilin-related receptor; Sorting receptor that directs several proteins to their correct location within the cell (Probable). Along with AP-1 complex, involved Golgi apparatus - endosome sorting. Sorting receptor for APP, regulating its intracellular trafficking and processing into amyloidogenic-beta peptides. Retains APP in the trans- Golgi network, hence preventing its transit through late endosomes where amyloid beta peptides Abeta40 and Abeta42 are generated. May also sort newly produced amyloid-beta peptides to lysosomes for catabolism. Does not affect APP trafficking from the e [...] 
WRN	240	9606.ENSP00000298139	9606	Homo sapiens	WRN	Werner syndrome ATP-dependent helicase; Multifunctional enzyme that has both magnesium and ATP- dependent DNA-helicase activity and 3'->5' exonuclease activity towards double-stranded DNA with a 5'-overhang. Has no nuclease activity towards single-stranded DNA or blunt-ended double-stranded DNA. Binds preferentially to DNA substrates containing alternate secondary structures, such as replication forks and Holliday junctions. May play an important role in the dissociation of joint DNA molecules that can arise as products of homologous recombination, at stalled replication forks or durin [...] 
SNW1	241	9606.ENSP00000451129	9606	Homo sapiens	SNW1	SNW domain-containing protein 1; Involved in pre-mRNA splicing as component of the spliceosome. Is required in the specific splicing of CDKN1A pre-mRNA; the function probably involves the recruitment of U2AF2 to the mRNA. Is proposed to recruit PPIL1 to the spliceosome. May be involved in cyclin-D1/CCND1 mRNA stability through the SNARP complex which associates with both the 3'end of the CCND1 gene and its mRNA. Involved in transcriptional regulation. Modulates TGF-beta-mediated transcription via association with SMAD proteins, MYOD1-mediated transcription via association with PABPN1,  [...] 
KDM4C	242	9606.ENSP00000370710	9606	Homo sapiens	KDM4C	Lysine-specific demethylase 4C; Histone demethylase that specifically demethylates 'Lys-9' and 'Lys-36' residues of histone H3, thereby playing a central role in histone code. Does not demethylate histone H3 'Lys-4', H3 'Lys-27' nor H4 'Lys-20'. Demethylates trimethylated H3 'Lys-9' and H3 'Lys-36' residue, while it has no activity on mono- and dimethylated residues. Demethylation of Lys residue generates formaldehyde and succinate.
GAB1	243	9606.ENSP00000262995	9606	Homo sapiens	GAB1	GRB2-associated-binding protein 1; Adapter protein that plays a role in intracellular signaling cascades triggered by activated receptor-type kinases. Plays a role in FGFR1 signaling. Probably involved in signaling by the epidermal growth factor receptor (EGFR) and the insulin receptor (INSR). Involved in the MET/HGF-signaling pathway. Belongs to the GAB family.
CRX	244	9606.ENSP00000221996	9606	Homo sapiens	CRX	Cone-rod homeobox protein; Transcription factor that binds and transactivates the sequence 5'-TAATC[CA]-3' which is found upstream of several photoreceptor-specific genes, including the opsin genes. Acts synergistically with other transcription factors, such as NRL, RORB and RAX, to regulate photoreceptor cell-specific gene transcription. Essential for the maintenance of mammalian photoreceptors. Belongs to the paired homeobox family.
ADRA1A	245	9606.ENSP00000369960	9606	Homo sapiens	ADRA1A	Alpha-1A adrenergic receptor; This alpha-adrenergic receptor mediates its action by association with G proteins that activate a phosphatidylinositol- calcium second messenger system. Its effect is mediated by G(q) and G(11) proteins. Nuclear ADRA1A-ADRA1B heterooligomers regulate phenylephrine(PE)-stimulated ERK signaling in cardiac myocytes. Belongs to the G-protein coupled receptor 1 family. Adrenergic receptor subfamily. ADRA1A sub-subfamily.
SRARP	246	9606.ENSP00000332162	9606	Homo sapiens	SRARP	Steroid receptor-associated and regulated protein; May regulate the transcriptional function of androgen and estrogen receptors.
TMPRSS6	247	9606.ENSP00000384964	9606	Homo sapiens	TMPRSS6	Transmembrane protease serine 6; Serine protease which hydrolyzes a range of proteins including type I collagen, fibronectin and fibrinogen. Can also activate urokinase-type plasminogen activator with low efficiency. May play a specialized role in matrix remodeling processes in liver. Through the cleavage of HJV, a regulator of the expression of the iron absorption-regulating hormone hepicidin/HAMP, plays a role in iron homeostasis.
EIF3H	248	9606.ENSP00000429931	9606	Homo sapiens	EIF3H	Eukaryotic translation initiation factor 3 subunit H; Component of the eukaryotic translation initiation factor 3 (eIF-3) complex, which is required for several steps in the initiation of protein synthesis. The eIF-3 complex associates with the 40S ribosome and facilitates the recruitment of eIF-1, eIF-1A, eIF-2:GTP:methionyl- tRNAi and eIF-5 to form the 43S pre-initiation complex (43S PIC). The eIF-3 complex stimulates mRNA recruitment to the 43S PIC and scanning of the mRNA for AUG recognition. The eIF-3 complex is also required for disassembly and recycling of post-termination ribos [...] 
EBAG9	249	9606.ENSP00000337675	9606	Homo sapiens	EBAG9	Receptor-binding cancer antigen expressed on SiSo cells; May participate in suppression of cell proliferation and induces apoptotic cell death through activation of interleukin-1-beta converting enzyme (ICE)-like proteases.
SULF2	250	9606.ENSP00000353007	9606	Homo sapiens	SULF2	Extracellular sulfatase Sulf-2; Exhibits arylsulfatase activity and highly specific endoglucosamine-6-sulfatase activity. It can remove sulfate from the C- 6 position of glucosamine within specific subregions of intact heparin; Belongs to the sulfatase family.
LTA	251	9606.ENSP00000403495	9606	Homo sapiens	LTA	Lymphotoxin-alpha; Cytokine that in its homotrimeric form binds to TNFRSF1A/TNFR1, TNFRSF1B/TNFBR and TNFRSF14/HVEM. In its heterotrimeric form with LTB binds to TNFRSF3/LTBR. Lymphotoxin is produced by lymphocytes and is cytotoxic for a wide range of tumor cells in vitro and in vivo.
POU2F1	252	9606.ENSP00000356840	9606	Homo sapiens	POU2F1	POU domain, class 2, transcription factor 1; Transcription factor that binds to the octamer motif (5'- ATTTGCAT-3') and activates the promoters of the genes for some small nuclear RNAs (snRNA) and of genes such as those for histone H2B and immunoglobulins. Modulates transcription transactivation by NR3C1, AR and PGR (By similarity). In case of human herpes simplex virus (HSV) infection, POU2F1 forms a multiprotein-DNA complex with the viral transactivator protein VP16 and HCFC1 thereby enabling the transcription of the viral immediate early genes.
F5	253	9606.ENSP00000356771	9606	Homo sapiens	F5	Coagulation factor V heavy chain; Central regulator of hemostasis. It serves as a critical cofactor for the prothrombinase activity of factor Xa that results in the activation of prothrombin to thrombin.
IL13RA2	254	9606.ENSP00000361004	9606	Homo sapiens	IL13RA2	Interleukin-13 receptor subunit alpha-2; Binds as a monomer with high affinity to interleukin-13 (IL13), but not to interleukin-4 (IL4).
KTN1	255	9606.ENSP00000378725	9606	Homo sapiens	KTN1	Kinectin; Receptor for kinesin thus involved in kinesin-driven vesicle motility. Accumulates in integrin-based adhesion complexes (IAC) upon integrin aggregation by fibronectin; Belongs to the kinectin family.
NQO2	256	9606.ENSP00000369822	9606	Homo sapiens	NQO2	Ribosyldihydronicotinamide dehydrogenase [quinone]; The enzyme apparently serves as a quinone reductase in connection with conjugation reactions of hydroquinones involved in detoxification pathways as well as in biosynthetic processes such as the vitamin K-dependent gamma-carboxylation of glutamate residues in prothrombin synthesis; Belongs to the NAD(P)H dehydrogenase (quinone) family.
PFKFB4	257	9606.ENSP00000232375	9606	Homo sapiens	PFKFB4	6-phosphofructo-2-kinase/fructose-2,6-bisphosphatase 4; Synthesis and degradation of fructose 2,6-bisphosphate; In the C-terminal section; belongs to the phosphoglycerate mutase family.
MTMR3	258	9606.ENSP00000384651	9606	Homo sapiens	MTMR3	Myotubularin-related protein 3; Phosphatase that acts on lipids with a phosphoinositol headgroup. Has phosphatase activity towards phosphatidylinositol 3- phosphate and phosphatidylinositol 3,5-bisphosphate. May also dephosphorylate proteins phosphorylated on Ser, Thr, and Tyr residues.
RECQL5	259	9606.ENSP00000317636	9606	Homo sapiens	RECQL5	ATP-dependent DNA helicase Q5; Isoform beta is a DNA helicase that plays an important role in DNA replication, transcription and repair. Inhibits elongation of stalled transcripts at DNA damage sites by binding to the RNA polymerase II subunit POLR2A and blocking the TCEA1 binding site. Required for mitotic chromosome separation after cross-over events and cell cycle progress. Required for efficient DNA repair, including repair of inter-strand cross-links. Stimulates DNA decatenation mediated by TOP2A. Prevents sister chromatid exchange and homologous recombination.
SLAMF1	260	9606.ENSP00000438406	9606	Homo sapiens	SLAMF1	Signaling lymphocytic activation molecule; Self-ligand receptor of the signaling lymphocytic activation molecule (SLAM) family. SLAM receptors triggered by homo- or heterotypic cell-cell interactions are modulating the activation and differentiation of a wide variety of immune cells and thus are involved in the regulation and interconnection of both innate and adaptive immune response. Activities are controlled by presence or absence of small cytoplasmic adapter proteins, SH2D1A/SAP and/or SH2D1B/EAT-2. SLAMF1-induced signal-transduction events in T-lymphocytes are different from those [...] 
SLX4	261	9606.ENSP00000294008	9606	Homo sapiens	SLX4	Structure-specific endonuclease subunit SLX4; Regulatory subunit that interacts with and increases the activity of different structure-specific endonucleases. Has several distinct roles in protecting genome stability by resolving diverse forms of deleterious DNA structures originating from replication and recombination intermediates and from DNA damage. Component of the SLX1- SLX4 structure-specific endonuclease that resolves DNA secondary structures generated during DNA repair and recombination. Has endonuclease activity towards branched DNA substrates, introducing single-strand cuts  [...] 
BMPR1A	262	9606.ENSP00000361107	9606	Homo sapiens	BMPR1A	Bone morphogenetic protein receptor type-1A; On ligand binding, forms a receptor complex consisting of two type II and two type I transmembrane serine/threonine kinases. Type II receptors phosphorylate and activate type I receptors which autophosphorylate, then bind and activate SMAD transcriptional regulators. Receptor for BMP2, BMP4, GDF5 and GDF6. Positively regulates chondrocyte differentiation through GDF5 interaction. Mediates induction of adipogenesis by GDF6. Belongs to the protein kinase superfamily. TKL Ser/Thr protein kinase family. TGFB receptor subfamily.
EXT1	263	9606.ENSP00000367446	9606	Homo sapiens	EXT1	Exostosin-1; Glycosyltransferase required for the biosynthesis of heparan- sulfate. The EXT1/EXT2 complex possesses substantially higher glycosyltransferase activity than EXT1 or EXT2 alone. Appears to be a tumor suppressor. Required for the exosomal release of SDCBP, CD63 and syndecan.
FH	264	9606.ENSP00000355518	9606	Homo sapiens	FH	Fumarate hydratase, mitochondrial; Catalyzes the reversible stereospecific interconversion of fumarate to L-malate. Experiments in other species have demonstrated that specific isoforms of this protein act in defined pathways and favor one direction over the other (Probable).  [Isoform Cytoplasmic]: Catalyzes the dehydration of L-malate to fumarate (By similarity). Fumarate metabolism in the cytosol plays a role during urea cycle and arginine metabolism; fumarate being a by- product of the urea cycle and amino-acid catabolism (By similarity). Also plays a role in DNA repair by promotin [...] 
FANCI	265	9606.ENSP00000310842	9606	Homo sapiens	FANCI	Fanconi anemia group I protein; Plays an essential role in the repair of DNA double-strand breaks by homologous recombination and in the repair of interstrand DNA cross-links (ICLs) by promoting FANCD2 monoubiquitination by FANCL and participating in recruitment to DNA repair sites. Required for maintenance of chromosomal stability. Specifically binds branched DNA: binds both single-stranded DNA (ssDNA) and double-stranded DNA (dsDNA). Participates in S phase and G2 phase checkpoint activation upon DNA damage.
EREG	266	9606.ENSP00000244869	9606	Homo sapiens	EREG	Proepiregulin; Ligand of the EGF receptor/EGFR and ERBB4. Stimulates EGFR and ERBB4 tyrosine phosphorylation. Contributes to inflammation, wound healing, tissue repair, and oocyte maturation by regulating angiogenesis and vascular remodeling and by stimulating cell proliferation.
ABCA3	268	9606.ENSP00000301732	9606	Homo sapiens	ABCA3	ATP-binding cassette sub-family A member 3; Plays an important role in the formation of pulmonary surfactant, probably by transporting lipids such as cholesterol; Belongs to the ABC transporter superfamily. ABCA family.
FOLR2	269	9606.ENSP00000298223	9606	Homo sapiens	FOLR2	Folate receptor beta; Binds to folate and reduced folic acid derivatives and mediates delivery of 5-methyltetrahydrofolate and folate analogs into the interior of cells. Has high affinity for folate and folic acid analogs at neutral pH. Exposure to slightly acidic pH after receptor endocytosis triggers a conformation change that strongly reduces its affinity for folates and mediates their release.
ZNF281	270	9606.ENSP00000294740	9606	Homo sapiens	ZNF281	Zinc finger protein 281; Transcription repressor that plays a role in regulation of embryonic stem cells (ESCs) differentiation. Required for ESCs differentiation and acts by mediating autorepression of NANOG in ESCs: binds to the NANOG promoter and promotes association of NANOG protein to its own promoter and recruits the NuRD complex, which deacetylates histones. Not required for establishement and maintenance of ESCs (By similarity). Represses the transcription of a number of genes including GAST, ODC1 and VIM. Binds to the G-rich box in the enhancer region of these genes.
UTP20	271	9606.ENSP00000261637	9606	Homo sapiens	UTP20	Small subunit processome component 20 homolog; Involved in 18S pre-rRNA processing. Associates with U3 snoRNA.
APCS	272	9606.ENSP00000255040	9606	Homo sapiens	APCS	Serum amyloid P-component(1-203); Can interact with DNA and histones and may scavenge nuclear material released from damaged circulating cells. May also function as a calcium-dependent lectin; Belongs to the pentraxin family.
FOXP4	273	9606.ENSP00000362151	9606	Homo sapiens	FOXP4	Forkhead box protein P4; Transcriptional repressor that represses lung-specific expression.
DVL3	274	9606.ENSP00000316054	9606	Homo sapiens	DVL3	Segment polarity protein dishevelled homolog DVL-3; Involved in the signal transduction pathway mediated by multiple Wnt genes.
SEMA3A	275	9606.ENSP00000265362	9606	Homo sapiens	SEMA3A	Semaphorin-3A; Involved in the development of the olfactory system and in neuronal control of puberty. Induces the collapse and paralysis of neuronal growth cones. Could serve as a ligand that guides specific growth cones by a motility-inhibiting mechanism. Binds to the complex neuropilin-1/plexin-1; Belongs to the semaphorin family.
EIF3M	276	9606.ENSP00000436049	9606	Homo sapiens	EIF3M	Eukaryotic translation initiation factor 3 subunit M; Component of the eukaryotic translation initiation factor 3 (eIF-3) complex, which is required for several steps in the initiation of protein synthesis. The eIF-3 complex associates with the 40S ribosome and facilitates the recruitment of eIF-1, eIF-1A, eIF-2:GTP:methionyl- tRNAi and eIF-5 to form the 43S pre-initiation complex (43S PIC). The eIF-3 complex stimulates mRNA recruitment to the 43S PIC and scanning of the mRNA for AUG recognition. The eIF-3 complex is also required for disassembly and recycling of post-termination ribos [...] 
NTHL1	277	9606.ENSP00000219066	9606	Homo sapiens	NTHL1	Endonuclease III-like protein 1; Bifunctional DNA N-glycosylase with associated apurinic/apyrimidinic (AP) lyase function that catalyzes the first step in base excision repair (BER), the primary repair pathway for the repair of oxidative DNA damage. The DNA N-glycosylase activity releases the damaged DNA base from DNA by cleaving the N-glycosidic bond, leaving an AP site. The AP-lyase activity cleaves the phosphodiester bond 3' to the AP site by a beta-elimination. Primarily recognizes and repairs oxidative base damage of pyrimidines. Has also 8-oxo-7,8- dihydroguanine (8-oxoG) DNA gly [...] 
PLS3	278	9606.ENSP00000348163	9606	Homo sapiens	PLS3	Plastin-3; Actin-bundling protein found in intestinal microvilli, hair cell stereocilia, and fibroblast filopodia. May play a role in the regulation of bone development.
NLE1	279	9606.ENSP00000413572	9606	Homo sapiens	NLE1	Notchless protein homolog 1; Plays a role in regulating Notch activity. Plays a role in regulating the expression of CDKN1A and several members of the Wnt pathway, probably via its effects on Notch activity. Required during embryogenesis for inner mass cell survival (By similarity). Belongs to the NLE1/RSA4 family.
BGN	280	9606.ENSP00000327336	9606	Homo sapiens	BGN	Biglycan; May be involved in collagen fiber assembly.
STAT4	281	9606.ENSP00000351255	9606	Homo sapiens	STAT4	Signal transducer and activator of transcription 4; Carries out a dual function: signal transduction and activation of transcription. Involved in IL12 signaling.
DDX18	282	9606.ENSP00000263239	9606	Homo sapiens	DDX18	ATP-dependent RNA helicase DDX18; Probable RNA-dependent helicase; Belongs to the DEAD box helicase family. DDX18/HAS1 subfamily.
PRP4K	283	9606.ENSP00000337194	9606	Homo sapiens	PRPF4B	Serine/threonine-protein kinase PRP4 homolog; Has a role in pre-mRNA splicing. Phosphorylates SF2/ASF; Belongs to the protein kinase superfamily. CMGC Ser/Thr protein kinase family.
CD2	284	9606.ENSP00000358490	9606	Homo sapiens	CD2	T-cell surface antigen CD2; CD2 interacts with lymphocyte function-associated antigen CD58 (LFA-3) and CD48/BCM1 to mediate adhesion between T-cells and other cell types. CD2 is implicated in the triggering of T-cells, the cytoplasmic domain is implicated in the signaling function.
PDLIM7	285	9606.ENSP00000348099	9606	Homo sapiens	PDLIM7	PDZ and LIM domain protein 7; May function as a scaffold on which the coordinated assembly of proteins can occur. May play a role as an adapter that, via its PDZ domain, localizes LIM-binding proteins to actin filaments of both skeletal muscle and nonmuscle tissues. Involved in both of the two fundamental mechanisms of bone formation, direct bone formation (e.g. embryonic flat bones mandible and cranium), and endochondral bone formation (e.g. embryonic long bone development). Plays a role during fracture repair. Involved in BMP6 signaling pathway (By similarity).
KLK15	286	9606.ENSP00000469315	9606	Homo sapiens	KLK15	Kallikrein-15; Protease whose physiological substrate is not yet known; Belongs to the peptidase S1 family. Kallikrein subfamily.
RAC2	287	9606.ENSP00000249071	9606	Homo sapiens	RAC2	Ras-related C3 botulinum toxin substrate 2; Plasma membrane-associated small GTPase which cycles between an active GTP-bound and inactive GDP-bound state. In active state binds to a variety of effector proteins to regulate cellular responses, such as secretory processes, phagocytose of apoptotic cells and epithelial cell polarization. Augments the production of reactive oxygen species (ROS) by NADPH oxidase.
RPS9	288	9606.ENSP00000375632	9606	Homo sapiens	RPS9	Ribosomal protein S9.
SMC6	289	9606.ENSP00000404092	9606	Homo sapiens	SMC6	Structural maintenance of chromosomes protein 6; Core component of the SMC5-SMC6 complex, a complex involved in DNA double-strand breaks by homologous recombination. The complex may promote sister chromatid homologous recombination by recruiting the SMC1-SMC3 cohesin complex to double-strand breaks. The complex is required for telomere maintenance via recombination in ALT (alternative lengthening of telomeres) cell lines and mediates sumoylation of shelterin complex (telosome) components which is proposed to lead to shelterin complex disassembly in ALT-associated PML bodies (APBs). Req [...] 
MFAP5	290	9606.ENSP00000352455	9606	Homo sapiens	MFAP5	Microfibrillar-associated protein 5; May play a role in hematopoiesis. In the cardiovascular system, could regulate growth factors or participate in cell signaling in maintaining large vessel integrity (By similarity). Component of the elastin-associated microfibrils.
RASAL1	291	9606.ENSP00000450244	9606	Homo sapiens	RASAL1	RasGAP-activating-like protein 1; Probable inhibitory regulator of the Ras-cyclic AMP pathway. Plays a role in dendrite formation by melanocytes.
ERCC3	292	9606.ENSP00000285398	9606	Homo sapiens	ERCC3	General transcription and DNA repair factor IIH helicase subunit XPB; ATP-dependent 3'-5' DNA helicase, component of the general transcription and DNA repair factor IIH (TFIIH) core complex, which is involved in general and transcription-coupled nucleotide excision repair (NER) of damaged DNA and, when complexed to CAK, in RNA transcription by RNA polymerase II. In NER, TFIIH acts by opening DNA around the lesion to allow the excision of the damaged oligonucleotide and its replacement by a new DNA fragment. The ATPase activity of XPB/ERCC3, but not its helicase activity, is required fo [...] 
SPEN	293	9606.ENSP00000364912	9606	Homo sapiens	SPEN	Msx2-interacting protein; May serve as a nuclear matrix platform that organizes and integrates transcriptional responses. In osteoblasts, supports transcription activation: synergizes with RUNX2 to enhance FGFR2- mediated activation of the osteocalcin FGF-responsive element (OCFRE) (By similarity). Has also been shown to be an essential corepressor protein, which probably regulates different key pathways such as the Notch pathway. Negative regulator of the Notch pathway via its interaction with RBPSUH, which prevents the association between NOTCH1 and RBPSUH, and therefore suppresses t [...] 
PLCB1	294	9606.ENSP00000338185	9606	Homo sapiens	PLCB1	1-phosphatidylinositol 4,5-bisphosphate phosphodiesterase beta-1; The production of the second messenger molecules diacylglycerol (DAG) and inositol 1,4,5-trisphosphate (IP3) is mediated by activated phosphatidylinositol-specific phospholipase C enzymes.
ABCB10	295	9606.ENSP00000355637	9606	Homo sapiens	ABCB10	ATP-binding cassette sub-family B member 10, mitochondrial; May mediate critical mitochondrial transport functions related to heme biosynthesis; Belongs to the ABC transporter superfamily. ABCB family. Mitochondrial peptide exporter (TC 3.A.1.212) subfamily.
TRIM29	296	9606.ENSP00000343129	9606	Homo sapiens	TRIM29	Tripartite motif-containing protein 29; Plays a crucial role in the regulation of macrophage activation in response to viral or bacterial infections within the respiratory tract. Mechanistically, TRIM29 interacts with IKBKG/NEMO in the lysosome where it induces its 'Lys-48' ubiquitination and subsequent degradation. In turn, the expression of type I interferons and the production of proinflammatory cytokines are inhibited. Additionally, induces the 'Lys-48' ubiquitination of STING1 in a similar way, leading to its degradation.
CHD5	297	9606.ENSP00000262450	9606	Homo sapiens	CHD5	Chromodomain-helicase-DNA-binding protein 5; Chromatin-remodeling protein that binds DNA through histones and regulates gene transcription. May specifically recognize and bind trimethylated 'Lys-27' (H3K27me3) and non-methylated 'Lys-4' of histone H3. Plays a role in the development of the nervous system by activating the expression of genes promoting neuron terminal differentiation. In parallel, it may also positively regulate the trimethylation of histone H3 at 'Lys-27' thereby specifically repressing genes that promote the differentiation into non-neuronal cell lineages. Tumor suppr [...] 
APPL1	298	9606.ENSP00000288266	9606	Homo sapiens	APPL1	DCC-interacting protein 13-alpha; Multifunctional adapter protein that binds to various membrane receptors, nuclear factors and signaling proteins to regulate many processes, such as cell proliferation, immune response, endosomal trafficking and cell metabolism. Regulates signaling pathway leading to cell proliferation through interaction with RAB5A and subunits of the NuRD/MeCP1 complex. Functions as a positive regulator of innate immune response via activation of AKT1 signaling pathway by forming a complex with APPL1 and PIK3R1 (By similarity). Inhibits Fc-gamma receptor-mediated pha [...] 
GPC1	299	9606.ENSP00000264039	9606	Homo sapiens	GPC1	Secreted glypican-1; Cell surface proteoglycan that bears heparan sulfate. Binds, via the heparan sulfate side chains, alpha-4 (V) collagen and participates in Schwann cell myelination (By similarity). May act as a catalyst in increasing the rate of conversion of prion protein PRPN(C) to PRNP(Sc) via associating (via the heparan sulfate side chains) with both forms of PRPN, targeting them to lipid rafts and facilitating their interaction. Required for proper skeletal muscle differentiation by sequestering FGF2 in lipid rafts preventing its binding to receptors (FGFRs) and inhibiting th [...] 
OLA1	300	9606.ENSP00000284719	9606	Homo sapiens	OLA1	Obg-like ATPase 1; Hydrolyzes ATP, and can also hydrolyze GTP with lower efficiency. Has lower affinity for GTP; Belongs to the TRAFAC class OBG-HflX-like GTPase superfamily. OBG GTPase family. YchF/OLA1 subfamily.
PDCD6	301	9606.ENSP00000264933	9606	Homo sapiens	PDCD6	Programmed cell death protein 6; Calcium sensor that plays a key role in processes such as endoplasmic reticulum (ER)-Golgi vesicular transport, endosomal biogenesis or membrane repair. Acts as an adapter that bridges unrelated proteins or stabilizes weak protein-protein complexes in response to calcium: calcium-binding triggers exposure of apolar surface, promoting interaction with different sets of proteins thanks to 3 different hydrophobic pockets, leading to translocation to membranes. Involved in ER-Golgi transport by promoting the association between PDCD6IP and TSG101, thereby b [...] 
AKAP8	302	9606.ENSP00000269701	9606	Homo sapiens	AKAP8	A-kinase anchor protein 8; Anchoring protein that mediates the subcellular compartmentation of cAMP-dependent protein kinase (PKA type II). Acts as an anchor for a PKA-signaling complex onto mitotic chromosomes, which is required for maintenance of chromosomes in a condensed form throughout mitosis. Recruits condensin complex subunit NCAPD2 to chromosomes required for chromatin condensation; the function appears to be independent from PKA-anchoring. May help to deliver cyclin D/E to CDK4 to facilitate cell cycle progression. Required for cell cycle G2/M transition and histone deacetyla [...] 
SPTLC1	303	9606.ENSP00000262554	9606	Homo sapiens	SPTLC1	Serine palmitoyltransferase 1; Serine palmitoyltransferase (SPT). The heterodimer formed with SPTLC2 or SPTLC3 constitutes the catalytic core. The composition of the serine palmitoyltransferase (SPT) complex determines the substrate preference. The SPTLC1-SPTLC2-SPTSSA complex shows a strong preference for C16-CoA substrate, while the SPTLC1-SPTLC3-SPTSSA isozyme uses both C14-CoA and C16-CoA as substrates, with a slight preference for C14-CoA. The SPTLC1-SPTLC2-SPTSSB complex shows a strong preference for C18-CoA substrate, while the SPTLC1-SPTLC3-SPTSSB isozyme displays an ability to [...] 
MCOLN1	304	9606.ENSP00000264079	9606	Homo sapiens	MCOLN1	Mucolipin-1; Nonselective cation channel probably playing a role in the regulation of membrane trafficking events and of metal homeostasis. Proposed to play a major role in Ca(2+) release from late endosome and lysosome vesicles to the cytoplasm, which is important for many lysosome-dependent cellular events, including the fusion and trafficking of these organelles, exocytosis and autophagy. Required for efficient uptake of large particles in macrophages in which Ca(2+) release from the lysosomes triggers lysosomal exocytosis. May also play a role in phagosome-lysosome fusion (By simil [...] 
ROBO1	305	9606.ENSP00000420321	9606	Homo sapiens	ROBO1	Roundabout homolog 1; Receptor for SLIT1 and SLIT2 that mediates cellular responses to molecular guidance cues in cellular migration, including axonal navigation at the ventral midline of the neural tube and projection of axons to different regions during neuronal development. Interaction with the intracellular domain of FLRT3 mediates axon attraction towards cells expressing NTN1. In axon growth cones, the silencing of the attractive effect of NTN1 by SLIT2 may require the formation of a ROBO1-DCC complex (By similarity). Plays a role in the regulation of cell migration via its intera [...] 
MAOA	306	9606.ENSP00000340684	9606	Homo sapiens	MAOA	Amine oxidase [flavin-containing] A; Catalyzes the oxidative deamination of biogenic and xenobiotic amines and has important functions in the metabolism of neuroactive and vasoactive amines in the central nervous system and peripheral tissues. MAOA preferentially oxidizes biogenic amines such as 5-hydroxytryptamine (5-HT), norepinephrine and epinephrine.
APOL1	307	9606.ENSP00000317674	9606	Homo sapiens	APOL1	Apolipoprotein L1; May play a role in lipid exchange and transport throughout the body. May participate in reverse cholesterol transport from peripheral cells to the liver.
CBFB	308	9606.ENSP00000415151	9606	Homo sapiens	CBFB	Core-binding factor subunit beta; Forms the heterodimeric complex core-binding factor (CBF) with RUNX family proteins (RUNX1, RUNX2, and RUNX3). RUNX members modulate the transcription of their target genes through recognizing the core consensus binding sequence 5'-TGTGGT-3', or very rarely, 5'- TGCGGT-3', within their regulatory regions via their runt domain, while CBFB is a non-DNA-binding regulatory subunit that allosterically enhances the sequence-specific DNA-binding capacity of RUNX. The heterodimers bind to the core site of a number of enhancers and promoters, including murine l [...] 
ARHGAP29	309	9606.ENSP00000260526	9606	Homo sapiens	ARHGAP29	Rho GTPase-activating protein 29; GTPase activator for the Rho-type GTPases by converting them to an inactive GDP-bound state. Has strong activity toward RHOA, and weaker activity toward RAC1 and CDC42. May act as a specific effector of RAP2A to regulate Rho. In concert with RASIP1, suppresses RhoA signaling and dampens ROCK and MYH9 activities in endothelial cells and plays an essential role in blood vessel tubulogenesis.
UBR5	310	9606.ENSP00000429084	9606	Homo sapiens	UBR5	E3 ubiquitin-protein ligase UBR5; E3 ubiquitin-protein ligase which is a component of the N-end rule pathway. Recognizes and binds to proteins bearing specific N- terminal residues that are destabilizing according to the N-end rule, leading to their ubiquitination and subsequent degradation (By similarity). Involved in maturation and/or transcriptional regulation of mRNA by activating CDK9 by polyubiquitination. May play a role in control of cell cycle progression. May have tumor suppressor function. Regulates DNA topoisomerase II binding protein (TopBP1) in the DNA damage response. Pl [...] 
PLOD1	311	9606.ENSP00000196061	9606	Homo sapiens	PLOD1	Procollagen-lysine,2-oxoglutarate 5-dioxygenase 1; Part of a complex composed of PLOD1, P3H3 and P3H4 that catalyzes hydroxylation of lysine residues in collagen alpha chains and is required for normal assembly and cross-linkling of collagen fibrils (By similarity). Forms hydroxylysine residues in -Xaa-Lys- Gly- sequences in collagens. These hydroxylysines serve as sites of attachment for carbohydrate units and are essential for the stability of the intermolecular collagen cross-links (Probable).
PLXNB1	312	9606.ENSP00000351338	9606	Homo sapiens	PLXNB1	Plexin-B1; Receptor for SEMA4D. Plays a role in GABAergic synapse development (By similarity). Mediates SEMA4A- and SEMA4D-dependent inhibitory synapse development (By similarity). Plays a role in RHOA activation and subsequent changes of the actin cytoskeleton. Plays a role in axon guidance, invasive growth and cell migration. Belongs to the plexin family.
ZNF668	313	9606.ENSP00000442573	9606	Homo sapiens	ZNF668	Zinc finger protein 668; May be involved in transcriptional regulation.
SRSF1	314	9606.ENSP00000258962	9606	Homo sapiens	SRSF1	Serine/arginine-rich splicing factor 1; Plays a role in preventing exon skipping, ensuring the accuracy of splicing and regulating alternative splicing. Interacts with other spliceosomal components, via the RS domains, to form a bridge between the 5'- and 3'-splice site binding components, U1 snRNP and U2AF. Can stimulate binding of U1 snRNP to a 5'-splice site- containing pre-mRNA. Binds to purine-rich RNA sequences, either the octamer, 5'-RGAAGAAC-3' (r=A or G) or the decamers, AGGACAGAGC/AGGACGAAGC. Binds preferentially to the 5'-CGAGGCG-3' motif in vitro. Three copies of the octame [...] 
MICAL1	315	9606.ENSP00000486901	9606	Homo sapiens	MICAL1	[F-actin]-monooxygenase MICAL1; Monooxygenase that promotes depolymerization of F-actin by mediating oxidation of specific methionine residues on actin to form methionine-sulfoxide, resulting in actin filament disassembly and preventing repolymerization (By similarity). In the absence of actin, it also functions as a NADPH oxidase producing H(2)O(2). Acts as a cytoskeletal regulator that connects NEDD9 to intermediate filaments. Also acts as a negative regulator of apoptosis via its interaction with STK38 and STK38L; acts by antagonizing STK38 and STK38L activation by MST1/STK4. Involv [...] 
TBXAS1	316	9606.ENSP00000389414	9606	Homo sapiens	TBXAS1	Thromboxane A synthase 1; Belongs to the cytochrome P450 family.
ICAM5	317	9606.ENSP00000221980	9606	Homo sapiens	ICAM5	Intercellular adhesion molecule 5; ICAM proteins are ligands for the leukocyte adhesion protein LFA-1 (integrin alpha-L/beta-2).
TOP1	318	9606.ENSP00000354522	9606	Homo sapiens	TOP1	DNA topoisomerase 1; Releases the supercoiling and torsional tension of DNA introduced during the DNA replication and transcription by transiently cleaving and rejoining one strand of the DNA duplex. Introduces a single-strand break via transesterification at a target site in duplex DNA. The scissile phosphodiester is attacked by the catalytic tyrosine of the enzyme, resulting in the formation of a DNA-(3'-phosphotyrosyl)- enzyme intermediate and the expulsion of a 5'-OH DNA strand. The free DNA strand then rotates around the intact phosphodiester bond on the opposing strand, thus remo [...] 
AGAP2	319	9606.ENSP00000449241	9606	Homo sapiens	AGAP2	Arf-GAP with GTPase, ANK repeat and PH domain-containing protein 2; GTPase-activating protein (GAP) for ARF1 and ARF5, which also shows strong GTPase activity. Isoform 1 participates in the prevention of neuronal apoptosis by enhancing PI3 kinase activity. It aids the coupling of metabotropic glutamate receptor 1 (GRM1) to cytoplasmic PI3 kinase by interacting with Homer scaffolding proteins, and also seems to mediate anti-apoptotic effects of NGF by activating nuclear PI3 kinase. Isoform 2 does not stimulate PI3 kinase but may protect cells from apoptosis by stimulating Akt. It also r [...] 
FLNB	320	9606.ENSP00000420213	9606	Homo sapiens	FLNB	Filamin-B; Connects cell membrane constituents to the actin cytoskeleton. May promote orthogonal branching of actin filaments and links actin filaments to membrane glycoproteins. Anchors various transmembrane proteins to the actin cytoskeleton. Interaction with FLNA may allow neuroblast migration from the ventricular zone into the cortical plate. Various interactions and localizations of isoforms affect myotube morphology and myogenesis. Isoform 6 accelerates muscle differentiation in vitro; Belongs to the filamin family.
FUS	321	9606.ENSP00000254108	9606	Homo sapiens	FUS	RNA-binding protein FUS; DNA/RNA-binding protein that plays a role in various cellular processes such as transcription regulation, RNA splicing, RNA transport, DNA repair and damage response. Binds to nascent pre-mRNAs and acts as a molecular mediator between RNA polymerase II and U1 small nuclear ribonucleoprotein thereby coupling transcription and splicing. Binds also its own pre- mRNA and autoregulates its expression; this autoregulation mechanism is mediated by non-sense-mediated decay. Plays a role in DNA repair mechanisms by promoting D-loop formation and homologous recombination [...] 
GABRP	322	9606.ENSP00000430100	9606	Homo sapiens	GABRP	Gamma-aminobutyric acid receptor subunit pi; GABA, the major inhibitory neurotransmitter in the vertebrate brain, mediates neuronal inhibition by binding to the GABA/benzodiazepine receptor and opening an integral chloride channel. In the uterus, the function of the receptor appears to be related to tissue contractility. The binding of this pI subunit with other GABA(A) receptor subunits alters the sensitivity of recombinant receptors to modulatory agents such as pregnanolone; Belongs to the ligand-gated ion channel (TC 1.A.9) family. Gamma-aminobutyric acid receptor (TC 1.A.9.5) subfa [...] 
FBXO8	323	9606.ENSP00000377280	9606	Homo sapiens	FBXO8	F-box only protein 8; May promote guanine-nucleotide exchange on an ARF. Promotes the activation of ARF through replacement of GDP with GTP (Potential).
HDLBP	324	9606.ENSP00000375836	9606	Homo sapiens	HDLBP	Vigilin; Appears to play a role in cell sterol metabolism. It may function to protect cells from over-accumulation of cholesterol.
APC2	325	9606.ENSP00000442954	9606	Homo sapiens	APC2	Adenomatous polyposis coli protein 2; Stabilizes microtubules and may regulate actin fiber dynamics through the activation of Rho family GTPases. May also function in Wnt signaling by promoting the rapid degradation of CTNNB1. Belongs to the adenomatous polyposis coli (APC) family.
SORBS1	326	9606.ENSP00000360293	9606	Homo sapiens	SORBS1	Sorbin and SH3 domain-containing protein 1; Plays a role in tyrosine phosphorylation of CBL by linking CBL to the insulin receptor. Required for insulin-stimulated glucose transport. Involved in formation of actin stress fibers and focal adhesions (By similarity).
CFL2	327	9606.ENSP00000298159	9606	Homo sapiens	CFL2	Cofilin-2; Controls reversibly actin polymerization and depolymerization in a pH-sensitive manner. Its F-actin depolymerization activity is regulated by association with CSPR3. It has the ability to bind G- and F-actin in a 1:1 ratio of cofilin to actin. It is the major component of intranuclear and cytoplasmic actin rods. Required for muscle maintenance. May play a role during the exchange of alpha-actin forms during the early postnatal remodeling of the sarcomere (By similarity); Belongs to the actin-binding proteins ADF family.
SLCO2B1	328	9606.ENSP00000289575	9606	Homo sapiens	SLCO2B1	Solute carrier organic anion transporter family member 2B1; Mediates the Na(+)-independent transport of organic anions such as taurocholate, the prostaglandins PGD2, PGE1, PGE2, leukotriene C4, thromboxane B2 and iloprost.
ATP2A3	329	9606.ENSP00000353072	9606	Homo sapiens	ATP2A3	Sarcoplasmic/endoplasmic reticulum calcium ATPase 3; This magnesium-dependent enzyme catalyzes the hydrolysis of ATP coupled with the transport of calcium. Transports calcium ions from the cytosol into the sarcoplasmic/endoplasmic reticulum lumen. Contributes to calcium sequestration involved in muscular excitation/contraction.
PLD2	330	9606.ENSP00000263088	9606	Homo sapiens	PLD2	Phospholipase D2; May have a role in signal-induced cytoskeletal regulation and/or endocytosis.
AVPR2	331	9606.ENSP00000496396	9606	Homo sapiens	AVPR2	Vasopressin V2 receptor; Receptor for arginine vasopressin. The activity of this receptor is mediated by G proteins which activate adenylate cyclase. Involved in renal water reabsorption; Belongs to the G-protein coupled receptor 1 family. Vasopressin/oxytocin receptor subfamily.
GSDMB	332	9606.ENSP00000415049	9606	Homo sapiens	GSDMB	Gasdermin-B; The N-terminal moiety promotes pyroptosis. May be acting by homooligomerizing within the membrane and forming pores. The physiological relevance of this observation is unknown (Probable).
PRODH	333	9606.ENSP00000349577	9606	Homo sapiens	PRODH	Proline dehydrogenase; Converts proline to delta-1-pyrroline-5-carboxylate.
RARG	334	9606.ENSP00000388510	9606	Homo sapiens	RARG	Retinoic acid receptor gamma; Receptor for retinoic acid. Retinoic acid receptors bind as heterodimers to their target response elements in response to their ligands, all-trans or 9-cis retinoic acid, and regulate gene expression in various biological processes. The RAR/RXR heterodimers bind to the retinoic acid response elements (RARE) composed of tandem 5'-AGGTCA-3' sites known as DR1-DR5. In the absence of ligand, acts mainly as an activator of gene expression due to weak binding to corepressors. Required for limb bud development. In concert with RARA or RARB, required for skeletal  [...] 
SPAG6	335	9606.ENSP00000365811	9606	Homo sapiens	SPAG6	Sperm-associated antigen 6; Important for structural integrity of the central apparatus in the sperm tail and for flagellar motility.
SREBF2	336	9606.ENSP00000354476	9606	Homo sapiens	SREBF2	Processed sterol regulatory element-binding protein 2; Transcriptional activator required for lipid homeostasis. Regulates transcription of the LDL receptor gene as well as the cholesterol and to a lesser degree the fatty acid synthesis pathway (By similarity). Binds the sterol regulatory element 1 (SRE-1) (5'- ATCACCCCAC-3') found in the flanking region of the LDRL and HMG-CoA synthase genes.
TCP1	337	9606.ENSP00000317334	9606	Homo sapiens	TCP1	T-complex protein 1 subunit alpha; Component of the chaperonin-containing T-complex (TRiC), a molecular chaperone complex that assists the folding of proteins upon ATP hydrolysis. The TRiC complex mediates the folding of WRAP53/TCAB1, thereby regulating telomere maintenance. As part of the TRiC complex may play a role in the assembly of BBSome, a complex involved in ciliogenesis regulating transports vesicles to the cilia. The TRiC complex plays a role in the folding of actin and tubulin (Probable).
TPM4	338	9606.ENSP00000494125	9606	Homo sapiens	TPM4	Tropomyosin alpha-4 chain; Binds to actin filaments in muscle and non-muscle cells. Plays a central role, in association with the troponin complex, in the calcium dependent regulation of vertebrate striated muscle contraction. Smooth muscle contraction is regulated by interaction with caldesmon. In non-muscle cells is implicated in stabilizing cytoskeleton actin filaments (By similarity). Binds calcium.
TRPC4	339	9606.ENSP00000486109	9606	Homo sapiens	TRPC4	Short transient receptor potential channel 4; Forms a receptor-activated non-selective calcium permeant cation channel. Acts as a cell-cell contact-dependent endothelial calcium entry channel. Probably operated by a phosphatidylinositol second messenger system activated by receptor tyrosine kinases or G- protein coupled receptors. Mediates cation entry, with an enhanced permeability to barium over calcium. May also be activated by intracellular calcium store depletion; Belongs to the transient receptor (TC 1.A.4) family. STrpC subfamily. TRPC4 sub-subfamily.
WARS1	340	9606.ENSP00000347495	9606	Homo sapiens	WARS1	Tryptophan--tRNA ligase, cytoplasmic; Isoform 1, isoform 2 and T1-TrpRS have aminoacylation activity while T2-TrpRS lacks it. Isoform 2, T1-TrpRS and T2-TrpRS possess angiostatic activity whereas isoform 1 lacks it. T2-TrpRS inhibits fluid shear stress-activated responses of endothelial cells. Regulates ERK, Akt, and eNOS activation pathways that are associated with angiogenesis, cytoskeletal reorganization and shear stress- responsive gene expression.
NUP214	341	9606.ENSP00000352400	9606	Homo sapiens	NUP214	Nuclear pore complex protein Nup214; Has a critical role in nucleocytoplasmic transport. May serve as a docking site in the receptor-mediated import of substrates across the nuclear pore complex.
CLPTM1L	342	9606.ENSP00000313854	9606	Homo sapiens	CLPTM1L	Cleft lip and palate transmembrane protein 1-like protein; Enhances cisplatin-mediated apoptosis, when overexpressed. Belongs to the CLPTM1 family.
OBSCN	343	9606.ENSP00000455507	9606	Homo sapiens	OBSCN	Obscurin; Structural component of striated muscles which plays a role in myofibrillogenesis. Probably involved in the assembly of myosin into sarcomeric A bands in striated muscle. Has serine/threonine protein kinase activity and phosphorylates N-cadherin CDH2 and sodium/potassium-transporting ATPase subunit ATP1B1 (By similarity). Binds (via the PH domain) strongly to phosphatidylinositol 3,4-bisphosphate (PtdIns(3,4)P2) and phosphatidylinositol 4,5-bisphosphate (PtdIns(4,5)P2), and to a lesser extent to phosphatidylinositol 3-phosphate (PtdIns(3)P), phosphatidylinositol 4-phosphate ( [...] 
NLRC5	344	9606.ENSP00000262510	9606	Homo sapiens	NLRC5	Protein NLRC5; Probable regulator of the NF-kappa-B and type I interferon signaling pathways. May also regulate the type II interferon signaling pathway. Plays a role in homeostatic control of innate immunity and in antiviral defense mechanisms; Belongs to the NLRP family.
AMFR	345	9606.ENSP00000290649	9606	Homo sapiens	AMFR	E3 ubiquitin-protein ligase AMFR; E3 ubiquitin-protein ligase that mediates the polyubiquitination of a number of proteins such as CD3D, CYP3A4, CFTR and APOB for proteasomal degradation. Component of a VCP/p97-AMFR/gp78 complex that participates in the final step of endoplasmic reticulum- associated degradation (ERAD). The VCP/p97-AMFR/gp78 complex is involved in the sterol-accelerated ERAD degradation of HMGCR through binding to the HMGCR-INSIG complex at the ER membrane and initiating ubiquitination of HMGCR. The ubiquitinated HMGCR is then released from the ER by the complex into t [...] 
NSMCE2	346	9606.ENSP00000287437	9606	Homo sapiens	NSMCE2	E3 SUMO-protein ligase NSE2; E3 SUMO-protein ligase component of the SMC5-SMC6 complex, a complex involved in DNA double-strand break repair by homologous recombination. Is not be required for the stability of the complex. The complex may promote sister chromatid homologous recombination by recruiting the SMC1-SMC3 cohesin complex to double-strand breaks. The complex is required for telomere maintenance via recombination in ALT (alternative lengthening of telomeres) cell lines and mediates sumoylation of shelterin complex (telosome) components which is proposed to lead to shelterin com [...] 
KCNIP3	347	9606.ENSP00000295225	9606	Homo sapiens	KCNIP3	Calsenilin; Calcium-dependent transcriptional repressor that binds to the DRE element of genes including PDYN and FOS. Affinity for DNA is reduced upon binding to calcium and enhanced by binding to magnesium. Seems to be involved in nociception (By similarity).  May play a role in the regulation of PSEN2 proteolytic processing and apoptosis. Together with PSEN2 involved in modulation of amyloid-beta formation.
ACADM	348	9606.ENSP00000359871	9606	Homo sapiens	ACADM	Medium-chain specific acyl-CoA dehydrogenase, mitochondrial; Acyl-CoA dehydrogenase specific for acyl chain lengths of 4 to 16 that catalyzes the initial step of fatty acid beta-oxidation. Utilizes the electron transfer flavoprotein (ETF) as an electron acceptor to transfer electrons to the main mitochondrial respiratory chain via ETF-ubiquinone oxidoreductase (ETF dehydrogenase).
FCRL3	349	9606.ENSP00000357169	9606	Homo sapiens	FCRL3	Fc receptor-like protein 3; Promotes TLR9-induced B-cell proliferation, activation and survival but inhibits antibody production and suppresses plasma cell differentiation. Enhances activation of NF-kappa-B and MAPK signaling pathways in TLR9 stimulated B-cells. Has inhibitory potentional on B-cell receptor (BCR)-mediated signaling, possibly through association with SH2 domain-containing phosphatases. Inhibits cell tyrosine phosphorylation, calcium mobilization and activation- induced cell death induced through BCR signaling. Regulatory T-cells expressing FCRL3 exhibit a memory phenoty [...] 
DNASE1L3	350	9606.ENSP00000378053	9606	Homo sapiens	DNASE1L3	Deoxyribonuclease gamma; Has DNA hydrolytic activity. Is capable of both single- and double-stranded DNA cleavage, producing DNA fragments with 3'-OH ends (By similarity). Can cleave chromatin to nucleosomal units and cleaves nucleosomal and liposome-coated DNA. Acts in internucleosomal DNA fragmentation (INDF) during apoptosis and necrosis. The role in apoptosis includes myogenic and neuronal differentiation, and BCR-mediated clonal deletion of self-reactive B cells (By similarity). Is active on chromatin in apoptotic cell-derived membrane-coated microparticles and thus suppresses ant [...] 
SLC7A7	351	9606.ENSP00000380666	9606	Homo sapiens	SLC7A7	Y+L amino acid transporter 1; Involved in the sodium-independent uptake of dibasic amino acids and sodium-dependent uptake of some neutral amino acids. Requires coexpression with SLC3A2/4F2hc to mediate the uptake of arginine, leucine and glutamine. Plays a role in nitric oxide synthesis in human umbilical vein endothelial cells (HUVECs) via transport of L-arginine. Involved in the transport of L-arginine in monocytes. Belongs to the amino acid-polyamine-organocation (APC) superfamily. L-type amino acid transporter (LAT) (TC 2.A.3.8) family.
CLSPN	352	9606.ENSP00000312995	9606	Homo sapiens	CLSPN	Claspin; Required for checkpoint mediated cell cycle arrest in response to inhibition of DNA replication or to DNA damage induced by both ionizing and UV irradiation. Adapter protein which binds to BRCA1 and the checkpoint kinase CHEK1 and facilitates the ATR-dependent phosphorylation of both proteins. Can also bind specifically to branched DNA structures and may associate with S-phase chromatin following formation of the pre-replication complex (pre-RC). This may indicate a role for this protein as a sensor which monitors the integrity of DNA replication forks.
ARAP3	353	9606.ENSP00000239440	9606	Homo sapiens	ARAP3	Arf-GAP with Rho-GAP domain, ANK repeat and PH domain-containing protein 3; Phosphatidylinositol 3,4,5-trisphosphate-dependent GTPase- activating protein that modulates actin cytoskeleton remodeling by regulating ARF and RHO family members. Is activated by phosphatidylinositol 3,4,5-trisphosphate (PtdIns(3,4,5)P3) binding. Can be activated by phosphatidylinositol 3,4-bisphosphate (PtdIns(3,4,5)P2) binding, albeit with lower efficiency. Acts on ARF6, RAC1, RHOA and CDC42. Plays a role in the internalization of anthrax toxin.
TNFAIP3	354	9606.ENSP00000481570	9606	Homo sapiens	TNFAIP3	Tumor necrosis factor alpha-induced protein 3; Ubiquitin-editing enzyme that contains both ubiquitin ligase and deubiquitinase activities. Involved in immune and inflammatory responses signaled by cytokines, such as TNF-alpha and IL-1 beta, or pathogens via Toll-like receptors (TLRs) through terminating NF-kappa-B activity. Essential component of a ubiquitin-editing protein complex, comprising also RNF11, ITCH and TAX1BP1, that ensures the transient nature of inflammatory signaling pathways. In cooperation with TAX1BP1 promotes disassembly of E2-E3 ubiquitin protein ligase complexes in [...] 
ARID1B	355	9606.ENSP00000490491	9606	Homo sapiens	ARID1B	AT-rich interactive domain-containing protein 1B; Involved in transcriptional activation and repression of select genes by chromatin remodeling (alteration of DNA-nucleosome topology). Component of SWI/SNF chromatin remodeling complexes that carry out key enzymatic activities, changing chromatin structure by altering DNA-histone contacts within a nucleosome in an ATP-dependent manner. Belongs to the neural progenitors-specific chromatin remodeling complex (npBAF complex) and the neuron-specific chromatin remodeling complex (nBAF complex). During neural development a switch from a stem/ [...] 
RFC4	356	9606.ENSP00000376272	9606	Homo sapiens	RFC4	Replication factor C subunit 4; The elongation of primed DNA templates by DNA polymerase delta and epsilon requires the action of the accessory proteins proliferating cell nuclear antigen (PCNA) and activator 1. This subunit may be involved in the elongation of the multiprimed DNA template.
GEN1	357	9606.ENSP00000370653	9606	Homo sapiens	GEN1	Flap endonuclease GEN homolog 1; Endonuclease which resolves Holliday junctions (HJs) by the introduction of symmetrically related cuts across the junction point, to produce nicked duplex products in which the nicks can be readily ligated. Four-way DNA intermediates, also known as Holliday junctions, are formed during homologous recombination and DNA repair, and their resolution is necessary for proper chromosome segregation. Cleaves HJs by a nick and counter- nick mechanism involving dual coordinated incisions that lead to the formation of ligatable nicked duplex products. Cleavage of [...] 
LGALS2	358	9606.ENSP00000215886	9606	Homo sapiens	LGALS2	Galectin-2; This protein binds beta-galactoside. Its physiological function is not yet known.
MYOD1	359	9606.ENSP00000250003	9606	Homo sapiens	MYOD1	Myoblast determination protein 1; Acts as a transcriptional activator that promotes transcription of muscle-specific target genes and plays a role in muscle differentiation. Together with MYF5 and MYOG, co-occupies muscle-specific gene promoter core region during myogenesis. Induces fibroblasts to differentiate into myoblasts. Interacts with and is inhibited by the twist protein. This interaction probably involves the basic domains of both proteins (By similarity).
PCDH8	360	9606.ENSP00000367177	9606	Homo sapiens	PCDH8	Protocadherin-8; Calcium-dependent cell-adhesion protein (By similarity). May play a role in activity-induced synaptic reorganization underlying long term memory (By similarity). Could be involved in CDH2 internalization through TAOK2/p38 MAPK pathway. In hippocampal neurons, may play a role in the down-regulation of dendritic spines, maybe through its action on CDH2 endocytosis (By similarity).
KRT76	361	9606.ENSP00000330101	9606	Homo sapiens	KRT76	Keratin, type II cytoskeletal 2 oral; Probably contributes to terminal cornification. Belongs to the intermediate filament family.
PADI3	362	9606.ENSP00000364609	9606	Homo sapiens	PADI3	Protein-arginine deiminase type-3; Catalyzes the deimination of arginine residues of proteins.
PLA2G4A	363	9606.ENSP00000356436	9606	Homo sapiens	PLA2G4A	Cytosolic phospholipase A2; Selectively hydrolyzes arachidonyl phospholipids in the sn-2 position releasing arachidonic acid. Together with its lysophospholipid activity, it is implicated in the initiation of the inflammatory response.
PPA1	364	9606.ENSP00000362329	9606	Homo sapiens	PPA1	Inorganic pyrophosphatase 1.
PPP1R3A	365	9606.ENSP00000284601	9606	Homo sapiens	PPP1R3A	Protein phosphatase 1 regulatory subunit 3A; Seems to act as a glycogen-targeting subunit for PP1. PP1 is essential for cell division, and participates in the regulation of glycogen metabolism, muscle contractility and protein synthesis. Plays an important role in glycogen synthesis but is not essential for insulin activation of glycogen synthase (By similarity).
RIF1	366	9606.ENSP00000243326	9606	Homo sapiens	RIF1	Telomere-associated protein RIF1; Key regulator of TP53BP1 that plays a key role in the repair of double-strand DNA breaks (DSBs) in response to DNA damage: acts by promoting non-homologous end joining (NHEJ)-mediated repair of DSBs. In response to DNA damage, interacts with ATM-phosphorylated TP53BP1. Interaction with TP53BP1 leads to dissociate the interaction between NUDT16L1/TIRR and TP53BP1, thereby unmasking the tandem Tudor-like domain of TP53BP1 and allowing recruitment to DNA DSBs. Once recruited to DSBs, RIF1 and TP53BP1 act by promoting NHEJ-mediated repair of DSBs. In the s [...] 
SLC35A2	367	9606.ENSP00000416002	9606	Homo sapiens	SLC35A2	UDP-galactose translocator; Transports nucleotide sugars from the cytosol into Golgi vesicles where glycosyltransferases function; Belongs to the nucleotide-sugar transporter family. SLC35A subfamily.
SUV39H2	368	9606.ENSP00000346997	9606	Homo sapiens	SUV39H2	Histone-lysine N-methyltransferase SUV39H2; Histone methyltransferase that specifically trimethylates 'Lys-9' of histone H3 using monomethylated H3 'Lys-9' as substrate. H3 'Lys-9' trimethylation represents a specific tag for epigenetic transcriptional repression by recruiting HP1 (CBX1, CBX3 and/or CBX5) proteins to methylated histones. Mainly functions in heterochromatin regions, thereby playing a central role in the establishment of constitutive heterochromatin at pericentric and telomere regions. H3 'Lys-9' trimethylation is also required to direct DNA methylation at pericentric re [...] 
SUSD3	369	9606.ENSP00000364621	9606	Homo sapiens	SUSD3	Sushi domain-containing protein 3; May play a role in breast tumorigenesis by promoting estrogen-dependent cell proliferation, cell-cell interactions and migration.
ADHFE1	370	9606.ENSP00000379865	9606	Homo sapiens	ADHFE1	Hydroxyacid-oxoacid transhydrogenase, mitochondrial; Catalyzes the cofactor-independent reversible oxidation of gamma-hydroxybutyrate (GHB) to succinic semialdehyde (SSA) coupled to reduction of 2-ketoglutarate (2-KG) to D-2-hydroxyglutarate (D-2-HG). D,L-3-hydroxyisobutyrate and L-3-hydroxybutyrate (L-3-OHB) are also substrates for HOT with 10-fold lower activities.
CSNK1D	371	9606.ENSP00000381531	9606	Homo sapiens	CSNK1D	Casein kinase I isoform delta; Essential serine/threonine-protein kinase that regulates diverse cellular growth and survival processes including Wnt signaling, DNA repair and circadian rhythms. It can phosphorylate a large number of proteins. Casein kinases are operationally defined by their preferential utilization of acidic proteins such as caseins as substrates. Phosphorylates connexin-43/GJA1, MAP1A, SNAPIN, MAPT/TAU, TOP2A, DCK, HIF1A, EIF6, p53/TP53, DVL2, DVL3, ESR1, AIB1/NCOA3, DNMT1, PKD2, YAP1, PER1 and PER2. Central component of the circadian clock. In balance with PP1, dete [...] 
DDX10	372	9606.ENSP00000314348	9606	Homo sapiens	DDX10	Probable ATP-dependent RNA helicase DDX10; Putative ATP-dependent RNA helicase; Belongs to the DEAD box helicase family. DDX10/DBP4 subfamily.
ADAM28	373	9606.ENSP00000265769	9606	Homo sapiens	ADAM28	Disintegrin and metalloproteinase domain-containing protein 28; May play a role in the adhesive and proteolytic events that occur during lymphocyte emigration or may function in ectodomain shedding of lymphocyte surface target proteins, such as FASL and CD40L. May be involved in sperm maturation.
POP1	374	9606.ENSP00000385787	9606	Homo sapiens	POP1	Ribonucleases P/MRP protein subunit POP1; Component of ribonuclease P, a ribonucleoprotein complex that generates mature tRNA molecules by cleaving their 5'-ends. Also a component of the MRP ribonuclease complex, which cleaves pre-rRNA sequences.
RINT1	375	9606.ENSP00000257700	9606	Homo sapiens	RINT1	RAD50-interacting protein 1; Involved in regulation of membrane traffic between the Golgi and the endoplasmic reticulum (ER); the function is proposed to depend on its association in the NRZ complex which is believed to play a role in SNARE assembly at the ER. May play a role in cell cycle checkpoint control. Essential for telomere length control ; Belongs to the RINT1 family.
ITGA9	376	9606.ENSP00000264741	9606	Homo sapiens	ITGA9	Integrin alpha-9; Integrin alpha-9/beta-1 (ITGA9:ITGB1) is a receptor for VCAM1, cytotactin and osteopontin. It recognizes the sequence A-E-I-D- G-I-E-L in cytotactin.
ASL	377	9606.ENSP00000307188	9606	Homo sapiens	ASL	Argininosuccinate lyase.
MAGEC2	378	9606.ENSP00000354660	9606	Homo sapiens	MAGEC2	Melanoma-associated antigen C2; Proposed to enhance ubiquitin ligase activity of RING-type zinc finger-containing E3 ubiquitin-protein ligases. In vitro enhances ubiquitin ligase activity of TRIM28 and stimulates p53/TP53 ubiquitination in presence of Ubl-conjugating enzyme UBE2H leading to p53/TP53 degradation. Proposed to act through recruitment and/or stabilization of the Ubl-conjugating enzymes (E2) at the E3:substrate complex.
HDAC7	379	9606.ENSP00000080059	9606	Homo sapiens	HDAC7	Histone deacetylase 7; Responsible for the deacetylation of lysine residues on the N-terminal part of the core histones (H2A, H2B, H3 and H4). Histone deacetylation gives a tag for epigenetic repression and plays an important role in transcriptional regulation, cell cycle progression and developmental events. Histone deacetylases act via the formation of large multiprotein complexes. Involved in muscle maturation by repressing transcription of myocyte enhancer factors such as MEF2A, MEF2B and MEF2C. During muscle differentiation, it shuttles into the cytoplasm, allowing the expression  [...] 
SIX4	380	9606.ENSP00000216513	9606	Homo sapiens	SIX4	Homeobox protein SIX4; Transcriptional regulator which can act as both a transcriptional repressor and activator by binding a DNA sequence on these target genes and is involved in processes like cell differentiation, cell migration and cell survival. Transactivates gene expression by binding a 5'-[CAT]A[CT][CT][CTG]GA[GAT]-3' motif present in the Trex site and a 5'-TCA[AG][AG]TTNC-3' motif present in the MEF3 site of the muscle-specific genes enhancer. Acts cooperatively with EYA proteins to transactivate their target genes through interaction and nuclear translocation of EYA protein.  [...] 
SMOX	381	9606.ENSP00000478305	9606	Homo sapiens	SMOX	Spermine oxidase; Flavoenzyme which catalyzes the oxidation of spermine to spermidine. Can also use N(1)-acetylspermine and spermidine as substrates, with different affinity depending on the isoform (isozyme) and on the experimental conditions. Plays an important role in the regulation of polyamine intracellular concentration and has the potential to act as a determinant of cellular sensitivity to the antitumor polyamine analogs. May contribute to beta-alanine production via aldehyde dehydrogenase conversion of 3-amino-propanal; Belongs to the flavin monoamine oxidase family.
MCPH1	382	9606.ENSP00000342924	9606	Homo sapiens	MCPH1	Microcephalin; Implicated in chromosome condensation and DNA damage induced cellular responses. May play a role in neurogenesis and regulation of the size of the cerebral cortex.
FXR1	383	9606.ENSP00000350170	9606	Homo sapiens	FXR1	Fragile X mental retardation syndrome-related protein 1; RNA-binding protein required for embryonic and postnatal development of muscle tissue. May regulate intracellular transport and local translation of certain mRNAs (By similarity); Belongs to the FMR1 family.
TCF7L1	384	9606.ENSP00000282111	9606	Homo sapiens	TCF7L1	Transcription factor 7-like 1; Participates in the Wnt signaling pathway. Binds to DNA and acts as a repressor in the absence of CTNNB1, and as an activator in its presence. Necessary for the terminal differentiation of epidermal cells, the formation of keratohyalin granules and the development of the barrier function of the epidermis (By similarity). Down-regulates NQO1, leading to increased mitomycin c resistance.
ATRIP	385	9606.ENSP00000323099	9606	Homo sapiens	ATRIP	ATR-interacting protein; Required for checkpoint signaling after DNA damage. Required for ATR expression, possibly by stabilizing the protein. Belongs to the ATRIP family.
PPM1F	386	9606.ENSP00000263212	9606	Homo sapiens	PPM1F	Protein phosphatase 1F; Dephosphorylates and concomitantly deactivates CaM-kinase II activated upon autophosphorylation, and CaM-kinases IV and I activated upon phosphorylation by CaM-kinase kinase. Promotes apoptosis.
CLIP1	387	9606.ENSP00000479322	9606	Homo sapiens	CLIP1	CAP-Gly domain-containing linker protein 1; Binds to the plus end of microtubules and regulates the dynamics of the microtubule cytoskeleton. Promotes microtubule growth and microtubule bundling. Links cytoplasmic vesicles to microtubules and thereby plays an important role in intracellular vesicle trafficking. Plays a role macropinocytosis and endosome trafficking.
RAPH1	388	9606.ENSP00000316543	9606	Homo sapiens	RAPH1	Ras-associated and pleckstrin homology domains-containing protein 1; Mediator of localized membrane signals. Implicated in the regulation of lamellipodial dynamics. Negatively regulates cell adhesion.
PAH	389	9606.ENSP00000448059	9606	Homo sapiens	PAH	Phenylalanine-4-hydroxylase; Catalyzes the hydroxylation of L-phenylalanine to L-tyrosine. Belongs to the biopterin-dependent aromatic amino acid hydroxylase family.
THBS3	390	9606.ENSP00000357362	9606	Homo sapiens	THBS3	Thrombospondin-3; Adhesive glycoprotein that mediates cell-to-cell and cell-to- matrix interactions. Can bind to fibrinogen, fibronectin, laminin and type V collagen.
PIGS	391	9606.ENSP00000309430	9606	Homo sapiens	PIGS	GPI transamidase component PIG-S; Component of the GPI transamidase complex. Essential for transfer of GPI to proteins, particularly for formation of carbonyl intermediates.
XPO5	392	9606.ENSP00000265351	9606	Homo sapiens	XPO5	Exportin-5; Mediates the nuclear export of proteins bearing a double- stranded RNA binding domain (dsRBD) and double-stranded RNAs (cargos). XPO5 in the nucleus binds cooperatively to the RNA and to the GTPase Ran in its active GTP-bound form. Proteins containing dsRBDs can associate with this trimeric complex through the RNA. Docking of this complex to the nuclear pore complex (NPC) is mediated through binding to nucleoporins. Upon transit of a nuclear export complex into the cytoplasm, hydrolysis of Ran-GTP to Ran-GDP (induced by RANBP1 and RANGAP1, respectively) cause disassembly of [...] 
MANF	393	9606.ENSP00000499582	9606	Homo sapiens	MANF	Mesencephalic astrocyte-derived neurotrophic factor; Selectively promotes the survival of dopaminergic neurons of the ventral mid-brain. Modulates GABAergic transmission to the dopaminergic neurons of the substantia nigra (By similarity). Enhances spontaneous, as well as evoked, GABAergic inhibitory postsynaptic currents in dopaminergic neurons (By similarity). Inhibits cell proliferation and endoplasmic reticulum (ER) stress-induced cell death. Retained in the ER/sarcoplasmic reticulum (SR) through association with the endoplasmic reticulum chaperone protein HSPA5 under normal conditi [...] 
ALOX5AP	394	9606.ENSP00000479870	9606	Homo sapiens	ALOX5AP	Arachidonate 5-lipoxygenase-activating protein; Required for leukotriene biosynthesis by ALOX5 (5- lipoxygenase). Anchors ALOX5 to the membrane. Binds arachidonic acid, and could play an essential role in the transfer of arachidonic acid to ALOX5. Binds to MK-886, a compound that blocks the biosynthesis of leukotrienes; Belongs to the MAPEG family.
MOSPD1	395	9606.ENSP00000359819	9606	Homo sapiens	MOSPD1	Motile sperm domain-containing protein 1; Plays a role in differentiation and/or proliferation of mesenchymal stem cells. Proposed to be involved in epithelial-to- mesenchymal transition (EMT). However, another study suggests that it is not required for EMT or stem cell self-renewal and acts during later stages of differentiation.
ASTN2	396	9606.ENSP00000354504	9606	Homo sapiens	ASTN2	Astrotactin-2; Mediates recycling of the neuronal cell adhesion molecule ASTN1 to the anterior pole of the cell membrane in migrating neurons. Promotes ASTN1 internalization and intracellular transport of endocytosed ASTN1 (By similarity). Selectively binds inositol-4,5- bisphosphate, inositol-3,4,5-trisphosphate and inositol-1,3,4,5- tetrakisphosphate, suggesting it is recruited to membranes that contain lipids with a phosphoinositide headgroup.
CDH10	397	9606.ENSP00000264463	9606	Homo sapiens	CDH10	Cadherin-10; Cadherins are calcium-dependent cell adhesion proteins. They preferentially interact with themselves in a homophilic manner in connecting cells; cadherins may thus contribute to the sorting of heterogeneous cell types.
ATP8B1	398	9606.ENSP00000497896	9606	Homo sapiens	ATP8B1	Phospholipid-transporting ATPase IC; Catalytic component of a P4-ATPase flippase complex which catalyzes the hydrolysis of ATP coupled to the transport of aminophospholipids from the outer to the inner leaflet of various membranes and ensures the maintenance of asymmetric distribution of phospholipids. Phospholipid translocation seems also to be implicated in vesicle formation and in uptake of lipid signaling molecules. May play a role in asymmetric distribution of phospholipids in the canicular membrane. May have a role in transport of bile acids into the canaliculus, uptake of bile a [...] 
ARHGEF38	399	9606.ENSP00000416125	9606	Homo sapiens	ARHGEF38	Rho guanine nucleotide exchange factor 38; May act as a guanine-nucleotide releasing factor.
AOPEP	400	9606.ENSP00000364464	9606	Homo sapiens	AOPEP	Aminopeptidase O; Aminopeptidases catalyze the hydrolysis of amino acid residues from the N-terminus of peptide or protein substrates. Able to cleave angiotensin III to generate angiotensin IV, a bioactive peptide of the renin-angiotensin pathway. Not able to cleave angiotensin I and angiotensin II. May play a role in the proteolytic processing of bioactive peptides in tissues such as testis and heart.
POLE	401	9606.ENSP00000322570	9606	Homo sapiens	POLE	DNA polymerase epsilon catalytic subunit A; Catalytic component of the DNA polymerase epsilon complex. Participates in chromosomal DNA replication (By similarity). Required during synthesis of the leading DNA strands at the replication fork, binds at/or near replication origins and moves along DNA with the replication fork (By similarity). Has 3'-5' proofreading exonuclease activity that corrects errors arising during DNA replication (By similarity). Involved in DNA synthesis during DNA repair. Along with DNA polymerase POLD1 and DNA polymerase POLK, has a role in excision repair (NER) [...] 
LZTR1	402	9606.ENSP00000496779	9606	Homo sapiens	LZTR1	Leucine-zipper-like transcriptional regulator 1; Substrate-specific adapter of a BCR (BTB-CUL3-RBX1) E3 ubiquitin-protein ligase complex that mediates ubiquitination of Ras (K-Ras/KRAS, N-Ras/NRAS and H-Ras/HRAS). Is a negative regulator of RAS-MAPK signaling that acts by controlling Ras levels and decreasing Ras association with membranes ; Belongs to the LZTR1 family.
SLC39A12	403	9606.ENSP00000366586	9606	Homo sapiens	SLC39A12	Zinc transporter ZIP12; Acts as a zinc-influx transporter (Potential). May be partly involved in the outbreak of schizophrenia; Belongs to the ZIP transporter (TC 2.A.5) family.
ADGRF4	404	9606.ENSP00000283303	9606	Homo sapiens	ADGRF4	Adhesion G protein-coupled receptor F4; Orphan receptor.
PPM1E	405	9606.ENSP00000312411	9606	Homo sapiens	PPM1E	Protein phosphatase 1E; Protein phosphatase that inactivates multifunctional CaM kinases such as CAMK4 and CAMK2 (By similarity). Dephosphorylates and inactivates PAK. May play a role in the inhibition of actin fiber stress breakdown and in morphological changes driven by TNK2/CDC42. Dephosphorylates PRKAA2 (By similarity); Belongs to the PP2C family.
ZNF318	406	9606.ENSP00000354964	9606	Homo sapiens	ZNF318	Zinc finger protein 318; [Isoform 2]: Acts as a transcriptional corepressor for AR- mediated transactivation function. May act as a transcriptional regulator during spermatogenesis and, in particular, during meiotic division.
GABRA4	407	9606.ENSP00000264318	9606	Homo sapiens	GABRA4	Gamma-aminobutyric acid receptor subunit alpha-4; GABA, the major inhibitory neurotransmitter in the vertebrate brain, mediates neuronal inhibition by binding to the GABA/benzodiazepine receptor and opening an integral chloride channel; Belongs to the ligand-gated ion channel (TC 1.A.9) family. Gamma-aminobutyric acid receptor (TC 1.A.9.5) subfamily. GABRA4 sub- subfamily.
TRMT2A	408	9606.ENSP00000395738	9606	Homo sapiens	TRMT2A	tRNA (uracil-5-)-methyltransferase homolog A; May be involved in nucleic acid metabolism and/or modifications; Belongs to the class I-like SAM-binding methyltransferase superfamily. RNA M5U methyltransferase family.
GRIK2	409	9606.ENSP00000397026	9606	Homo sapiens	GRIK2	Glutamate receptor ionotropic, kainate 2; Ionotropic glutamate receptor. L-glutamate acts as an excitatory neurotransmitter at many synapses in the central nervous system. Binding of the excitatory neurotransmitter L-glutamate induces a conformation change, leading to the opening of the cation channel, and thereby converts the chemical signal to an electrical impulse. The receptor then desensitizes rapidly and enters a transient inactive state, characterized by the presence of bound agonist. May be involved in the transmission of light information from the retina to the hypothalamus. M [...] 
SP110	410	9606.ENSP00000258381	9606	Homo sapiens	SP110	Sp110 nuclear body protein; Transcription factor. May be a nuclear hormone receptor coactivator. Enhances transcription of genes with retinoic acid response elements (RARE).
APOC4	411	9606.ENSP00000468236	9606	Homo sapiens	APOC4	Apolipoprotein C-IV; May participate in lipoprotein metabolism.
KCNA5	412	9606.ENSP00000252321	9606	Homo sapiens	KCNA5	Potassium voltage-gated channel subfamily A member 5; Voltage-gated potassium channel that mediates transmembrane potassium transport in excitable membranes. Forms tetrameric potassium- selective channels through which potassium ions pass in accordance with their electrochemical gradient. The channel alternates between opened and closed conformations in response to the voltage difference across the membrane. Can form functional homotetrameric channels and heterotetrameric channels that contain variable proportions of KCNA1, KCNA2, KCNA4, KCNA5, and possibly other family members as well [...] 
LAMA2	413	9606.ENSP00000400365	9606	Homo sapiens	LAMA2	Laminin subunit alpha-2; Binding to cells via a high affinity receptor, laminin is thought to mediate the attachment, migration and organization of cells into tissues during embryonic development by interacting with other extracellular matrix components.
ARFRP1	414	9606.ENSP00000483486	9606	Homo sapiens	ARFRP1	ADP-ribosylation factor-related protein 1; Trans-Golgi-associated GTPase that regulates protein sorting. Controls the targeting of ARL1 and its effector to the trans-Golgi. Required for the lipidation of chylomicrons in the intestine and required for VLDL lipidation in the liver.
ACO2	415	9606.ENSP00000216254	9606	Homo sapiens	ACO2	Aconitate hydratase, mitochondrial; Catalyzes the isomerization of citrate to isocitrate via cis- aconitate; Belongs to the aconitase/IPM isomerase family.
HSPA14	416	9606.ENSP00000367623	9606	Homo sapiens	HSPA14	Heat shock 70 kDa protein 14; Component of the ribosome-associated complex (RAC), a complex involved in folding or maintaining nascent polypeptides in a folding- competent state. In the RAC complex, binds to the nascent polypeptide chain, while DNAJC2 stimulates its ATPase activity. Belongs to the heat shock protein 70 family.
CPSF3	417	9606.ENSP00000238112	9606	Homo sapiens	CPSF3	Cleavage and polyadenylation specificity factor subunit 3; Component of the cleavage and polyadenylation specificity factor (CPSF) complex that play a key role in pre-mRNA 3'-end formation, recognizing the AAUAAA signal sequence and interacting with poly(A) polymerase and other factors to bring about cleavage and poly(A) addition. Has endonuclease activity, and functions as mRNA 3'- end-processing endonuclease. Also involved in the histone 3'-end pre- mRNA processing. U7 snRNP-dependent protein that induces both the 3'- endoribonucleolytic cleavage of histone pre-mRNAs and acts as a 5' [...] 
TREM1	418	9606.ENSP00000244709	9606	Homo sapiens	TREM1	Triggering receptor expressed on myeloid cells 1; Stimulates neutrophil and monocyte-mediated inflammatory responses. Triggers release of pro-inflammatory chemokines and cytokines, as well as increased surface expression of cell activation markers. Amplifier of inflammatory responses that are triggered by bacterial and fungal infections and is a crucial mediator of septic shock.
FNDC3B	419	9606.ENSP00000411242	9606	Homo sapiens	FNDC3B	Fibronectin type III domain-containing protein 3B; May be a positive regulator of adipogenesis.
SLC6A3	420	9606.ENSP00000270349	9606	Homo sapiens	SLC6A3	Sodium-dependent dopamine transporter; Amine transporter. Terminates the action of dopamine by its high affinity sodium-dependent reuptake into presynaptic terminals.
BOC	421	9606.ENSP00000273395	9606	Homo sapiens	BOC	Brother of CDO; Component of a cell-surface receptor complex that mediates cell-cell interactions between muscle precursor cells. Promotes differentiation of myogenic cells.
RANBP1	422	9606.ENSP00000401564	9606	Homo sapiens	RANBP1	Ran-specific GTPase-activating protein; Plays a role in RAN-dependent nucleocytoplasmic transport. Alleviates the TNPO1-dependent inhibition of RAN GTPase activity and mediates the dissociation of RAN from proteins involved in transport into the nucleus (By similarity). Induces a conformation change in the complex formed by XPO1 and RAN that triggers the release of the nuclear export signal of cargo proteins. Promotes the disassembly of the complex formed by RAN and importin beta. Promotes dissociation of RAN from a complex with KPNA2 and CSE1L (By similarity). Required for normal mito [...] 
EHMT1	423	9606.ENSP00000417980	9606	Homo sapiens	EHMT1	Histone-lysine N-methyltransferase EHMT1; Histone methyltransferase that specifically mono- and dimethylates 'Lys-9' of histone H3 (H3K9me1 and H3K9me2, respectively) in euchromatin. H3K9me represents a specific tag for epigenetic transcriptional repression by recruiting HP1 proteins to methylated histones. Also weakly methylates 'Lys-27' of histone H3 (H3K27me). Also required for DNA methylation, the histone methyltransferase activity is not required for DNA methylation, suggesting that these 2 activities function independently. Probably targeted to histone H3 by different DNA-binding [...] 
NAA25	424	9606.ENSP00000261745	9606	Homo sapiens	NAA25	N-alpha-acetyltransferase 25, NatB auxiliary subunit; Non-catalytic subunit of the NatB complex which catalyzes acetylation of the N-terminal methionine residues of peptides beginning with Met-Asp-Glu. May play a role in normal cell-cycle progression. Belongs to the MDM20/NAA25 family.
ZNF541	425	9606.ENSP00000375770	9606	Homo sapiens	ZNF541	Zinc finger protein 541; Component of some chromatin remodeling multiprotein complex that plays a role during spermatogenesis.
EIF5	426	9606.ENSP00000216554	9606	Homo sapiens	EIF5	Eukaryotic translation initiation factor 5; Catalyzes the hydrolysis of GTP bound to the 40S ribosomal initiation complex (40S.mRNA.Met-tRNA[F].eIF-2.GTP) with the subsequent joining of a 60S ribosomal subunit resulting in the release of eIF-2 and the guanine nucleotide. The subsequent joining of a 60S ribosomal subunit results in the formation of a functional 80S initiation complex (80S.mRNA.Met-tRNA[F]).
MCF2L2	427	9606.ENSP00000328118	9606	Homo sapiens	MCF2L2	Probable guanine nucleotide exchange factor MCF2L2; Probably functions as a guanine nucleotide exchange factor. Belongs to the MCF2 family.
NPBWR1	428	9606.ENSP00000330284	9606	Homo sapiens	NPBWR1	Neuropeptides B/W receptor type 1; Interacts specifically with a number of opioid ligands. Receptor for neuropeptides B and W, which may be involved in neuroendocrine system regulation, food intake and the organization of other signals. Has a higher affinity for neuropeptide B.
ABCB6	429	9606.ENSP00000265316	9606	Homo sapiens	ABCB6	ATP-binding cassette sub-family B member 6, mitochondrial; Binds heme and porphyrins and functions in their ATP- dependent uptake into the mitochondria. Plays a crucial role in heme synthesis; Belongs to the ABC transporter superfamily. ABCB family. Heavy Metal importer (TC 3.A.1.210) subfamily.
PACC1	430	9606.ENSP00000438863	9606	Homo sapiens	PACC1	Proton-activated chloride channel; Proton-activated chloride channel that mediates import of chloride ion in response to extracellular acidic pH. Involved in acidosis-induced cell death by mediating chloride influx and subsequent cell swelling.
DHX32	431	9606.ENSP00000284690	9606	Homo sapiens	DHX32	Putative pre-mRNA-splicing factor ATP-dependent RNA helicase DHX32; DEAH-box helicase 32; Belongs to the DEAD box helicase family. DEAH subfamily.
PCDHB15	432	9606.ENSP00000231173	9606	Homo sapiens	PCDHB15	Protocadherin beta-15; Potential calcium-dependent cell-adhesion protein. May be involved in the establishment and maintenance of specific neuronal connections in the brain.
EPG5	433	9606.ENSP00000282041	9606	Homo sapiens	EPG5	Ectopic P granules protein 5 homolog; Involved in autophagy. May play a role in a late step of autophagy, such as clearance of autophagosomal cargo. Plays a key role in innate and adaptive immune response triggered by unmethylated cytidine-phosphate-guanosine (CpG) dinucleotides from pathogens, and mediated by the nucleotide-sensing receptor TLR9. It is necessary for the translocation of CpG dinucleotides from early endosomes to late endosomes and lysosomes, where TLR9 is located.
YY2	434	9606.ENSP00000389381	9606	Homo sapiens	YY2	Transcription factor YY2; Functions as a multifunctional transcription factor that may exhibit positive and negative control on a large number of genes. May antagonize YY1 and function in development and differentiation.
MAGEA4	435	9606.ENSP00000353379	9606	Homo sapiens	MAGEA4	Melanoma-associated antigen 4; Not known, though may play a role in embryonal development and tumor transformation or aspects of tumor progression.
MAP3K6	436	9606.ENSP00000350195	9606	Homo sapiens	MAP3K6	Mitogen-activated protein kinase kinase kinase 6; Component of a protein kinase signal transduction cascade. Activates the JNK, but not ERK or p38 kinase pathways.
TP53I3	437	9606.ENSP00000238721	9606	Homo sapiens	TP53I3	Quinone oxidoreductase PIG3; May be involved in the generation of reactive oxygen species (ROS). Has low NADPH-dependent beta-naphthoquinone reductase activity, with a preference for 1,2-beta-naphthoquinone over 1,4-beta- naphthoquinone. Has low NADPH-dependent diamine reductase activity (in vitro).
OCA2	438	9606.ENSP00000346659	9606	Homo sapiens	OCA2	P protein; Could be involved in the transport of tyrosine, the precursor to melanin synthesis, within the melanocyte. Regulates the pH of melanosome and the melanosome maturation. One of the components of the mammalian pigmentary system. Seems to regulate the post-translational processing of tyrosinase, which catalyzes the limiting reaction in melanin synthesis. May serve as a key control point at which ethnic skin color variation is determined. Major determinant of brown and/or blue eye color. Belongs to the CitM (TC 2.A.11) transporter family.
CFP	439	9606.ENSP00000247153	9606	Homo sapiens	CFP	Properdin; A positive regulator of the alternate pathway (AP) of complement. It binds to and stabilizes the C3- and C5-convertase enzyme complexes. Inhibits CFI-CFH mediated degradation of Complement C3 beta chain (C3b).
OXSM	440	9606.ENSP00000280701	9606	Homo sapiens	OXSM	3-oxoacyl-[acyl-carrier-protein] synthase, mitochondrial; May play a role in the biosynthesis of lipoic acid as well as longer chain fatty acids required for optimal mitochondrial function. Belongs to the thiolase-like superfamily. Beta-ketoacyl-ACP synthases family.
B3GALNT2	441	9606.ENSP00000355559	9606	Homo sapiens	B3GALNT2	UDP-GalNAc:beta-1,3-N-acetylgalactosaminyltransferase 2; Beta-1,3-N-acetylgalactosaminyltransferase that synthesizes a unique carbohydrate structure, GalNAc-beta-1-3GlcNAc, on N- and O- glycans. Has no galactose nor galactosaminyl transferase activity toward any acceptor substrate. Involved in alpha-dystroglycan (DAG1) glycosylation: acts coordinately with GTDC2/POMGnT2 to synthesize a GalNAc-beta3-GlcNAc-beta-terminus at the 4-position of protein O- mannose in the biosynthesis of the phosphorylated O-mannosyl trisaccharide (N-acetylgalactosamine-beta-3-N-acetylglucosamine-beta-4- (pho [...] 
ENPEP	442	9606.ENSP00000265162	9606	Homo sapiens	ENPEP	Glutamyl aminopeptidase; Regulates central hypertension through its calcium-modulated preference to cleave N-terminal acidic residues from peptides such as angiotensin II.
SIPA1L1	443	9606.ENSP00000450832	9606	Homo sapiens	SIPA1L1	Signal-induced proliferation-associated 1-like protein 1; Stimulates the GTPase activity of RAP2A. Promotes reorganization of the actin cytoskeleton and recruits DLG4 to F-actin. Contributes to the regulation of dendritic spine morphogenesis (By similarity).
GRIK3	444	9606.ENSP00000362183	9606	Homo sapiens	GRIK3	Glutamate receptor ionotropic, kainate 3; Receptor for glutamate that functions as ligand-gated ion channel in the central nervous system and plays an important role in excitatory synaptic transmission. L-glutamate acts as an excitatory neurotransmitter at many synapses in the central nervous system. The postsynaptic actions of Glu are mediated by a variety of receptors that are named according to their selective agonists. This receptor binds domoate > kainate >> L-glutamate = quisqualate >> AMPA = NMDA.
HOXA4	445	9606.ENSP00000479166	9606	Homo sapiens	HOXA4	Homeobox protein Hox-A4; Sequence-specific transcription factor which is part of a developmental regulatory system that provides cells with specific positional identities on the anterior-posterior axis. Binds to sites in the 5'-flanking sequence of its coding region with various affinities. The consensus sequences of the high and low affinity binding sites are 5'-TAATGA[CG]-3' and 5'-CTAATTTT-3'.
SH2D3A	446	9606.ENSP00000245908	9606	Homo sapiens	SH2D3A	SH2 domain-containing protein 3A; May play a role in JNK activation.
TMED1	447	9606.ENSP00000214869	9606	Homo sapiens	TMED1	Transmembrane emp24 domain-containing protein 1; Potential role in vesicular protein trafficking, mainly in the early secretory pathway. May act as a cargo receptor at the lumenal side for incorporation of secretory cargo molecules into transport vesicles and may be involved in vesicle coat formation at the cytoplasmic side.
POLH	448	9606.ENSP00000361310	9606	Homo sapiens	POLH	DNA polymerase eta; DNA polymerase specifically involved in the DNA repair by translesion synthesis (TLS). Due to low processivity on both damaged and normal DNA, cooperates with the heterotetrameric (REV3L, REV7, POLD2 and POLD3) POLZ complex for complete bypass of DNA lesions. Inserts one or 2 nucleotide(s) opposite the lesion, the primer is further extended by the tetrameric POLZ complex. In the case of 1,2-intrastrand d(GpG)-cisplatin cross-link, inserts dCTP opposite the 3' guanine. Particularly important for the repair of UV-induced pyrimidine dimers. Although inserts the correct [...] 
UGT1A9	449	9606.ENSP00000346768	9606	Homo sapiens	UGT1A9	UDP-glucuronosyltransferase 1-9; UDPGT is of major importance in the conjugation and subsequent elimination of potentially toxic xenobiotics and endogenous compounds. This isoform has specificity for phenols. Isoform 2 lacks transferase activity but acts as a negative regulator of isoform 1.
ZFP64	450	9606.ENSP00000216923	9606	Homo sapiens	ZFP64	Zinc finger protein 64; May be involved in transcriptional regulation; Belongs to the krueppel C2H2-type zinc-finger protein family.
PANX2	451	9606.ENSP00000379183	9606	Homo sapiens	PANX2	Pannexin-2; Structural component of the gap junctions and the hemichannels; Belongs to the pannexin family.
KCNJ15	452	9606.ENSP00000381911	9606	Homo sapiens	KCNJ15	ATP-sensitive inward rectifier potassium channel 15; Inward rectifier potassium channels are characterized by a greater tendency to allow potassium to flow into the cell rather than out of it. Their voltage dependence is regulated by the concentration of extracellular potassium; as external potassium is raised, the voltage range of the channel opening shifts to more positive voltages. The inward rectification is mainly due to the blockage of outward current by internal magnesium; Belongs to the inward rectifier-type potassium channel (TC 1.A.2.1) family. KCNJ15 subfamily.
SCARF2	453	9606.ENSP00000485276	9606	Homo sapiens	SCARF2	Scavenger receptor class F member 2; Probable adhesion protein, which mediates homophilic and heterophilic interactions. In contrast to SCARF1, it poorly mediates the binding and degradation of acetylated low density lipoprotein (Ac- LDL) (By similarity).
RRP9	454	9606.ENSP00000232888	9606	Homo sapiens	RRP9	U3 small nucleolar RNA-interacting protein 2; Component of a nucleolar small nuclear ribonucleoprotein particle (snoRNP) thought to participate in the processing and modification of pre-ribosomal RNA (pre-rRNA).
LRBA	455	9606.ENSP00000349629	9606	Homo sapiens	LRBA	Lipopolysaccharide-responsive and beige-like anchor protein; May be involved in coupling signal transduction and vesicle trafficking to enable polarized secretion and/or membrane deposition of immune effector molecules.
BCORL1	456	9606.ENSP00000437775	9606	Homo sapiens	BCORL1	BCL-6 corepressor-like protein 1; Transcriptional corepressor. May specifically inhibit gene expression when recruited to promoter regions by sequence-specific DNA- binding proteins such as BCL6. This repression may be mediated at least in part by histone deacetylase activities which can associate with this corepressor.
TTC3	457	9606.ENSP00000381981	9606	Homo sapiens	TTC3	E3 ubiquitin-protein ligase TTC3; E3 ubiquitin-protein ligase which catalyzes the formation of 'Lys-48'-polyubiquitin chains. Mediates the ubiquitination and subsequent degradation of phosphorylated Akt (AKT1, AKT2 and AKT3) in the nucleus. Acts as a terminal regulator of Akt signaling after activation; its phosphorylation by Akt, which is a prerequisite for ubiquitin ligase activity, suggests the existence of a regulation mechanism required to control Akt levels after activation. Positively regulates TGFB1-induced epithelial- mesenchymal transition and myofibroblast differentiation by [...] 
ZNF644	458	9606.ENSP00000359469	9606	Homo sapiens	ZNF644	Zinc finger protein 644; May be involved in transcriptional regulation.
DIP2C	459	9606.ENSP00000280886	9606	Homo sapiens	DIP2C	Disco interacting protein 2 homolog C.
SYNE2	460	9606.ENSP00000350719	9606	Homo sapiens	SYNE2	Nesprin-2; Multi-isomeric modular protein which forms a linking network between organelles and the actin cytoskeleton to maintain the subcellular spatial organization. As a component of the LINC (LInker of Nucleoskeleton and Cytoskeleton) complex involved in the connection between the nuclear lamina and the cytoskeleton. The nucleocytoplasmic interactions established by the LINC complex play an important role in the transmission of mechanical forces across the nuclear envelope and in nuclear movement and positioning. Specifically, SYNE2 and SUN2 assemble in arrays of transmembrane acti [...] 
TREML1	461	9606.ENSP00000402855	9606	Homo sapiens	TREML1	Trem-like transcript 1 protein; Cell surface receptor that may play a role in the innate and adaptive immune response.
AQP8	462	9606.ENSP00000219660	9606	Homo sapiens	AQP8	Aquaporin-8; Forms a water-specific channel; mercury-sensitive. Not permeable to glycerol or urea; Belongs to the MIP/aquaporin (TC 1.A.8) family.
FAM83F	463	9606.ENSP00000330432	9606	Homo sapiens	FAM83F	Protein FAM83F; Family with sequence similarity 83 member F.
TEKT4	464	9606.ENSP00000295201	9606	Homo sapiens	TEKT4	Tektin-4; May be a structural component of the sperm flagellum. Contributes to normal sperm motility; Belongs to the tektin family.
DPAGT1	465	9606.ENSP00000386597	9606	Homo sapiens	DPAGT1	UDP-N-acetylglucosamine--dolichyl-phosphate N-acetylglucosaminephosphotransferase; Catalyzes the initial step of dolichol-linked oligosaccharide biosynthesis in N-linked protein glycosylation pathway: transfers GlcNAc-1-P from UDP-GlcNAc onto the carrier lipid dolichyl phosphate (P-dolichol), yielding GlcNAc-P-P-dolichol.
TENM1	466	9606.ENSP00000403954	9606	Homo sapiens	TENM1	Teneurin C-terminal-associated peptide; Involved in neural development, regulating the establishment of proper connectivity within the nervous system. May function as a cellular signal transducer (By similarity). [Ten-1 intracellular domain]: Induces gene transcription activation.
SRGAP3	467	9606.ENSP00000373347	9606	Homo sapiens	SRGAP3	SLIT-ROBO Rho GTPase-activating protein 3; GTPase-activating protein for RAC1 and perhaps Cdc42, but not for RhoA small GTPase. May attenuate RAC1 signaling in neurons.
DLEC1	468	9606.ENSP00000308597	9606	Homo sapiens	DLEC1	Deleted in lung and esophageal cancer protein 1; May act as a tumor suppressor by inhibiting cell proliferation.
WNK1	469	9606.ENSP00000341292	9606	Homo sapiens	WNK1	Serine/threonine-protein kinase WNK1; Serine/threonine kinase which plays an important role in the regulation of electrolyte homeostasis, cell signaling, survival, and proliferation. Acts as an activator and inhibitor of sodium-coupled chloride cotransporters and potassium-coupled chloride cotransporters respectively. Activates SCNN1A, SCNN1B, SCNN1D and SGK1. Controls sodium and chloride ion transport by inhibiting the activity of WNK4, by either phosphorylating the kinase or via an interaction between WNK4 and the autoinhibitory domain of WNK1. WNK4 regulates the activity of the thia [...] 
PTPN14	470	9606.ENSP00000355923	9606	Homo sapiens	PTPN14	Tyrosine-protein phosphatase non-receptor type 14; Protein tyrosine phosphatase which may play a role in the regulation of lymphangiogenesis, cell-cell adhesion, cell-matrix adhesion, cell migration, cell growth and also regulates TGF-beta gene expression, thereby modulating epithelial-mesenchymal transition. Mediates beta-catenin dephosphorylation at adhesion junctions. Acts as a negative regulator of the oncogenic property of YAP, a downstream target of the hippo pathway, in a cell density-dependent manner. May function as a tumor suppressor. Belongs to the protein-tyrosine phosphata [...] 
OSTC	471	9606.ENSP00000426167	9606	Homo sapiens	OSTC	Oligosaccharyltransferase complex subunit OSTC; Subunit of the oligosaccharyl transferase (OST) complex that catalyzes the initial transfer of a defined glycan (Glc(3)Man(9)GlcNAc(2) in eukaryotes) from the lipid carrier dolichol- pyrophosphate to an asparagine residue within an Asn-X-Ser/Thr consensus motif in nascent polypeptide chains, the first step in protein N-glycosylation. N-glycosylation occurs cotranslationally and the complex associates with the Sec61 complex at the channel-forming translocon complex that mediates protein translocation across the endoplasmic reticulum (ER).  [...] 
RAP1GAP	472	9606.ENSP00000363895	9606	Homo sapiens	RAP1GAP	Rap1 GTPase-activating protein 1; GTPase activator for the nuclear Ras-related regulatory protein RAP-1A (KREV-1), converting it to the putatively inactive GDP- bound state.
RASGRF2	473	9606.ENSP00000265080	9606	Homo sapiens	RASGRF2	Ras-specific guanine nucleotide-releasing factor 2; Functions as a calcium-regulated nucleotide exchange factor activating both Ras and RAC1 through the exchange of bound GDP for GTP. Preferentially activates HRAS in vivo compared to RRAS based on their different types of prenylation. Functions in synaptic plasticity by contributing to the induction of long term potentiation.
SHROOM2	474	9606.ENSP00000370299	9606	Homo sapiens	SHROOM2	Protein Shroom2; May be involved in endothelial cell morphology changes during cell spreading. In the retinal pigment epithelium, may regulate the biogenesis of melanosomes and promote their association with the apical cell surface by inducing gamma-tubulin redistribution (By similarity). Belongs to the shroom family.
KPNA5	475	9606.ENSP00000357552	9606	Homo sapiens	KPNA5	Importin subunit alpha-6; Functions in nuclear protein import as an adapter protein for nuclear receptor KPNB1. Binds specifically and directly to substrates containing either a simple or bipartite NLS motif. Docking of the importin/substrate complex to the nuclear pore complex (NPC) is mediated by KPNB1 through binding to nucleoporin FxFG repeats and the complex is subsequently translocated through the pore by an energy requiring, Ran-dependent mechanism. At the nucleoplasmic side of the NPC, Ran binds to importin-beta and the three components separate and importin-alpha and -beta are [...] 
MYH1	476	9606.ENSP00000226207	9606	Homo sapiens	MYH1	Myosin-1; Muscle contraction; Belongs to the TRAFAC class myosin-kinesin ATPase superfamily. Myosin family.
NRCAM	477	9606.ENSP00000368314	9606	Homo sapiens	NRCAM	Neuronal cell adhesion molecule; Cell adhesion protein that is required for normal responses to cell-cell contacts in brain and in the peripheral nervous system. Plays a role in neurite outgrowth in response to contactin binding. Plays a role in mediating cell-cell contacts between Schwann cells and axons. Plays a role in the formation and maintenance of the nodes of Ranvier on myelinated axons. Nodes of Ranvier contain clustered sodium channels that are crucial for the saltatory propagation of action potentials along myelinated axons. During development, nodes of Ranvier are formed by [...] 
ARHGEF4	478	9606.ENSP00000316845	9606	Homo sapiens	ARHGEF4	Rho guanine nucleotide exchange factor 4; Acts as guanine nucleotide exchange factor (GEF) for RHOA, RAC1 and CDC42 GTPases. Binding of APC may activate RAC1 GEF activity. The APC-ARHGEF4 complex seems to be involved in cell migration as well as in E-cadherin-mediated cell-cell adhesion. Required for MMP9 up- regulation via the JNK signaling pathway in colorectal tumor cells. Involved in tumor angiogenesis and may play a role in intestinal adenoma formation and tumor progression.
PRRC2A	479	9606.ENSP00000365201	9606	Homo sapiens	PRRC2A	Protein PRRC2A; May play a role in the regulation of pre-mRNA splicing.
HSD17B8	480	9606.ENSP00000363794	9606	Homo sapiens	HSD17B8	Estradiol 17-beta-dehydrogenase 8; NAD-dependent 17-beta-hydroxysteroid dehydrogenase with highest activity towards estradiol. Has very low activity towards testosterone. The heterotetramer with CBR4 has NADH- dependent 3-ketoacyl-acyl carrier protein reductase activity, and thereby plays a role in mitochondrial fatty acid biosynthesis. Within the heterotetramer, HSD17B8 binds NADH; CBR4 binds NADPD. Belongs to the short-chain dehydrogenases/reductases (SDR) family.
NIPBL	481	9606.ENSP00000282516	9606	Homo sapiens	NIPBL	Nipped-B-like protein; Plays an important role in the loading of the cohesin complex on to DNA. Forms a heterodimeric complex (also known as cohesin loading complex) with MAU2/SCC4 which mediates the loading of the cohesin complex onto chromatin. Plays a role in cohesin loading at sites of DNA damage. Its recruitment to double- strand breaks (DSBs) sites occurs in a CBX3-, RNF8- and RNF168- dependent manner whereas its recruitment to UV irradiation-induced DNA damage sites occurs in a ATM-, ATR-, RNF8- and RNF168-dependent manner. Along with ZNF609, promotes cortical neuron migration d [...] 
ARFGAP3	482	9606.ENSP00000263245	9606	Homo sapiens	ARFGAP3	ADP-ribosylation factor GTPase-activating protein 3; GTPase-activating protein (GAP) for ADP ribosylation factor 1 (ARF1). Hydrolysis of ARF1-bound GTP may lead to dissociation of coatomer from Golgi-derived membranes to allow fusion with target membranes.
CAVIN1	483	9606.ENSP00000349541	9606	Homo sapiens	CAVIN1	Caveolae-associated protein 1; Plays an important role in caveolae formation and organization. Essential for the formation of caveolae in all tissues. Core component of the CAVIN complex which is essential for recruitment of the complex to the caveolae in presence of calveolin-1 (CAV1). Essential for normal oligomerization of CAV1. Promotes ribosomal transcriptional activity in response to metabolic challenges in the adipocytes and plays an important role in the formation of the ribosomal transcriptional loop. Dissociates transcription complexes paused by DNA-bound TTF1, thereby releas [...] 
RNF149	484	9606.ENSP00000295317	9606	Homo sapiens	RNF149	E3 ubiquitin-protein ligase RNF149; E3 ubiquitin-protein ligase. Ubiquitinates BRAF, inducing its proteasomal degradation.
HELQ	485	9606.ENSP00000295488	9606	Homo sapiens	HELQ	Helicase POLQ-like; Single-stranded DNA-dependent ATPase and 5' to 3' DNA helicase. Involved in the repair of DNA cross-links and double-strand break (DSB) resistance. Participates in FANCD2- mediated repair. Forms a complex with POLN polymerase that participates in homologous recombination (HR) repair and is essential for cellular protection against DNA cross-links. Belongs to the helicase family. SKI2 subfamily.
DNAJC24	486	9606.ENSP00000417548	9606	Homo sapiens	DNAJC24	DnaJ homolog subfamily C member 24; Stimulates the ATPase activity of several Hsp70-type chaperones. This ability is enhanced by iron-binding. The iron-bound form is redox-active and can function as electron carrier. Plays a role in the diphthamide biosynthesis, a post-translational modification of histidine which occurs in translation elongation factor 2 (EEF2) which can be ADP-ribosylated by diphtheria toxin and by Pseudomonas exotoxin A (Eta); Belongs to the DPH4 family.
TICAM1	487	9606.ENSP00000248244	9606	Homo sapiens	TICAM1	TIR domain-containing adapter molecule 1; Involved in innate immunity against invading pathogens. Adapter used by TLR3, TLR4 (through TICAM2) and TLR5 to mediate NF- kappa-B and interferon-regulatory factor (IRF) activation, and to induce apoptosis. Ligand binding to these receptors results in TRIF recruitment through its TIR domain. Distinct protein-interaction motifs allow recruitment of the effector proteins TBK1, TRAF6 and RIPK1, which in turn, lead to the activation of transcription factors IRF3 and IRF7, NF-kappa-B and FADD respectively. Phosphorylation by TBK1 on the pLxIS motif [...] 
RPRD1A	488	9606.ENSP00000381984	9606	Homo sapiens	RPRD1A	Regulation of nuclear pre-mRNA domain-containing protein 1A; Interacts with phosphorylated C-terminal heptapeptide repeat domain (CTD) of the largest RNA polymerase II subunit POLR2A, and participates in dephosphorylation of the CTD by RPAP2. May act as a negative regulator of cyclin-D1 (CCND1) and cyclin-E (CCNE1) in the cell cycle.
RHD	489	9606.ENSP00000339577	9606	Homo sapiens	RHD	Rh blood group D antigen; Belongs to the ammonium transporter (TC 2.A.49) family. Rh subfamily.
CUBN	490	9606.ENSP00000367064	9606	Homo sapiens	CUBN	Cubilin; Endocytic receptor which plays a role in lipoprotein, vitamin and iron metabolism by facilitating their uptake. Acts together with LRP2 to mediate endocytosis of high-density lipoproteins, GC, hemoglobin, ALB, TF and SCGB1A1. Acts together with AMN to mediate endocytosis of the CBLIF-cobalamin complex. Binds to ALB, MB, Kappa and lambda- light chains, TF, hemoglobin, GC, SCGB1A1, APOA1, high density lipoprotein, and the CBLIF-cobalamin complex. Ligand binding requires calcium. Serves as important transporter in several absorptive epithelia, including intestine, renal proximal  [...] 
ZNF436	491	9606.ENSP00000313582	9606	Homo sapiens	ZNF436	Zinc finger protein 436; May be a transcriptional repressor. Belongs to the krueppel C2H2-type zinc-finger protein family.
NOA1	492	9606.ENSP00000264230	9606	Homo sapiens	NOA1	Nitric oxide-associated protein 1; Involved in regulation of mitochondrial protein translation and respiration. Plays a role in mitochondria-mediated cell death. May act as a scaffolding protein or stabilizer of respiratory chain supercomplexes. Binds GTP; Belongs to the TRAFAC class YlqF/YawG GTPase family. NOA1 subfamily.
RASL10B	493	9606.ENSP00000474230	9606	Homo sapiens	RASL10B	Ras-like protein family member 10B; May facilitate the release of atrial natriuretic peptide by cardiomyocytes and hence play a role in the regulation of arterial pressure; Belongs to the small GTPase superfamily. Ras family.
STARD8	494	9606.ENSP00000363727	9606	Homo sapiens	STARD8	StAR-related lipid transfer protein 8; Accelerates GTPase activity of RHOA and CDC42, but not RAC1. Stimulates the hydrolysis of phosphatidylinositol 4,5-bisphosphate by PLCD1.
C1QB	495	9606.ENSP00000313967	9606	Homo sapiens	C1QB	Complement C1q subcomponent subunit B; C1q associates with the proenzymes C1r and C1s to yield C1, the first component of the serum complement system. The collagen-like regions of C1q interact with the Ca(2+)-dependent C1r(2)C1s(2) proenzyme complex, and efficient activation of C1 takes place on interaction of the globular heads of C1q with the Fc regions of IgG or IgM antibody present in immune complexes.
C11orf65	496	9606.ENSP00000483537	9606	Homo sapiens	C11orf65	Uncharacterized protein C11orf65; Chromosome 11 open reading frame 65.
SCNN1B	497	9606.ENSP00000345751	9606	Homo sapiens	SCNN1B	Amiloride-sensitive sodium channel subunit beta; Sodium permeable non-voltage-sensitive ion channel inhibited by the diuretic amiloride. Mediates the electrodiffusion of the luminal sodium (and water, which follows osmotically) through the apical membrane of epithelial cells. Plays an essential role in electrolyte and blood pressure homeostasis, but also in airway surface liquid homeostasis, which is important for proper clearance of mucus. Controls the reabsorption of sodium in kidney, colon, lung and sweat glands. Also plays a role in taste perception; Belongs to the amiloride-sensit [...] 
ABCA4	498	9606.ENSP00000359245	9606	Homo sapiens	ABCA4	Retinal-specific phospholipid-transporting ATPase ABCA4; Catalyzes the translocation of specific phospholipids from the extracellular/lumenal to the cytoplasmic leaflet of membrane coupled to the hydrolysis of ATP. Transports preferentially phosphatidylethanolamine. In the visual cycle, acts as an inward-directed retinoid flipase, retinoid substrates imported by ABCA4 from the extracellular or intradiscal (rod) membrane surfaces to the cytoplasmic membrane surface are all- trans-retinaldehyde (ATR) and N-retinyl-phosphatidyl-ethanolamine (NR- PE). Once transported to the cytoplasmic su [...] 
THOC5	499	9606.ENSP00000420306	9606	Homo sapiens	THOC5	THO complex subunit 5 homolog; Acts as component of the THO subcomplex of the TREX complex which is thought to couple mRNA transcription, processing and nuclear export, and which specifically associates with spliced mRNA and not with unspliced pre-mRNA. TREX is recruited to spliced mRNAs by a transcription-independent mechanism, binds to mRNA upstream of the exon-junction complex (EJC) and is recruited in a splicing- and cap- dependent manner to a region near the 5' end of the mRNA where it functions in mRNA export to the cytoplasm via the TAP/NFX1 pathway. The TREX complex is essentia [...] 
FANCB	500	9606.ENSP00000498215	9606	Homo sapiens	FANCB	Fanconi anemia group B protein; DNA repair protein required for FANCD2 ubiquitination.
GPC2	511	9606.ENSP00000292377	9606	Homo sapiens	GPC2	Secreted glypican-2; Cell surface proteoglycan that bears heparan sulfate. May fulfill a function related to the motile behaviors of developing neurons (By similarity); Belongs to the glypican family.
DOP1A	512	9606.ENSP00000237163	9606	Homo sapiens	DOP1A	Protein dopey-1; May be involved in protein traffic between late Golgi and early endosomes; Belongs to the dopey family.
RGL1	513	9606.ENSP00000303192	9606	Homo sapiens	RGL1	Ral guanine nucleotide dissociation stimulator-like 1; Probable guanine nucleotide exchange factor.
IL1RAPL2	514	9606.ENSP00000361663	9606	Homo sapiens	IL1RAPL2	Interleukin 1 receptor accessory protein like 2; Belongs to the interleukin-1 receptor family.
CNNM4	515	9606.ENSP00000366275	9606	Homo sapiens	CNNM4	Metal transporter CNNM4; Probable metal transporter. The interaction with the metal ion chaperone COX11 suggests that it may play a role in sensory neuron functions (By similarity). May play a role in biomineralization and retinal function.
OTOGL	516	9606.ENSP00000447211	9606	Homo sapiens	OTOGL	Otogelin-like protein; Otogelin like.
PIK3R4	517	9606.ENSP00000349205	9606	Homo sapiens	PIK3R4	Phosphoinositide 3-kinase regulatory subunit 4; Regulatory subunit of the PI3K complex that mediates formation of phosphatidylinositol 3-phosphate; different complex forms are believed to play a role in multiple membrane trafficking pathways: PI3KC3-C1 is involved in initiation of autophagosomes and PI3KC3-C2 in maturation of autophagosomes and endocytosis. Involved in regulation of degradative endocytic trafficking and cytokinesis, probably in the context of PI3KC3-C2 ; Belongs to the protein kinase superfamily. Ser/Thr protein kinase family.
H2AC21	518	9606.ENSP00000332790	9606	Homo sapiens	H2AC21	Histone H2A type 2-B; Core component of nucleosome. Nucleosomes wrap and compact DNA into chromatin, limiting DNA accessibility to the cellular machineries which require DNA as a template. Histones thereby play a central role in transcription regulation, DNA repair, DNA replication and chromosomal stability. DNA accessibility is regulated via a complex set of post-translational modifications of histones, also called histone code, and nucleosome remodeling.
NLRP9	519	9606.ENSP00000331857	9606	Homo sapiens	NLRP9	NACHT, LRR and PYD domains-containing protein 9; As the sensor component of the NLRP9 inflammasome, plays a crucial role in innate immunity and inflammation. In response to pathogens, including rotavirus, initiates the formation of the inflammasome polymeric complex, made of NLRP9, PYCARD and CASP1. Recruitment of proCASP1 to the inflammasome promotes its activation and CASP1-catalyzed IL1B and IL18 maturation and release in the extracellular milieu. The active cytokines stimulate inflammatory responses. Inflammasomes can also induce pyroptosis, an inflammatory form of programmed cell  [...] 
KRTAP10-8	520	9606.ENSP00000335565	9606	Homo sapiens	KRTAP10-8	Keratin-associated protein 10-8; In the hair cortex, hair keratin intermediate filaments are embedded in an interfilamentous matrix, consisting of hair keratin- associated proteins (KRTAP), which are essential for the formation of a rigid and resistant hair shaft through their extensive disulfide bond cross-linking with abundant cysteine residues of hair keratins. The matrix proteins include the high-sulfur and high-glycine-tyrosine keratins; Belongs to the KRTAP type 10 family.
AFF1	521	9606.ENSP00000378578	9606	Homo sapiens	AFF1	AF4/FMR2 family member 1.
SLC22A9	522	9606.ENSP00000279178	9606	Homo sapiens	SLC22A9	Solute carrier family 22 member 9; Sodium-independent organic anion transporter which exhibits high specificity for sulfated conjugates of xenobiotics and steroid hormones. It is also specifically activated by 3 to 5 carbons- containing short-chain fatty acids/SCFAs, including propionate, butyrate and valerate. May operate the exchange of sulfated organic components against short-chain fatty acids/SCFAs at the sinusoidal membrane of hepatocytes; Belongs to the major facilitator (TC 2.A.1) superfamily. Organic cation transporter (TC 2.A.1.19) family.
CNGA2	523	9606.ENSP00000328478	9606	Homo sapiens	CNGA2	Cyclic nucleotide-gated olfactory channel; Odorant signal transduction is probably mediated by a G- protein coupled cascade using cAMP as second messenger. The olfactory channel can be shown to be activated by cyclic nucleotides which leads to a depolarization of olfactory sensory neurons; Belongs to the cyclic nucleotide-gated cation channel (TC 1.A.1.5) family. CNGA2 subfamily.
C1orf87	524	9606.ENSP00000360244	9606	Homo sapiens	C1orf87	Uncharacterized protein C1orf87; Chromosome 1 open reading frame 87.
COL19A1	526	9606.ENSP00000480474	9606	Homo sapiens	COL19A1	Collagen alpha-1(XIX) chain; May act as a cross-bridge between fibrils and other extracellular matrix molecules. Involved in skeletal myogenesis in the developing esophagus. May play a role in organization of the pericellular matrix or the sphinteric smooth muscle. Belongs to the fibril-associated collagens with interrupted helices (FACIT) family.
ZNF569	527	9606.ENSP00000325018	9606	Homo sapiens	ZNF569	Zinc finger protein 569; May be involved in transcriptional regulation; Belongs to the krueppel C2H2-type zinc-finger protein family.
DGKG	528	9606.ENSP00000265022	9606	Homo sapiens	DGKG	Diacylglycerol kinase gamma; Reverses the normal flow of glycerolipid biosynthesis by phosphorylating diacylglycerol back to phosphatidic acid.
PKDREJ	529	9606.ENSP00000253255	9606	Homo sapiens	PKDREJ	Polycystic kidney disease and receptor for egg jelly-related protein; May have a central role in fertilization. May generate a Ca(2+) transporting channel directly involved in initiating the acrosome reaction of the sperm; Belongs to the polycystin family.
ARFGEF2	530	9606.ENSP00000360985	9606	Homo sapiens	ARFGEF2	Brefeldin A-inhibited guanine nucleotide-exchange protein 2; Promotes guanine-nucleotide exchange on ARF1 and ARF3 and to a lower extent on ARF5 and ARF6. Promotes the activation of ARF1/ARF5/ARF6 through replacement of GDP with GTP. Involved in the regulation of Golgi vesicular transport. Required for the integrity of the endosomal compartment. Involved in trafficking from the trans-Golgi network (TGN) to endosomes and is required for membrane association of the AP-1 complex and GGA1. Seems to be involved in recycling of the transferrin receptor from recycling endosomes to the plasma  [...] 
GALNT5	531	9606.ENSP00000259056	9606	Homo sapiens	GALNT5	Polypeptide N-acetylgalactosaminyltransferase 5; Catalyzes the initial reaction in O-linked oligosaccharide biosynthesis, the transfer of an N-acetyl-D-galactosamine residue to a serine or threonine residue on the protein receptor. Has activity toward EA2 peptide substrate, but has a weak activity toward Muc2 or Muc1b substrates (By similarity).
NDUFA2	532	9606.ENSP00000252102	9606	Homo sapiens	NDUFA2	NADH dehydrogenase [ubiquinone] 1 alpha subcomplex subunit 2; Accessory subunit of the mitochondrial membrane respiratory chain NADH dehydrogenase (Complex I), that is believed not to be involved in catalysis. Complex I functions in the transfer of electrons from NADH to the respiratory chain. The immediate electron acceptor for the enzyme is believed to be ubiquinone.
NHS	533	9606.ENSP00000369400	9606	Homo sapiens	NHS	Nance-Horan syndrome protein; May function in cell morphology by maintaining the integrity of the circumferential actin ring and controlling lamellipod formation. Involved in the regulation eye, tooth, brain and craniofacial development; Belongs to the NHS family.
SMARCAL1	534	9606.ENSP00000349823	9606	Homo sapiens	SMARCAL1	SWI/SNF-related matrix-associated actin-dependent regulator of chromatin subfamily A-like protein 1; ATP-dependent annealing helicase that binds selectively to fork DNA relative to ssDNA or dsDNA and catalyzes the rewinding of the stably unwound DNA. Rewinds single-stranded DNA bubbles that are stably bound by replication protein A (RPA). Acts throughout the genome to reanneal stably unwound DNA, performing the opposite reaction of many enzymes, such as helicases and polymerases, that unwind DNA. May play an important role in DNA damage response by acting at stalled replication forks.
TAS2R13	535	9606.ENSP00000375095	9606	Homo sapiens	TAS2R13	Taste receptor type 2 member 13; Receptor that may play a role in the perception of bitterness and is gustducin-linked. May play a role in sensing the chemical composition of the gastrointestinal content. The activity of this receptor may stimulate alpha gustducin, mediate PLC-beta-2 activation and lead to the gating of TRPM5; Belongs to the G-protein coupled receptor T2R family.
CUTC	536	9606.ENSP00000359507	9606	Homo sapiens	CUTC	Copper homeostasis protein cutC homolog; May play a role in copper homeostasis. Can bind one Cu(1+) per subunit.
ANAPC5	537	9606.ENSP00000261819	9606	Homo sapiens	ANAPC5	Anaphase-promoting complex subunit 5; Component of the anaphase promoting complex/cyclosome (APC/C), a cell cycle-regulated E3 ubiquitin ligase that controls progression through mitosis and the G1 phase of the cell cycle. The APC/C complex acts by mediating ubiquitination and subsequent degradation of target proteins: it mainly mediates the formation of 'Lys-11'-linked polyubiquitin chains and, to a lower extent, the formation of 'Lys-48'- and 'Lys-63'-linked polyubiquitin chains.
PHF7	538	9606.ENSP00000333024	9606	Homo sapiens	PHF7	PHD finger protein 7; May play a role in spermatogenesis.
SEMA5B	539	9606.ENSP00000389588	9606	Homo sapiens	SEMA5B	Semaphorin-5B; May act as positive axonal guidance cues.
ZDHHC4	540	9606.ENSP00000379934	9606	Homo sapiens	ZDHHC4	Probable palmitoyltransferase ZDHHC4; Zinc finger DHHC-type palmitoyltransferase 4.
ANKEF1	541	9606.ENSP00000367644	9606	Homo sapiens	ANKEF1	Ankyrin repeat and EF-hand domain containing 1.
FAM217B	542	9606.ENSP00000351040	9606	Homo sapiens	FAM217B	Protein FAM217B; Family with sequence similarity 217 member B; Belongs to the FAM217 family.
STX5	544	9606.ENSP00000294179	9606	Homo sapiens	STX5	Syntaxin-5; Mediates endoplasmic reticulum to Golgi transport. Together with p115/USO1 and GM130/GOLGA2, involved in vesicle tethering and fusion at the cis-Golgi membrane to maintain the stacked and inter- connected structure of the Golgi apparatus.
TESK1	545	9606.ENSP00000338127	9606	Homo sapiens	TESK1	Dual specificity testis-specific protein kinase 1; Dual specificity protein kinase activity catalyzing autophosphorylation and phosphorylation of exogenous substrates on both serine/threonine and tyrosine residues. Probably plays a central role at and after the meiotic phase of spermatogenesis (By similarity).
TPTE	546	9606.ENSP00000484403	9606	Homo sapiens	TPTE	Putative tyrosine-protein phosphatase TPTE; Could be involved in signal transduction.
MICALL1	547	9606.ENSP00000215957	9606	Homo sapiens	MICALL1	MICAL-like protein 1; Probable lipid-binding protein with higher affinity for phosphatidic acid, a lipid enriched in recycling endosome membranes. On endosome membranes, may act as a downstream effector of Rab proteins recruiting cytosolic proteins to regulate membrane tubulation. May be involved in a late step of receptor-mediated endocytosis regulating for instance endocytosed-EGF receptor trafficking. Alternatively, may regulate slow endocytic recycling of endocytosed proteins back to the plasma membrane. May indirectly play a role in neurite outgrowth.
TAX1BP1	548	9606.ENSP00000379612	9606	Homo sapiens	TAX1BP1	Tax1-binding protein 1; Inhibits TNF-induced apoptosis by mediating the TNFAIP3 anti- apoptotic activity. Degraded by caspase-3-like family proteins upon TNF-induced apoptosis. May also play a role in the pro-inflammatory cytokine IL-1 signaling cascade.
LRRFIP1	549	9606.ENSP00000375857	9606	Homo sapiens	LRRFIP1	Leucine-rich repeat flightless-interacting protein 1; Transcriptional repressor which preferentially binds to the GC-rich consensus sequence (5'-AGCCCCCGGCG-3') and may regulate expression of TNF, EGFR and PDGFA. May control smooth muscle cells proliferation following artery injury through PDGFA repression. May also bind double-stranded RNA. Positively regulates Toll-like receptor (TLR) signaling in response to agonist probably by competing with the negative FLII regulator for MYD88-binding.
ZNF432	550	9606.ENSP00000221315	9606	Homo sapiens	ZNF432	Zinc finger protein 432; May be involved in transcriptional regulation; Belongs to the krueppel C2H2-type zinc-finger protein family.
ELAPOR1	551	9606.ENSP00000358955	9606	Homo sapiens	KIAA1324	UPF0577 protein KIAA1324; May protect cells from cell death by inducing cytosolic vacuolization and upregulating the autophagy pathway.
ZNHIT2	552	9606.ENSP00000308548	9606	Homo sapiens	ZNHIT2	Zinc finger HIT domain-containing protein 2; May act as a bridging factor mediating the interaction between the R2TP/Prefoldin-like (R2TP/PFDL) complex and U5 small nuclear ribonucleoprotein (U5 snRNP). Required for the interaction of R2TP complex subunit RPAP3 and prefoldin-like subunit URI1 with U5 snRNP proteins EFTUD2 and PRPF8. May play a role in regulating the composition of the U5 snRNP complex.
TXNDC15	553	9606.ENSP00000351157	9606	Homo sapiens	TXNDC15	Thioredoxin domain-containing protein 15; Acts as a positive regulator of ciliary hedgehog signaling (By similarity). Involved in ciliogenesis.
RUFY1	554	9606.ENSP00000325594	9606	Homo sapiens	RUFY1	RUN and FYVE domain-containing protein 1; Binds phospholipid vesicles containing phosphatidylinositol 3-phosphate and participates in early endosomal trafficking.
OR12D3	555	9606.ENSP00000380023	9606	Homo sapiens	OR12D3	Olfactory receptor 12D3; Odorant receptor; Belongs to the G-protein coupled receptor 1 family.
FSCB	556	9606.ENSP00000344579	9606	Homo sapiens	FSCB	Fibrous sheath CABYR-binding protein; May be involved in the later stages of fibrous sheath biogenesis and spermatozoa capacitation. Inhibits ROPN1 and ROPN1L SUMOylation. Binds calcium.
SYT3	557	9606.ENSP00000340914	9606	Homo sapiens	SYT3	Synaptotagmin-3; Ca(2+) sensor involved in Ca(2+)-dependent exocytosis of secretory vesicles through Ca(2+) and phospholipid binding to the C2 domain. Ca(2+) induces binding of the C2-domains to phospholipid membranes and to assembled SNARE-complexes; both actions contribute to triggering exocytosis (By similarity). Plays a role in dendrite formation by melanocytes.
TMTC4	558	9606.ENSP00000343871	9606	Homo sapiens	TMTC4	Protein O-mannosyl-transferase TMTC4; Transfers mannosyl residues to the hydroxyl group of serine or threonine residues. The 4 members of the TMTC family are O-mannosyl- transferases dedicated primarily to the cadherin superfamily, each member seems to have a distinct role in decorating the cadherin domains with O-linked mannose glycans at specific regions. Also acts as O- mannosyl-transferase on other proteins such as PDIA3.
DGKE	559	9606.ENSP00000284061	9606	Homo sapiens	DGKE	Diacylglycerol kinase epsilon; Highly selective for arachidonate-containing species of diacylglycerol (DAG). May terminate signals transmitted through arachidonoyl-DAG or may contribute to the synthesis of phospholipids with defined fatty acid composition.
KIF6	560	9606.ENSP00000287152	9606	Homo sapiens	KIF6	Kinesin-like protein KIF6; Kinesin family member 6.
FKTN	561	9606.ENSP00000223528	9606	Homo sapiens	FKTN	Fukutin; Catalyzes the transfer of CDP-ribitol to the distal N- acetylgalactosamine of the phosphorylated O-mannosyl trisaccharide (N- acetylgalactosamine-beta-3-N-acetylglucosamine-beta-4-(phosphate- 6-)mannose), a carbohydrate structure present in alpha-dystroglycan (DAG1). This constitutes the first step in the formation of the ribitol 5-phosphate tandem repeat which links the phosphorylated O- mannosyl trisaccharide to the ligand binding moiety composed of repeats of 3-xylosyl-alpha-1,3-glucuronic acid-beta-1. Required for normal location of POMGNT1 in Golgi membranes, and for norm [...] 
BEND7	562	9606.ENSP00000345773	9606	Homo sapiens	BEND7	BEN domain containing 7.
MAP7D2	563	9606.ENSP00000368964	9606	Homo sapiens	MAP7D2	MAP7 domain containing 2.
CATSPERE	564	9606.ENSP00000355492	9606	Homo sapiens	CATSPERE	Cation channel sperm-associated protein subunit epsilon; Auxiliary component of the CatSper complex, a complex involved in sperm cell hyperactivation. Sperm cell hyperactivation is needed for sperm motility which is essential late in the preparation of sperm for fertilization; Belongs to the CATSPERD family.
BOD1L1	565	9606.ENSP00000040738	9606	Homo sapiens	BOD1L1	Biorientation of chromosomes in cell division protein 1-like 1; Component of the fork protection machinery required to protect stalled/damaged replication forks from uncontrolled DNA2- dependent resection. Acts by stabilizing RAD51 at stalled replication forks and protecting RAD51 nucleofilaments from the antirecombinogenic activities of FBH1 and BLM. Does not regulate spindle orientation ; Belongs to the BOD1 family.
GOLGB1	566	9606.ENSP00000377275	9606	Homo sapiens	GOLGB1	Golgin subfamily B member 1; May participate in forming intercisternal cross-bridges of the Golgi complex.
JAKMIP3	567	9606.ENSP00000499375	9606	Homo sapiens	JAKMIP3	Janus kinase and microtubule interacting protein 3; Belongs to the JAKMIP family.
UTS2R	568	9606.ENSP00000323516	9606	Homo sapiens	UTS2R	Urotensin-2 receptor; High affinity receptor for urotensin-2 and urotensin-2B. The activity of this receptor is mediated by a G-protein that activate a phosphatidylinositol-calcium second messenger system.
GRIN2D	569	9606.ENSP00000263269	9606	Homo sapiens	GRIN2D	Glutamate receptor ionotropic, NMDA 2D; Component of NMDA receptor complexes that function as heterotetrameric, ligand-gated ion channels with high calcium permeability and voltage-dependent sensitivity to magnesium. Channel activation requires binding of the neurotransmitter glutamate to the epsilon subunit, glycine binding to the zeta subunit, plus membrane depolarization to eliminate channel inhibition by Mg(2+). Sensitivity to glutamate and channel kinetics depend on the subunit composition. Belongs to the glutamate-gated ion channel (TC 1.A.10.1) family. NR2D/GRIN2D subfamily.
GRM6	570	9606.ENSP00000497110	9606	Homo sapiens	GRM6	Metabotropic glutamate receptor 6; G-protein coupled receptor for glutamate. Ligand binding causes a conformation change that triggers signaling via guanine nucleotide-binding proteins (G proteins) and modulates the activity of down-stream effectors, such as adenylate cyclase. Signaling inhibits adenylate cyclase activity (By similarity). Signaling stimulates TRPM1 channel activity and Ca(2+) uptake. Required for normal vision.
HADHB	571	9606.ENSP00000325136	9606	Homo sapiens	HADHB	Trifunctional enzyme subunit beta, mitochondrial; Mitochondrial trifunctional enzyme catalyzes the last three of the four reactions of the mitochondrial beta-oxidation pathway. The mitochondrial beta-oxidation pathway is the major energy-producing process in tissues and is performed through four consecutive reactions breaking down fatty acids into acetyl-CoA. Among the enzymes involved in this pathway, the trifunctional enzyme exhibits specificity for long- chain fatty acids. Mitochondrial trifunctional enzyme is a heterotetrameric complex composed of two proteins, the trifunctional en [...] 
KRTAP21-1	572	9606.ENSP00000335566	9606	Homo sapiens	KRTAP21-1	Keratin-associated protein 21-1; In the hair cortex, hair keratin intermediate filaments are embedded in an interfilamentous matrix, consisting of hair keratin- associated proteins (KRTAP), which are essential for the formation of a rigid and resistant hair shaft through their extensive disulfide bond cross-linking with abundant cysteine residues of hair keratins. The matrix proteins include the high-sulfur and high-glycine-tyrosine keratins.
ADAT3	573	9606.ENSP00000332448	9606	Homo sapiens	ADAT3	Probable inactive tRNA-specific adenosine deaminase-like protein 3; Adenosine deaminase tRNA specific 3; Belongs to the cytidine and deoxycytidylate deaminase family. ADAT3 subfamily.
CHRND	574	9606.ENSP00000258385	9606	Homo sapiens	CHRND	Acetylcholine receptor subunit delta; After binding acetylcholine, the AChR responds by an extensive change in conformation that affects all subunits and leads to opening of an ion-conducting channel across the plasma membrane. Belongs to the ligand-gated ion channel (TC 1.A.9) family. Acetylcholine receptor (TC 1.A.9.1) subfamily. Delta/CHRND sub- subfamily.
OSBPL11	575	9606.ENSP00000296220	9606	Homo sapiens	OSBPL11	Oxysterol-binding protein-related protein 11; Plays a role in regulating ADIPOQ and FABP4 levels in differentiating adipocytes and is also involved in regulation of adipocyte triglyceride storage. Weakly binds 25- hydroxycholesterol ; Belongs to the OSBP family.
NLRP8	576	9606.ENSP00000291971	9606	Homo sapiens	NLRP8	NACHT, LRR and PYD domains-containing protein 8; Involved in inflammation.
COL7A1	577	9606.ENSP00000332371	9606	Homo sapiens	COL7A1	Collagen alpha-1(VII) chain; Stratified squamous epithelial basement membrane protein that forms anchoring fibrils which may contribute to epithelial basement membrane organization and adherence by interacting with extracellular matrix (ECM) proteins such as type IV collagen.
MPLKIP	578	9606.ENSP00000304553	9606	Homo sapiens	MPLKIP	M-phase-specific PLK1-interacting protein; May play a role in maintenance of cell cycle integrity by regulating mitosis or cytokinesis.
UNC45B	579	9606.ENSP00000268876	9606	Homo sapiens	UNC45B	Protein unc-45 homolog B; Acts as a co-chaperone for HSP90 and is required for proper folding of the myosin motor domain. Plays a role in sarcomere formation during muscle cell development. Is necessary for normal early lens development.
ANKRD29	580	9606.ENSP00000468354	9606	Homo sapiens	ANKRD29	Ankyrin repeat domain 29.
DTX3L	581	9606.ENSP00000296161	9606	Homo sapiens	DTX3L	E3 ubiquitin-protein ligase DTX3L; E3 ubiquitin-protein ligase which, in association with ADP- ribosyltransferase PARP9, plays a role in DNA damage repair and in interferon-mediated antiviral responses. Monoubiquitinates several histones, including histone H2A, H2B, H3 and H4. In response to DNA damage, mediates monoubiquitination of 'Lys-91' of histone H4 (H4K91ub1). The exact role of H4K91ub1 in DNA damage response is still unclear but it may function as a licensing signal for additional histone H4 post-translational modifications such as H4 'Lys-20' methylation (H4K20me). PARP1-depe [...] 
MAMDC4	582	9606.ENSP00000319388	9606	Homo sapiens	MAMDC4	Apical endosomal glycoprotein; Probably involved in the sorting and selective transport of receptors and ligands across polarized epithelia.
XIRP1	583	9606.ENSP00000343140	9606	Homo sapiens	XIRP1	Xin actin-binding repeat-containing protein 1; Protects actin filaments from depolymerization. Belongs to the Xin family.
CLASRP	584	9606.ENSP00000221455	9606	Homo sapiens	CLASRP	CLK4-associating serine/arginine rich protein; Probably functions as an alternative splicing regulator. May regulate the mRNA splicing of genes such as CLK1. May act by regulating members of the CLK kinase family (By similarity).
ZNF277	585	9606.ENSP00000354501	9606	Homo sapiens	ZNF277	Zinc finger protein 277; May be involved in transcriptional regulation; Belongs to the ZNF277 family.
WBP4	586	9606.ENSP00000368801	9606	Homo sapiens	WBP4	WW domain-binding protein 4; Involved in pre-mRNA splicing as a component of the spliceosome. May play a role in cross-intron bridging of U1 and U2 snRNPs in the mammalian A complex.
UQCC1	587	9606.ENSP00000363506	9606	Homo sapiens	UQCC1	Ubiquinol-cytochrome-c reductase complex assembly factor 1; Required for the assembly of the ubiquinol-cytochrome c reductase complex (mitochondrial respiratory chain complex III or cytochrome b-c1 complex). Involved in cytochrome b translation and/or stability.
STRBP	588	9606.ENSP00000321347	9606	Homo sapiens	STRBP	Spermatid perinuclear RNA-binding protein; Involved in spermatogenesis and sperm function. Plays a role in regulation of cell growth. Binds to double-stranded DNA and RNA. Binds most efficiently to poly(I:C) RNA than to poly(dI:dC) DNA. Binds also to single-stranded poly(G) RNA. Binds non-specifically to the mRNA PRM1 3'-UTR and adenovirus VA RNA (By similarity).
SLC17A6	589	9606.ENSP00000263160	9606	Homo sapiens	SLC17A6	Vesicular glutamate transporter 2; Mediates the uptake of glutamate into synaptic vesicles at presynaptic nerve terminals of excitatory neural cells. May also mediate the transport of inorganic phosphate. Belongs to the major facilitator superfamily. Sodium/anion cotransporter family. VGLUT subfamily.
WFDC1	590	9606.ENSP00000456920	9606	Homo sapiens	WFDC1	WAP four-disulfide core domain protein 1; Has growth inhibitory activity.
RFX2	591	9606.ENSP00000306335	9606	Homo sapiens	RFX2	DNA-binding protein RFX2; Transcription factor that acts as a key regulator of spermatogenesis. Acts by regulating expression of genes required for the haploid phase during spermiogenesis, such as genes required for cilium assembly and function (By similarity). Recognizes and binds the X-box, a regulatory motif with DNA sequence 5'-GTNRCC(0-3N)RGYAAC-3' present on promoters. Probably activates transcription of the testis-specific histone gene HIST1H1T (By similarity).
C5orf34	592	9606.ENSP00000303490	9606	Homo sapiens	C5orf34	Uncharacterized protein C5orf34; Chromosome 5 open reading frame 34.
C4orf50	593	9606.ENSP00000437121	9606	Homo sapiens	C4orf50	Uncharacterized protein C4orf50; Chromosome 4 open reading frame 50.
GFRAL	594	9606.ENSP00000343636	9606	Homo sapiens	GFRAL	GDNF family receptor alpha-like; Brainstem-restricted receptor for GDF15 which regulates food intake, energy expenditure and body weight in response to metabolic and toxin-induced stresses. Upon interaction with its ligand, GDF15, interacts with RET and induces cellular signaling through activation of MAPK- and AKT- signaling pathways. Belongs to the GDNFR family.
AP1M1	595	9606.ENSP00000388996	9606	Homo sapiens	AP1M1	AP-1 complex subunit mu-1; Subunit of clathrin-associated adaptor protein complex 1 that plays a role in protein sorting in the trans-Golgi network (TGN) and endosomes. The AP complexes mediate the recruitment of clathrin to membranes and the recognition of sorting signals within the cytosolic tails of transmembrane cargo molecules.
STPG1	596	9606.ENSP00000363530	9606	Homo sapiens	STPG1	O(6)-methylguanine-induced apoptosis 2; May positively contribute to the induction of apoptosis triggered by O(6)-methylguanine.
LMF2	597	9606.ENSP00000424381	9606	Homo sapiens	LMF2	Lipase maturation factor 2; Involved in the maturation of specific proteins in the endoplasmic reticulum. May be required for maturation and transport of active lipoprotein lipase (LPL) through the secretory pathway (By similarity).
MED14	598	9606.ENSP00000323720	9606	Homo sapiens	MED14	Mediator of RNA polymerase II transcription subunit 14; Component of the Mediator complex, a coactivator involved in the regulated transcription of nearly all RNA polymerase II-dependent genes. Mediator functions as a bridge to convey information from gene- specific regulatory proteins to the basal RNA polymerase II transcription machinery. Mediator is recruited to promoters by direct interactions with regulatory proteins and serves as a scaffold for the assembly of a functional preinitiation complex with RNA polymerase II and the general transcription factors.
ZNF646	599	9606.ENSP00000300850	9606	Homo sapiens	ZNF646	Zinc finger protein 646; May be involved in transcriptional regulation; Belongs to the krueppel C2H2-type zinc-finger protein family.
NDUFA8	600	9606.ENSP00000362873	9606	Homo sapiens	NDUFA8	NADH dehydrogenase [ubiquinone] 1 alpha subcomplex subunit 8; Accessory subunit of the mitochondrial membrane respiratory chain NADH dehydrogenase (Complex I), that is believed not to be involved in catalysis. Complex I functions in the transfer of electrons from NADH to the respiratory chain. The immediate electron acceptor for the enzyme is believed to be ubiquinone.
INPP5K	601	9606.ENSP00000413937	9606	Homo sapiens	INPP5K	Inositol polyphosphate 5-phosphatase K; Inositol 5-phosphatase which acts on inositol 1,4,5- trisphosphate, inositol 1,3,4,5-tetrakisphosphate, phosphatidylinositol 4,5-bisphosphate and phosphatidylinositol 3,4,5-trisphosphate. Has 6-fold higher affinity for phosphatidylinositol 4,5-bisphosphate than for inositol 1,4,5- trisphosphate. Negatively regulates assembly of the actin cytoskeleton. Controls insulin-dependent glucose uptake among inositol 3,4,5-trisphosphate phosphatases; therefore, is the specific regulator for insulin signaling in skeletal muscle (By similarity).
TMEM161A	602	9606.ENSP00000162044	9606	Homo sapiens	TMEM161A	Transmembrane protein 161A; May play a role in protection against oxidative stress. Overexpression leads to reduced levels of oxidant-induced DNA damage and apoptosis.
MAGOHB	603	9606.ENSP00000319240	9606	Homo sapiens	MAGOHB	Protein mago nashi homolog 2; Required for pre-mRNA splicing as component of the spliceosome. Plays a redundant role with MAGOH in the exon junction complex and in the nonsense-mediated decay (NMD) pathway.
DYSF	604	9606.ENSP00000386881	9606	Homo sapiens	DYSF	Dysferlin; Key calcium ion sensor involved in the Ca(2+)-triggered synaptic vesicle-plasma membrane fusion. Plays a role in the sarcolemma repair mechanism of both skeletal muscle and cardiomyocytes that permits rapid resealing of membranes disrupted by mechanical stress (By similarity); Belongs to the ferlin family.
ACCS	605	9606.ENSP00000263776	9606	Homo sapiens	ACCS	1-aminocyclopropane-1-carboxylate synthase-like protein 1; Does not catalyze the synthesis of 1-aminocyclopropane-1- carboxylate but is capable of catalyzing the deamination of L- vinylglycine.
SCP2	606	9606.ENSP00000360569	9606	Homo sapiens	SCP2	Non-specific lipid-transfer protein; Mediates in vitro the transfer of all common phospholipids, cholesterol and gangliosides between membranes. May play a role in regulating steroidogenesis.
RUSF1	607	9606.ENSP00000317579	9606	Homo sapiens	C16orf58	RUS1 family protein C16orf58.
SURF1	608	9606.ENSP00000361042	9606	Homo sapiens	SURF1	Surfeit locus protein 1; Component of the MITRAC (mitochondrial translation regulation assembly intermediate of cytochrome c oxidase complex) complex, that regulates cytochrome c oxidase assembly.
TSPAN4	609	9606.ENSP00000380553	9606	Homo sapiens	TSPAN4	Tetraspanin-4; Tetraspanin 4; Belongs to the tetraspanin (TM4SF) family.
SORCS1	610	9606.ENSP00000263054	9606	Homo sapiens	SORCS1	Sortilin related VPS10 domain containing receptor 1; Belongs to the VPS10-related sortilin family. SORCS subfamily.
CLCN1	611	9606.ENSP00000339867	9606	Homo sapiens	CLCN1	Chloride channel protein 1; Voltage-gated chloride channel. Plays an important role in membrane repolarization in skeletal muscle cells after muscle contraction. Belongs to the chloride channel (TC 2.A.49) family. ClC- 1/CLCN1 subfamily.
EFCAB13	612	9606.ENSP00000332111	9606	Homo sapiens	EFCAB13	EF-hand calcium-binding domain-containing protein 13; EF-hand calcium binding domain 13.
FAM210A	613	9606.ENSP00000323635	9606	Homo sapiens	FAM210A	Protein FAM210A; May play a role in the structure and strength of both muscle and bone.
WDR88	614	9606.ENSP00000348129	9606	Homo sapiens	WDR88	WD repeat domain 88.
TMEM125	615	9606.ENSP00000429275	9606	Homo sapiens	TMEM125	Transmembrane protein 125.
RTP1	616	9606.ENSP00000311712	9606	Homo sapiens	RTP1	Receptor-transporting protein 1; Specifically promotes functional cell surface expression of olfactory receptors, but not of other GPCRs; Belongs to the TMEM7 family.
DNAJC21	617	9606.ENSP00000371451	9606	Homo sapiens	DNAJC21	DnaJ homolog subfamily C member 21; May act as a co-chaperone for HSP70. May play a role in ribosomal RNA (rRNA) biogenesis, possibly in the maturation of the 60S subunit. Binds the precursor 45S rRNA.
OR1N1	618	9606.ENSP00000306974	9606	Homo sapiens	OR1N1	Olfactory receptor 1N1; Odorant receptor; Belongs to the G-protein coupled receptor 1 family.
ABHD12B	619	9606.ENSP00000336693	9606	Homo sapiens	ABHD12B	Protein ABHD12B; Abhydrolase domain containing 12B; Belongs to the serine esterase family.
USP54	620	9606.ENSP00000345216	9606	Homo sapiens	USP54	Inactive ubiquitin carboxyl-terminal hydrolase 54; Has no peptidase activity; Belongs to the peptidase C19 family.
NOP9	621	9606.ENSP00000267425	9606	Homo sapiens	NOP9	NOP9 nucleolar protein.
DAW1	622	9606.ENSP00000311899	9606	Homo sapiens	DAW1	Dynein assembly factor with WDR repeat domains 1; May play a role in axonemal outer row dynein assembly. Belongs to the WD repeat WDR69 family.
GIMAP1	623	9606.ENSP00000302833	9606	Homo sapiens	GIMAP1	GTPase IMAP family member 1; May regulate lymphocyte survival. Required for normal levels of mature T-lymphocytes and mature B-cells (By similarity).
ZNF25	624	9606.ENSP00000302222	9606	Homo sapiens	ZNF25	Zinc finger protein 25; May be involved in transcriptional regulation.
ZNF438	625	9606.ENSP00000412363	9606	Homo sapiens	ZNF438	Zinc finger protein 438; Isoform 1 acts as a transcriptional repressor.
PXDC1	626	9606.ENSP00000369636	9606	Homo sapiens	PXDC1	PX domain containing 1.
NID2	627	9606.ENSP00000216286	9606	Homo sapiens	NID2	Nidogen-2; Cell adhesion glycoprotein which is widely distributed in basement membranes. Binds to collagens I and IV, to perlecan and to laminin 1. Does not bind fibulins. It probably has a role in cell- extracellular matrix interactions.
FRMPD1	628	9606.ENSP00000444411	9606	Homo sapiens	FRMPD1	FERM and PDZ domain-containing protein 1; Stabilizes membrane-bound GPSM1, and thereby promotes its interaction with GNAI1.
TBC1D9B	629	9606.ENSP00000349291	9606	Homo sapiens	TBC1D9B	TBC1 domain family member 9B; May act as a GTPase-activating protein for Rab family protein(s).
COLGALT2	630	9606.ENSP00000354960	9606	Homo sapiens	COLGALT2	Procollagen galactosyltransferase 2; Beta-galactosyltransferase that transfers beta-galactose to hydroxylysine residues of collagen; Belongs to the glycosyltransferase 25 family.
EHBP1	631	9606.ENSP00000263991	9606	Homo sapiens	EHBP1	EH domain-binding protein 1; May play a role in actin reorganization. Links clathrin- mediated endocytosis to the actin cytoskeleton. May act as Rab effector protein and play a role in vesicle trafficking. Required for perinuclear sorting and insulin- regulated recycling of SLC2A4/GLUT4 in adipocytes (By similarity).
CDH20	632	9606.ENSP00000262717	9606	Homo sapiens	CDH20	Cadherin-20; Cadherins are calcium-dependent cell adhesion proteins. They preferentially interact with themselves in a homophilic manner in connecting cells; cadherins may thus contribute to the sorting of heterogeneous cell types.
ANK1	633	9606.ENSP00000265709	9606	Homo sapiens	ANK1	Ankyrin-1; Attaches integral membrane proteins to cytoskeletal elements; binds to the erythrocyte membrane protein band 4.2, to Na-K ATPase, to the lymphocyte membrane protein GP85, and to the cytoskeletal proteins fodrin, tubulin, vimentin and desmin. Erythrocyte ankyrins also link spectrin (beta chain) to the cytoplasmic domain of the erythrocytes anion exchange protein; they retain most or all of these binding functions.
ANK2	634	9606.ENSP00000349588	9606	Homo sapiens	ANK2	Ankyrin-2; Plays an essential role in the localization and membrane stabilization of ion transporters and ion channels in several cell types, including cardiomyocytes, as well as in striated muscle cells. In skeletal muscle, required for proper localization of DMD and DCTN4 and for the formation and/or stability of a special subset of microtubules associated with costameres and neuromuscular junctions. In cardiomyocytes, required for coordinate assembly of Na/Ca exchanger, SLC8A1/NCX1, Na/K ATPases ATP1A1 and ATP1A2 and inositol 1,4,5- trisphosphate (InsP3) receptors at sarcoplasmic re [...] 
GTF2A1	635	9606.ENSP00000452454	9606	Homo sapiens	GTF2A1	Transcription initiation factor IIA alpha chain; TFIIA is a component of the transcription machinery of RNA polymerase II and plays an important role in transcriptional activation. TFIIA in a complex with TBP mediates transcriptional activity; Belongs to the TFIIA subunit 1 family.
GUCY2F	636	9606.ENSP00000218006	9606	Homo sapiens	GUCY2F	Retinal guanylyl cyclase 2; Responsible for the synthesis of cyclic GMP (cGMP) in rods and cones of photoreceptors. Plays an essential role in phototransduction, by mediating cGMP replenishment (By similarity). May also participate in the trafficking of membrane-asociated proteins to the photoreceptor outer segment membrane (By similarity). Belongs to the adenylyl cyclase class-4/guanylyl cyclase family.
HK3	637	9606.ENSP00000292432	9606	Homo sapiens	HK3	Hexokinase-3; Catalyzes the phosphorylation of hexose, such as D-glucose and D-fructose, to hexose 6-phosphate (D-glucose 6-phosphate and D- fructose 6-phosphate, respectively). Mediates the initial step of glycolysis by catalyzing phosphorylation of D-glucose to D-glucose 6-phosphate. Belongs to the hexokinase family.
HOXA3	638	9606.ENSP00000484411	9606	Homo sapiens	HOXA3	Homeobox protein Hox-A3; Sequence-specific transcription factor which is part of a developmental regulatory system that provides cells with specific positional identities on the anterior-posterior axis.
ZNF546	639	9606.ENSP00000339823	9606	Homo sapiens	ZNF546	Zinc finger protein 546; May be involved in transcriptional regulation; Belongs to the krueppel C2H2-type zinc-finger protein family.
CDS1	640	9606.ENSP00000295887	9606	Homo sapiens	CDS1	Phosphatidate cytidylyltransferase 1; Provides CDP-diacylglycerol, an important precursor for the synthesis of phosphatidylinositol (PtdIns), phosphatidylglycerol, and cardiolipin. Overexpression may amplify cellular signaling responses from cytokines. May also play an important role in the signal transduction mechanism of retina and neural cells.
TRAPPC12	641	9606.ENSP00000324318	9606	Homo sapiens	TRAPPC12	Trafficking protein particle complex subunit 12; Component of the TRAPP complex, which is involved in endoplasmic reticulum to Golgi apparatus trafficking at a very early stage. Also plays a role in chromosome congression, kinetochore assembly and stability and controls the recruitment of CENPE to the kinetochores.
NME8	642	9606.ENSP00000199447	9606	Homo sapiens	NME8	Thioredoxin domain-containing protein 3; Probably required during the final stages of sperm tail maturation in the testis and/or epididymis, where extensive disulfide bonding of fibrous sheath (FS) proteins occurs. May be involved in the reduction of disulfide bonds within the sperm FS components. In vitro, it has neither NDP kinase nor reducing activity on disulfide bonds.
HOOK1	643	9606.ENSP00000360252	9606	Homo sapiens	HOOK1	Protein Hook homolog 1; Required for spermatid differentiation. Probably involved in the positioning of the microtubules of the manchette and the flagellum in relation to the membrane skeleton (By similarity). Component of the FTS/Hook/FHIP complex (FHF complex). The FHF complex may function to promote vesicle trafficking and/or fusion via the homotypic vesicular protein sorting complex (the HOPS complex).
PNLIPRP1	644	9606.ENSP00000433933	9606	Homo sapiens	PNLIPRP1	Inactive pancreatic lipase-related protein 1; May function as inhibitor of dietary triglyceride digestion. Lacks detectable lipase activity towards triglycerides, diglycerides, phosphatidylcholine, galactolipids or cholesterol esters (in vitro) (By similarity); Belongs to the AB hydrolase superfamily. Lipase family.
SBNO1	645	9606.ENSP00000473665	9606	Homo sapiens	SBNO1	Strawberry notch homolog 1.
N4BP2	646	9606.ENSP00000261435	9606	Homo sapiens	N4BP2	NEDD4-binding protein 2; Has 5'-polynucleotide kinase and nicking endonuclease activity. May play a role in DNA repair or recombination.
MAGEE1	647	9606.ENSP00000354912	9606	Homo sapiens	MAGEE1	Melanoma-associated antigen E1; May enhance ubiquitin ligase activity of RING-type zinc finger-containing E3 ubiquitin-protein ligases. Proposed to act through recruitment and/or stabilization of the Ubl-conjugating enzyme (E2) at the E3:substrate complex.
WDR53	648	9606.ENSP00000328079	9606	Homo sapiens	WDR53	WD repeat domain 53; Belongs to the WD repeat WDR53 family.
CEP85L	649	9606.ENSP00000357474	9606	Homo sapiens	CEP85L	Centrosomal protein 85 like; Belongs to the CEP85 family.
SSNA1	650	9606.ENSP00000313752	9606	Homo sapiens	SSNA1	SS nuclear autoantigen 1.
KALRN	651	9606.ENSP00000240874	9606	Homo sapiens	KALRN	Kalirin; Promotes the exchange of GDP by GTP. Activates specific Rho GTPase family members, thereby inducing various signaling mechanisms that regulate neuronal shape, growth, and plasticity, through their effects on the actin cytoskeleton. Induces lamellipodia independent of its GEF activity; Belongs to the protein kinase superfamily. CAMK Ser/Thr protein kinase family.
SPOCD1	652	9606.ENSP00000353670	9606	Homo sapiens	SPOCD1	SPOC domain containing 1.
TRMT10A	653	9606.ENSP00000273962	9606	Homo sapiens	TRMT10A	tRNA methyltransferase 10 homolog A; S-adenosyl-L-methionine-dependent guanine N(1)- methyltransferase that catalyzes the formation of N(1)-methylguanine at position 9 (m1G9) in tRNAs. Probably not able to catalyze formation of N(1)-methyladenine at position 9 (m1A9) in tRNAs ; Belongs to the class IV-like SAM-binding methyltransferase superfamily. TRM10 family.
AKAP6	654	9606.ENSP00000280979	9606	Homo sapiens	AKAP6	A-kinase anchor protein 6; Binds to type II regulatory subunits of protein kinase A and anchors/targets them to the nuclear membrane or sarcoplasmic reticulum. May act as an adapter for assembling multiprotein complexes.
ACY1	655	9606.ENSP00000384296	9606	Homo sapiens	ACY1	Aminoacylase-1; Involved in the hydrolysis of N-acylated or N-acetylated amino acids (except L-aspartate); Belongs to the peptidase M20A family.
PCDH20	656	9606.ENSP00000387250	9606	Homo sapiens	PCDH20	Protocadherin 20.
VPS72	657	9606.ENSP00000346464	9606	Homo sapiens	VPS72	Vacuolar protein sorting-associated protein 72 homolog; Deposition-and-exchange histone chaperone specific for H2AZ1, specifically chaperones H2AZ1 and deposits it into nucleosomes. As component of the SRCAP complex, mediates the ATP-dependent exchange of histone H2AZ1/H2B dimers for nucleosomal H2A/H2B, leading to transcriptional regulation of selected genes by chromatin remodeling.
TECTA	658	9606.ENSP00000376543	9606	Homo sapiens	TECTA	Alpha-tectorin; One of the major non-collagenous components of the tectorial membrane (By similarity). The tectorial membrane is an extracellular matrix of the inner ear that covers the neuroepithelium of the cochlea and contacts the stereocilia bundles of specialized sensory hair cells. Sound induces movement of these hair cells relative to the tectorial membrane, deflects the stereocilia and leads to fluctuations in hair- cell membrane potential, transducing sound into electrical signals.
ZNF75A	659	9606.ENSP00000459566	9606	Homo sapiens	ZNF75A	Zinc finger protein 75A; May be involved in transcriptional regulation; Belongs to the krueppel C2H2-type zinc-finger protein family.
FASTKD3	660	9606.ENSP00000264669	9606	Homo sapiens	FASTKD3	FAST kinase domain-containing protein 3, mitochondrial; Required for normal mitochondrial respiration. Increases steady-state levels and half-lives of a subset of mature mitochondrial mRNAs MT-ND2, MT-ND3, MT-CYTB, MT-CO2, and MT-ATP8/6. Promotes MT-CO1 mRNA translation and increases mitochondrial complex IV assembly and activity.
LONRF3	661	9606.ENSP00000360690	9606	Homo sapiens	LONRF3	LON peptidase N-terminal domain and ring finger 3.
WDCP	662	9606.ENSP00000295148	9606	Homo sapiens	WDCP	WD repeat and coiled coil containing.
FCRL5	663	9606.ENSP00000354691	9606	Homo sapiens	FCRL5	Fc receptor-like protein 5; May be involved in B-cell development and differentiation in peripheral lymphoid organs and may be useful markers of B-cell stages. May have an immunoregulatory role in marginal zone B-cells.
H4C1	664	9606.ENSP00000479106	9606	Homo sapiens	H4C1	H4 clustered histone 1.
TFAP2D	665	9606.ENSP00000008391	9606	Homo sapiens	TFAP2D	Transcription factor AP-2-delta; Sequence-specific DNA-binding protein that interacts with inducible viral and cellular enhancer elements to regulate transcription of selected genes. AP-2 factors bind to the consensus sequence 5'-GCCNNNGGC-3' and activate genes involved in a large spectrum of important biological functions including proper eye, face, body wall, limb and neural tube development. They also suppress a number of genes including MCAM/MUC18, C/EBP alpha and MYC (By similarity).
HOOK3	666	9606.ENSP00000305699	9606	Homo sapiens	HOOK3	Protein Hook homolog 3; Probably serves as a target for the spiC protein from Salmonella typhimurium, which inactivates it, leading to a strong alteration in cellular trafficking (By similarity). Component of the FTS/Hook/FHIP complex (FHF complex). The FHF complex may function to promote vesicle trafficking and/or fusion via the homotypic vesicular protein sorting complex (the HOPS complex). May regulate clearance of endocytosed receptors such as MSR1. Participates in defining the architecture and localization of the Golgi complex. Acts as an adapter protein linking the dynein motor c [...] 
ZCCHC14	668	9606.ENSP00000268616	9606	Homo sapiens	ZCCHC14	Zinc finger CCHC-type containing 14.
STX12	669	9606.ENSP00000363054	9606	Homo sapiens	STX12	Syntaxin-12; SNARE that acts to regulate protein transport between late endosomes and the trans-Golgi network. The SNARE complex containing STX6, STX12, VAMP4 and VTI1A mediates vesicle fusion (in vitro) (By similarity). Through complex formation with GRIP1, GRIA2 and NSG1 controls the intracellular fate of AMPAR and the endosomal sorting of the GRIA2 subunit toward recycling and membrane targeting (By similarity); Belongs to the syntaxin family.
G6PC1	670	9606.ENSP00000253801	9606	Homo sapiens	G6PC	Glucose-6-phosphatase; Hydrolyzes glucose-6-phosphate to glucose in the endoplasmic reticulum. Forms with the glucose-6-phosphate transporter (SLC37A4/G6PT) the complex responsible for glucose production through glycogenolysis and gluconeogenesis. Hence, it is the key enzyme in homeostatic regulation of blood glucose levels; Belongs to the glucose-6-phosphatase family.
HEATR9	671	9606.ENSP00000473941	9606	Homo sapiens	HEATR9	Protein HEATR9; HEAT repeat containing 9.
TOR1AIP1	672	9606.ENSP00000435365	9606	Homo sapiens	TOR1AIP1	Torsin-1A-interacting protein 1; Required for nuclear membrane integrity. Induces TOR1A and TOR1B ATPase activity and is required for their location on the nuclear membrane. Binds to A- and B-type lamins. Possible role in membrane attachment and assembly of the nuclear lamina.
PGBD3	673	9606.ENSP00000348089	9606	Homo sapiens	ERCC6	DNA excision repair protein ERCC-6; Essential factor involved in transcription-coupled nucleotide excision repair which allows RNA polymerase II-blocking lesions to be rapidly removed from the transcribed strand of active genes. Upon DNA-binding, it locally modifies DNA conformation by wrapping the DNA around itself, thereby modifying the interface between stalled RNA polymerase II and DNA. It is required for transcription-coupled repair complex formation. It recruits the CSA complex (DCX(ERCC8) complex), nucleotide excision repair proteins and EP300 to the sites of RNA polymerase II-b [...] 
PURG	674	9606.ENSP00000418721	9606	Homo sapiens	PURG	Purine-rich element-binding protein gamma; Purine rich element binding protein G.
KRTAP20-1	675	9606.ENSP00000335503	9606	Homo sapiens	KRTAP20-1	Keratin-associated protein 20-1; In the hair cortex, hair keratin intermediate filaments are embedded in an interfilamentous matrix, consisting of hair keratin- associated proteins (KRTAP), which are essential for the formation of a rigid and resistant hair shaft through their extensive disulfide bond cross-linking with abundant cysteine residues of hair keratins. The matrix proteins include the high-sulfur and high-glycine-tyrosine keratins; Belongs to the KRTAP type 20 family.
TRIML1	676	9606.ENSP00000327738	9606	Homo sapiens	TRIML1	Probable E3 ubiquitin-protein ligase TRIML1; Probable E3 ubiquitin-protein ligase which plays an important role in blastocyst development.
KCNT2	677	9606.ENSP00000294725	9606	Homo sapiens	KCNT2	Potassium channel subfamily T member 2; Outward rectifying potassium channel. Produces rapidly activating outward rectifier K(+) currents. Activated by high intracellular sodium and chloride levels. Channel activity is inhibited by ATP and by inhalation anesthetics, such as isoflurane  (By similarity). Inhibited upon stimulation of G-protein coupled receptors, such as CHRM1 and GRM1.
SCGB3A2	678	9606.ENSP00000296694	9606	Homo sapiens	SCGB3A2	Secretoglobin family 3A member 2; Secreted cytokine-like protein. Binds to the scavenger receptor MARCO. Can also bind to pathogens including the Gram-positive bacterium L.monocytogenes, the Gram-negative bacterium P.aeruginosa, and yeast. Strongly inhibits phospholipase A2 (PLA2G1B) activity. Seems to have anti-inflammatory effects in respiratory epithelium (By similarity). Also has anti-fibrotic activity in lung. May play a role in fetal lung development and maturation. Promotes branching morphogenesis during early stages of lung development. In the pituitary, may inhibit production  [...] 
CST4	679	9606.ENSP00000217423	9606	Homo sapiens	CST4	Cystatin-S; This protein strongly inhibits papain and ficin, partially inhibits stem bromelain and bovine cathepsin C, but does not inhibit porcine cathepsin B or clostripain. Papain is inhibited non- competitively.
VPS13B	680	9606.ENSP00000351346	9606	Homo sapiens	VPS13B	Vacuolar protein sorting-associated protein 13B; May be involved in protein sorting in post Golgi membrane traffic; Belongs to the VPS13 family.
DMD	681	9606.ENSP00000354923	9606	Homo sapiens	DMD	Dystrophin; Anchors the extracellular matrix to the cytoskeleton via F- actin. Ligand for dystroglycan. Component of the dystrophin-associated glycoprotein complex which accumulates at the neuromuscular junction (NMJ) and at a variety of synapses in the peripheral and central nervous systems and has a structural function in stabilizing the sarcolemma. Also implicated in signaling events and synaptic transmission.
FARP1	682	9606.ENSP00000486285	9606	Homo sapiens	FARP1	FERM, ARHGEF and pleckstrin domain-containing protein 1; Functions as guanine nucleotide exchange factor for RAC1. May play a role in semaphorin signaling. Plays a role in the assembly and disassembly of dendritic filopodia, the formation of dendritic spines, regulation of dendrite length and ultimately the formation of synapses (By similarity).
ABCB8	684	9606.ENSP00000297504	9606	Homo sapiens	ABCB8	Mitochondrial potassium channel ATP-binding subunit; ATP-binding subunit of the mitochondrial potassium channel located in the mitochondrial inner membrane. Together with CCDC51/MITOK, forms a protein complex localized in the mitochondria that mediates ATP-dependent potassium currents across the inner membrane (that is, mitoK(ATP) channel). Plays a role in mitochondrial iron transport. Required for maintenance of normal cardiac function, possibly by influencing mitochondrial iron export and regulating the maturation of cytosolic iron sulfur cluster-containing enzymes (By similarity).
GPR45	685	9606.ENSP00000258456	9606	Homo sapiens	GPR45	Probable G-protein coupled receptor 45; Orphan receptor. May play a role in brain function.
INA	686	9606.ENSP00000358865	9606	Homo sapiens	INA	Alpha-internexin; Class-IV neuronal intermediate filament that is able to self- assemble. It is involved in the morphogenesis of neurons. It may form an independent structural network without the involvement of other neurofilaments or it may cooperate with NF-L to form the filamentous backbone to which NF-M and NF-H attach to form the cross-bridges.
SLC25A51	687	9606.ENSP00000366945	9606	Homo sapiens	SLC25A51	Solute carrier family 25 member 51.
OTOF	688	9606.ENSP00000272371	9606	Homo sapiens	OTOF	Otoferlin; Key calcium ion sensor involved in the Ca(2+)-triggered synaptic vesicle-plasma membrane fusion and in the control of neurotransmitter release at these output synapses. Interacts in a calcium-dependent manner to the presynaptic SNARE proteins at ribbon synapses of cochlear inner hair cells (IHCs) to trigger exocytosis of neurotransmitter. Also essential to synaptic exocytosis in immature outer hair cells (OHCs). May also play a role within the recycling of endosomes (By similarity).
CTIF	689	9606.ENSP00000372459	9606	Homo sapiens	CTIF	CBP80/20-dependent translation initiation factor; Specifically required for the pioneer round of mRNA translation mediated by the cap-binding complex (CBC), that takes place during or right after mRNA export via the nuclear pore complex (NPC). Acts via its interaction with the NCBP1/CBP80 component of the CBC complex and recruits the 40S small subunit of the ribosome via eIF3. In contrast, it is not involved in steady state translation, that takes place when the CBC complex is replaced by cytoplasmic cap-binding protein eIF4E. Also required for nonsense-mediated mRNA decay (NMD), the p [...] 
SLC8A3	690	9606.ENSP00000370669	9606	Homo sapiens	SLC8A3	Sodium/calcium exchanger 3; Mediates the electrogenic exchange of Ca(2+) against Na(+) ions across the cell membrane, and thereby contributes to the regulation of cytoplasmic Ca(2+) levels and Ca(2+)-dependent cellular processes. Contributes to cellular Ca(2+) homeostasis in excitable cells, both in muscle and in brain. In a first phase, voltage-gated channels mediate the rapid increase of cytoplasmic Ca(2+) levels due to release of Ca(2+) stores from the endoplasmic reticulum. SLC8A3 mediates the export of Ca(2+) from the cell during the next phase, so that cytoplasmic Ca(2+) levels r [...] 
SLC9A2	691	9606.ENSP00000233969	9606	Homo sapiens	SLC9A2	Sodium/hydrogen exchanger 2; Involved in pH regulation to eliminate acids generated by active metabolism or to counter adverse environmental conditions. Major proton extruding system driven by the inward sodium ion chemical gradient. Seems to play an important role in colonic sodium absorption.
SPAST	692	9606.ENSP00000320885	9606	Homo sapiens	SPAST	Spastin; ATP-dependent microtubule severing protein that specifically recognizes and cuts microtubules that are polyglutamylated. Preferentially recognizes and acts on microtubules decorated with short polyglutamate tails: severing activity increases as the number of glutamates per tubulin rises from one to eight, but decreases beyond this glutamylation threshold. Severing activity is not dependent on tubulin acetylation or detyrosination. Microtubule severing promotes reorganization of cellular microtubule arrays and the release of microtubules from the centrosome following nucleation [...] 
ZNF532	693	9606.ENSP00000338217	9606	Homo sapiens	ZNF532	Zinc finger protein 532; May be involved in transcriptional regulation; Belongs to the krueppel C2H2-type zinc-finger protein family.
NUP133	694	9606.ENSP00000261396	9606	Homo sapiens	NUP133	Nuclear pore complex protein Nup133; Involved in poly(A)+ RNA transport. Involved in nephrogenesis.
GKN1	695	9606.ENSP00000501093	9606	Homo sapiens	GKN1	Gastrokine-1; Has mitogenic activity and may be involved in maintaining the integrity of the gastric mucosal epithelium.
PRRG1	696	9606.ENSP00000444278	9606	Homo sapiens	PRRG1	Transmembrane gamma-carboxyglutamic acid protein 1; Proline rich and Gla domain 1.
LRRC7	697	9606.ENSP00000309245	9606	Homo sapiens	LRRC7	Leucine-rich repeat-containing protein 7; Required for normal synaptic spine architecture and function. Necessary for DISC1 and GRM5 localization to postsynaptic density complexes and for both N-methyl D-aspartate receptor-dependent and metabotropic glutamate receptor-dependent long term depression. Belongs to the LAP (LRR and PDZ) protein family.
MROH7	698	9606.ENSP00000396622	9606	Homo sapiens	MROH7	Maestro heat like repeat family member 7.
KCNJ1	699	9606.ENSP00000376432	9606	Homo sapiens	KCNJ1	ATP-sensitive inward rectifier potassium channel 1; In the kidney, probably plays a major role in potassium homeostasis. Inward rectifier potassium channels are characterized by a greater tendency to allow potassium to flow into the cell rather than out of it. Their voltage dependence is regulated by the concentration of extracellular potassium; as external potassium is raised, the voltage range of the channel opening shifts to more positive voltages. The inward rectification is mainly due to the blockage of outward current by internal magnesium. This channel is activated by internal A [...] 
MIA2	700	9606.ENSP00000491014	9606	Homo sapiens	MIA2	Melanoma inhibitory activity protein 2; Plays a role in the transport of cargos that are too large to fit into COPII-coated vesicles and require specific mechanisms to be incorporated into membrane-bound carriers and exported from the endoplasmic reticulum. Plays a role in the secretion of lipoproteins, pre-chylomicrons and pre-VLDLs, by participating in their export from the endoplasmic reticulum. Thereby, may play a role in cholesterol and triglyceride homeostasis (By similarity). Required for collagen VII (COL7A1) secretion by loading COL7A1 into transport carriers and recruiting PR [...] 
NFYC	701	9606.ENSP00000312617	9606	Homo sapiens	NFYC	Nuclear transcription factor Y subunit gamma; Component of the sequence-specific heterotrimeric transcription factor (NF-Y) which specifically recognizes a 5'-CCAAT-3' box motif found in the promoters of its target genes. NF-Y can function as both an activator and a repressor, depending on its interacting cofactors.
PHKB	702	9606.ENSP00000313504	9606	Homo sapiens	PHKB	Phosphorylase b kinase regulatory subunit beta; Phosphorylase b kinase catalyzes the phosphorylation of serine in certain substrates, including troponin I. The beta chain acts as a regulatory unit and modulates the activity of the holoenzyme in response to phosphorylation.
ATP6V0B	703	9606.ENSP00000434729	9606	Homo sapiens	ATP6V0B	V-type proton ATPase 21 kDa proteolipid subunit; Proton-conducting pore forming subunit of the membrane integral V0 complex of vacuolar ATPase. V-ATPase is responsible for acidifying a variety of intracellular compartments in eukaryotic cells.
GNB1L	704	9606.ENSP00000331313	9606	Homo sapiens	GNB1L	G protein subunit beta 1 like.
ZNF22	705	9606.ENSP00000298299	9606	Homo sapiens	ZNF22	Zinc finger protein 22; Binds DNA through the consensus sequence 5'-CAATG-3'. May be involved in transcriptional regulation and may play a role in tooth formation (By similarity).
PRRT1	706	9606.ENSP00000211413	9606	Homo sapiens	PRRT1	Proline rich transmembrane protein 1.
TSC22D4	707	9606.ENSP00000300181	9606	Homo sapiens	TSC22D4	TSC22 domain family protein 4; Transcriptional repressor.
EOMES	708	9606.ENSP00000388620	9606	Homo sapiens	EOMES	Eomesodermin homolog; Functions as a transcriptional activator playing a crucial role during development. Functions in trophoblast differentiation and later in gastrulation, regulating both mesoderm delamination and endoderm specification. Plays a role in brain development being required for the specification and the proliferation of the intermediate progenitor cells and their progeny in the cerebral cortex. Also involved in the differentiation of CD8+ T-cells during immune response regulating the expression of lytic effector genes.
COG3	709	9606.ENSP00000258654	9606	Homo sapiens	COG3	Conserved oligomeric Golgi complex subunit 3; Involved in ER-Golgi transport.
KBTBD8	710	9606.ENSP00000401878	9606	Homo sapiens	KBTBD8	Kelch repeat and BTB domain-containing protein 8; Substrate-specific adapter of a BCR (BTB-CUL3-RBX1) E3 ubiquitin ligase complex that acts as a regulator of neural crest specification. The BCR(KBTBD8) complex acts by mediating monoubiquitination of NOLC1 and TCOF1: monoubiquitination promotes the formation of a NOLC1-TCOF1 complex that acts as a platform to connect RNA polymerase I with enzymes responsible for ribosomal processing and modification, leading to remodel the translational program of differentiating cells in favor of neural crest specification.
DDO	711	9606.ENSP00000357920	9606	Homo sapiens	DDO	D-aspartate oxidase; Selectively catalyzes the oxidative deamination of D- aspartate and its N-methylated derivative, N-methyl D-aspartate.
CELA1	712	9606.ENSP00000293636	9606	Homo sapiens	CELA1	Chymotrypsin-like elastase family member 1; Acts upon elastin.
TRAPPC8	713	9606.ENSP00000283351	9606	Homo sapiens	TRAPPC8	Trafficking protein particle complex subunit 8; Plays a role in endoplasmic reticulum to Golgi apparatus trafficking at a very early stage. Maintains together with TBC1D14 the cycling pool of ATG9 required for initiation of autophagy ; Belongs to the TRS85 family.
CIC	714	9606.ENSP00000458663	9606	Homo sapiens	CIC	Protein capicua homolog; Transcriptional repressor which plays a role in development of the central nervous system (CNS). In concert with ATXN1 and ATXN1L, involved in brain development.
GGA3	715	9606.ENSP00000438085	9606	Homo sapiens	GGA3	ADP-ribosylation factor-binding protein GGA3; Plays a role in protein sorting and trafficking between the trans-Golgi network (TGN) and endosomes. Mediates the ARF-dependent recruitment of clathrin to the TGN and binds ubiquitinated proteins and membrane cargo molecules with a cytosolic acidic cluster-dileucine (DXXLL) motif. Mediates export of the GPCR receptor ADRA2B to the cell surface. nvolved in BACE1 transport and sorting as well as regulation of BACE1 protein levels. Regulates retrograde transport of BACE1 from endosomes to the trans-Golgi network via interaction through the VHS [...] 
UBR4	716	9606.ENSP00000364403	9606	Homo sapiens	UBR4	E3 ubiquitin-protein ligase UBR4; E3 ubiquitin-protein ligase which is a component of the N-end rule pathway. Recognizes and binds to proteins bearing specific N- terminal residues that are destabilizing according to the N-end rule, leading to their ubiquitination and subsequent degradation. Together with clathrin, forms meshwork structures involved in membrane morphogenesis and cytoskeletal organization. Regulates integrin- mediated signaling. May play a role in activation of FAK in response to cell-matrix interactions. Mediates ubiquitination of ACLY, leading to its subsequent degrad [...] 
HEPACAM2	717	9606.ENSP00000390204	9606	Homo sapiens	HEPACAM2	HEPACAM family member 2; Required during prometaphase for centrosome maturation. Following poly-ADP-ribosylation (PARsylation) by TNKS, translocates from the Golgi apparatus to mitotic centrosomes and plays a key role in the formation of robust microtubules for prompt movement of chromosomes: anchors AKAP9/CG-NAP, a scaffold protein of the gamma- tubulin ring complex and promotes centrosome maturation.
ALS2CL	718	9606.ENSP00000313670	9606	Homo sapiens	ALS2CL	ALS2 C-terminal-like protein; Acts as a guanine nucleotide exchange factor (GEF) for Rab5 GTPase. Regulates the ALS2-mediated endosome dynamics.
GGA1	719	9606.ENSP00000371175	9606	Homo sapiens	GGA1	ADP-ribosylation factor-binding protein GGA1; Plays a role in protein sorting and trafficking between the trans-Golgi network (TGN) and endosomes. Mediates the ARF-dependent recruitment of clathrin to the TGN and binds ubiquitinated proteins and membrane cargo molecules with a cytosolic acidic cluster-dileucine (DXXLL) motif. Mediates export of the GPCR receptor ADRA2B to the cell surface. Required for targeting PKD1:PKD2 complex from the trans-Golgi network to the cilium membrane (By similarity). Regulates retrograde transport of proteins such as phosphorylated form of BACE1 from endo [...] 
DAZAP1	720	9606.ENSP00000233078	9606	Homo sapiens	DAZAP1	DAZ-associated protein 1; RNA-binding protein, which may be required during spermatogenesis.
CNTN6	721	9606.ENSP00000407822	9606	Homo sapiens	CNTN6	Contactin-6; Contactins mediate cell surface interactions during nervous system development. Participates in oligodendrocytes generation by acting as a ligand of NOTCH1. Its association with NOTCH1 promotes NOTCH1 activation through the released notch intracellular domain (NICD) and subsequent translocation to the nucleus. Involved in motor coordination (By similarity); Belongs to the immunoglobulin superfamily. Contactin family.
EXOC3L1	722	9606.ENSP00000325674	9606	Homo sapiens	EXOC3L1	Exocyst complex component 3-like protein; As part of the exocyst, may play a role in regulated exocytosis of insulin granules.
NLRP14	723	9606.ENSP00000299481	9606	Homo sapiens	NLRP14	NACHT, LRR and PYD domains-containing protein 14; May be involved in inflammation and spermatogenesis.
FAM131A	724	9606.ENSP00000373360	9606	Homo sapiens	FAM131A	Protein FAM131A; Family with sequence similarity 131 member A.
GPR180	725	9606.ENSP00000366157	9606	Homo sapiens	GPR180	Integral membrane protein GPR180; G protein-coupled receptor 180.
DBN1	726	9606.ENSP00000377195	9606	Homo sapiens	DBN1	Drebrin; Actin cytoskeleton-organizing protein that plays a role in the formation of cell projections. Required for actin polymerization at immunological synapses (IS) and for the recruitment of the chemokine receptor CXCR4 to IS. Plays a role in dendritic spine morphogenesis and organization, including the localization of the dopamine receptor DRD1 to the dendritic spines (By similarity). Involved in memory-related synaptic plasticity in the hippocampus (By similarity).
ADAMTS19	727	9606.ENSP00000274487	9606	Homo sapiens	ADAMTS19	ADAM metallopeptidase with thrombospondin type 1 motif 19.
DNAH9	728	9606.ENSP00000262442	9606	Homo sapiens	DNAH9	Dynein heavy chain 9, axonemal; Force generating protein required for cilia beating in respiratory epithelia. Produces force towards the minus ends of microtubules. Dynein has ATPase activity; the force-producing power stroke is thought to occur on release of ADP.
TMEM39A	729	9606.ENSP00000326063	9606	Homo sapiens	TMEM39A	Transmembrane protein 39A; Belongs to the TMEM39 family.
MTMR8	730	9606.ENSP00000363985	9606	Homo sapiens	MTMR8	Myotubularin-related protein 8; Phosphatase that acts on lipids with a phosphoinositol headgroup. Has phosphatase activity towards phosphatidylinositol 3-phosphate and phosphatidylinositol 3,5- bisphosphate. In complex with MTMR9, negatively regulates autophagy.
KIF16B	731	9606.ENSP00000384164	9606	Homo sapiens	KIF16B	Kinesin-like protein KIF16B; Plus end-directed microtubule-dependent motor protein involved in endosome transport and receptor recycling and degradation. Regulates the plus end motility of early endosomes and the balance between recycling and degradation of receptors such as EGF receptor (EGFR) and FGF receptor (FGFR). Regulates the Golgi to endosome transport of FGFR-containing vesicles during early development, a key process for developing basement membrane and epiblast and primitive endoderm lineages during early postimplantation development. Belongs to the TRAFAC class myosin-kines [...] 
PRPS1	732	9606.ENSP00000361512	9606	Homo sapiens	PRPS1	Ribose-phosphate pyrophosphokinase 1; Catalyzes the synthesis of phosphoribosylpyrophosphate (PRPP) that is essential for nucleotide synthesis; Belongs to the ribose-phosphate pyrophosphokinase family.
FEM1C	733	9606.ENSP00000274457	9606	Homo sapiens	FEM1C	Protein fem-1 homolog C; Probable component of an E3 ubiquitin-protein ligase complex, in which it may act as a substrate recognition subunit; Belongs to the fem-1 family.
PDZD4	734	9606.ENSP00000377355	9606	Homo sapiens	PDZD4	PDZ domain containing 4.
SPATA21	735	9606.ENSP00000335612	9606	Homo sapiens	SPATA21	Spermatogenesis-associated protein 21; Involved in the differentiation of haploid spermatids.
LIPE	736	9606.ENSP00000244289	9606	Homo sapiens	LIPE	Hormone-sensitive lipase; In adipose tissue and heart, it primarily hydrolyzes stored triglycerides to free fatty acids, while in steroidogenic tissues, it principally converts cholesteryl esters to free cholesterol for steroid hormone production.
PRICKLE3	737	9606.ENSP00000470248	9606	Homo sapiens	PRICKLE3	Prickle planar cell polarity protein 3; Involved in the planar cell polarity (PCP) pathway that is essential for the polarization of epithelial cells during morphogenetic processes, including gastrulation and neurulation (By similarity). PCP is maintained by two molecular modules, the global and the core modules, PRICKLE3 being part of the core module (By similarity). Distinct complexes of the core module segregate to opposite sides of the cell, where they interact with the opposite complex in the neighboring cell at or near the adherents junctions (By similarity). Involved in the orga [...] 
NDUFA3	738	9606.ENSP00000418438	9606	Homo sapiens	NDUFA3	NADH dehydrogenase [ubiquinone] 1 alpha subcomplex subunit 3; Accessory subunit of the mitochondrial membrane respiratory chain NADH dehydrogenase (Complex I), that is believed not to be involved in catalysis. Complex I functions in the transfer of electrons from NADH to the respiratory chain. The immediate electron acceptor for the enzyme is believed to be ubiquinone.
NUP98	739	9606.ENSP00000316032	9606	Homo sapiens	NUP98	Nuclear pore complex protein Nup98-Nup96; Plays a role in the nuclear pore complex (NPC) assembly and/or maintenance. NUP98 and NUP96 are involved in the bidirectional transport across the NPC. May anchor NUP153 and TPR to the NPC. In cooperation with DHX9, plays a role in transcription and alternative splicing activation of a subset of genes. Involved in the localization of DHX9 in discrete intranuclear foci (GLFG-body).
CYB5R4	740	9606.ENSP00000358695	9606	Homo sapiens	CYB5R4	Cytochrome b5 reductase 4; NADH-cytochrome b5 reductase involved in endoplasmic reticulum stress response pathway. Plays a critical role in protecting pancreatic beta-cells against oxidant stress, possibly by protecting the cell from excess buildup of reactive oxygen species (ROS). Reduces a variety of substrates in vitro, such as cytochrome c, feericyanide and methemoglobin.
NIP7	741	9606.ENSP00000254940	9606	Homo sapiens	NIP7	60S ribosome subunit biogenesis protein NIP7 homolog; Required for proper 34S pre-rRNA processing and 60S ribosome subunit assembly; Belongs to the NIP7 family.
PPHLN1	742	9606.ENSP00000378935	9606	Homo sapiens	PPHLN1	Periphilin-1; Component of the HUSH complex, a multiprotein complex that mediates epigenetic repression. The HUSH complex is recruited to genomic loci rich in H3K9me3 and is probably required to maintain transcriptional silencing by promoting recruitment of SETDB1, a histone methyltransferase that mediates further deposition of H3K9me3. In the HUSH complex, contributes to the maintenance of the complex at chromatin. Acts as a transcriptional corepressor and regulates the cell cycle, probably via the HUSH complex. The HUSH complex is also involved in the silencing of unintegrated retrov [...] 
POLR2F	743	9606.ENSP00000385725	9606	Homo sapiens	POLR2F	DNA-directed RNA polymerases I, II, and III subunit RPABC2; DNA-dependent RNA polymerases catalyze the transcription of DNA into RNA using the four ribonucleoside triphosphates as substrates. Common component of RNA polymerases I, II, and III which synthesize ribosomal RNA precursors, mRNA precursors and many functional non- coding RNAs, and small RNAs, such as 5S rRNA and tRNAs, respectively. Pol II is the central component of the basal RNA polymerase II transcription machinery. Pols are composed of mobile elements that move relative to each other. In Pol II, POLR2F/RPB6 is part of th [...] 
MANEA	744	9606.ENSP00000351669	9606	Homo sapiens	MANEA	Glycoprotein endo-alpha-1,2-mannosidase; Mannosidase endo-alpha.
ZBTB3	745	9606.ENSP00000501025	9606	Homo sapiens	ZBTB3	Zinc finger and BTB domain-containing protein 3; May be involved in transcriptional regulation.
CFHR5	746	9606.ENSP00000256785	9606	Homo sapiens	CFHR5	Complement factor H-related protein 5; Involved in complement regulation. The dimerized forms have avidity for tissue-bound complement fragments and efficiently compete with the physiological complement inhibitor CFH.
DDX59	747	9606.ENSP00000330460	9606	Homo sapiens	DDX59	Probable ATP-dependent RNA helicase DDX59; DEAD-box helicase 59.
LZTS2	748	9606.ENSP00000359240	9606	Homo sapiens	LZTS2	Leucine zipper putative tumor suppressor 2; Negative regulator of katanin-mediated microtubule severing and release from the centrosome. Required for central spindle formation and the completion of cytokinesis. May negatively regulate axonal outgrowth by preventing the formation of microtubule bundles that are necessary for transport within the elongating axon. Negative regulator of the Wnt signaling pathway. Represses beta-catenin-mediated transcriptional activation by promoting the nuclear exclusion of beta- catenin. Belongs to the LZTS2 family.
PLEKHA8	749	9606.ENSP00000397947	9606	Homo sapiens	PLEKHA8	Pleckstrin homology domain-containing family A member 8; Cargo transport protein that is required for apical transport from the Golgi complex. Transports AQP2 from the trans-Golgi network (TGN) to sites of AQP2 phosphorylation. Mediates the non-vesicular transport of glucosylceramide (GlcCer) from the trans-Golgi network (TGN) to the plasma membrane and plays a pivotal role in the synthesis of complex glycosphingolipids. Binding of both phosphatidylinositol 4- phosphate (PIP) and ARF1 are essential for the GlcCer transfer ability. Also required for primary cilium formation, possibly by [...] 
SLC6A5	750	9606.ENSP00000434364	9606	Homo sapiens	SLC6A5	Sodium- and chloride-dependent glycine transporter 2; Sodium- and chloride-dependent glycine transporter. Terminates the action of glycine by its high affinity sodium-dependent reuptake into presynaptic terminals. May be responsible for the termination of neurotransmission at strychnine- sensitive glycinergic synapses.
ACAP1	751	9606.ENSP00000158762	9606	Homo sapiens	ACAP1	Arf-GAP with coiled-coil, ANK repeat and PH domain-containing protein 1; GTPase-activating protein (GAP) for ADP ribosylation factor 6 (ARF6) required for clathrin-dependent export of proteins from recycling endosomes to trans-Golgi network and cell surface. Required for regulated export of ITGB1 from recycling endosomes to the cell surface and ITGB1-dependent cell migration.
RCE1	752	9606.ENSP00000309163	9606	Homo sapiens	RCE1	CAAX prenyl protease 2; Proteolytically removes the C-terminal three residues of farnesylated and geranylated proteins. Seems to be able to process K- Ras, N-Ras, H-Ras, RAP1B and G-gamma-1.
SPTAN1	753	9606.ENSP00000487444	9606	Homo sapiens	SPTAN1	Spectrin alpha chain, non-erythrocytic 1; Fodrin, which seems to be involved in secretion, interacts with calmodulin in a calcium-dependent manner and is thus candidate for the calcium-dependent movement of the cytoskeleton at the membrane.
TLL1	754	9606.ENSP00000061240	9606	Homo sapiens	TLL1	Tolloid-like protein 1; Protease which processes procollagen C-propeptides, such as chordin, pro-biglycan and pro-lysyl oxidase. Required for the embryonic development. Predominant protease, which in the development, influences dorsal-ventral patterning and skeletogenesis.
