node_A,node_B,score
AAR2,BRR2,0.998
AAR2,DIB1,0.975
AAR2,LIN1,0.992
AAR2,MUD1,0.994
AAR2,PRP18,0.932
AAR2,PRP28,0.987
AAR2,PRP8,0.999
AAR2,SMB1,0.982
AAR2,SMD1,0.964
AAR2,SMD2,0.929
AAR2,SMD3,0.942
AAR2,SME1,0.929
AAR2,SMX2,0.907
AAR2,SMX3,0.964
AAR2,SNU114,0.999
ABF1,ELC1,0.932
ABF1,IFH1,0.978
ABF1,RAD16,0.983
ABF1,RAD2,0.914
ABF1,RAD23,0.914
ABF1,RAD3,0.912
ABF1,RAD4,0.932
ABF1,RAD7,0.979
ABF1,SSL1,0.911
ABF1,SSL2,0.918
ABF1,TFB1,0.904
ACT1,ARC15,0.944
ACT1,ARC18,0.976
ACT1,ARC19,0.957
ACT1,ARC35,0.96
ACT1,ARC40,0.983
ACT1,ARF1,0.92
ACT1,ARP10,0.972
ACT1,ARP2,0.992
ACT1,ARP3,0.994
ACT1,ARP4,0.999
ACT1,ARP5,0.988
ACT1,ARP6,0.978
ACT1,ARP8,0.999
ACT1,BUD6,0.998
ACT1,CCT7,0.908
ACT1,CDC24,0.932
ACT1,CDC28,0.913
ACT1,CDC42,0.989
ACT1,CMD1,0.979
ACT1,CYR1,0.942
ACT1,DYN1,0.912
ACT1,EAF1,0.998
ACT1,EAF3,0.97
ACT1,EAF5,0.996
ACT1,EAF6,0.995
ACT1,EAF7,0.978
ACT1,END3,0.916
ACT1,EPL1,0.999
ACT1,ESA1,0.998
ACT1,EXO70,0.928
ACT1,HHF1,0.97
ACT1,HHF2,0.951
ACT1,HHT1,0.993
ACT1,HHT2,0.99
ACT1,HSC82,0.936
ACT1,HTZ1,0.91
ACT1,IES1,0.989
ACT1,IES3,0.988
ACT1,IES4,0.999
ACT1,INO80,0.999
ACT1,JNM1,0.961
ACT1,NHP10,0.991
ACT1,PAN1,0.948
ACT1,RHO1,0.978
ACT1,RVB1,0.999
ACT1,RVB2,0.999
ACT1,RVS161,0.977
ACT1,RVS167,0.997
ACT1,SAS2,0.94
ACT1,SAS4,0.91
ACT1,SAS5,0.917
ACT1,SLA1,0.927
ACT1,SNF2,0.917
ACT1,SRV2,0.998
ACT1,SWC3,0.98
ACT1,SWC4,0.999
ACT1,SWC5,0.982
ACT1,SWC7,0.979
ACT1,SWR1,0.999
ACT1,TAF14,0.994
ACT1,TCP1,0.95
ACT1,TEF1,0.956
ACT1,TEF2,0.977
ACT1,TRA1,0.994
ACT1,TUB1,0.921
ACT1,TUB2,0.99
ACT1,VPS71,0.99
ACT1,VPS72,0.993
ACT1,YAF9,0.995
ACT1,YNG2,0.995
ADA2,AHC1,0.984
ADA2,CCR4,0.994
ADA2,CHD1,0.956
ADA2,GCN5,0.999
ADA2,HFI1,0.999
ADA2,IOC2,0.902
ADA2,MOT2,0.994
ADA2,NGG1,0.999
ADA2,NOT5,0.994
ADA2,SGF11,0.999
ADA2,SGF29,0.999
ADA2,SGF73,0.998
ADA2,SPT20,0.998
ADA2,SPT3,0.999
ADA2,SPT7,0.999
ADA2,SPT8,0.998
ADA2,SUS1,0.999
ADA2,TAF10,0.999
ADA2,TAF12,0.999
ADA2,TAF5,0.999
ADA2,TAF6,0.999
ADA2,TAF9,0.999
ADA2,TRA1,0.999
ADA2,UBP8,0.999
AFG3,PHB1,0.986
AFG3,PHB2,0.968
AFG3,YTA12,0.999
AHC1,CHD1,0.961
AHC1,GCN5,0.997
AHC1,HFI1,0.936
AHC1,NGG1,0.997
AHC1,SGF11,0.974
AHC1,SGF29,0.992
AHC1,SGF73,0.975
AHC1,SPT20,0.95
AHC1,SPT3,0.927
AHC1,SPT7,0.984
AHC1,SPT8,0.974
AHC1,SUS1,0.946
AHC1,TAF10,0.936
AHC1,TAF12,0.969
AHC1,TAF5,0.965
AHC1,TAF6,0.958
AHC1,TAF9,0.954
AHC1,TRA1,0.963
AHC1,UBP8,0.968
AIR1,AIR2,0.996
AIR1,DIS3,0.926
AIR1,MTR4,0.999
AIR1,PAP1,0.997
AIR1,PAP2,0.999
AIR1,RRP6,0.95
AIR2,DIS3,0.924
AIR2,MTR4,0.999
AIR2,PAP1,0.998
AIR2,PAP2,0.999
AIR2,RRP6,0.956
ALG13,ALG14,0.999
ALG13,STT3,0.909
AME1,CTF19,0.999
AME1,CTF3,0.995
AME1,DSN1,0.976
AME1,HHF1,0.94
AME1,HTA1,0.924
AME1,MCM16,0.996
AME1,MCM21,0.999
AME1,MCM22,0.996
AME1,MTW1,0.983
AME1,NNF1,0.977
AME1,NSL1,0.945
AME1,OKP1,0.999
AME1,SPC24,0.918
ANP1,HOC1,0.999
ANP1,MNN10,0.999
ANP1,MNN11,0.999
ANP1,MNN9,0.998
ANP1,PMT1,0.91
ANP1,PMT2,0.935
ANP1,PMT3,0.9
ANP1,PMT5,0.907
ANP1,VAN1,0.964
AOS1,MMS21,0.92
AOS1,UBA2,0.999
APC1,APC11,0.999
APC1,APC2,0.999
APC1,APC4,0.999
APC1,APC5,0.999
APC1,APC9,0.999
APC1,BUB1,0.935
APC1,CDC16,0.999
APC1,CDC20,0.975
APC1,CDC23,0.999
APC1,CDC26,0.999
APC1,CDC27,0.999
APC1,CDC28,0.996
APC1,CDC4,0.918
APC1,CDH1,0.999
APC1,DOC1,0.999
APC1,MAD2,0.989
APC1,MAD3,0.982
APC1,MND2,0.999
APC1,PDS1,0.945
APC1,PPH21,0.998
APC1,SLX5,0.9
APC1,SLX8,0.9
APC1,SWM1,0.999
APC11,APC2,0.999
APC11,APC4,0.999
APC11,APC5,0.999
APC11,APC9,0.999
APC11,BUB3,0.924
APC11,CDC16,0.999
APC11,CDC20,0.984
APC11,CDC23,0.999
APC11,CDC26,0.999
APC11,CDC27,0.999
APC11,CDC4,0.909
APC11,CDH1,0.994
APC11,DOC1,0.999
APC11,MAD3,0.933
APC11,MND2,0.999
APC11,PDS1,0.926
APC11,SLX5,0.9
APC11,SLX8,0.9
APC11,SWM1,0.999
APC2,APC4,0.999
APC2,APC5,0.999
APC2,APC9,0.999
APC2,BUB1,0.925
APC2,CDC16,0.999
APC2,CDC20,0.966
APC2,CDC23,0.999
APC2,CDC26,0.999
APC2,CDC27,0.999
APC2,CDC4,0.9
APC2,CDH1,0.995
APC2,DOC1,0.999
APC2,MAD2,0.945
APC2,MAD3,0.974
APC2,MND2,0.999
APC2,PDS1,0.949
APC2,RPS31,0.9
APC2,SLX5,0.9
APC2,SLX8,0.9
APC2,SWM1,0.999
APC4,APC5,0.999
APC4,APC9,0.999
APC4,BUB1,0.924
APC4,BUB3,0.988
APC4,CDC16,0.999
APC4,CDC20,0.984
APC4,CDC23,0.999
APC4,CDC26,0.999
APC4,CDC27,0.999
APC4,CDC4,0.901
APC4,CDH1,0.998
APC4,DOC1,0.999
APC4,MAD2,0.99
APC4,MAD3,0.974
APC4,MND2,0.999
APC4,PDS1,0.911
APC4,SLX5,0.9
APC4,SLX8,0.9
APC4,SWM1,0.999
APC5,APC9,0.999
APC5,BUB1,0.936
APC5,BUB3,0.975
APC5,CDC16,0.999
APC5,CDC20,0.995
APC5,CDC23,0.999
APC5,CDC26,0.999
APC5,CDC27,0.999
APC5,CDC4,0.901
APC5,CDH1,0.997
APC5,DOC1,0.999
APC5,MAD3,0.971
APC5,MND2,0.999
APC5,PDS1,0.952
APC5,SLX5,0.9
APC5,SLX8,0.9
APC5,SWM1,0.999
APC9,CDC16,0.999
APC9,CDC20,0.999
APC9,CDC23,0.999
APC9,CDC26,0.999
APC9,CDC27,0.999
APC9,CDC28,0.997
APC9,CDC4,0.9
APC9,CDH1,0.987
APC9,DOC1,0.999
APC9,MND2,0.999
APC9,PDS1,0.946
APC9,PPH21,0.994
APC9,SLX5,0.9
APC9,SLX8,0.901
APC9,SWM1,0.999
APL1,APL2,0.947
APL1,APL3,0.999
APL1,APL4,0.998
APL1,APL5,0.968
APL1,APM1,0.992
APL1,APM2,0.912
APL1,APM3,0.913
APL1,APM4,0.999
APL1,APS1,0.992
APL1,APS2,0.998
APL1,CHC1,0.997
APL1,CLC1,0.962
APL2,APL3,0.977
APL2,APL4,0.999
APL2,APL5,0.965
APL2,APM1,0.999
APL2,APM2,0.999
APL2,APM3,0.911
APL2,APM4,0.99
APL2,APS1,0.999
APL2,APS2,0.995
APL2,ARF1,0.91
APL2,CHC1,0.999
APL2,CLC1,0.977
APL3,APL5,0.923
APL3,APL6,0.926
APL3,APM1,0.938
APL3,APM4,0.999
APL3,APS1,0.971
APL3,APS2,0.999
APL3,CHC1,0.987
APL3,CLC1,0.975
APL3,PAN1,0.962
APL4,APL6,0.951
APL4,APM1,0.999
APL4,APM2,0.985
APL4,APM3,0.971
APL4,APM4,0.938
APL4,APS1,0.999
APL4,APS2,0.983
APL4,APS3,0.958
APL4,ARF1,0.974
APL4,CHC1,0.996
APL4,CLC1,0.961
APL5,APL6,0.999
APL5,APM1,0.933
APL5,APM2,0.904
APL5,APM3,0.999
APL5,APM4,0.944
APL5,APS1,0.971
APL5,APS2,0.95
APL5,APS3,0.999
APL5,VPS41,0.957
APL6,APM3,0.999
APL6,APS3,0.999
APM1,APM3,0.927
APM1,APS1,0.999
APM1,APS2,0.957
APM1,CHC1,0.965
APM1,CLC1,0.976
APM2,APS1,0.999
APM3,APS1,0.928
APM3,APS2,0.924
APM3,APS3,0.999
APM4,APS2,0.999
APM4,CHC1,0.942
APS1,APS2,0.924
APS1,CHC1,0.971
APS1,CLC1,0.951
APS2,CHC1,0.979
APS2,CLC1,0.963
ARC1,GUS1,0.999
ARC1,MES1,0.999
ARC1,NAM2,0.928
ARC15,ARC18,0.999
ARC15,ARC19,0.999
ARC15,ARC35,0.999
ARC15,ARC40,0.999
ARC15,ARP2,0.999
ARC15,ARP3,0.999
ARC18,ARC19,0.999
ARC18,ARC35,0.999
ARC18,ARC40,0.999
ARC18,ARP2,0.999
ARC18,ARP3,0.999
ARC19,ARC35,0.999
ARC19,ARC40,0.999
ARC19,ARP2,0.999
ARC19,ARP3,0.999
ARC19,SLX1,0.968
ARC35,ARC40,0.999
ARC35,ARP2,0.999
ARC35,ARP3,0.999
ARC35,STE4,0.921
ARC40,ARP2,0.999
ARC40,ARP3,0.999
ARD1,MAK10,0.987
ARD1,MAK3,0.999
ARD1,MAK31,0.961
ARD1,MDM20,0.991
ARD1,NAT1,0.999
ARD1,NAT3,0.963
ARD1,NAT5,0.999
ARD1,RPL25,0.929
ARD1,RPL3,0.903
ARD1,RPL31A,0.929
ARF1,BCH1,0.995
ARF1,BCH2,0.957
ARF1,BUD7,0.948
ARF1,CHC1,0.905
ARF1,CHS5,0.997
ARF1,CHS6,0.959
ARF1,COP1,0.971
ARF1,GLO3,0.997
ARF1,RET2,0.969
ARF1,RET3,0.956
ARF1,SEC21,0.996
ARF1,SEC26,0.993
ARF1,SEC27,0.963
ARF1,SEC28,0.978
ARG2,ARG3,0.911
ARG2,"ARG5,6",0.999
ARG3,"ARG5,6",0.999
ARG3,CAR1,0.997
ARG3,CPA1,0.984
ARG3,CPA2,0.996
"ARG5,6",CAR1,0.917
"ARG5,6",CPA1,0.978
"ARG5,6",CPA2,0.983
"ARG5,6",DUG1,0.904
"ARG5,6",DUG2,0.904
ARG80,ARG81,0.999
ARG80,ARG82,0.999
ARG80,MCM1,0.934
ARG81,ARG82,0.996
ARG81,MCM1,0.997
ARG82,MCM1,0.997
ARP1,ARP10,0.996
ARP1,ARP2,0.923
ARP1,ARP3,0.923
ARP1,ARP4,0.936
ARP1,DYN1,0.96
ARP1,JNM1,0.999
ARP1,NIP100,0.998
ARP1,SRV2,0.91
ARP10,ARP3,0.9
ARP10,ARP4,0.952
ARP10,JNM1,0.998
ARP10,NIP100,0.97
ARP2,ARP3,0.999
ARP2,PAN1,0.972
ARP3,PAN1,0.92
ARP4,ARP5,0.997
ARP4,ARP6,0.962
ARP4,ARP8,0.999
ARP4,ARP9,0.944
ARP4,EAF1,0.999
ARP4,EAF3,0.995
ARP4,EAF5,0.998
ARP4,EAF6,0.998
ARP4,EAF7,0.993
ARP4,EPL1,0.999
ARP4,ESA1,0.999
ARP4,HHF1,0.953
ARP4,HHT1,0.967
ARP4,HTA2,0.942
ARP4,HTZ1,0.946
ARP4,IES1,0.99
ARP4,IES3,0.991
ARP4,IES4,0.999
ARP4,INO80,0.999
ARP4,NHP10,0.997
ARP4,RSC6,0.95
ARP4,RSC8,0.947
ARP4,RVB1,0.999
ARP4,RVB2,0.999
ARP4,SAS2,0.941
ARP4,SAS4,0.907
ARP4,SAS5,0.925
ARP4,SFH1,0.946
ARP4,SNF12,0.95
ARP4,SNF2,0.979
ARP4,SNF5,0.973
ARP4,STH1,0.935
ARP4,SWC3,0.982
ARP4,SWC4,0.999
ARP4,SWC5,0.989
ARP4,SWC7,0.968
ARP4,SWI3,0.964
ARP4,SWR1,0.999
ARP4,TAF14,0.993
ARP4,TRA1,0.999
ARP4,VPS71,0.994
ARP4,VPS72,0.994
ARP4,YAF9,0.998
ARP4,YNG2,0.999
ARP5,ARP6,0.921
ARP5,ARP8,0.998
ARP5,DAD2,0.901
ARP5,DAD3,0.944
ARP5,HTB1,0.917
ARP5,IES1,0.995
ARP5,IES3,0.989
ARP5,IES4,0.969
ARP5,INO80,0.997
ARP5,MRPL11,0.903
ARP5,NHP10,0.992
ARP5,RVB1,0.999
ARP5,RVB2,0.999
ARP5,SWC3,0.904
ARP5,SWC4,0.901
ARP5,SWC5,0.903
ARP5,SWC7,0.901
ARP5,SWR1,0.952
ARP5,TAF14,0.979
ARP5,VPS71,0.9
ARP5,VPS72,0.917
ARP5,YAF9,0.925
ARP6,HHF1,0.928
ARP6,HHT1,0.922
ARP6,HTA1,0.933
ARP6,HTB1,0.938
ARP6,HTZ1,0.982
ARP6,IES1,0.905
ARP6,IES3,0.92
ARP6,IES4,0.9
ARP6,INO80,0.924
ARP6,NHP10,0.937
ARP6,RVB1,0.999
ARP6,RVB2,0.999
ARP6,SWC3,0.986
ARP6,SWC4,0.994
ARP6,SWC5,0.997
ARP6,SWC7,0.985
ARP6,SWR1,0.999
ARP6,TAF14,0.938
ARP6,VPS71,0.999
ARP6,VPS72,0.999
ARP6,YAF9,0.995
ARP7,ARP9,0.999
ARP7,HHF1,0.906
ARP7,HHT1,0.972
ARP7,HHT2,0.937
ARP7,HTL1,0.996
ARP7,LDB7,0.992
ARP7,NPL6,0.999
ARP7,RSC1,0.997
ARP7,RSC2,0.999
ARP7,RSC3,0.999
ARP7,RSC30,0.995
ARP7,RSC4,0.999
ARP7,RSC58,0.999
ARP7,RSC6,0.999
ARP7,RSC8,0.999
ARP7,RSC9,0.999
ARP7,RTT102,0.999
ARP7,RVB1,0.939
ARP7,RVB2,0.967
ARP7,SFH1,0.998
ARP7,SNF11,0.995
ARP7,SNF12,0.999
ARP7,SNF2,0.999
ARP7,SNF5,0.999
ARP7,SNF6,0.999
ARP7,STH1,0.999
ARP7,SWI1,0.999
ARP7,SWI3,0.999
ARP7,SWP82,0.999
ARP7,TAF14,0.998
ARP8,IES1,0.987
ARP8,IES3,0.989
ARP8,IES4,0.998
ARP8,INO80,0.998
ARP8,NHP10,0.989
ARP8,RVB1,0.989
ARP8,RVB2,0.991
ARP8,SWR1,0.948
ARP8,TAF14,0.972
ARP9,HHF1,0.95
ARP9,HHT1,0.948
ARP9,HTL1,0.997
ARP9,LDB7,0.995
ARP9,NPL6,0.999
ARP9,RSC1,0.998
ARP9,RSC2,0.999
ARP9,RSC3,0.999
ARP9,RSC30,0.995
ARP9,RSC4,0.999
ARP9,RSC58,0.999
ARP9,RSC6,0.999
ARP9,RSC8,0.999
ARP9,RSC9,0.999
ARP9,RTT102,0.999
ARP9,SFH1,0.997
ARP9,SNF11,0.987
ARP9,SNF12,0.999
ARP9,SNF2,0.999
ARP9,SNF5,0.999
ARP9,SNF6,0.999
ARP9,STH1,0.999
ARP9,SWI1,0.999
ARP9,SWI3,0.999
ARP9,SWP82,0.999
ARP9,TAF14,0.994
ASC1,CAM1,0.962
ASC1,CDC33,0.933
ASC1,EFB1,0.983
ASC1,EGD2,0.915
ASC1,ERV25,0.906
ASC1,GCD11,0.988
ASC1,GCN1,0.937
ASC1,GUS1,0.902
ASC1,HCR1,0.993
ASC1,LST8,0.908
ASC1,LTV1,0.999
ASC1,MRP2,0.947
ASC1,MRP4,0.968
ASC1,MRPL1,0.964
ASC1,MRPL10,0.974
ASC1,MRPL19,0.93
ASC1,MRPL22,0.95
ASC1,MRPL23,0.96
ASC1,MRPL38,0.965
ASC1,MRPL6,0.962
ASC1,MRPL7,0.975
ASC1,MRPL9,0.974
ASC1,MRPS17,0.965
ASC1,MRPS18,0.973
ASC1,MRPS28,0.973
ASC1,MRPS5,0.982
ASC1,MRPS8,0.948
ASC1,NAM9,0.955
ASC1,NIP1,0.999
ASC1,PRT1,0.999
ASC1,RML2,0.963
ASC1,RPG1,0.998
ASC1,RPL10,0.999
ASC1,RPL11A,0.999
ASC1,RPL11B,0.999
ASC1,RPL12A,0.998
ASC1,RPL12B,0.999
ASC1,RPL13A,0.999
ASC1,RPL13B,0.996
ASC1,RPL14A,0.999
ASC1,RPL14B,0.985
ASC1,RPL15A,0.999
ASC1,RPL15B,0.98
ASC1,RPL16A,0.999
ASC1,RPL16B,0.996
ASC1,RPL17A,0.999
ASC1,RPL17B,0.991
ASC1,RPL18A,0.998
ASC1,RPL18B,0.999
ASC1,RPL19A,0.997
ASC1,RPL19B,0.999
ASC1,RPL1A,0.998
ASC1,RPL1B,0.999
ASC1,RPL20A,0.999
ASC1,RPL20B,0.998
ASC1,RPL21A,0.999
ASC1,RPL21B,0.994
ASC1,RPL22A,0.999
ASC1,RPL22B,0.985
ASC1,RPL23A,0.999
ASC1,RPL23B,0.998
ASC1,RPL24A,0.999
ASC1,RPL24B,0.997
ASC1,RPL25,0.999
ASC1,RPL26A,0.999
ASC1,RPL26B,0.99
ASC1,RPL27A,0.999
ASC1,RPL27B,0.99
ASC1,RPL28,0.999
ASC1,RPL29,0.999
ASC1,RPL2A,0.999
ASC1,RPL2B,0.998
ASC1,RPL3,0.999
ASC1,RPL30,0.999
ASC1,RPL31A,0.999
ASC1,RPL31B,0.984
ASC1,RPL32,0.999
ASC1,RPL33A,0.999
ASC1,RPL33B,0.989
ASC1,RPL34A,0.999
ASC1,RPL34B,0.987
ASC1,RPL35A,0.997
ASC1,RPL35B,0.999
ASC1,RPL36A,0.999
ASC1,RPL36B,0.983
ASC1,RPL37A,0.999
ASC1,RPL37B,0.983
ASC1,RPL38,0.999
ASC1,RPL39,0.999
ASC1,RPL40A,0.999
ASC1,RPL40B,0.995
ASC1,RPL41A,0.909
ASC1,RPL41B,0.984
ASC1,RPL42A,0.99
ASC1,RPL42B,0.999
ASC1,RPL43A,0.996
ASC1,RPL43B,0.999
ASC1,RPL4A,0.999
ASC1,RPL4B,0.998
ASC1,RPL5,0.999
ASC1,RPL6A,0.999
ASC1,RPL6B,0.998
ASC1,RPL7A,0.999
ASC1,RPL7B,0.997
ASC1,RPL8A,0.999
ASC1,RPL8B,0.994
ASC1,RPL9A,0.999
ASC1,RPL9B,0.998
ASC1,RPP0,0.999
ASC1,RPP1A,0.999
ASC1,RPP1B,0.968
ASC1,RPP2A,0.997
ASC1,RPP2B,0.988
ASC1,RPS0A,0.999
ASC1,RPS0B,0.999
ASC1,RPS10A,0.999
ASC1,RPS10B,0.999
ASC1,RPS11A,0.999
ASC1,RPS11B,0.999
ASC1,RPS12,0.999
ASC1,RPS13,0.999
ASC1,RPS14A,0.999
ASC1,RPS14B,0.999
ASC1,RPS15,0.999
ASC1,RPS16A,0.999
ASC1,RPS16B,0.999
ASC1,RPS17A,0.999
ASC1,RPS17B,0.999
ASC1,RPS18A,0.999
ASC1,RPS18B,0.999
ASC1,RPS19A,0.999
ASC1,RPS19B,0.999
ASC1,RPS1A,0.999
ASC1,RPS1B,0.999
ASC1,RPS2,0.999
ASC1,RPS20,0.999
ASC1,RPS21A,0.999
ASC1,RPS21B,0.999
ASC1,RPS22A,0.999
ASC1,RPS22B,0.998
ASC1,RPS23A,0.999
ASC1,RPS23B,0.999
ASC1,RPS24A,0.999
ASC1,RPS24B,0.999
ASC1,RPS25A,0.999
ASC1,RPS25B,0.999
ASC1,RPS26A,0.999
ASC1,RPS26B,0.999
ASC1,RPS27A,0.999
ASC1,RPS27B,0.999
ASC1,RPS28A,0.999
ASC1,RPS28B,0.999
ASC1,RPS29A,0.999
ASC1,RPS29B,0.999
ASC1,RPS3,0.999
ASC1,RPS30A,0.999
ASC1,RPS30B,0.999
ASC1,RPS31,0.999
ASC1,RPS4A,0.999
ASC1,RPS4B,0.999
ASC1,RPS5,0.999
ASC1,RPS6A,0.999
ASC1,RPS6B,0.999
ASC1,RPS7A,0.999
ASC1,RPS7B,0.999
ASC1,RPS8A,0.999
ASC1,RPS8B,0.999
ASC1,RPS9A,0.999
ASC1,RPS9B,0.999
ASC1,RRN7,0.935
ASC1,RSM10,0.971
ASC1,RSM7,0.974
ASC1,SKI2,0.972
ASC1,SKI3,0.926
ASC1,SKI8,0.944
ASC1,SNU13,0.929
ASC1,SUI1,0.987
ASC1,SUI2,0.992
ASC1,SUI3,0.975
ASC1,SWS2,0.965
ASC1,TEF4,0.98
ASC1,TIF1,0.927
ASC1,TIF11,0.995
ASC1,TIF34,0.998
ASC1,TIF35,0.99
ASC1,TIF5,0.974
ASF1,CAC2,0.999
ASF1,GCN5,0.957
ASF1,HAT1,0.978
ASF1,HHF1,0.999
ASF1,HHF2,0.999
ASF1,HHT1,0.999
ASF1,HHT2,0.999
ASF1,HIF1,0.996
ASF1,HIR1,0.999
ASF1,HIR2,0.999
ASF1,HIR3,0.995
ASF1,HPC2,0.992
ASF1,HTZ1,0.971
ASF1,MCM2,0.99
ASF1,MSI1,0.951
ASF1,RAD53,0.999
ASF1,RLF2,0.994
ASF1,RTT109,0.999
ASF1,SAS2,0.949
ASF1,SAS4,0.946
ASF1,VPS75,0.991
ASH1,CTI6,0.969
ASH1,DEP1,0.972
ASH1,EAF3,0.925
ASH1,PHO23,0.981
ASH1,RCO1,0.925
ASH1,RPD3,0.989
ASH1,RXT2,0.984
ASH1,RXT3,0.941
ASH1,SAP30,0.929
ASH1,SDS3,0.973
ASH1,SIN3,0.983
ASH1,UME1,0.979
ASH1,UME6,0.95
ASK1,DAD1,0.999
ASK1,DAD2,0.999
ASK1,DAD3,0.999
ASK1,DAD4,0.998
ASK1,DAM1,0.999
ASK1,DSN1,0.971
ASK1,DUO1,0.998
ASK1,HSK3,0.997
ASK1,NDC80,0.924
ASK1,SPC19,0.999
ASK1,SPC24,0.931
ASK1,SPC34,0.999
ASK1,SPC97,0.982
ASK1,SPC98,0.982
ASK1,TUB4,0.963
ASM4,NIC96,0.991
ASM4,NSP1,0.997
ASM4,NUP120,0.947
ASM4,NUP145,0.995
ASM4,NUP159,0.998
ASM4,NUP170,0.999
ASM4,NUP49,0.997
ASM4,NUP53,0.999
ASM4,NUP57,0.998
ASM4,NUP82,0.969
ASM4,NUP84,0.96
ASM4,NUP85,0.986
ASM4,SEC13,0.92
ASM4,SEH1,0.952
ATG12,ATG16,0.999
ATG12,ATG5,0.999
ATG12,VPS15,0.982
ATG12,VPS30,0.995
ATG12,VPS34,0.987
ATG14,FIG4,0.9
ATG14,VAC14,0.9
ATG14,VPS15,0.999
ATG14,VPS30,0.999
ATG14,VPS34,0.999
ATG14,VPS38,0.998
ATG16,ATG5,0.999
ATG16,VPS15,0.948
ATG16,VPS30,0.986
ATG16,VPS34,0.954
ATG20,SNC1,0.938
ATG20,SNX4,0.999
ATG32,CKA1,0.929
ATG32,CKA2,0.9
ATG32,CKB1,0.926
ATG32,CKB2,0.9
ATG32,YME1,0.986
ATG5,VPS15,0.952
ATG5,VPS30,0.974
ATG5,VPS34,0.976
ATP1,ATP14,0.999
ATP1,ATP15,0.999
ATP1,ATP16,0.999
ATP1,ATP17,0.999
ATP1,ATP18,0.999
ATP1,ATP19,0.953
ATP1,ATP2,0.999
ATP1,ATP20,0.999
ATP1,ATP3,0.999
ATP1,ATP4,0.999
ATP1,ATP5,0.999
ATP1,ATP6,0.999
ATP1,ATP7,0.999
ATP1,ATP8,0.999
ATP1,COR1,0.972
ATP1,COX4,0.934
ATP1,COX6,0.983
ATP1,CYT1,0.995
ATP1,INH1,0.999
ATP1,KGD1,0.929
ATP1,MRPL9,0.908
ATP1,OLI1,0.999
ATP1,QCR2,0.977
ATP1,QCR7,0.911
ATP1,RIP1,0.906
ATP1,RML2,0.905
ATP1,RPL25,0.974
ATP1,RPL5,0.947
ATP1,RPS15,0.94
ATP1,RPS3,0.974
ATP1,TIM11,0.9
ATP1,VMA1,0.975
ATP1,VMA10,0.919
ATP1,VMA11,0.982
ATP1,VMA13,0.92
ATP1,VMA2,0.986
ATP1,VMA3,0.981
ATP1,VMA4,0.977
ATP1,VMA5,0.945
ATP1,VMA7,0.977
ATP14,ATP15,0.999
ATP14,ATP16,0.999
ATP14,ATP17,0.999
ATP14,ATP18,0.999
ATP14,ATP19,0.927
ATP14,ATP2,0.999
ATP14,ATP20,0.938
ATP14,ATP3,0.999
ATP14,ATP4,0.999
ATP14,ATP5,0.999
ATP14,ATP6,0.999
ATP14,ATP7,0.999
ATP14,ATP8,0.999
ATP14,OLI1,0.999
ATP14,TIM11,0.95
ATP15,ATP16,0.999
ATP15,ATP17,0.976
ATP15,ATP18,0.99
ATP15,ATP19,0.974
ATP15,ATP2,0.999
ATP15,ATP20,0.999
ATP15,ATP3,0.999
ATP15,ATP4,0.999
ATP15,ATP5,0.999
ATP15,ATP6,0.999
ATP15,ATP7,0.999
ATP15,ATP8,0.946
ATP15,COX8,0.92
ATP15,INH1,0.912
ATP15,OLI1,0.999
ATP15,TIM11,0.914
ATP15,VMA1,0.91
ATP15,VMA10,0.932
ATP15,VMA13,0.9
ATP15,VMA2,0.9
ATP15,VMA4,0.937
ATP15,VMA5,0.911
ATP15,VMA7,0.941
ATP16,ATP17,0.991
ATP16,ATP18,0.999
ATP16,ATP19,0.963
ATP16,ATP2,0.999
ATP16,ATP20,0.999
ATP16,ATP3,0.999
ATP16,ATP4,0.999
ATP16,ATP5,0.999
ATP16,ATP6,0.999
ATP16,ATP7,0.999
ATP16,ATP8,0.979
ATP16,COR1,0.918
ATP16,COX4,0.983
ATP16,COX5A,0.945
ATP16,COX6,0.981
ATP16,CYT1,0.993
ATP16,MNP1,0.953
ATP16,MRPL8,0.93
ATP16,OLI1,0.999
ATP16,QCR7,0.93
ATP16,QCR8,0.944
ATP16,RIP1,0.962
ATP16,SDH2,0.907
ATP16,VMA1,0.968
ATP16,VMA10,0.907
ATP16,VMA11,0.973
ATP16,VMA13,0.901
ATP16,VMA2,0.97
ATP16,VMA3,0.972
ATP16,VMA4,0.95
ATP16,VMA5,0.902
ATP16,VMA7,0.976
ATP17,ATP18,0.999
ATP17,ATP19,0.981
ATP17,ATP2,0.999
ATP17,ATP20,0.908
ATP17,ATP3,0.983
ATP17,ATP4,0.999
ATP17,ATP5,0.991
ATP17,ATP6,0.986
ATP17,ATP7,0.999
ATP17,ATP8,0.978
ATP17,OLI1,0.943
ATP17,TIM11,0.92
ATP18,ATP19,0.996
ATP18,ATP2,0.999
ATP18,ATP20,0.954
ATP18,ATP3,0.988
ATP18,ATP4,0.999
ATP18,ATP5,0.993
ATP18,ATP6,0.999
ATP18,ATP7,0.999
ATP18,ATP8,0.999
ATP18,OLI1,0.999
ATP18,TIM11,0.958
ATP19,ATP2,0.965
ATP19,ATP20,0.985
ATP19,ATP3,0.963
ATP19,ATP4,0.985
ATP19,ATP5,0.978
ATP19,ATP6,0.975
ATP19,ATP7,0.988
ATP19,ATP8,0.942
ATP19,OLI1,0.942
ATP19,TIM11,0.98
ATP2,ATP20,0.999
ATP2,ATP3,0.999
ATP2,ATP4,0.999
ATP2,ATP5,0.999
ATP2,ATP6,0.999
ATP2,ATP7,0.999
ATP2,ATP8,0.999
ATP2,BIR1,0.956
ATP2,COR1,0.97
ATP2,COX4,0.964
ATP2,COX6,0.914
ATP2,CYT1,0.987
ATP2,INH1,0.999
ATP2,OLI1,0.999
ATP2,QCR2,0.942
ATP2,RIP1,0.904
ATP2,TIM11,0.998
ATP2,TOM20,0.912
ATP2,TOM22,0.942
ATP2,VMA1,0.966
ATP2,VMA10,0.909
ATP2,VMA11,0.909
ATP2,VMA13,0.917
ATP2,VMA2,0.973
ATP2,VMA3,0.91
ATP2,VMA4,0.959
ATP2,VMA5,0.908
ATP2,VMA7,0.973
ATP20,ATP3,0.999
ATP20,ATP4,0.999
ATP20,ATP5,0.999
ATP20,ATP6,0.997
ATP20,ATP7,0.999
ATP20,COX13,0.909
ATP20,COX4,0.922
ATP20,COX6,0.919
ATP20,COX8,0.988
ATP20,OLI1,0.996
ATP20,QCR7,0.956
ATP20,QCR8,0.951
ATP20,QCR9,0.959
ATP20,TIM11,0.999
ATP20,VMA11,0.957
ATP20,VMA3,0.958
ATP3,ATP4,0.999
ATP3,ATP5,0.999
ATP3,ATP6,0.999
ATP3,ATP7,0.999
ATP3,ATP8,0.956
ATP3,COR1,0.943
ATP3,COX4,0.971
ATP3,COX5A,0.929
ATP3,COX6,0.988
ATP3,CYT1,0.982
ATP3,INH1,0.947
ATP3,LSC1,0.949
ATP3,OLI1,0.999
ATP3,PDB1,0.9
ATP3,QCR2,0.96
ATP3,QCR7,0.971
ATP3,RIP1,0.962
ATP3,RPL25,0.939
ATP3,RPL5,0.948
ATP3,RPS15,0.94
ATP3,RPS3,0.958
ATP3,SDH2,0.976
ATP3,VMA1,0.968
ATP3,VMA10,0.924
ATP3,VMA11,0.971
ATP3,VMA13,0.922
ATP3,VMA2,0.99
ATP3,VMA3,0.972
ATP3,VMA4,0.963
ATP3,VMA5,0.923
ATP3,VMA7,0.976
ATP4,ATP5,0.999
ATP4,ATP6,0.999
ATP4,ATP7,0.999
ATP4,ATP8,0.999
ATP4,COX6,0.974
ATP4,CYT1,0.918
ATP4,INH1,0.995
ATP4,OLI1,0.999
ATP4,QCR2,0.958
ATP4,QCR7,0.977
ATP4,RIP1,0.966
ATP4,STV1,0.925
ATP4,TIM11,0.999
ATP4,VMA11,0.986
ATP4,VMA3,0.985
ATP4,VMA6,0.914
ATP4,VPH1,0.925
ATP5,ATP6,0.999
ATP5,ATP7,0.999
ATP5,ATP8,0.979
ATP5,COR1,0.944
ATP5,COX4,0.983
ATP5,COX6,0.99
ATP5,COX8,0.928
ATP5,CYT1,0.988
ATP5,MNP1,0.917
ATP5,MRP17,0.909
ATP5,OLI1,0.999
ATP5,QCR2,0.98
ATP5,QCR7,0.97
ATP5,QCR8,0.935
ATP5,RIP1,0.976
ATP5,RML2,0.908
ATP5,RPL25,0.941
ATP5,RPL5,0.945
ATP5,RPS15,0.928
ATP5,RPS3,0.961
ATP5,STV1,0.961
ATP5,VMA11,0.997
ATP5,VMA3,0.997
ATP5,VMA6,0.912
ATP5,VPH1,0.961
ATP6,ATP7,0.999
ATP6,ATP8,0.999
ATP6,BI3,0.907
ATP6,BI4,0.948
ATP6,COB,0.999
ATP6,COX1,0.997
ATP6,COX13,0.927
ATP6,COX2,0.998
ATP6,COX3,0.999
ATP6,OLI1,0.999
ATP6,RPS3,0.93
ATP6,STV1,0.962
ATP6,TIM11,0.909
ATP6,VAR1,0.974
ATP6,VMA11,0.998
ATP6,VMA3,0.998
ATP6,VMA6,0.903
ATP6,VPH1,0.964
ATP7,ATP8,0.999
ATP7,COX12,0.914
ATP7,COX13,0.947
ATP7,COX4,0.983
ATP7,COX5A,0.909
ATP7,COX6,0.99
ATP7,COX8,0.959
ATP7,EGD2,0.934
ATP7,OLI1,0.999
ATP7,QCR7,0.985
ATP7,QCR8,0.95
ATP7,QCR9,0.946
ATP7,STV1,0.901
ATP7,TIM11,0.93
ATP7,VMA11,0.987
ATP7,VMA3,0.987
ATP7,VMA6,0.905
ATP7,VPH1,0.906
ATP8,COX1,0.938
ATP8,COX2,0.937
ATP8,OLI1,0.999
ATP8,VAR1,0.92
AVO1,AVO2,0.999
AVO1,BIT61,0.999
AVO1,KOG1,0.983
AVO1,LST8,0.999
AVO1,SLM1,0.988
AVO1,TCO89,0.962
AVO1,TOR1,0.997
AVO1,TOR2,0.999
AVO1,TSC11,0.999
AVO2,BIT61,0.999
AVO2,KOG1,0.953
AVO2,LST8,0.999
AVO2,SLM1,0.998
AVO2,TCO89,0.953
AVO2,TOR1,0.944
AVO2,TOR2,0.999
AVO2,TSC11,0.999
BBP1,MPS2,0.997
BBP1,NBP1,0.977
BBP1,SPC29,0.989
BBP1,SPC42,0.924
BCH1,BCH2,0.991
BCH1,BUD7,0.987
BCH1,CHS5,0.999
BCH1,CHS6,0.994
BCH2,BUD7,0.97
BCH2,CHS5,0.999
BCH2,CHS6,0.999
BCY1,CYR1,0.992
BCY1,GLC7,0.926
BCY1,RRP43,0.911
BCY1,TPK1,0.999
BCY1,TPK2,0.999
BCY1,TPK3,0.999
BDP1,BRF1,0.999
BDP1,RET1,0.98
BDP1,RPB10,0.906
BDP1,RPB5,0.91
BDP1,RPB8,0.92
BDP1,RPC10,0.915
BDP1,RPC11,0.908
BDP1,RPC17,0.985
BDP1,RPC19,0.936
BDP1,RPC25,0.956
BDP1,RPC31,0.962
BDP1,RPC34,0.991
BDP1,RPC37,0.989
BDP1,RPC40,0.949
BDP1,RPC53,0.968
BDP1,RPC82,0.975
BDP1,RPO26,0.919
BDP1,RPO31,0.988
BDP1,SPT15,0.999
BDP1,TFC1,0.988
BDP1,TFC3,0.994
BDP1,TFC4,0.999
BDP1,TFC6,0.985
BDP1,TFC7,0.95
BDP1,TFC8,0.998
BET2,BET4,0.999
BET2,SEC4,0.981
BET3,BET5,0.999
BET3,SEC23,0.956
BET3,TRS120,0.999
BET3,TRS130,0.999
BET3,TRS20,0.999
BET3,TRS23,0.999
BET3,TRS31,0.999
BET3,TRS33,0.999
BET3,TRS65,0.999
BET3,TRS85,0.999
BET5,TRS120,0.999
BET5,TRS130,0.999
BET5,TRS20,0.999
BET5,TRS23,0.999
BET5,TRS31,0.999
BET5,TRS33,0.999
BET5,TRS65,0.999
BET5,TRS85,0.999
BFA1,BUB1,0.945
BFA1,BUB2,0.999
BFA1,BUB3,0.936
BFA1,CDC14,0.97
BFA1,CDC55,0.997
BFA1,DBF2,0.921
BFA1,LTE1,0.981
BFA1,MAD1,0.914
BFA1,MAD2,0.958
BFA1,MAD3,0.949
BFA1,MTR4,0.97
BFA1,NUD1,0.905
BFA1,SPC72,0.963
BI3,BI4,0.969
BI3,COB,0.957
BI3,COX1,0.977
BI3,COX2,0.994
BI3,COX3,0.986
BI3,COX4,0.901
BI3,CYT1,0.999
BI3,MRS1,0.924
BI3,QCR2,0.939
BI3,QCR7,0.942
BI3,QCR9,0.944
BI3,RIP1,0.998
BI4,COB,0.97
BI4,COX1,0.989
BI4,COX12,0.906
BI4,COX2,0.996
BI4,COX3,0.991
BI4,COX4,0.901
BI4,CYT1,0.998
BI4,NAM2,0.941
BI4,OLI1,0.94
BI4,QCR2,0.939
BI4,QCR7,0.942
BI4,QCR8,0.924
BI4,QCR9,0.949
BI4,RIP1,0.999
BIR1,CBF2,0.991
BIR1,IPL1,0.999
BIR1,SLI15,0.999
BIT61,KOG1,0.965
BIT61,LST8,0.999
BIT61,SLM1,0.993
BIT61,TCO89,0.981
BIT61,TOR1,0.968
BIT61,TOR2,0.999
BIT61,TSC11,0.999
BNI4,GLC7,0.979
BRE1,HHT1,0.939
BRE1,HTB1,0.969
BRE1,HTB2,0.958
BRE1,HTZ1,0.909
BRE1,LGE1,0.996
BRE1,RAD6,0.999
BRE1,RTF1,0.969
BRE1,SET1,0.97
BRE1,SWD2,0.957
BRE1,SWD3,0.939
BRE1,UBP8,0.935
BRE2,HHF1,0.943
BRE2,HHF2,0.942
BRE2,HHT1,0.983
BRE2,HHT2,0.981
BRE2,HTA2,0.905
BRE2,RPL40A,0.922
BRE2,RPL40B,0.922
BRE2,RPS31,0.98
BRE2,SDC1,0.999
BRE2,SET1,0.999
BRE2,SHG1,0.999
BRE2,SNF6,0.941
BRE2,SPP1,0.999
BRE2,SWD1,0.999
BRE2,SWD2,0.999
BRE2,SWD3,0.999
BRE5,MUD1,0.994
BRE5,NAM8,0.994
BRE5,UBP3,0.999
BRF1,RET1,0.992
BRF1,RPB10,0.924
BRF1,RPB5,0.941
BRF1,RPB8,0.951
BRF1,RPC10,0.982
BRF1,RPC11,0.944
BRF1,RPC17,0.972
BRF1,RPC19,0.959
BRF1,RPC25,0.96
BRF1,RPC31,0.983
BRF1,RPC34,0.999
BRF1,RPC37,0.975
BRF1,RPC40,0.979
BRF1,RPC53,0.991
BRF1,RPC82,0.992
BRF1,RPO26,0.959
BRF1,RPO31,0.994
BRF1,RRN11,0.928
BRF1,RRN6,0.92
BRF1,RRN7,0.967
BRF1,SPT15,0.999
BRF1,TFC1,0.994
BRF1,TFC3,0.993
BRF1,TFC4,0.999
BRF1,TFC6,0.986
BRF1,TFC7,0.978
BRF1,TFC8,0.998
BRN1,SMC1,0.942
BRN1,SMC2,0.999
BRN1,SMC3,0.968
BRN1,SMC4,0.999
BRN1,YCG1,0.999
BRN1,YCS4,0.999
BRR2,BUD13,0.999
BRR2,CBC2,0.976
BRR2,CEF1,0.999
BRR2,CLF1,0.999
BRR2,CUS1,0.999
BRR2,DIB1,0.999
BRR2,HSH155,0.999
BRR2,HSH49,0.999
BRR2,IST3,0.999
BRR2,ISY1,0.999
BRR2,LEA1,0.999
BRR2,LIN1,0.999
BRR2,LSM2,0.999
BRR2,LSM3,0.999
BRR2,LSM4,0.999
BRR2,LSM5,0.999
BRR2,LSM6,0.999
BRR2,LSM7,0.999
BRR2,LSM8,0.999
BRR2,MSL1,0.999
BRR2,MUD1,0.994
BRR2,NAM8,0.996
BRR2,NTC20,0.928
BRR2,PML1,0.999
BRR2,PRP11,0.999
BRR2,PRP18,0.999
BRR2,PRP19,0.999
BRR2,PRP21,0.999
BRR2,PRP24,0.929
BRR2,PRP28,0.999
BRR2,PRP3,0.999
BRR2,PRP31,0.999
BRR2,PRP38,0.999
BRR2,PRP4,0.999
BRR2,PRP43,0.979
BRR2,PRP6,0.999
BRR2,PRP8,0.999
BRR2,PRP9,0.999
BRR2,RDS3,0.999
BRR2,RRI1,0.923
BRR2,RSE1,0.999
BRR2,SMB1,0.999
BRR2,SMD1,0.999
BRR2,SMD2,0.999
BRR2,SMD3,0.999
BRR2,SME1,0.999
BRR2,SMX2,0.999
BRR2,SMX3,0.999
BRR2,SNP1,0.948
BRR2,SNT309,0.999
BRR2,SNU114,0.999
BRR2,SNU13,0.999
BRR2,SNU23,0.999
BRR2,SNU66,0.999
BRR2,SPP381,0.999
BRR2,STO1,0.933
BRR2,SUB2,0.918
BRR2,SYF1,0.999
BRR2,SYF2,0.999
BRR2,YHC1,0.938
BRR2,YSF3,0.999
BTT1,CAF130,0.991
BTT1,CAF40,0.941
BTT1,CCR4,0.948
BTT1,CDC39,0.964
BTT1,EGD1,0.963
BTT1,EGD2,0.999
BTT1,NIC96,0.904
BTT1,NOT5,0.955
BTT1,RPL10,0.902
BTT1,RPL25,0.918
BTT1,SSO1,0.911
BUB1,BUB2,0.99
BUB1,BUB3,0.999
BUB1,CDC16,0.957
BUB1,CDC20,0.999
BUB1,CDC23,0.98
BUB1,CDC27,0.969
BUB1,CDC28,0.951
BUB1,CDH1,0.919
BUB1,CLB5,0.997
BUB1,DOC1,0.951
BUB1,ESP1,0.971
BUB1,HHT1,0.909
BUB1,MAD1,0.998
BUB1,MAD2,0.999
BUB1,NDC80,0.987
BUB1,NUF2,0.954
BUB1,RTS1,0.959
BUB1,SLI15,0.911
BUB1,SWI6,0.995
BUB2,BUB3,0.99
BUB2,CDC14,0.999
BUB2,CDC16,0.941
BUB2,CDC55,0.996
BUB2,DBF2,0.976
BUB2,DYN1,0.944
BUB2,LTE1,0.99
BUB2,MAD1,0.938
BUB2,MAD2,0.995
BUB2,MAD3,0.973
BUB2,MOB1,0.911
BUB2,NUD1,0.968
BUB3,CDC16,0.949
BUB3,CDC20,0.999
BUB3,CDC23,0.97
BUB3,CDC27,0.998
BUB3,CDC28,0.921
BUB3,CLB5,0.996
BUB3,DOC1,0.922
BUB3,ESP1,0.949
BUB3,IPL1,0.952
BUB3,MAD1,0.992
BUB3,MAD2,0.999
BUB3,MAD3,0.999
BUB3,NDC80,0.961
BUB3,SWI4,0.994
BUB3,SWI6,0.994
BUD13,CEF1,0.999
BUD13,CLF1,0.985
BUD13,CUS1,0.996
BUD13,HSH155,0.993
BUD13,HSH49,0.987
BUD13,IST3,0.999
BUD13,ISY1,0.96
BUD13,LEA1,0.986
BUD13,MUD2,0.927
BUD13,PML1,0.999
BUD13,PRP11,0.995
BUD13,PRP19,0.999
BUD13,PRP21,0.986
BUD13,PRP3,0.903
BUD13,PRP8,0.989
BUD13,PRP9,0.98
BUD13,RDS3,0.992
BUD13,RSE1,0.98
BUD13,SMB1,0.965
BUD13,SMD1,0.934
BUD13,SMD2,0.938
BUD13,SMD3,0.904
BUD13,SME1,0.947
BUD13,SMX2,0.934
BUD13,SMX3,0.932
BUD13,SNT309,0.999
BUD13,SNU114,0.981
BUD13,SNU23,0.938
BUD13,SNU66,0.96
BUD13,SPP381,0.935
BUD13,SYF1,0.968
BUD13,YSF3,0.984
BUD14,GLC7,0.979
BUD14,KEL1,0.999
BUD14,KEL2,0.999
BUD32,CGI121,0.999
BUD32,GON7,0.999
BUD32,KAE1,0.999
BUD32,PCC1,0.999
BUD6,CDC42,0.938
BUD6,PEA2,0.999
BUD6,SPA2,0.999
BUD7,CHS5,0.999
BUD7,CHS6,0.992
BUG1,GRH1,0.995
BUL1,RSP5,0.999
BUL2,RSP5,0.998
BUR2,CDC73,0.943
BUR2,CTK1,0.992
BUR2,CTK2,0.976
BUR2,CTK3,0.919
BUR2,CTR9,0.901
BUR2,LEO1,0.915
BUR2,RPO21,0.959
BUR2,SGV1,0.999
BUR2,SPT4,0.949
BUR2,SPT5,0.963
BUR6,MOT1,0.986
BUR6,NCB2,0.999
BUR6,SPT15,0.998
CAC2,HHF1,0.918
CAC2,HHT1,0.976
CAC2,MSI1,0.999
CAC2,RLF2,0.999
CAF130,CAF40,0.999
CAF130,CCR4,0.991
CAF130,CDC36,0.999
CAF130,CDC39,0.999
CAF130,MOT2,0.999
CAF130,NOT3,0.999
CAF130,NOT5,0.999
CAF130,POP2,0.993
CAF130,RRP42,0.994
CAF130,SKI6,0.994
CAF40,CCR4,0.999
CAF40,CDC36,0.999
CAF40,CDC39,0.999
CAF40,MOT2,0.999
CAF40,MTR4,0.995
CAF40,NOT3,0.999
CAF40,NOT5,0.999
CAF40,PAP2,0.994
CAF40,POP2,0.999
CAM1,EFB1,0.999
CAM1,EGD2,0.935
CAM1,MRPS5,0.911
CAM1,RPL19A,0.915
CAM1,RPL19B,0.915
CAM1,RPL25,0.914
CAM1,RPL3,0.942
CAM1,RPL4A,0.909
CAM1,RPL4B,0.908
CAM1,RPL5,0.963
CAM1,RPL6A,0.926
CAM1,RPL6B,0.926
CAM1,RPP0,0.972
CAM1,RPP1A,0.9
CAM1,RPP1B,0.901
CAM1,RPS0A,0.94
CAM1,RPS0B,0.94
CAM1,RPS2,0.973
CAM1,RPS20,0.932
CAM1,RPS3,0.967
CAM1,RPS4B,0.913
CAM1,RPS8A,0.904
CAM1,RPS8B,0.904
CAM1,TEF1,0.991
CAM1,TEF2,0.997
CAM1,TEF4,0.946
CBC2,CDC33,0.974
CBC2,CEF1,0.978
CBC2,CUS1,0.998
CBC2,DCP1,0.906
CBC2,DCP2,0.945
CBC2,HPR1,0.995
CBC2,HSH155,0.98
CBC2,HSH49,0.943
CBC2,LEA1,0.999
CBC2,LUC7,0.999
CBC2,MEX67,0.998
CBC2,MFT1,0.994
CBC2,MSL1,0.997
CBC2,MSL5,0.994
CBC2,MTR2,0.994
CBC2,MUD1,0.999
CBC2,MUD2,0.997
CBC2,NAM7,0.901
CBC2,NAM8,0.999
CBC2,PRP11,0.998
CBC2,PRP21,0.997
CBC2,PRP39,0.999
CBC2,PRP40,0.999
CBC2,PRP42,0.999
CBC2,PRP8,0.976
CBC2,PRP9,0.998
CBC2,RSE1,0.998
CBC2,SMB1,0.985
CBC2,SMD1,0.997
CBC2,SMD2,0.999
CBC2,SMD3,0.998
CBC2,SME1,0.999
CBC2,SMX2,0.999
CBC2,SMX3,0.999
CBC2,SNP1,0.999
CBC2,SNU114,0.975
CBC2,SNU56,0.999
CBC2,SNU71,0.999
CBC2,STO1,0.999
CBC2,THO2,0.997
CBC2,THP2,0.994
CBC2,TIF4631,0.96
CBC2,YHC1,0.999
CBC2,YRA1,0.959
CBF1,CBF2,0.993
CBF1,CEP3,0.993
CBF1,CTF13,0.979
CBF1,MET28,0.999
CBF1,MET31,0.994
CBF1,MET32,0.992
CBF1,MET4,0.999
CBF1,SKP1,0.957
CBF2,CEP3,0.999
CBF2,CTF13,0.999
CBF2,CTF19,0.955
CBF2,DSN1,0.959
CBF2,IPL1,0.967
CBF2,ISY1,0.962
CBF2,SKP1,0.999
CBF2,SLI15,0.951
CBK1,CDC14,0.995
CBK1,HYM1,0.991
CBK1,KIC1,0.916
CBK1,MOB1,0.987
CBK1,MOB2,0.999
CBK1,SOG2,0.985
CCL1,CDC28,0.978
CCL1,CTK1,0.941
CCL1,CTK2,0.959
CCL1,CTK3,0.923
CCL1,KIN28,0.999
CCL1,RAD3,0.999
CCL1,RPB10,0.919
CCL1,RPB2,0.954
CCL1,RPB3,0.939
CCL1,RPB4,0.946
CCL1,RPB5,0.927
CCL1,RPB7,0.935
CCL1,RPB8,0.923
CCL1,RPB9,0.952
CCL1,RPC10,0.931
CCL1,RPO21,0.993
CCL1,RPO26,0.929
CCL1,SSL1,0.999
CCL1,SSL2,0.999
CCL1,SSN3,0.905
CCL1,TFA1,0.999
CCL1,TFA2,0.999
CCL1,TFB1,0.999
CCL1,TFB2,0.998
CCL1,TFB3,0.999
CCL1,TFB4,0.999
CCL1,TFB5,0.955
CCL1,TFG1,0.925
CCL1,TFG2,0.923
CCL1,TOA2,0.943
CCR4,CDC36,0.999
CCR4,CDC39,0.999
CCR4,CDC73,0.998
CCR4,DCP1,0.901
CCR4,HPR1,0.913
CCR4,MOT2,0.999
CCR4,NOT3,0.999
CCR4,NOT5,0.999
CCR4,PAF1,0.998
CCR4,PAN2,0.985
CCR4,PAN3,0.957
CCR4,POP2,0.999
CCR4,RPO21,0.996
CCS1,SOD1,0.999
CCT2,CCT3,0.999
CCT2,CCT4,0.999
CCT2,CCT5,0.999
CCT2,CCT6,0.999
CCT2,CCT7,0.999
CCT2,CCT8,0.999
CCT2,GIM3,0.945
CCT2,GIM5,0.909
CCT2,TCP1,0.999
CCT3,CCT4,0.999
CCT3,CCT5,0.999
CCT3,CCT6,0.999
CCT3,CCT7,0.999
CCT3,CCT8,0.999
CCT3,TCP1,0.999
CCT4,CCT5,0.999
CCT4,CCT6,0.999
CCT4,CCT7,0.999
CCT4,CCT8,0.999
CCT4,FAR8,0.902
CCT4,GIM3,0.949
CCT4,GIM5,0.98
CCT4,TCP1,0.999
CCT4,YKE2,0.945
CCT5,CCT6,0.999
CCT5,CCT7,0.999
CCT5,CCT8,0.999
CCT5,GIM3,0.929
CCT5,TCP1,0.999
CCT6,CCT7,0.999
CCT6,CCT8,0.999
CCT6,GIM5,0.939
CCT6,TCP1,0.999
CCT7,CCT8,0.999
CCT7,FAR8,0.901
CCT7,GIM3,0.924
CCT7,TCP1,0.999
CCT8,TCP1,0.999
CCZ1,MON1,0.999
CCZ1,PEP3,0.998
CCZ1,PEP5,0.999
CCZ1,VAM3,0.934
CCZ1,VAM6,0.999
CCZ1,VAM7,0.932
CCZ1,VPS16,0.998
CCZ1,VPS33,0.998
CCZ1,VPS41,0.998
CDC14,CDC20,0.958
CDC14,CDC28,0.995
CDC14,CDC55,0.943
CDC14,CDH1,0.997
CDC14,CLB2,0.999
CDC14,CLB5,0.903
CDC14,CSM1,0.922
CDC14,DBF2,0.999
CDC14,ESP1,0.998
CDC14,LRS4,0.973
CDC14,LTE1,0.993
CDC14,MOB1,0.995
CDC14,NET1,0.999
CDC14,NUD1,0.907
CDC14,PDS1,0.927
CDC14,SIR2,0.999
CDC14,SIR3,0.947
CDC14,SIR4,0.95
CDC14,SLI15,0.964
CDC16,CDC20,0.999
CDC16,CDC23,0.999
CDC16,CDC26,0.999
CDC16,CDC27,0.999
CDC16,CDC28,0.998
CDC16,CDC4,0.935
CDC16,CDH1,0.999
CDC16,CLB2,0.906
CDC16,DOC1,0.999
CDC16,MAD2,0.996
CDC16,MAD3,0.977
CDC16,MND2,0.999
CDC16,PDS1,0.995
CDC16,PPH21,0.994
CDC16,SLX5,0.902
CDC16,SLX8,0.9
CDC16,SWM1,0.999
CDC20,CDC23,0.999
CDC20,CDC26,0.906
CDC20,CDC27,0.999
CDC20,CDC28,0.992
CDC20,CDC4,0.919
CDC20,CDH1,0.986
CDC20,CLB1,0.977
CDC20,CLB2,0.995
CDC20,CLB5,0.999
CDC20,CLB6,0.957
CDC20,DOC1,0.994
CDC20,ESP1,0.981
CDC20,IPL1,0.922
CDC20,MAD1,0.981
CDC20,MAD2,0.999
CDC20,MAD3,0.999
CDC20,MND2,0.916
CDC20,PDS1,0.999
CDC20,SWM1,0.998
CDC23,CDC26,0.999
CDC23,CDC27,0.999
CDC23,CDC28,0.998
CDC23,CDC4,0.954
CDC23,CDH1,0.999
CDC23,CLB2,0.985
CDC23,DOC1,0.999
CDC23,MAD2,0.99
CDC23,MAD3,0.983
CDC23,MND2,0.999
CDC23,PDS1,0.997
CDC23,SLX5,0.907
CDC23,SLX8,0.9
CDC23,SWM1,0.999
CDC24,CDC42,0.999
CDC24,FAR1,0.999
CDC24,FUS3,0.948
CDC24,STE11,0.987
CDC24,STE18,0.995
CDC24,STE20,0.997
CDC24,STE4,0.999
CDC24,STE5,0.969
CDC24,STE7,0.953
CDC26,CDC27,0.999
CDC26,CDC4,0.9
CDC26,CDH1,0.992
CDC26,DOC1,0.999
CDC26,MND2,0.999
CDC26,PDS1,0.94
CDC26,SLX5,0.9
CDC26,SLX8,0.9
CDC26,SWM1,0.999
CDC27,CDC28,0.999
CDC27,CDC4,0.932
CDC27,CDH1,0.999
CDC27,CLB2,0.944
CDC27,CLB5,0.903
CDC27,DOC1,0.999
CDC27,MAD2,0.991
CDC27,MAD3,0.979
CDC27,MND2,0.999
CDC27,PDS1,0.993
CDC27,POL3,0.958
CDC27,PPH21,0.995
CDC27,SLX5,0.904
CDC27,SLX8,0.907
CDC27,SWM1,0.999
CDC28,CDC4,0.923
CDC28,CDC53,0.901
CDC28,CDC55,0.999
CDC28,CDC7,0.96
CDC28,CDH1,0.988
CDC28,CLB1,0.999
CDC28,CLB2,0.999
CDC28,CLB3,0.999
CDC28,CLB4,0.998
CDC28,CLB5,0.999
CDC28,CLB6,0.999
CDC28,CLN1,0.999
CDC28,CLN2,0.999
CDC28,CLN3,0.999
CDC28,DBF4,0.989
CDC28,DPB11,0.921
CDC28,ESP1,0.985
CDC28,FAR1,0.998
CDC28,LTE1,0.928
CDC28,MAD2,0.916
CDC28,MCM2,0.907
CDC28,MCM3,0.97
CDC28,MCM4,0.958
CDC28,MCM5,0.901
CDC28,NET1,0.951
CDC28,ORC1,0.902
CDC28,ORC2,0.992
CDC28,ORC6,0.983
CDC28,PDS1,0.979
CDC28,PHO80,0.972
CDC28,RAD53,0.996
CDC28,RPO21,0.912
CDC28,SLD2,0.975
CDC28,SPC110,0.922
CDC28,SSN8,0.919
CDC28,SWI4,0.997
CDC28,SWI6,0.998
CDC33,CHD1,0.901
CDC33,DCP2,0.908
CDC33,MUD1,0.994
CDC33,NAM7,0.913
CDC33,NAM8,0.995
CDC33,PRT1,0.99
CDC33,RPS3,0.926
CDC33,STO1,0.99
CDC33,SUI2,0.943
CDC33,TIF1,0.999
CDC33,TIF4631,0.999
CDC33,TIF5,0.994
CDC34,CDC4,0.996
CDC34,CDC53,0.999
CDC34,GRR1,0.902
CDC34,HRT1,0.999
CDC34,RPL40A,0.978
CDC34,RPL40B,0.945
CDC34,RPS31,0.994
CDC34,SKP1,0.999
CDC36,CDC39,0.999
CDC36,MOT2,0.999
CDC36,MTR4,0.994
CDC36,NOT3,0.999
CDC36,NOT5,0.999
CDC36,POP2,0.999
CDC36,RPO21,0.996
CDC36,RRP42,0.994
CDC36,SKI6,0.995
CDC39,MOT2,0.999
CDC39,NOT3,0.999
CDC39,NOT5,0.999
CDC39,POP2,0.999
CDC4,CDC53,0.999
CDC4,CLN2,0.923
CDC4,DOC1,0.918
CDC4,FAR1,0.984
CDC4,GRR1,0.988
CDC4,HRT1,0.999
CDC4,MND2,0.9
CDC4,SKP1,0.999
CDC4,SLX5,0.92
CDC4,SLX8,0.9
CDC4,SWM1,0.9
CDC42,EXO70,0.993
CDC42,FAR1,0.948
CDC42,LTE1,0.905
CDC42,SEC10,0.924
CDC42,SEC15,0.979
CDC42,SEC3,0.996
CDC42,SEC5,0.912
CDC42,SEC8,0.958
CDC42,SPA2,0.973
CDC42,STE11,0.982
CDC42,STE20,0.999
CDC43,RAM2,0.999
CDC48,CDC53,0.914
CDC48,DER1,0.999
CDC48,FZO1,0.906
CDC48,HDA1,0.923
CDC48,HRD1,0.999
CDC48,HRD3,0.999
CDC48,MMM1,0.91
CDC48,NPL4,0.999
CDC48,POL1,0.903
CDC48,POL12,0.904
CDC48,POL3,0.906
CDC48,POL31,0.906
CDC48,POL32,0.9
CDC48,PRE1,0.997
CDC48,PRI1,0.903
CDC48,PRI2,0.901
CDC48,RAD23,0.982
CDC48,RFA1,0.922
CDC48,RFA2,0.917
CDC48,RFA3,0.9
CDC48,RPL40A,0.976
CDC48,RPL40B,0.913
CDC48,RPN10,0.924
CDC48,RPN11,0.935
CDC48,RPO21,0.997
CDC48,RPS31,0.925
CDC48,SAM35,0.906
CDC48,SAM37,0.909
CDC48,SAM50,0.929
CDC48,TOM20,0.916
CDC48,TOM22,0.926
CDC48,TOM40,0.948
CDC48,TOM5,0.9
CDC48,TOM7,0.903
CDC48,TOM70,0.936
CDC48,UFD1,0.999
CDC48,USA1,0.999
CDC48,YOS9,0.999
CDC53,CDC55,0.995
CDC53,CLN1,0.955
CDC53,CLN2,0.984
CDC53,FAR1,0.936
CDC53,GRR1,0.999
CDC53,HRT1,0.999
CDC53,RRI1,0.981
CDC53,SKP1,0.999
CDC55,CDH1,0.995
CDC55,CLB5,0.996
CDC55,CLN1,0.996
CDC55,CLN2,0.996
CDC55,CMP2,0.958
CDC55,CNA1,0.956
CDC55,CNB1,0.909
CDC55,DBF2,0.996
CDC55,ESP1,0.999
CDC55,GRR1,0.996
CDC55,LTE1,0.996
CDC55,MOB1,0.996
CDC55,NET1,0.999
CDC55,PDS1,0.998
CDC55,PPH21,0.999
CDC55,PPH3,0.994
CDC55,PSY2,0.932
CDC55,PSY4,0.944
CDC55,RAD53,0.995
CDC55,RRD2,0.965
CDC55,RTS1,0.999
CDC55,SIT4,0.997
CDC55,SKP1,0.994
CDC55,SWI4,0.995
CDC55,TPD3,0.999
CDC7,DBF4,0.999
CDC7,DPB11,0.931
CDC7,MCM2,0.999
CDC7,MCM3,0.999
CDC7,MCM4,0.999
CDC7,MCM5,0.999
CDC7,MCM6,0.999
CDC7,MCM7,0.999
CDC7,ORC2,0.964
CDC7,ORC5,0.923
CDC7,RAD53,0.999
CDC73,CTK1,0.937
CDC73,CTK2,0.913
CDC73,CTR9,0.999
CDC73,LEO1,0.999
CDC73,PAF1,0.999
CDC73,POB3,0.999
CDC73,RPB10,0.957
CDC73,RPB11,0.975
CDC73,RPB2,0.988
CDC73,RPB3,0.98
CDC73,RPB4,0.961
CDC73,RPB5,0.968
CDC73,RPB7,0.966
CDC73,RPB8,0.974
CDC73,RPB9,0.957
CDC73,RPC10,0.949
CDC73,RPO21,0.997
CDC73,RPO26,0.961
CDC73,RTF1,0.999
CDC73,SKI8,0.999
CDC73,SPT16,0.999
CDC73,SPT4,0.997
CDC73,SPT5,0.999
CDH1,CLB1,0.936
CDH1,CLB2,0.996
CDH1,CLB3,0.958
CDH1,CLB5,0.998
CDH1,CLN2,0.943
CDH1,DOC1,0.999
CDH1,MAD1,0.998
CDH1,MAD2,0.999
CDH1,MND2,0.968
CDH1,PDS1,0.998
CDH1,SWI6,0.995
CDH1,SWM1,0.994
CEF1,CLF1,0.999
CEF1,CUS1,0.998
CEF1,HSH155,0.999
CEF1,HSH49,0.972
CEF1,IST3,0.999
CEF1,ISY1,0.999
CEF1,LEA1,0.999
CEF1,MAK31,0.912
CEF1,MSL1,0.999
CEF1,MSL5,0.983
CEF1,MUD2,0.983
CEF1,NAT5,0.911
CEF1,NTC20,0.999
CEF1,PML1,0.978
CEF1,PRP11,0.999
CEF1,PRP18,0.999
CEF1,PRP19,0.999
CEF1,PRP21,0.999
CEF1,PRP39,0.972
CEF1,PRP40,0.949
CEF1,PRP42,0.937
CEF1,PRP43,0.999
CEF1,PRP8,0.999
CEF1,PRP9,0.999
CEF1,RDS3,0.993
CEF1,RSE1,0.999
CEF1,SMB1,0.999
CEF1,SMD1,0.999
CEF1,SMD2,0.999
CEF1,SMD3,0.999
CEF1,SME1,0.999
CEF1,SMX2,0.999
CEF1,SMX3,0.999
CEF1,SNT309,0.999
CEF1,SNU114,0.999
CEF1,SNU66,0.996
CEF1,SPP382,0.902
CEF1,SYF1,0.999
CEF1,SYF2,0.999
CEF1,THO2,0.951
CEF1,YSF3,0.922
CEG1,CET1,0.999
CEG1,RPO21,0.98
CEG1,SPT5,0.987
CEP3,CTF13,0.999
CEP3,DSN1,0.918
CEP3,SKP1,0.999
CFT1,CFT2,0.999
CFT1,CLP1,0.967
CFT1,FIP1,0.999
CFT1,GLC7,0.999
CFT1,HRP1,0.952
CFT1,MPE1,0.999
CFT1,PAP1,0.999
CFT1,PCF11,0.999
CFT1,PFS2,0.999
CFT1,PTA1,0.999
CFT1,PTI1,0.999
CFT1,REF2,0.999
CFT1,RNA14,0.999
CFT1,RNA15,0.999
CFT1,SSU72,0.999
CFT1,SWD2,0.999
CFT1,SYC1,0.974
CFT1,TFC4,0.995
CFT1,YSH1,0.999
CFT1,YTH1,0.999
CFT2,CLP1,0.975
CFT2,FIP1,0.999
CFT2,GLC7,0.999
CFT2,HRP1,0.946
CFT2,MPE1,0.999
CFT2,PAP1,0.999
CFT2,PCF11,0.999
CFT2,PFS2,0.999
CFT2,PTA1,0.999
CFT2,PTI1,0.999
CFT2,REF2,0.999
CFT2,RNA14,0.997
CFT2,RNA15,0.999
CFT2,SSU72,0.999
CFT2,SWD2,0.999
CFT2,SYC1,0.974
CFT2,TFC4,0.995
CFT2,YSH1,0.999
CFT2,YTH1,0.999
CGI121,GON7,0.999
CGI121,KAE1,0.999
CGI121,PCC1,0.999
CHC1,CLC1,0.999
CHC1,END3,0.921
CHC1,PAN1,0.976
CHC1,RVS161,0.979
CHC1,RVS167,0.977
CHC1,SLA1,0.926
CHC1,VPS27,0.92
CHD1,CKA1,0.945
CHD1,CKA2,0.906
CHD1,CKB1,0.945
CHD1,GCN5,0.995
CHD1,HFI1,0.946
CHD1,HHF1,0.997
CHD1,HHF2,0.985
CHD1,HHT1,0.999
CHD1,HHT2,0.996
CHD1,HTA1,0.918
CHD1,HTA2,0.955
CHD1,HTZ1,0.937
CHD1,ISW1,0.938
CHD1,NGG1,0.966
CHD1,POB3,0.993
CHD1,RPB3,0.964
CHD1,RPO21,0.917
CHD1,RTF1,0.992
CHD1,SET1,0.905
CHD1,SGF11,0.975
CHD1,SGF29,0.976
CHD1,SGF73,0.946
CHD1,SPT16,0.992
CHD1,SPT20,0.963
CHD1,SPT3,0.942
CHD1,SPT4,0.948
CHD1,SPT5,0.989
CHD1,SPT7,0.968
CHD1,SPT8,0.962
CHD1,SUS1,0.94
CHD1,TAF10,0.971
CHD1,TAF12,0.972
CHD1,TAF5,0.96
CHD1,TAF6,0.973
CHD1,TAF9,0.953
CHD1,TRA1,0.97
CHD1,UBP8,0.98
CHS5,CHS6,0.999
CHZ1,HTZ1,0.999
CKA1,CKA2,0.999
CKA1,CKB1,0.999
CKA1,CKB2,0.999
CKA1,CTR9,0.93
CKA1,DIP2,0.904
CKA1,MAK21,0.91
CKA1,NOC2,0.905
CKA1,POB3,0.957
CKA1,PWP2,0.946
CKA1,RRP7,0.999
CKA1,SPT16,0.965
CKA1,UTP10,0.938
CKA1,UTP13,0.932
CKA1,UTP18,0.999
CKA1,UTP21,0.933
CKA1,UTP22,0.999
CKA1,UTP6,0.93
CKA2,CKB1,0.999
CKA2,CKB2,0.999
CKA2,DIP2,0.915
CKA2,MAK21,0.902
CKA2,NOC2,0.904
CKA2,POB3,0.959
CKA2,PWP2,0.908
CKA2,RRP7,0.989
CKA2,SPT16,0.966
CKA2,UTP10,0.935
CKA2,UTP13,0.916
CKA2,UTP18,0.913
CKA2,UTP21,0.908
CKA2,UTP22,0.989
CKA2,UTP4,0.92
CKA2,UTP6,0.902
CKB1,CKB2,0.999
CKB1,DIP2,0.904
CKB1,MAK21,0.9
CKB1,NOC2,0.902
CKB1,NOC4,0.998
CKB1,POB3,0.95
CKB1,PWP2,0.907
CKB1,RRP7,0.999
CKB1,SPT16,0.966
CKB1,UTP10,0.96
CKB1,UTP13,0.9
CKB1,UTP15,0.998
CKB1,UTP18,0.921
CKB1,UTP21,0.999
CKB1,UTP22,0.999
CKB1,UTP6,0.999
CKB2,DIP2,0.906
CKB2,IFH1,0.971
CKB2,MAK21,0.9
CKB2,NOC2,0.902
CKB2,POB3,0.923
CKB2,PWP2,0.901
CKB2,RRP7,0.991
CKB2,SPT16,0.936
CKB2,UTP10,0.961
CKB2,UTP13,0.904
CKB2,UTP18,0.93
CKB2,UTP21,0.929
CKB2,UTP22,0.992
CKB2,UTP6,0.9
CLB1,CLB2,0.999
CLB1,CLN1,0.973
CLB1,CLN2,0.905
CLB1,CLN3,0.979
CLB2,CLB5,0.997
CLB2,CLB6,0.997
CLB2,CLN1,0.954
CLB2,CLN2,0.961
CLB2,CLN3,0.953
CLB2,DBF2,0.998
CLB2,DOC1,0.913
CLB2,ESP1,0.962
CLB2,MAD2,0.92
CLB2,MCD1,0.997
CLB2,NET1,0.998
CLB2,PDS1,0.999
CLB2,RAD53,0.997
CLB2,SPC110,0.995
CLB2,SWI4,0.923
CLB2,SWM1,0.948
CLB3,CLB4,0.949
CLB3,CLN1,0.968
CLB3,CLN2,0.915
CLB3,CLN3,0.958
CLB4,CLN1,0.971
CLB4,CLN3,0.961
CLB5,CLB6,0.991
CLB5,CLN1,0.969
CLB5,CLN2,0.965
CLB5,CLN3,0.952
CLB5,DBF4,0.919
CLB5,FAR1,0.967
CLB5,MCD1,0.996
CLB5,ORC6,0.967
CLB5,PDS1,0.949
CLB5,RAD53,0.997
CLB5,SLD2,0.959
CLB5,SPC110,0.996
CLB5,SWI4,0.999
CLB5,SWI6,0.999
CLB6,CLN1,0.953
CLB6,CLN2,0.965
CLB6,MCD1,0.997
CLC1,END3,0.921
CLC1,PAN1,0.969
CLF1,CUS1,0.999
CLF1,CUS2,0.994
CLF1,HSH155,0.999
CLF1,HSH49,0.994
CLF1,IST3,0.967
CLF1,ISY1,0.999
CLF1,LEA1,0.999
CLF1,LSM2,0.995
CLF1,LSM3,0.995
CLF1,LSM5,0.994
CLF1,LSM6,0.994
CLF1,LSM7,0.997
CLF1,LUC7,0.936
CLF1,MAK31,0.909
CLF1,MSL1,0.998
CLF1,MUD1,0.938
CLF1,MUD2,0.959
CLF1,NAM8,0.952
CLF1,NTC20,0.999
CLF1,NTR2,0.993
CLF1,PML1,0.985
CLF1,PRP11,0.997
CLF1,PRP18,0.927
CLF1,PRP19,0.999
CLF1,PRP21,0.999
CLF1,PRP28,0.997
CLF1,PRP39,0.954
CLF1,PRP40,0.98
CLF1,PRP42,0.9
CLF1,PRP43,0.998
CLF1,PRP8,0.999
CLF1,PRP9,0.996
CLF1,RDS3,0.968
CLF1,RSE1,0.999
CLF1,SMB1,0.999
CLF1,SMD1,0.999
CLF1,SMD2,0.999
CLF1,SMD3,0.999
CLF1,SME1,0.999
CLF1,SMX2,0.999
CLF1,SMX3,0.999
CLF1,SNP1,0.932
CLF1,SNT309,0.999
CLF1,SNU114,0.999
CLF1,SNU56,0.93
CLF1,SNU66,0.996
CLF1,SNU71,0.902
CLF1,SPP382,0.999
CLF1,SYF1,0.999
CLF1,SYF2,0.999
CLF1,YHC1,0.96
CLF1,YSF3,0.918
CLN1,CLN2,0.999
CLN1,CLN3,0.998
CLN1,FAR1,0.994
CLN1,GRR1,0.999
CLN1,HRT1,0.919
CLN1,MBP1,0.999
CLN1,PCL1,0.93
CLN1,PHO85,0.925
CLN1,SKP1,0.957
CLN1,SWI4,0.999
CLN1,SWI6,0.999
CLN2,CLN3,0.999
CLN2,FAR1,0.998
CLN2,GRR1,0.999
CLN2,HRT1,0.957
CLN2,MBP1,0.998
CLN2,RAD53,0.996
CLN2,SKP1,0.988
CLN2,STE20,0.909
CLN2,SWI4,0.999
CLN2,SWI6,0.999
CLN3,FAR1,0.979
CLN3,MBP1,0.999
CLN3,PHO85,0.947
CLN3,SWI4,0.999
CLN3,SWI6,0.998
CLP1,FIP1,0.991
CLP1,HRP1,0.972
CLP1,MPE1,0.911
CLP1,PAP1,0.962
CLP1,PCF11,0.999
CLP1,PTA1,0.954
CLP1,RNA14,0.999
CLP1,RNA15,0.999
CLP1,SSU72,0.935
CLP1,SYC1,0.911
CLP1,TFC4,0.996
CLP1,YSH1,0.989
CLP1,YTH1,0.992
CLU1,RPG1,0.929
CMD1,CMP2,0.96
CMD1,CNA1,0.993
CMD1,SPC110,0.999
CMD1,TUB2,0.992
CMP2,CNA1,0.983
CMP2,CNB1,0.999
CMP2,PPH21,0.912
CMP2,PPH3,0.901
CMP2,PSY2,0.94
CMP2,PSY4,0.935
CMP2,RRD2,0.938
CMP2,SIT4,0.909
CMP2,TPD3,0.965
CNA1,CNB1,0.999
CNA1,PPH21,0.907
CNA1,PPH3,0.902
CNA1,PSY2,0.936
CNA1,PSY4,0.935
CNA1,RRD2,0.936
CNA1,SIT4,0.91
CNA1,TPD3,0.962
CNB1,PPH21,0.929
CNB1,PPH3,0.931
CNB1,PSY2,0.9
CNB1,PSY4,0.901
CNB1,RRD2,0.901
CNB1,SIT4,0.929
CNB1,TPD3,0.908
CNM67,NUD1,0.906
CNM67,SPC110,0.982
CNM67,SPC29,0.978
CNM67,SPC42,0.989
CNM67,SPC72,0.974
COB,COR1,0.999
COB,COX1,0.999
COB,COX12,0.999
COB,COX13,0.999
COB,COX2,0.999
COB,COX3,0.999
COB,COX4,0.999
COB,COX5A,0.994
COB,COX6,0.998
COB,COX7,0.999
COB,COX8,0.995
COB,COX9,0.983
COB,CYT1,0.999
COB,MAS1,0.964
COB,OLI1,0.991
COB,QCR10,0.997
COB,QCR2,0.999
COB,QCR6,0.99
COB,QCR7,0.999
COB,QCR8,0.999
COB,QCR9,0.999
COB,RIP1,0.999
COB,SDH2,0.927
COB,VAR1,0.951
COG1,COG2,0.998
COG1,COG3,0.999
COG1,COG4,0.998
COG1,COG5,0.997
COG1,COG6,0.997
COG1,COG7,0.996
COG1,COG8,0.995
COG2,COG3,0.999
COG2,COG4,0.999
COG2,COG5,0.997
COG2,COG6,0.997
COG2,COG7,0.991
COG2,COG8,0.994
COG3,COG4,0.999
COG3,COG5,0.996
COG3,COG6,0.999
COG3,COG7,0.993
COG3,COG8,0.999
COG3,SEC26,0.919
COG4,COG5,0.996
COG4,COG6,0.999
COG4,COG7,0.995
COG4,COG8,0.999
COG4,DSL1,0.917
COG4,VPS53,0.938
COG5,COG6,0.998
COG5,COG7,0.999
COG5,COG8,0.998
COG6,COG7,0.998
COG6,COG8,0.999
COG6,VPS53,0.901
COG7,COG8,0.998
COG8,VPS52,0.902
COG8,VPS53,0.911
COP1,DSL1,0.969
COP1,GLO3,0.985
COP1,RET2,0.999
COP1,RET3,0.999
COP1,SEC21,0.999
COP1,SEC26,0.999
COP1,SEC27,0.999
COP1,SEC28,0.999
COP1,SEC31,0.924
COQ3,COQ4,0.998
COR1,COX1,0.999
COR1,COX12,0.999
COR1,COX13,0.999
COR1,COX2,0.999
COR1,COX3,0.999
COR1,COX4,0.999
COR1,COX5A,0.999
COR1,COX6,0.999
COR1,COX7,0.997
COR1,COX8,0.999
COR1,COX9,0.994
COR1,CYT1,0.999
COR1,MAS2,0.98
COR1,QCR10,0.999
COR1,QCR2,0.999
COR1,QCR6,0.999
COR1,QCR7,0.999
COR1,QCR8,0.999
COR1,QCR9,0.999
COR1,RIP1,0.999
COR1,RRN11,0.961
COX1,COX12,0.999
COX1,COX13,0.999
COX1,COX14,0.943
COX1,COX2,0.999
COX1,COX3,0.999
COX1,COX4,0.999
COX1,COX5A,0.999
COX1,COX6,0.999
COX1,COX7,0.999
COX1,COX8,0.999
COX1,COX9,0.999
COX1,CYT1,0.999
COX1,MSS51,0.99
COX1,OLI1,0.978
COX1,PET309,0.982
COX1,QCR10,0.992
COX1,QCR2,0.998
COX1,QCR6,0.988
COX1,QCR7,0.998
COX1,QCR8,0.997
COX1,QCR9,0.997
COX1,RIP1,0.999
COX1,VAR1,0.981
COX12,COX13,0.999
COX12,COX2,0.999
COX12,COX3,0.999
COX12,COX4,0.999
COX12,COX5A,0.999
COX12,COX6,0.999
COX12,COX7,0.999
COX12,COX8,0.999
COX12,COX9,0.999
COX12,CYT1,0.999
COX12,MAS1,0.948
COX12,QCR10,0.999
COX12,QCR2,0.999
COX12,QCR6,0.999
COX12,QCR7,0.999
COX12,QCR8,0.999
COX12,QCR9,0.999
COX12,RIP1,0.999
COX12,RRN11,0.979
COX13,COX2,0.999
COX13,COX3,0.999
COX13,COX4,0.999
COX13,COX5A,0.999
COX13,COX6,0.999
COX13,COX7,0.999
COX13,COX8,0.999
COX13,COX9,0.999
COX13,CYT1,0.999
COX13,MAS1,0.967
COX13,OLI1,0.923
COX13,QCR10,0.997
COX13,QCR2,0.999
COX13,QCR6,0.996
COX13,QCR7,0.999
COX13,QCR8,0.999
COX13,QCR9,0.999
COX13,RIP1,0.999
COX13,RRN11,0.975
COX14,MSS51,0.973
COX2,COX3,0.999
COX2,COX4,0.999
COX2,COX5A,0.999
COX2,COX6,0.999
COX2,COX7,0.999
COX2,COX8,0.999
COX2,COX9,0.999
COX2,CYT1,0.999
COX2,MAS1,0.938
COX2,MSS51,0.942
COX2,OLI1,0.972
COX2,QCR10,0.989
COX2,QCR2,0.999
COX2,QCR6,0.993
COX2,QCR7,0.999
COX2,QCR8,0.999
COX2,QCR9,0.999
COX2,RIP1,0.999
COX2,SDH2,0.931
COX2,SDH3,0.901
COX2,VAR1,0.943
COX3,COX4,0.999
COX3,COX5A,0.999
COX3,COX6,0.999
COX3,COX7,0.999
COX3,COX8,0.999
COX3,COX9,0.998
COX3,CYT1,0.999
COX3,MAS1,0.935
COX3,OLI1,0.935
COX3,QCR10,0.993
COX3,QCR2,0.999
COX3,QCR6,0.983
COX3,QCR7,0.999
COX3,QCR8,0.999
COX3,QCR9,0.999
COX3,RIP1,0.999
COX3,RRN11,0.903
COX3,SDH2,0.956
COX4,COX5A,0.999
COX4,COX6,0.999
COX4,COX7,0.999
COX4,COX8,0.999
COX4,COX9,0.999
COX4,CYT1,0.999
COX4,MAS1,0.999
COX4,MAS2,0.988
COX4,MGE1,0.997
COX4,PAM18,0.997
COX4,QCR10,0.999
COX4,QCR2,0.999
COX4,QCR6,0.997
COX4,QCR7,0.999
COX4,QCR8,0.999
COX4,QCR9,0.999
COX4,RIP1,0.999
COX4,RRN11,0.981
COX4,SDH2,0.955
COX4,SSC1,0.997
COX4,TIM17,0.997
COX4,TIM23,0.999
COX5A,COX6,0.999
COX5A,COX7,0.999
COX5A,COX8,0.999
COX5A,COX9,0.999
COX5A,CYT1,0.999
COX5A,MAS1,0.914
COX5A,QCR10,0.996
COX5A,QCR2,0.999
COX5A,QCR6,0.999
COX5A,QCR7,0.999
COX5A,QCR8,0.999
COX5A,QCR9,0.999
COX5A,RIP1,0.999
COX6,COX7,0.999
COX6,COX8,0.999
COX6,COX9,0.999
COX6,CYT1,0.999
COX6,MAS1,0.985
COX6,MAS2,0.912
COX6,OLI1,0.967
COX6,QCR10,0.996
COX6,QCR2,0.999
COX6,QCR6,0.996
COX6,QCR7,0.999
COX6,QCR8,0.999
COX6,QCR9,0.999
COX6,RIP1,0.999
COX6,RRN11,0.98
COX6,SDH2,0.93
COX7,COX8,0.999
COX7,COX9,0.999
COX7,CYT1,0.996
COX7,QCR10,0.996
COX7,QCR2,0.995
COX7,QCR6,0.992
COX7,QCR7,0.994
COX7,QCR8,0.994
COX7,QCR9,0.994
COX7,RIP1,0.987
COX8,COX9,0.999
COX8,CYT1,0.999
COX8,MAS1,0.94
COX8,QCR10,0.997
COX8,QCR2,0.999
COX8,QCR6,0.993
COX8,QCR7,0.999
COX8,QCR8,0.999
COX8,QCR9,0.999
COX8,RIP1,0.999
COX8,RRN11,0.99
COX9,CYT1,0.993
COX9,QCR10,0.992
COX9,QCR2,0.993
COX9,QCR6,0.995
COX9,QCR7,0.997
COX9,QCR8,0.996
COX9,QCR9,0.996
COX9,RIP1,0.986
CPA1,CPA2,0.999
CPR1,HOC1,0.909
CPR1,HOS2,0.996
CPR1,HOS4,0.998
CPR1,HST1,0.927
CPR1,MRPL10,0.909
CPR1,MRPL17,0.902
CPR1,MRPL19,0.908
CPR1,MRPL23,0.912
CPR1,MRPL4,0.903
CPR1,MRPL51,0.903
CPR1,MRPL8,0.904
CPR1,MRPL9,0.915
CPR1,MSS1,0.915
CPR1,SET3,0.994
CPR1,SIF2,0.998
CPR1,SNT1,0.998
CSE2,GAL11,0.994
CSE2,MED1,0.999
CSE2,MED11,0.998
CSE2,MED2,0.991
CSE2,MED4,0.999
CSE2,MED6,0.996
CSE2,MED7,0.999
CSE2,MED8,0.999
CSE2,NUT1,0.986
CSE2,NUT2,0.999
CSE2,PGD1,0.993
CSE2,RGR1,0.999
CSE2,ROX3,0.999
CSE2,RPB3,0.913
CSE2,RPB4,0.915
CSE2,RPO21,0.935
CSE2,SIN4,0.996
CSE2,SOH1,0.999
CSE2,SRB2,0.999
CSE2,SRB4,0.999
CSE2,SRB5,0.999
CSE2,SRB6,0.998
CSE2,SRB7,0.999
CSE2,TAF14,0.937
CSG2,CSH1,0.926
CSG2,SUR1,0.989
CSI1,CSN9,0.997
CSI1,PCI8,0.999
CSI1,RPN5,0.983
CSI1,RRI1,0.999
CSI1,RRI2,0.993
CSL4,DIP2,0.938
CSL4,DIS3,0.999
CSL4,DSS1,0.997
CSL4,LRP1,0.999
CSL4,MTR3,0.999
CSL4,MTR4,0.998
CSL4,NAN1,0.928
CSL4,NOC4,0.952
CSL4,NOP1,0.907
CSL4,NOP14,0.916
CSL4,NOP56,0.935
CSL4,NOP58,0.923
CSL4,NOT5,0.994
CSL4,PWP2,0.953
CSL4,RPS7A,0.929
CSL4,RRP4,0.999
CSL4,RRP40,0.999
CSL4,RRP42,0.999
CSL4,RRP43,0.999
CSL4,RRP45,0.999
CSL4,RRP46,0.999
CSL4,RRP6,0.999
CSL4,RRP7,0.917
CSL4,SKI2,0.975
CSL4,SKI3,0.963
CSL4,SKI6,0.999
CSL4,SKI8,0.938
CSL4,SNU13,0.923
CSL4,SUV3,0.902
CSL4,UTP10,0.913
CSL4,UTP13,0.958
CSL4,UTP15,0.943
CSL4,UTP18,0.938
CSL4,UTP21,0.92
CSL4,UTP22,0.924
CSL4,UTP4,0.946
CSL4,UTP6,0.932
CSM1,DSN1,0.993
CSM1,HRR25,0.994
CSM1,LRS4,0.999
CSM1,MAM1,0.999
CSM3,CTF18,0.942
CSM3,CTF8,0.949
CSM3,DCC1,0.971
CSM3,DDC1,0.941
CSM3,DPB11,0.923
CSM3,DPB2,0.988
CSM3,ELG1,0.914
CSM3,HHF1,0.913
CSM3,HHF2,0.915
CSM3,HHT1,0.933
CSM3,HHT2,0.937
CSM3,HTA1,0.931
CSM3,HTA2,0.901
CSM3,HTB1,0.909
CSM3,HTB2,0.914
CSM3,MCM2,0.999
CSM3,MCM3,0.999
CSM3,MCM4,0.999
CSM3,MCM5,0.999
CSM3,MCM6,0.999
CSM3,MCM7,0.999
CSM3,MEC3,0.92
CSM3,MRC1,0.999
CSM3,POB3,0.966
CSM3,POL1,0.9
CSM3,POL2,0.983
CSM3,PSF1,0.999
CSM3,PSF2,0.997
CSM3,PSF3,0.999
CSM3,RAD17,0.904
CSM3,RAD24,0.928
CSM3,RAD53,0.93
CSM3,RFA1,0.991
CSM3,RFA2,0.955
CSM3,SGS1,0.976
CSM3,SLD5,0.999
CSM3,SPT16,0.977
CSM3,TOF1,0.999
CSN9,PCI8,0.998
CSN9,RPN5,0.998
CSN9,RRI1,0.998
CSN9,RRI2,0.998
CSN9,YJR084W,0.92
CTF13,SKP1,0.999
CTF18,CTF8,0.999
CTF18,DCC1,0.999
CTF18,DPB2,0.982
CTF18,ELG1,0.997
CTF18,MCM2,0.94
CTF18,MCM5,0.902
CTF18,MRC1,0.936
CTF18,POL1,0.955
CTF18,POL2,0.998
CTF18,POL3,0.909
CTF18,RAD24,0.998
CTF18,RFC2,0.999
CTF18,RFC3,0.999
CTF18,RFC4,0.995
CTF18,RFC5,0.999
CTF18,SMC3,0.957
CTF18,TOF1,0.976
CTF19,CTF3,0.999
CTF19,DSN1,0.985
CTF19,HHF1,0.907
CTF19,MAD2,0.916
CTF19,MCM16,0.997
CTF19,MCM21,0.999
CTF19,MCM22,0.998
CTF19,MTW1,0.97
CTF19,NNF1,0.91
CTF19,OKP1,0.999
CTF19,SCC4,0.948
CTF19,SLI15,0.957
CTF3,DSN1,0.951
CTF3,HHF1,0.914
CTF3,MCM16,0.999
CTF3,MCM21,0.999
CTF3,MCM22,0.999
CTF3,OKP1,0.999
CTF8,DCC1,0.999
CTF8,POL2,0.948
CTF8,RFC2,0.999
CTF8,RFC3,0.995
CTF8,RFC4,0.986
CTF8,RFC5,0.994
CTF8,SMC3,0.936
CTF8,TOF1,0.964
CTI6,CYC8,0.959
CTI6,DEP1,0.996
CTI6,EAF3,0.976
CTI6,PHO23,0.999
CTI6,RCO1,0.965
CTI6,RPD3,0.997
CTI6,RXT2,0.999
CTI6,RXT3,0.998
CTI6,SAP30,0.991
CTI6,SDS3,0.998
CTI6,SIN3,0.993
CTI6,UME1,0.999
CTI6,UME6,0.987
CTK1,CTK2,0.999
CTK1,CTK3,0.999
CTK1,KIN28,0.95
CTK1,LEO1,0.915
CTK1,POB3,0.913
CTK1,RAD3,0.903
CTK1,RPO21,0.998
CTK1,RTF1,0.921
CTK1,SPT5,0.968
CTK1,SSL1,0.9
CTK1,SSL2,0.905
CTK1,SSN8,0.949
CTK1,TFB1,0.904
CTK1,TFB2,0.9
CTK1,TFB3,0.905
CTK1,TFB4,0.9
CTK1,TFB5,0.903
CTK2,CTK3,0.999
CTK2,KIN28,0.967
CTK2,LEO1,0.922
CTK2,POB3,0.904
CTK2,RAD3,0.9
CTK2,RPO21,0.979
CTK2,SGV1,0.99
CTK2,SPT5,0.952
CTK2,SSL1,0.902
CTK2,SSL2,0.9
CTK2,SSN8,0.968
CTK2,TFB1,0.9
CTK2,TFB2,0.901
CTK2,TFB3,0.916
CTK2,TFB4,0.904
CTK2,TFB5,0.9
CTK3,KIN28,0.933
CTK3,POB3,0.948
CTK3,RAD3,0.902
CTK3,RPO21,0.949
CTK3,SSL1,0.9
CTK3,SSL2,0.9
CTK3,SSN8,0.94
CTK3,TFB1,0.9
CTK3,TFB2,0.9
CTK3,TFB3,0.908
CTK3,TFB4,0.9
CTK3,TFB5,0.903
CTR9,HHT2,0.9
CTR9,HTB1,0.908
CTR9,LEO1,0.999
CTR9,PAF1,0.999
CTR9,POB3,0.999
CTR9,RPB10,0.939
CTR9,RPB11,0.945
CTR9,RPB2,0.979
CTR9,RPB3,0.984
CTR9,RPB4,0.953
CTR9,RPB5,0.966
CTR9,RPB7,0.955
CTR9,RPB8,0.956
CTR9,RPB9,0.939
CTR9,RPC10,0.94
CTR9,RPO21,0.997
CTR9,RPO26,0.95
CTR9,RTF1,0.999
CTR9,SGV1,0.907
CTR9,SKI8,0.999
CTR9,SPT16,0.999
CTR9,SPT4,0.995
CTR9,SPT5,0.999
CUL3,ELA1,0.978
CUL3,ELC1,0.999
CUL3,HRT1,0.999
CUL3,RAD16,0.98
CUL3,RAD7,0.994
CUL3,RRI1,0.97
CUL3,SKP1,0.984
CUS1,CUS2,0.994
CUS1,HSH155,0.999
CUS1,HSH49,0.999
CUS1,IST3,0.999
CUS1,LEA1,0.999
CUS1,LSM2,0.979
CUS1,LSM3,0.97
CUS1,LSM4,0.929
CUS1,LSM5,0.919
CUS1,LSM6,0.918
CUS1,LSM7,0.965
CUS1,LSM8,0.92
CUS1,LUC7,0.992
CUS1,MSL1,0.999
CUS1,MUD1,0.999
CUS1,MUD2,0.997
CUS1,NAM8,0.991
CUS1,PML1,0.976
CUS1,PRP11,0.999
CUS1,PRP19,0.999
CUS1,PRP21,0.999
CUS1,PRP3,0.995
CUS1,PRP31,0.939
CUS1,PRP39,0.988
CUS1,PRP4,0.931
CUS1,PRP40,0.998
CUS1,PRP42,0.99
CUS1,PRP6,0.997
CUS1,PRP8,0.997
CUS1,PRP9,0.999
CUS1,RDS3,0.999
CUS1,RSE1,0.999
CUS1,SMB1,0.999
CUS1,SMD1,0.999
CUS1,SMD2,0.999
CUS1,SMD3,0.999
CUS1,SME1,0.999
CUS1,SMX2,0.999
CUS1,SMX3,0.999
CUS1,SNP1,0.998
CUS1,SNU114,0.997
CUS1,SNU13,0.922
CUS1,SNU23,0.948
CUS1,SNU56,0.988
CUS1,SNU66,0.999
CUS1,SNU71,0.99
CUS1,SPP381,0.984
CUS1,STO1,0.9
CUS1,SYF1,0.999
CUS1,SYF2,0.988
CUS1,YHC1,0.997
CUS1,YSF3,0.999
CUS2,HSH155,0.999
CUS2,HSH49,0.969
CUS2,LEA1,0.994
CUS2,MUD2,0.948
CUS2,PRP11,0.993
CUS2,PRP21,0.978
CUS2,RDS3,0.974
CUS2,RSE1,0.963
CUS2,SMD2,0.918
CUS2,SMX3,0.973
CUS2,YSF3,0.939
CYC8,RPL3,0.923
CYC8,SKO1,0.997
CYC8,SNF1,0.905
CYC8,TUP1,0.999
CYR1,SGT1,0.983
CYR1,SRV2,0.998
CYR1,TPK1,0.998
CYR1,TPK2,0.997
CYR1,TPK3,0.996
CYT1,MAS1,0.996
CYT1,MAS2,0.995
CYT1,OLI1,0.93
CYT1,QCR10,0.999
CYT1,QCR2,0.999
CYT1,QCR6,0.999
CYT1,QCR7,0.999
CYT1,QCR8,0.999
CYT1,QCR9,0.999
CYT1,RIP1,0.999
CYT1,RRN11,0.987
CYT1,SDH2,0.978
DAD1,DAD2,0.999
DAD1,DAD3,0.999
DAD1,DAD4,0.998
DAD1,DAM1,0.999
DAD1,DSN1,0.943
DAD1,DUO1,0.999
DAD1,HSK3,0.993
DAD1,SPC19,0.999
DAD1,SPC34,0.999
DAD2,DAD3,0.999
DAD2,DAD4,0.999
DAD2,DAM1,0.999
DAD2,DUO1,0.999
DAD2,HSK3,0.998
DAD2,SPC19,0.999
DAD2,SPC34,0.999
DAD3,DAD4,0.999
DAD3,DAM1,0.999
DAD3,DUO1,0.999
DAD3,HSK3,0.995
DAD3,MRPL11,0.959
DAD3,SPC19,0.999
DAD3,SPC34,0.999
DAD4,DAM1,0.996
DAD4,DUO1,0.999
DAD4,GCV2,0.946
DAD4,GCV3,0.98
DAD4,HSK3,0.997
DAD4,SPC19,0.999
DAD4,SPC34,0.999
DAM1,DUO1,0.999
DAM1,HSK3,0.993
DAM1,IPL1,0.957
DAM1,MRPL11,0.945
DAM1,NDC80,0.966
DAM1,SPC19,0.999
DAM1,SPC34,0.999
DBF2,LTE1,0.951
DBF2,MOB1,0.999
DBF2,NET1,0.999
DBF2,NUD1,0.91
DBF4,DPB11,0.966
DBF4,MCM2,0.999
DBF4,MCM3,0.998
DBF4,MCM4,0.999
DBF4,MCM5,0.999
DBF4,MCM6,0.999
DBF4,MCM7,0.995
DBF4,ORC2,0.996
DBF4,ORC3,0.904
DBF4,ORC4,0.979
DBF4,RAD53,0.994
DBF4,SLD2,0.963
DBF4,TOF1,0.924
DBP6,MAK21,0.988
DBP6,NOC2,0.982
DBP6,NOC3,0.974
DBP6,NOP58,0.934
DBP6,NOP8,0.988
DBP6,RPL17A,0.93
DBP6,RPL17B,0.93
DBP6,RPL25,0.928
DBP6,RPL27B,0.936
DBP6,RPL34A,0.918
DBP6,RPL35A,0.924
DBP6,RPL35B,0.925
DBP6,RPL37A,0.915
DBP6,RPL37B,0.918
DBP6,RSA3,0.999
DBP6,URB1,0.992
DBP6,URB2,0.997
DCC1,ELG1,0.928
DCC1,POL2,0.986
DCC1,RAD24,0.948
DCC1,RFC2,0.999
DCC1,RFC3,0.992
DCC1,RFC4,0.989
DCC1,RFC5,0.999
DCC1,SMC3,0.904
DCC1,TOF1,0.91
DCP1,DCP2,0.999
DCP1,LSM2,0.958
DCP1,LSM4,0.977
DCP1,LSM7,0.903
DCP1,NAM7,0.933
DCP1,POP2,0.966
DCP1,STO1,0.904
DCP2,DCS1,0.904
DCP2,LSM2,0.959
DCP2,LSM3,0.943
DCP2,LSM4,0.986
DCP2,LSM7,0.914
DCP2,NAM7,0.981
DCP2,POP2,0.987
DCP2,STO1,0.966
DCS1,DCS2,0.998
DDC1,DPB11,0.999
DDC1,ELG1,0.929
DDC1,MEC3,0.999
DDC1,MRC1,0.943
DDC1,RAD1,0.927
DDC1,RAD17,0.999
DDC1,RAD24,0.999
DDC1,RAD53,0.969
DDC1,RFA1,0.965
DDC1,RFC2,0.996
DDC1,RFC3,0.978
DDC1,RFC4,0.995
DDC1,RFC5,0.989
DDC1,SGS1,0.928
DDC1,TOF1,0.909
DEF1,RAD26,0.995
DEP1,EAF3,0.954
DEP1,PHO23,0.994
DEP1,RCO1,0.969
DEP1,RPD3,0.994
DEP1,RXT2,0.998
DEP1,RXT3,0.988
DEP1,SAP30,0.996
DEP1,SDS3,0.993
DEP1,SIN3,0.983
DEP1,UME1,0.997
DEP1,UME6,0.97
DER1,ERV41,0.994
DER1,HRD1,0.999
DER1,HRD3,0.999
DER1,KAR2,0.947
DER1,NPL4,0.999
DER1,SEC61,0.964
DER1,UFD1,0.999
DER1,USA1,0.999
DER1,YOS9,0.999
DIB1,HSH155,0.949
DIB1,LEA1,0.918
DIB1,LIN1,0.997
DIB1,LSM2,0.995
DIB1,LSM3,0.998
DIB1,LSM4,0.995
DIB1,LSM5,0.995
DIB1,LSM6,0.997
DIB1,LSM7,0.998
DIB1,LSM8,0.996
DIB1,PRP18,0.904
DIB1,PRP21,0.913
DIB1,PRP28,0.998
DIB1,PRP3,0.998
DIB1,PRP31,0.999
DIB1,PRP38,0.979
DIB1,PRP4,0.992
DIB1,PRP6,0.999
DIB1,PRP8,0.999
DIB1,RDS3,0.916
DIB1,RSE1,0.908
DIB1,SMB1,0.997
DIB1,SMD1,0.99
DIB1,SMD2,0.992
DIB1,SMD3,0.999
DIB1,SME1,0.993
DIB1,SMX2,0.998
DIB1,SMX3,0.999
DIB1,SNU114,0.999
DIB1,SNU13,0.997
DIB1,SNU23,0.998
DIB1,SNU66,0.999
DIB1,SPP381,0.995
DIB1,YSF3,0.921
DID4,HSE1,0.936
DID4,MVB12,0.982
DID4,SNF7,0.999
DID4,SNF8,0.998
DID4,SRN2,0.988
DID4,STP22,0.994
DID4,VPS20,0.999
DID4,VPS24,0.999
DID4,VPS25,0.999
DID4,VPS27,0.984
DID4,VPS28,0.998
DID4,VPS36,0.999
DIG1,DIG2,0.999
DIG1,FUS3,0.998
DIG1,MCM1,0.9
DIG1,STE12,0.999
DIG2,FUS3,0.998
DIG2,STE12,0.999
DIP2,MAK21,0.99
DIP2,MTR3,0.918
DIP2,MTR4,0.987
DIP2,NAN1,0.999
DIP2,NOC2,0.995
DIP2,NOC4,0.999
DIP2,NOP1,0.999
DIP2,NOP14,0.999
DIP2,NOP56,0.999
DIP2,NOP58,0.999
DIP2,PRP43,0.977
DIP2,PWP2,0.999
DIP2,RPA135,0.957
DIP2,RPA190,0.953
DIP2,RPS11A,0.994
DIP2,RPS11B,0.994
DIP2,RPS12,0.936
DIP2,RPS13,0.996
DIP2,RPS14A,0.997
DIP2,RPS14B,0.996
DIP2,RPS16A,0.994
DIP2,RPS16B,0.994
DIP2,RPS18A,0.979
DIP2,RPS18B,0.98
DIP2,RPS19A,0.98
DIP2,RPS19B,0.904
DIP2,RPS1A,0.994
DIP2,RPS1B,0.986
DIP2,RPS2,0.911
DIP2,RPS22A,0.963
DIP2,RPS22B,0.96
DIP2,RPS23A,0.981
DIP2,RPS23B,0.981
DIP2,RPS24A,0.98
DIP2,RPS24B,0.98
DIP2,RPS27A,0.966
DIP2,RPS27B,0.966
DIP2,RPS28A,0.978
DIP2,RPS28B,0.979
DIP2,RPS31,0.925
DIP2,RPS4A,0.989
DIP2,RPS4B,0.988
DIP2,RPS5,0.996
DIP2,RPS6A,0.998
DIP2,RPS6B,0.998
DIP2,RPS7A,0.997
DIP2,RPS7B,0.989
DIP2,RPS8A,0.994
DIP2,RPS8B,0.993
DIP2,RPS9A,0.998
DIP2,RPS9B,0.991
DIP2,RRP4,0.933
DIP2,RRP40,0.908
DIP2,RRP43,0.905
DIP2,RRP45,0.901
DIP2,RRP46,0.925
DIP2,RRP6,0.985
DIP2,RRP7,0.999
DIP2,SKI6,0.903
DIP2,SNU13,0.999
DIP2,UTP10,0.999
DIP2,UTP13,0.999
DIP2,UTP15,0.999
DIP2,UTP18,0.999
DIP2,UTP21,0.999
DIP2,UTP22,0.999
DIP2,UTP4,0.999
DIP2,UTP6,0.999
DIP2,UTP8,0.999
DIP2,UTP9,0.999
DIS3,DSS1,0.957
DIS3,LRP1,0.999
DIS3,MTR3,0.999
DIS3,MTR4,0.998
DIS3,NOC4,0.91
DIS3,PWP2,0.919
DIS3,RAT1,0.943
DIS3,RRP4,0.999
DIS3,RRP40,0.999
DIS3,RRP42,0.999
DIS3,RRP43,0.999
DIS3,RRP45,0.999
DIS3,RRP46,0.999
DIS3,RRP6,0.999
DIS3,SKI2,0.95
DIS3,SKI3,0.912
DIS3,SKI6,0.999
DIS3,SUV3,0.979
DIS3,UTP13,0.917
DIS3,UTP18,0.907
DIS3,UTP22,0.936
DLS1,DPB2,0.974
DLS1,DPB3,0.94
DLS1,DPB4,0.999
DLS1,IOC2,0.977
DLS1,IOC3,0.953
DLS1,IOC4,0.968
DLS1,ISW1,0.901
DLS1,ISW2,0.996
DLS1,ITC1,0.999
DLS1,POL2,0.966
DNL4,LIF1,0.999
DNL4,MRE11,0.949
DNL4,SGS1,0.909
DNL4,YKU70,0.999
DNL4,YKU80,0.999
DOC1,MAD2,0.991
DOC1,MAD3,0.977
DOC1,MND2,0.999
DOC1,PDS1,0.949
DOC1,SLX5,0.905
DOC1,SLX8,0.912
DOC1,SWM1,0.999
DOP1,MON2,0.999
DPB11,DPB2,0.995
DPB11,MCM2,0.978
DPB11,MCM3,0.999
DPB11,MCM4,0.981
DPB11,MCM5,0.999
DPB11,MCM6,0.97
DPB11,MEC3,0.954
DPB11,POL2,0.981
DPB11,PSF1,0.997
DPB11,PSF2,0.995
DPB11,PSF3,0.998
DPB11,RAD53,0.904
DPB11,SLD2,0.999
DPB11,SLD5,0.999
DPB11,SLX4,0.961
DPB11,TOF1,0.931
DPB2,DPB3,0.999
DPB2,DPB4,0.999
DPB2,MCM2,0.997
DPB2,MCM3,0.999
DPB2,MCM4,0.998
DPB2,MCM5,0.999
DPB2,MCM6,0.996
DPB2,MCM7,0.976
DPB2,POL1,0.998
DPB2,POL12,0.995
DPB2,POL2,0.999
DPB2,POL3,0.996
DPB2,POL31,0.995
DPB2,POL32,0.98
DPB2,PRI1,0.994
DPB2,PRI2,0.995
DPB2,PSF1,0.999
DPB2,PSF2,0.999
DPB2,PSF3,0.999
DPB2,REV3,0.989
DPB2,REV7,0.939
DPB2,SLD5,0.999
DPB2,TOF1,0.981
DPB3,DPB4,0.999
DPB3,POL1,0.985
DPB3,POL12,0.976
DPB3,POL2,0.999
DPB3,POL3,0.982
DPB3,POL31,0.985
DPB3,POL32,0.979
DPB3,PRI1,0.975
DPB3,PRI2,0.971
DPB3,REV3,0.98
DPB3,REV7,0.947
DPB3,SLD5,0.925
DPB4,HAP5,0.979
DPB4,IOC2,0.958
DPB4,IOC3,0.936
DPB4,IOC4,0.941
DPB4,ISW1,0.985
DPB4,ISW2,0.998
DPB4,ITC1,0.999
DPB4,NCB2,0.948
DPB4,POL1,0.988
DPB4,POL12,0.985
DPB4,POL2,0.999
DPB4,POL3,0.986
DPB4,POL31,0.991
DPB4,POL32,0.976
DPB4,PRI1,0.981
DPB4,PRI2,0.978
DPB4,REV3,0.979
DPB4,REV7,0.944
DPB4,SLD5,0.912
DSL1,RET2,0.989
DSL1,SEC20,0.998
DSL1,SEC39,0.999
DSL1,TIP20,0.999
DSL1,UFE1,0.999
DSL1,USE1,0.994
DSN1,DUO1,0.939
DSN1,LRS4,0.902
DSN1,MCM16,0.917
DSN1,MCM21,0.973
DSN1,MCM22,0.932
DSN1,MTW1,0.999
DSN1,NDC80,0.949
DSN1,NNF1,0.999
DSN1,NSL1,0.999
DSN1,NUF2,0.981
DSN1,OKP1,0.975
DSN1,SPC24,0.998
DSN1,SPC25,0.998
DSS1,LRP1,0.962
DSS1,MTR3,0.988
DSS1,RRP4,0.994
DSS1,RRP40,0.994
DSS1,RRP42,0.997
DSS1,RRP43,0.995
DSS1,RRP45,0.998
DSS1,RRP46,0.991
DSS1,RRP6,0.998
DSS1,SKI6,0.995
DSS1,SUV3,0.999
DUG1,DUG3,0.996
DUG2,DUG3,0.999
DUO1,HSK3,0.995
DUO1,SPC19,0.999
DUO1,SPC34,0.999
DYN1,DYN2,0.999
DYN1,DYN3,0.994
DYN1,JNM1,0.998
DYN1,NIP100,0.992
DYN1,NUD1,0.928
DYN1,PAC11,0.999
DYN1,TUB1,0.998
DYN1,TUB2,0.999
DYN2,DYN3,0.98
DYN2,NSP1,0.923
DYN2,NUP159,0.996
DYN2,NUP49,0.903
DYN2,NUP82,0.912
DYN2,PAC11,0.999
DYN2,PEX10,0.914
DYN2,PEX12,0.911
DYN2,PEX13,0.932
DYN2,PEX14,0.982
DYN2,PEX17,0.927
DYN2,PEX2,0.918
DYN3,NIP100,0.907
DYN3,PAC11,0.994
EAF1,EAF3,0.997
EAF1,EAF5,0.999
EAF1,EAF6,0.999
EAF1,EAF7,0.997
EAF1,EPL1,0.999
EAF1,ESA1,0.999
EAF1,HHF1,0.933
EAF1,HHT1,0.953
EAF1,SAS2,0.937
EAF1,SAS4,0.913
EAF1,SAS5,0.925
EAF1,SWC4,0.999
EAF1,TRA1,0.999
EAF1,YAF9,0.997
EAF1,YNG2,0.999
EAF3,EAF5,0.999
EAF3,EAF6,0.999
EAF3,EAF7,0.999
EAF3,EPL1,0.999
EAF3,ESA1,0.998
EAF3,HHT1,0.978
EAF3,HHT2,0.927
EAF3,HTZ1,0.929
EAF3,PHO23,0.99
EAF3,RCO1,0.999
EAF3,RPD3,0.999
EAF3,RVB1,0.915
EAF3,RVB2,0.945
EAF3,RXT2,0.992
EAF3,RXT3,0.94
EAF3,SAP30,0.938
EAF3,SAS2,0.98
EAF3,SAS4,0.905
EAF3,SAS5,0.937
EAF3,SDS3,0.993
EAF3,SET1,0.911
EAF3,SIN3,0.997
EAF3,SWC4,0.998
EAF3,TRA1,0.997
EAF3,UME1,0.998
EAF3,UME6,0.947
EAF3,VPS72,0.938
EAF3,YAF9,0.999
EAF3,YNG2,0.999
EAF5,EAF6,0.999
EAF5,EAF7,0.999
EAF5,EPL1,0.999
EAF5,ESA1,0.996
EAF5,SAS2,0.901
EAF5,SAS4,0.9
EAF5,SAS5,0.9
EAF5,SWC4,0.997
EAF5,TRA1,0.999
EAF5,YAF9,0.998
EAF5,YNG2,0.998
EAF6,EAF7,0.999
EAF6,EPL1,0.999
EAF6,ESA1,0.999
EAF6,HHF1,0.924
EAF6,HHF2,0.927
EAF6,HHT1,0.914
EAF6,NTO1,0.999
EAF6,SAS2,0.968
EAF6,SAS3,0.998
EAF6,SAS4,0.907
EAF6,SAS5,0.953
EAF6,SWC4,0.999
EAF6,TAF14,0.996
EAF6,TRA1,0.999
EAF6,YAF9,0.999
EAF6,YNG1,0.999
EAF6,YNG2,0.999
EAF7,EPL1,0.999
EAF7,ESA1,0.996
EAF7,HTZ1,0.908
EAF7,RVB1,0.951
EAF7,RVB2,0.912
EAF7,SAS2,0.937
EAF7,SAS4,0.908
EAF7,SAS5,0.941
EAF7,SWC4,0.999
EAF7,TRA1,0.999
EAF7,VPS72,0.943
EAF7,YAF9,0.999
EAF7,YNG2,0.998
ECM29,RPN10,0.961
ECM29,RPN11,0.979
ECM29,RPN12,0.945
ECM29,RPN13,0.912
ECM29,RPN2,0.922
ECM29,RPN3,0.934
ECM29,RPN5,0.961
ECM29,RPN6,0.941
ECM29,RPN7,0.917
ECM29,RPN8,0.94
ECM29,RPT1,0.948
ECM29,RPT2,0.926
ECM29,RPT3,0.907
ECM29,RPT4,0.954
ECM29,RPT5,0.982
ECM29,RPT6,0.962
ECM29,UBP6,0.956
EFB1,FRS1,0.941
EFB1,RPL10,0.933
EFB1,RPL25,0.954
EFB1,RPL28,0.945
EFB1,RPL3,0.929
EFB1,RPL30,0.962
EFB1,RPL32,0.933
EFB1,RPL5,0.961
EFB1,RPL9B,0.92
EFB1,RPP0,0.982
EFB1,RPP2A,0.9
EFB1,RPS0A,0.936
EFB1,RPS12,0.958
EFB1,RPS13,0.968
EFB1,RPS15,0.972
EFB1,RPS2,0.977
EFB1,RPS20,0.963
EFB1,RPS21B,0.903
EFB1,RPS3,0.978
EFB1,RPS31,0.904
EFB1,RPS5,0.968
EFB1,TEF1,0.998
EFB1,TEF2,0.999
EFB1,TEF4,0.999
EFB1,TIF34,0.902
EGD1,EGD2,0.999
EGD1,NIC96,0.904
EGD1,RPL10,0.907
EGD1,RPL17A,0.901
EGD1,RPL25,0.991
EGD1,RPL3,0.903
EGD1,RPL31A,0.974
EGD1,RPL31B,0.936
EGD1,SSO1,0.908
EGD2,RPL10,0.983
EGD2,RPL11A,0.906
EGD2,RPL11B,0.925
EGD2,RPL13A,0.922
EGD2,RPL13B,0.956
EGD2,RPL14A,0.958
EGD2,RPL14B,0.95
EGD2,RPL15A,0.9
EGD2,RPL16A,0.922
EGD2,RPL17A,0.978
EGD2,RPL17B,0.936
EGD2,RPL18A,0.916
EGD2,RPL18B,0.905
EGD2,RPL19A,0.912
EGD2,RPL19B,0.912
EGD2,RPL20A,0.927
EGD2,RPL20B,0.912
EGD2,RPL21A,0.908
EGD2,RPL21B,0.914
EGD2,RPL23A,0.906
EGD2,RPL23B,0.906
EGD2,RPL24A,0.902
EGD2,RPL24B,0.906
EGD2,RPL25,0.986
EGD2,RPL26A,0.9
EGD2,RPL29,0.932
EGD2,RPL3,0.983
EGD2,RPL30,0.954
EGD2,RPL31A,0.928
EGD2,RPL31B,0.905
EGD2,RPL32,0.954
EGD2,RPL34A,0.907
EGD2,RPL34B,0.903
EGD2,RPL35B,0.911
EGD2,RPL38,0.907
EGD2,RPL39,0.914
EGD2,RPL4A,0.947
EGD2,RPL4B,0.92
EGD2,RPL5,0.985
EGD2,RPL6A,0.912
EGD2,RPL6B,0.91
EGD2,RPL7A,0.917
EGD2,RPL8A,0.915
EGD2,RPL8B,0.942
EGD2,RPL9A,0.909
EGD2,RPL9B,0.901
EGD2,RPP0,0.961
EGD2,RPS13,0.916
EGD2,RPS15,0.933
EGD2,RPS3,0.921
EGD2,RPS5,0.936
EGD2,TEF4,0.943
ELA1,ELC1,0.999
ELA1,HRT1,0.981
ELA1,RPL10,0.923
ELA1,RPL18A,0.902
ELA1,RPL18B,0.902
ELA1,RPL19B,0.902
ELA1,RPL28,0.93
ELA1,RPL3,0.94
ELA1,RPL30,0.94
ELA1,RPL32,0.916
ELA1,RPL5,0.946
ELC1,HRT1,0.999
ELC1,RAD16,0.996
ELC1,RAD2,0.934
ELC1,RAD23,0.972
ELC1,RAD3,0.913
ELC1,RAD4,0.968
ELC1,RAD7,0.999
ELC1,RRI1,0.936
ELC1,SKP1,0.915
ELC1,SOG2,0.909
ELC1,SSL1,0.9
ELC1,SSL2,0.904
ELC1,TFB1,0.9
ELG1,MEC3,0.907
ELG1,RAD24,0.998
ELG1,RFC1,0.977
ELG1,RFC2,0.999
ELG1,RFC3,0.999
ELG1,RFC4,0.999
ELG1,RFC5,0.999
ELG1,SGS1,0.972
ELG1,SMC3,0.917
ELG1,TOF1,0.915
ELP2,ELP3,0.999
ELP2,ELP4,0.999
ELP2,ELP6,0.999
ELP2,IKI1,0.999
ELP2,IKI3,0.999
ELP3,ELP4,0.999
ELP3,ELP6,0.999
ELP3,GCN5,0.955
ELP3,HHF2,0.919
ELP3,HHT1,0.938
ELP3,HRR25,0.907
ELP3,IKI1,0.999
ELP3,IKI3,0.999
ELP3,MCM5,0.909
ELP4,ELP6,0.999
ELP4,IKI1,0.999
ELP4,IKI3,0.999
ELP6,IKI1,0.999
ELP6,IKI3,0.999
EMP24,ERP1,0.995
EMP24,ERP2,0.99
EMP24,ERV25,0.999
END3,PAN1,0.999
END3,RVS161,0.911
END3,RVS167,0.912
END3,SLA1,0.999
EPL1,ESA1,0.999
EPL1,HHF1,0.972
EPL1,HHF2,0.928
EPL1,HHT1,0.946
EPL1,HTA2,0.958
EPL1,RVB1,0.904
EPL1,SAS2,0.982
EPL1,SAS4,0.902
EPL1,SAS5,0.943
EPL1,SWC4,0.999
EPL1,TRA1,0.999
EPL1,YAF9,0.999
EPL1,YNG2,0.999
ERF2,SHR5,0.973
ERI1,GPI1,0.96
ERI1,GPI15,0.979
ERI1,GPI19,0.982
ERI1,GPI2,0.976
ERI1,SPT14,0.955
ERP1,ERP2,0.994
ERP1,ERV25,0.998
ERP2,ERV25,0.999
ERV41,ERV46,0.999
ERV41,HRD3,0.994
ERV41,USA1,0.994
ESA1,GCN5,0.953
ESA1,HHF1,0.998
ESA1,HHF2,0.983
ESA1,HHT1,0.99
ESA1,HHT2,0.949
ESA1,HTA2,0.983
ESA1,HTZ1,0.925
ESA1,RPD3,0.927
ESA1,RVB1,0.947
ESA1,SAS2,0.933
ESA1,SAS4,0.927
ESA1,SAS5,0.957
ESA1,SWC4,0.999
ESA1,TRA1,0.999
ESA1,YAF9,0.998
ESA1,YNG2,0.999
ESP1,IPL1,0.903
ESP1,IRR1,0.979
ESP1,MCD1,0.999
ESP1,PDS1,0.999
ESP1,REC8,0.997
ESP1,SMC1,0.983
ESP1,SMC3,0.997
EST1,EST2,0.999
EST1,EST3,0.999
EST1,POP1,0.983
EST1,POP6,0.979
EST1,POP7,0.962
EST1,YKU70,0.995
EST1,YKU80,0.996
EST2,EST3,0.999
EST2,POP1,0.958
EST2,POP6,0.976
EST2,POP7,0.93
EST2,RFA1,0.965
EST2,YKU70,0.997
EST2,YKU80,0.992
EST3,POP1,0.978
EST3,POP6,0.99
EST3,POP7,0.952
EST3,YKU70,0.971
EST3,YKU80,0.975
EXO70,EXO84,0.999
EXO70,RHO1,0.914
EXO70,SEC10,0.999
EXO70,SEC15,0.999
EXO70,SEC3,0.999
EXO70,SEC4,0.985
EXO70,SEC5,0.999
EXO70,SEC6,0.999
EXO70,SEC8,0.999
EXO70,SEC9,0.96
EXO70,SRO7,0.917
EXO70,SSO1,0.915
EXO84,SEC10,0.999
EXO84,SEC15,0.999
EXO84,SEC3,0.999
EXO84,SEC4,0.971
EXO84,SEC5,0.999
EXO84,SEC6,0.999
EXO84,SEC8,0.999
EXO84,SEC9,0.962
EXO84,SRO7,0.969
FAA1,FAA4,0.974
FAA1,FAS1,0.979
FAA1,FAS2,0.981
FAA1,FAT1,0.964
FAA4,FAS1,0.968
FAA4,FAS2,0.975
FAA4,FAT1,0.962
FAR1,FUS3,0.999
FAR1,GPA1,0.94
FAR1,HRT1,0.92
FAR1,SKP1,0.94
FAR1,STE12,0.947
FAR1,STE18,0.996
FAR1,STE4,0.996
FAR1,STE5,0.953
FAR1,STE7,0.906
FAR10,FAR11,0.985
FAR10,FAR3,0.987
FAR10,FAR7,0.98
FAR10,FAR8,0.984
FAR11,FAR3,0.994
FAR11,FAR7,0.973
FAR11,FAR8,0.998
FAR11,PPH21,0.922
FAR11,TPD3,0.98
FAR11,VPS64,0.993
FAR3,FAR7,0.999
FAR3,FAR8,0.982
FAR3,VPS64,0.997
FAR7,FAR8,0.994
FAR7,VPS64,0.997
FAR8,TCP1,0.902
FAR8,TPD3,0.965
FAR8,VPS64,0.989
FAS1,FAS2,0.999
FET3,FTH1,0.986
FET3,FTR1,0.999
FET3,SOD1,0.938
FET5,FTH1,0.999
FET5,FTR1,0.939
FIG4,PAM17,0.905
FIG4,VAC14,0.999
FIG4,VPS15,0.941
FIG4,VPS30,0.944
FIG4,VPS34,0.962
FIG4,VPS38,0.917
FIP1,GLC7,0.986
FIP1,HRP1,0.916
FIP1,MPE1,0.999
FIP1,PAP1,0.999
FIP1,PCF11,0.998
FIP1,PFS2,0.999
FIP1,PTA1,0.999
FIP1,PTI1,0.999
FIP1,REF2,0.999
FIP1,RNA14,0.999
FIP1,RNA15,0.979
FIP1,SSU72,0.999
FIP1,SWD2,0.999
FIP1,SYC1,0.968
FIP1,YSH1,0.999
FIP1,YTH1,0.999
FKS1,GSC2,0.999
FKS1,RHO1,0.999
FKS1,TPS1,0.904
FKS1,TPS2,0.916
FKS1,TPS3,0.901
FKS1,TSL1,0.9
FRS1,FRS2,0.999
FTH1,FTR1,0.998
FUS3,GPA1,0.998
FUS3,SKO1,0.904
FUS3,STE11,0.991
FUS3,STE12,0.999
FUS3,STE18,0.988
FUS3,STE4,0.996
FUS3,STE5,0.999
FUS3,STE7,0.999
FUS3,TIM12,0.994
FYV10,GID7,0.997
FYV10,GID8,0.999
FYV10,RMD5,0.999
FYV10,VID24,0.999
FYV10,VID28,0.999
FYV10,VID30,0.999
FZO1,MGM1,0.997
FZO1,UGO1,0.998
GAA1,GAB1,0.999
GAA1,GPI16,0.999
GAA1,GPI17,0.999
GAA1,GPI8,0.999
GAB1,GPI16,0.999
GAB1,GPI17,0.999
GAB1,GPI8,0.999
GAC1,GIP1,0.93
GAC1,GLC7,0.999
GAC1,REG1,0.9
GAC1,REG2,0.953
GAC1,SDS22,0.975
GAL11,GAL4,0.984
GAL11,MED1,0.994
GAL11,MED11,0.958
GAL11,MED2,0.999
GAL11,MED4,0.987
GAL11,MED6,0.994
GAL11,MED7,0.995
GAL11,MED8,0.995
GAL11,NUT1,0.991
GAL11,NUT2,0.995
GAL11,PGD1,0.999
GAL11,RGR1,0.998
GAL11,ROX3,0.997
GAL11,SEC72,0.94
GAL11,SIN4,0.999
GAL11,SOH1,0.994
GAL11,SRB2,0.997
GAL11,SRB4,0.998
GAL11,SRB5,0.998
GAL11,SRB6,0.993
GAL11,SRB7,0.994
GAL11,SSN3,0.942
GAL3,GAL4,0.997
GAL3,GAL80,0.999
GAL4,GAL80,0.999
GAL4,SPT15,0.959
GAL4,SSN3,0.914
GAL83,REG1,0.901
GAL83,SIP1,0.998
GAL83,SIP2,0.998
GAL83,SNF1,0.999
GAL83,SNF4,0.999
GCD1,GCD11,0.999
GCD1,GCD2,0.999
GCD1,GCD6,0.999
GCD1,GCD7,0.999
GCD1,GCN3,0.999
GCD1,GTR1,0.909
GCD1,GTR2,0.9
GCD1,LTV1,0.917
GCD1,MEH1,0.9
GCD1,RGP1,0.903
GCD1,RIC1,0.9
GCD1,SLM4,0.907
GCD1,SUI2,0.999
GCD1,SUI3,0.999
GCD10,GCD14,0.999
GCD10,TRM11,0.988
GCD10,TRM112,0.965
GCD10,TRM8,0.997
GCD10,TRM82,0.995
GCD11,GCD2,0.999
GCD11,GCD6,0.999
GCD11,GCD7,0.999
GCD11,GCN3,0.999
GCD11,HCR1,0.983
GCD11,MRP4,0.931
GCD11,MRPL9,0.91
GCD11,MRPS17,0.921
GCD11,MRPS28,0.934
GCD11,MRPS5,0.949
GCD11,NIP1,0.999
GCD11,PRT1,0.999
GCD11,RPG1,0.999
GCD11,RPL16A,0.918
GCD11,RPL25,0.971
GCD11,RPL26A,0.928
GCD11,RPL26B,0.906
GCD11,RPL28,0.909
GCD11,RPL2A,0.939
GCD11,RPL3,0.951
GCD11,RPL35B,0.924
GCD11,RPL4A,0.904
GCD11,RPL4B,0.901
GCD11,RPL5,0.971
GCD11,RPS0A,0.997
GCD11,RPS0B,0.992
GCD11,RPS10A,0.991
GCD11,RPS10B,0.955
GCD11,RPS11A,0.986
GCD11,RPS11B,0.993
GCD11,RPS12,0.998
GCD11,RPS13,0.998
GCD11,RPS14A,0.991
GCD11,RPS14B,0.99
GCD11,RPS15,0.998
GCD11,RPS16A,0.989
GCD11,RPS16B,0.994
GCD11,RPS17A,0.987
GCD11,RPS17B,0.983
GCD11,RPS18A,0.993
GCD11,RPS18B,0.983
GCD11,RPS19A,0.994
GCD11,RPS19B,0.967
GCD11,RPS1A,0.973
GCD11,RPS1B,0.994
GCD11,RPS2,0.998
GCD11,RPS20,0.998
GCD11,RPS21B,0.994
GCD11,RPS22A,0.991
GCD11,RPS22B,0.944
GCD11,RPS23A,0.995
GCD11,RPS23B,0.991
GCD11,RPS24A,0.992
GCD11,RPS24B,0.986
GCD11,RPS25A,0.99
GCD11,RPS25B,0.962
GCD11,RPS26A,0.994
GCD11,RPS26B,0.992
GCD11,RPS27A,0.993
GCD11,RPS27B,0.99
GCD11,RPS28A,0.994
GCD11,RPS28B,0.993
GCD11,RPS29A,0.957
GCD11,RPS29B,0.988
GCD11,RPS3,0.999
GCD11,RPS30A,0.989
GCD11,RPS30B,0.981
GCD11,RPS31,0.994
GCD11,RPS4A,0.99
GCD11,RPS4B,0.996
GCD11,RPS5,0.997
GCD11,RPS6A,0.991
GCD11,RPS6B,0.996
GCD11,RPS7A,0.994
GCD11,RPS7B,0.961
GCD11,RPS8A,0.996
GCD11,RPS8B,0.988
GCD11,RPS9A,0.985
GCD11,RPS9B,0.983
GCD11,RSM10,0.942
GCD11,RSM7,0.937
GCD11,SUI1,0.998
GCD11,SUI2,0.999
GCD11,SUI3,0.999
GCD11,SWS2,0.902
GCD11,TIF11,0.999
GCD11,TIF34,0.999
GCD11,TIF35,0.999
GCD11,TIF5,0.999
GCD14,TRM11,0.99
GCD14,TRM112,0.972
GCD14,TRM8,0.998
GCD14,TRM82,0.998
GCD2,GCD6,0.999
GCD2,GCD7,0.999
GCD2,GCN3,0.999
GCD2,GTR1,0.902
GCD2,GTR2,0.902
GCD2,LTV1,0.923
GCD2,MEH1,0.9
GCD2,RGP1,0.905
GCD2,RIC1,0.901
GCD2,SLM4,0.9
GCD2,SUI2,0.999
GCD2,SUI3,0.998
GCD6,GCD7,0.999
GCD6,GCN3,0.999
GCD6,GTR1,0.901
GCD6,GTR2,0.9
GCD6,LTV1,0.91
GCD6,MEH1,0.9
GCD6,RGP1,0.902
GCD6,RIC1,0.901
GCD6,SLM4,0.9
GCD6,SUI2,0.999
GCD6,SUI3,0.999
GCD6,TIF5,0.974
GCD7,GCN3,0.999
GCD7,GTR1,0.9
GCD7,GTR2,0.901
GCD7,LTV1,0.906
GCD7,MEH1,0.9
GCD7,RGP1,0.901
GCD7,RIC1,0.9
GCD7,SLM4,0.9
GCD7,SUI2,0.999
GCD7,SUI3,0.999
GCN1,GCN20,0.999
GCN1,RPL10,0.92
GCN1,RPL19A,0.979
GCN1,RPL19B,0.98
GCN1,RPL25,0.943
GCN1,RPL26A,0.909
GCN1,RPL28,0.919
GCN1,RPL3,0.922
GCN1,RPL30,0.919
GCN1,RPL31A,0.907
GCN1,RPL32,0.918
GCN1,RPL38,0.919
GCN1,RPL5,0.932
GCN1,RPS0A,0.912
GCN1,RPS10A,0.944
GCN1,RPS12,0.946
GCN1,RPS13,0.95
GCN1,RPS14A,0.909
GCN1,RPS15,0.948
GCN1,RPS16A,0.923
GCN1,RPS16B,0.925
GCN1,RPS17A,0.916
GCN1,RPS18A,0.917
GCN1,RPS18B,0.911
GCN1,RPS19A,0.91
GCN1,RPS1A,0.913
GCN1,RPS2,0.946
GCN1,RPS20,0.95
GCN1,RPS21B,0.919
GCN1,RPS22A,0.938
GCN1,RPS26A,0.92
GCN1,RPS26B,0.917
GCN1,RPS27A,0.908
GCN1,RPS3,0.965
GCN1,RPS31,0.924
GCN1,RPS5,0.93
GCN1,RPS8A,0.909
GCN1,SUI2,0.948
GCN20,SUI2,0.901
GCN3,GTR1,0.9
GCN3,GTR2,0.9
GCN3,LTV1,0.908
GCN3,MEH1,0.9
GCN3,RGP1,0.9
GCN3,RIC1,0.9
GCN3,SLM4,0.9
GCN3,SUI2,0.999
GCN3,SUI3,0.999
GCN5,HFI1,0.999
GCN5,HHF1,0.999
GCN5,HHF2,0.998
GCN5,HHT1,0.999
GCN5,HHT2,0.99
GCN5,HTZ1,0.965
GCN5,MOT2,0.995
GCN5,NGG1,0.999
GCN5,RPD3,0.978
GCN5,RTT109,0.987
GCN5,SAS2,0.94
GCN5,SAS3,0.984
GCN5,SET1,0.962
GCN5,SGF11,0.998
GCN5,SGF29,0.999
GCN5,SGF73,0.999
GCN5,SIR2,0.911
GCN5,SNF2,0.946
GCN5,SPT15,0.993
GCN5,SPT20,0.999
GCN5,SPT3,0.999
GCN5,SPT7,0.999
GCN5,SPT8,0.999
GCN5,SUS1,0.999
GCN5,TAF10,0.999
GCN5,TAF12,0.999
GCN5,TAF5,0.999
GCN5,TAF6,0.999
GCN5,TAF9,0.999
GCN5,TRA1,0.999
GCN5,UBP8,0.999
GCN5,VPS75,0.904
GCR1,GCR2,0.999
GCV1,GCV2,0.999
GCV1,GCV3,0.999
GCV1,LPD1,0.999
GCV2,GCV3,0.999
GCV2,LPD1,0.998
GCV3,KGD2,0.934
GCV3,LAT1,0.934
GCV3,LPD1,0.998
GET1,GET2,0.999
GET1,GET3,0.999
GET2,GET3,0.999
GET3,SBH1,0.915
GID7,GID8,0.999
GID7,RMD5,0.998
GID7,VID24,0.996
GID7,VID28,0.999
GID7,VID30,0.999
GID8,RMD5,0.999
GID8,VID24,0.999
GID8,VID28,0.999
GID8,VID30,0.999
GID8,YDL176W,0.968
GIM3,GIM4,0.999
GIM3,GIM5,0.999
GIM3,PAC10,0.999
GIM3,PFD1,0.999
GIM3,TCP1,0.931
GIM3,YKE2,0.999
GIM4,GIM5,0.999
GIM4,PAC10,0.999
GIM4,PFD1,0.999
GIM4,YKE2,0.999
GIM5,PAC10,0.999
GIM5,PFD1,0.999
GIM5,YKE2,0.999
GIP1,GLC7,0.989
GIP1,SDS22,0.958
GLC7,IPL1,0.964
GLC7,MPE1,0.999
GLC7,PAP1,0.999
GLC7,PFS2,0.999
GLC7,PTA1,0.999
GLC7,PTI1,0.999
GLC7,REF2,0.999
GLC7,REG1,0.997
GLC7,REG2,0.979
GLC7,RNA14,0.925
GLC7,RNA15,0.936
GLC7,RPL14A,0.994
GLC7,RPL14B,0.994
GLC7,RPL3,0.994
GLC7,RPL8B,0.994
GLC7,RPP0,0.994
GLC7,SDS22,0.999
GLC7,SNF1,0.962
GLC7,SSU72,0.999
GLC7,SWD2,0.999
GLC7,SYC1,0.999
GLC7,YSH1,0.999
GLC7,YTH1,0.993
GLE1,MEX67,0.981
GLE1,NSP1,0.945
GLE1,NUP145,0.95
GLE1,NUP159,0.999
GLE1,NUP170,0.93
GLE1,NUP49,0.91
GLE1,NUP57,0.979
GLE1,NUP82,0.992
GLE1,NUP84,0.959
GLE1,NUP85,0.957
GLE1,SAC3,0.972
GLE1,SEH1,0.932
GLO3,RET2,0.954
GLO3,RET3,0.933
GLO3,SEC21,0.997
GLO3,SEC26,0.994
GLO3,SEC27,0.995
GON7,KAE1,0.999
GON7,PCC1,0.999
GPA1,STE11,0.985
GPA1,STE12,0.911
GPA1,STE18,0.999
GPA1,STE20,0.95
GPA1,STE4,0.999
GPA1,STE5,0.98
GPA1,STE7,0.974
GPI1,GPI15,0.992
GPI1,GPI19,0.994
GPI1,GPI2,0.999
GPI1,SPT14,0.999
GPI15,GPI19,0.999
GPI15,GPI2,0.999
GPI15,SPT14,0.999
GPI16,GPI17,0.999
GPI16,GPI8,0.999
GPI17,GPI8,0.999
GPI19,GPI2,0.999
GPI19,SPT14,0.999
GPI2,SPT14,0.999
GRH1,SEC24,0.926
GRR1,HRT1,0.993
GRR1,PPH21,0.994
GRR1,SKP1,0.999
GSC2,RHO1,0.999
GSC2,TPS1,0.905
GSC2,TPS2,0.913
GSC2,TPS3,0.903
GSC2,TSL1,0.905
GTB1,ROT2,0.999
GTR1,GTR2,0.999
GTR1,KOG1,0.999
GTR1,LST8,0.944
GTR1,LTV1,0.99
GTR1,MEH1,0.999
GTR1,RGP1,0.9
GTR1,RIC1,0.9
GTR1,SLM4,0.999
GTR1,TCO89,0.937
GTR1,TOR1,0.997
GTR1,TOR2,0.991
GTR1,VAM6,0.95
GTR2,KOG1,0.997
GTR2,LST8,0.919
GTR2,LTV1,0.991
GTR2,MEH1,0.999
GTR2,RGP1,0.9
GTR2,RIC1,0.9
GTR2,SLM4,0.999
GTR2,TOR1,0.992
GTR2,TOR2,0.988
GUS1,MES1,0.999
GUS1,NAM2,0.979
GUS1,RPL25,0.953
GUS1,RPL29,0.919
GUS1,RPL32,0.909
GUS1,RPL38,0.922
GUS1,RPL5,0.929
GUS1,RPS15,0.945
GUS1,RPS21B,0.917
GUS1,RPS3,0.949
GUS1,TEF4,0.905
GYL1,GYP5,0.997
GYL1,RVS167,0.937
GYP5,RVS161,0.903
GYP5,RVS167,0.929
HAP2,HAP3,0.999
HAP2,HAP4,0.967
HAP2,HAP5,0.999
HAP3,HAP4,0.962
HAP3,HAP5,0.999
HAP4,HAP5,0.999
HAT1,HAT2,0.999
HAT1,HHF1,0.999
HAT1,HHF2,0.996
HAT1,HHT1,0.998
HAT1,HHT2,0.99
HAT1,HIF1,0.999
HAT1,ORC1,0.994
HAT1,ORC2,0.995
HAT1,ORC3,0.996
HAT1,ORC4,0.995
HAT1,ORC5,0.996
HAT1,ORC6,0.994
HAT2,HHF1,0.999
HAT2,HHF2,0.989
HAT2,HHT1,0.993
HAT2,HHT2,0.979
HAT2,HIF1,0.999
HAT2,ORC1,0.994
HAT2,ORC3,0.995
HAT2,ORC4,0.995
HAT2,ORC5,0.997
HAT2,ORC6,0.994
HCR1,NIP1,0.999
HCR1,PRT1,0.999
HCR1,RPG1,0.999
HCR1,RPS0A,0.983
HCR1,RPS10A,0.974
HCR1,RPS11A,0.933
HCR1,RPS11B,0.935
HCR1,RPS12,0.949
HCR1,RPS13,0.971
HCR1,RPS14A,0.961
HCR1,RPS14B,0.923
HCR1,RPS15,0.965
HCR1,RPS16A,0.93
HCR1,RPS16B,0.93
HCR1,RPS17A,0.942
HCR1,RPS17B,0.931
HCR1,RPS18A,0.957
HCR1,RPS18B,0.93
HCR1,RPS19A,0.945
HCR1,RPS1A,0.955
HCR1,RPS2,0.991
HCR1,RPS20,0.988
HCR1,RPS21B,0.943
HCR1,RPS22A,0.946
HCR1,RPS23A,0.989
HCR1,RPS23B,0.984
HCR1,RPS24A,0.932
HCR1,RPS24B,0.932
HCR1,RPS25A,0.933
HCR1,RPS26A,0.941
HCR1,RPS26B,0.921
HCR1,RPS27A,0.956
HCR1,RPS27B,0.945
HCR1,RPS28A,0.949
HCR1,RPS28B,0.929
HCR1,RPS29A,0.92
HCR1,RPS3,0.994
HCR1,RPS30A,0.98
HCR1,RPS30B,0.975
HCR1,RPS31,0.946
HCR1,RPS4A,0.934
HCR1,RPS4B,0.935
HCR1,RPS5,0.966
HCR1,RPS6A,0.937
HCR1,RPS6B,0.953
HCR1,RPS7A,0.956
HCR1,RPS8A,0.969
HCR1,RPS8B,0.924
HCR1,RPS9A,0.942
HCR1,SUI1,0.997
HCR1,SUI2,0.988
HCR1,SUI3,0.992
HCR1,SUP45,0.911
HCR1,TIF11,0.996
HCR1,TIF34,0.999
HCR1,TIF35,0.999
HCR1,TIF5,0.999
HDA1,HDA2,0.999
HDA1,HDA3,0.999
HDA1,HHF1,0.951
HDA1,HHF2,0.915
HDA1,HHT1,0.95
HDA1,HHT2,0.911
HDA1,HTA1,0.933
HDA1,HTB1,0.956
HDA1,HTB2,0.933
HDA1,RPD3,0.937
HDA2,HDA3,0.999
HFI1,NGG1,0.999
HFI1,SGF11,0.993
HFI1,SGF29,0.999
HFI1,SGF73,0.999
HFI1,SPT15,0.914
HFI1,SPT20,0.999
HFI1,SPT3,0.999
HFI1,SPT7,0.999
HFI1,SPT8,0.998
HFI1,SUS1,0.998
HFI1,TAF10,0.999
HFI1,TAF12,0.999
HFI1,TAF5,0.999
HFI1,TAF6,0.999
HFI1,TAF9,0.999
HFI1,TRA1,0.999
HFI1,UBP8,0.999
HHF1,HHF2,0.998
HHF1,HHT1,0.999
HHF1,HHT2,0.999
HHF1,HIF1,0.998
HHF1,HTA1,0.999
HHF1,HTA2,0.999
HHF1,HTB1,0.999
HHF1,HTB2,0.999
HHF1,HTZ1,0.999
HHF1,ISW1,0.995
HHF1,ISW2,0.915
HHF1,MCM2,0.977
HHF1,MCM21,0.929
HHF1,MCM3,0.924
HHF1,MCM4,0.98
HHF1,MCM5,0.95
HHF1,MCM6,0.951
HHF1,MCM7,0.925
HHF1,MRC1,0.928
HHF1,NPL6,0.942
HHF1,OKP1,0.921
HHF1,ORC1,0.988
HHF1,POB3,0.999
HHF1,PSF1,0.901
HHF1,PSF2,0.9
HHF1,PSF3,0.9
HHF1,RAD3,0.9
HHF1,RAD53,0.916
HHF1,RLF2,0.902
HHF1,RPB10,0.953
HHF1,RPB11,0.935
HHF1,RPB2,0.959
HHF1,RPB3,0.965
HHF1,RPB4,0.946
HHF1,RPB5,0.953
HHF1,RPB7,0.935
HHF1,RPB8,0.953
HHF1,RPB9,0.949
HHF1,RPC10,0.953
HHF1,RPD3,0.942
HHF1,RPO21,0.982
HHF1,RPO26,0.955
HHF1,RPS31,0.959
HHF1,RRN10,0.981
HHF1,RRN5,0.979
HHF1,RRN9,0.98
HHF1,RSC2,0.969
HHF1,RSC3,0.96
HHF1,RSC30,0.931
HHF1,RSC4,0.959
HHF1,RSC58,0.917
HHF1,RSC6,0.949
HHF1,RSC8,0.955
HHF1,RSC9,0.932
HHF1,RTT102,0.921
HHF1,RTT109,0.997
HHF1,RVB1,0.937
HHF1,RVB2,0.956
HHF1,SAS2,0.986
HHF1,SAS3,0.939
HHF1,SDC1,0.942
HHF1,SET1,0.986
HHF1,SFH1,0.943
HHF1,SIR2,0.99
HHF1,SIR3,0.999
HHF1,SIR4,0.967
HHF1,SLD5,0.948
HHF1,SNF12,0.928
HHF1,SNF2,0.995
HHF1,SNF5,0.939
HHF1,SNF6,0.905
HHF1,SPT15,0.945
HHF1,SPT16,0.999
HHF1,SPT4,0.954
HHF1,SPT5,0.972
HHF1,STH1,0.991
HHF1,SWC4,0.921
HHF1,SWD1,0.978
HHF1,SWI1,0.934
HHF1,SWI3,0.962
HHF1,SWP82,0.915
HHF1,SWR1,0.955
HHF1,TOF1,0.941
HHF1,UAF30,0.975
HHF1,UBP8,0.909
HHF1,VPS75,0.983
HHF1,YKU70,0.917
HHF1,YNG2,0.959
HHF2,HHT1,0.999
HHF2,HHT2,0.999
HHF2,HTA1,0.999
HHF2,HTA2,0.999
HHF2,HTB1,0.999
HHF2,HTB2,0.999
HHF2,HTZ1,0.992
HHF2,ISW1,0.978
HHF2,MCM2,0.934
HHF2,MCM3,0.912
HHF2,MCM4,0.928
HHF2,MCM5,0.913
HHF2,MCM6,0.927
HHF2,MCM7,0.925
HHF2,MRC1,0.911
HHF2,ORC1,0.948
HHF2,POB3,0.999
HHF2,PSF1,0.901
HHF2,PSF2,0.9
HHF2,PSF3,0.9
HHF2,RAD3,0.902
HHF2,RPB10,0.937
HHF2,RPB11,0.933
HHF2,RPB2,0.95
HHF2,RPB3,0.965
HHF2,RPB4,0.947
HHF2,RPB5,0.938
HHF2,RPB7,0.935
HHF2,RPB8,0.938
HHF2,RPB9,0.949
HHF2,RPC10,0.938
HHF2,RPO21,0.975
HHF2,RPO26,0.94
HHF2,RPS31,0.962
HHF2,RRN10,0.953
HHF2,RRN5,0.948
HHF2,RRN9,0.949
HHF2,RSC2,0.9
HHF2,RSC4,0.902
HHF2,RTT109,0.995
HHF2,SAS2,0.945
HHF2,SDC1,0.934
HHF2,SET1,0.979
HHF2,SIR2,0.937
HHF2,SIR3,0.999
HHF2,SLD5,0.9
HHF2,SNF2,0.978
HHF2,SPT15,0.935
HHF2,SPT16,0.999
HHF2,SPT4,0.941
HHF2,SPT5,0.958
HHF2,STH1,0.972
HHF2,SWC4,0.91
HHF2,SWD1,0.977
HHF2,SWR1,0.922
HHF2,TOF1,0.93
HHF2,UAF30,0.951
HHF2,VPS75,0.959
HHF2,YNG2,0.96
HHT1,HHT2,0.996
HHT1,HIF1,0.985
HHT1,HIR1,0.952
HHT1,HIR2,0.942
HHT1,HTA1,0.999
HHT1,HTA2,0.999
HHT1,HTB1,0.999
HHT1,HTB2,0.999
HHT1,HTZ1,0.999
HHT1,IKI3,0.911
HHT1,IOC4,0.944
HHT1,IPL1,0.976
HHT1,ISW1,0.995
HHT1,ISW2,0.905
HHT1,LEO1,0.937
HHT1,MCM2,0.983
HHT1,MCM3,0.968
HHT1,MCM4,0.979
HHT1,MCM5,0.954
HHT1,MCM6,0.964
HHT1,MCM7,0.959
HHT1,MRC1,0.954
HHT1,MSI1,0.912
HHT1,NPL6,0.948
HHT1,NTO1,0.919
HHT1,ORC1,0.979
HHT1,PHO23,0.945
HHT1,POB3,0.999
HHT1,PSF1,0.902
HHT1,PSF2,0.914
HHT1,PSF3,0.916
HHT1,RAD3,0.927
HHT1,RAD53,0.967
HHT1,RCO1,0.97
HHT1,RFA1,0.909
HHT1,RLF2,0.954
HHT1,RPB10,0.965
HHT1,RPB11,0.951
HHT1,RPB2,0.972
HHT1,RPB3,0.984
HHT1,RPB4,0.954
HHT1,RPB5,0.952
HHT1,RPB7,0.953
HHT1,RPB8,0.946
HHT1,RPB9,0.968
HHT1,RPC10,0.964
HHT1,RPD3,0.988
HHT1,RPL40A,0.947
HHT1,RPL40B,0.948
HHT1,RPO21,0.995
HHT1,RPO26,0.931
HHT1,RPS31,0.971
HHT1,RRN10,0.985
HHT1,RRN5,0.988
HHT1,RRN9,0.989
HHT1,RSC1,0.938
HHT1,RSC2,0.992
HHT1,RSC3,0.953
HHT1,RSC30,0.947
HHT1,RSC4,0.994
HHT1,RSC58,0.931
HHT1,RSC6,0.938
HHT1,RSC8,0.963
HHT1,RSC9,0.96
HHT1,RTF1,0.914
HHT1,RTT102,0.925
HHT1,RTT109,0.999
HHT1,RVB1,0.981
HHT1,RVB2,0.974
HHT1,SAS2,0.911
HHT1,SAS3,0.974
HHT1,SAS5,0.966
HHT1,SDC1,0.945
HHT1,SET1,0.999
HHT1,SGF11,0.921
HHT1,SGF29,0.93
HHT1,SGF73,0.962
HHT1,SIR2,0.991
HHT1,SIR3,0.999
HHT1,SIR4,0.966
HHT1,SLD5,0.932
HHT1,SNF12,0.914
HHT1,SNF2,0.998
HHT1,SNF5,0.971
HHT1,SNF6,0.959
HHT1,SPP1,0.993
HHT1,SPT15,0.993
HHT1,SPT16,0.999
HHT1,SPT4,0.977
HHT1,SPT5,0.985
HHT1,SSL2,0.923
HHT1,STH1,0.997
HHT1,SUS1,0.928
HHT1,SWC4,0.911
HHT1,SWD1,0.99
HHT1,SWD3,0.983
HHT1,SWI1,0.947
HHT1,SWI3,0.977
HHT1,SWI6,0.909
HHT1,SWP82,0.932
HHT1,SWR1,0.935
HHT1,TAF14,0.971
HHT1,TOA2,0.944
HHT1,TOF1,0.947
HHT1,TRA1,0.947
HHT1,TUB2,0.917
HHT1,UAF30,0.978
HHT1,UBP8,0.967
HHT1,VPS71,0.919
HHT1,VPS75,0.997
HHT1,YAF9,0.934
HHT1,YKU70,0.918
HHT1,YNG1,0.962
HHT1,YNG2,0.979
HHT2,HTA1,0.999
HHT2,HTA2,0.999
HHT2,HTB1,0.999
HHT2,HTB2,0.999
HHT2,HTZ1,0.998
HHT2,IPL1,0.921
HHT2,ISW1,0.98
HHT2,MCM2,0.958
HHT2,MCM3,0.947
HHT2,MCM4,0.948
HHT2,MCM5,0.945
HHT2,MCM6,0.941
HHT2,MCM7,0.943
HHT2,MRC1,0.933
HHT2,ORC1,0.947
HHT2,POB3,0.999
HHT2,PSF1,0.902
HHT2,PSF2,0.914
HHT2,PSF3,0.915
HHT2,RAD3,0.925
HHT2,RPB10,0.924
HHT2,RPB11,0.933
HHT2,RPB2,0.951
HHT2,RPB3,0.978
HHT2,RPB4,0.94
HHT2,RPB5,0.934
HHT2,RPB7,0.939
HHT2,RPB8,0.926
HHT2,RPB9,0.945
HHT2,RPC10,0.928
HHT2,RPD3,0.933
HHT2,RPL40A,0.946
HHT2,RPL40B,0.946
HHT2,RPO21,0.991
HHT2,RPO26,0.93
HHT2,RPS31,0.972
HHT2,RRN10,0.953
HHT2,RRN5,0.949
HHT2,RRN9,0.955
HHT2,RSC2,0.964
HHT2,RSC4,0.984
HHT2,RSC8,0.909
HHT2,RTT109,0.998
HHT2,RVB1,0.953
HHT2,RVB2,0.954
HHT2,SAS5,0.966
HHT2,SDC1,0.923
HHT2,SET1,0.998
HHT2,SGF11,0.908
HHT2,SGF73,0.926
HHT2,SIR2,0.955
HHT2,SIR3,0.998
HHT2,SIR4,0.915
HHT2,SLD5,0.933
HHT2,SNF2,0.995
HHT2,SNF5,0.929
HHT2,SNF6,0.945
HHT2,SPP1,0.972
HHT2,SPT15,0.988
HHT2,SPT16,0.999
HHT2,SPT4,0.97
HHT2,SPT5,0.977
HHT2,SSL2,0.923
HHT2,STH1,0.984
HHT2,SWD1,0.986
HHT2,SWD3,0.976
HHT2,SWI3,0.942
HHT2,TOA2,0.926
HHT2,TOF1,0.95
HHT2,TUB2,0.92
HHT2,UAF30,0.921
HHT2,UBP8,0.942
HHT2,VPS71,0.919
HHT2,VPS75,0.991
HHT2,YNG2,0.946
HIF1,HTA1,0.964
HIF1,HTB1,0.962
HIR1,HIR2,0.999
HIR1,HIR3,0.999
HIR1,HPC2,0.999
HIR1,HTA1,0.955
HIR1,HTB1,0.956
HIR1,RLF2,0.974
HIR2,HIR3,0.999
HIR2,HPC2,0.999
HIR2,HTA1,0.958
HIR2,HTB1,0.927
HIR3,HPC2,0.999
HOC1,MNN10,0.999
HOC1,MNN11,0.999
HOC1,MNN9,0.999
HOC1,MRPL10,0.947
HOC1,MRPL17,0.947
HOC1,MRPL19,0.947
HOC1,MRPL23,0.949
HOC1,MRPL4,0.947
HOC1,MRPL51,0.947
HOC1,MRPL8,0.947
HOC1,MRPL9,0.949
HOC1,MRPS17,0.921
HOC1,PMT1,0.919
HOC1,PMT2,0.927
HOC1,PMT3,0.908
HOC1,PMT5,0.907
HOC1,RSM23,0.92
HOC1,VAN1,0.992
HOP1,REC8,0.988
HOP1,RED1,0.999
HOP1,SPO11,0.956
HOP1,ZIP1,0.928
HOP2,MND1,0.999
HOP2,ZIP1,0.904
HOS2,HOS4,0.999
HOS2,HST1,0.975
HOS2,PHO23,0.927
HOS2,RPD3,0.921
HOS2,SDS3,0.913
HOS2,SET3,0.998
HOS2,SIF2,0.999
HOS2,SIN3,0.929
HOS2,SNT1,0.999
HOS4,HST1,0.98
HOS4,SET3,0.999
HOS4,SIF2,0.999
HOS4,SNT1,0.999
HOS4,SUM1,0.91
HPR1,IMG1,0.951
HPR1,MFT1,0.999
HPR1,MNP1,0.956
HPR1,MRP17,0.958
HPR1,MRP20,0.925
HPR1,MRP7,0.971
HPR1,MRPL10,0.909
HPR1,MRPL11,0.905
HPR1,MRPL23,0.939
HPR1,MRPL27,0.933
HPR1,MRPL32,0.952
HPR1,MRPL39,0.954
HPR1,MRPL4,0.942
HPR1,MRPL8,0.946
HPR1,MRPL9,0.921
HPR1,MRPS16,0.963
HPR1,MRPS9,0.935
HPR1,RPS5,0.908
HPR1,RSM23,0.905
HPR1,RTC6,0.955
HPR1,SUB2,0.999
HPR1,TEX1,0.998
HPR1,THO2,0.999
HPR1,THP2,0.999
HPR1,YML6,0.941
HPR1,YRA1,0.999
HRD1,HRD3,0.999
HRD1,KAR2,0.949
HRD1,NPL4,0.997
HRD1,SEC61,0.983
HRD1,UFD1,0.996
HRD1,USA1,0.999
HRD1,YOS9,0.999
HRD3,KAR2,0.996
HRD3,NPL4,0.992
HRD3,SEC61,0.922
HRD3,UFD1,0.982
HRD3,USA1,0.999
HRD3,YOS9,0.999
HRP1,MPE1,0.906
HRP1,PAP1,0.968
HRP1,PCF11,0.975
HRP1,PTA1,0.919
HRP1,RNA14,0.997
HRP1,RNA15,0.999
HRP1,YSH1,0.954
HRP1,YTH1,0.953
HRR25,IKI3,0.944
HRR25,LRS4,0.998
HRR25,LTV1,0.999
HRR25,MAM1,0.999
HRR25,RPS15,0.913
HRR25,RPS2,0.913
HRR25,RPS20,0.95
HRR25,RPS3,0.979
HRT1,RAD16,0.927
HRT1,RAD7,0.938
HRT1,RML2,0.937
HRT1,RPS31,0.919
HRT1,RRI1,0.99
HRT1,SKP1,0.999
HRT1,UBA3,0.952
HSC82,KAR2,0.965
HSC82,MGE1,0.939
HSC82,RVB1,0.958
HSC82,RVB2,0.955
HSC82,SGT1,0.999
HSC82,SSA3,0.955
HSC82,TOM70,0.953
HSC82,YDJ1,0.999
HSE1,MVB12,0.956
HSE1,RPS31,0.908
HSE1,SNF7,0.932
HSE1,SNF8,0.913
HSE1,SRN2,0.929
HSE1,STP22,0.99
HSE1,VPS20,0.959
HSE1,VPS24,0.95
HSE1,VPS25,0.96
HSE1,VPS27,0.999
HSE1,VPS28,0.96
HSE1,VPS36,0.965
HSH155,HSH49,0.999
HSH155,IST3,0.999
HSH155,LEA1,0.999
HSH155,LSM2,0.961
HSH155,LSM3,0.946
HSH155,LSM4,0.961
HSH155,LSM5,0.947
HSH155,LSM6,0.929
HSH155,LSM7,0.969
HSH155,LSM8,0.924
HSH155,LUC7,0.997
HSH155,MSL1,0.999
HSH155,MSL5,0.955
HSH155,MUD1,0.999
HSH155,MUD2,0.998
HSH155,NAM8,0.999
HSH155,PML1,0.998
HSH155,PRP11,0.999
HSH155,PRP19,0.999
HSH155,PRP21,0.999
HSH155,PRP28,0.935
HSH155,PRP3,0.987
HSH155,PRP31,0.988
HSH155,PRP39,0.996
HSH155,PRP4,0.98
HSH155,PRP40,0.99
HSH155,PRP42,0.996
HSH155,PRP43,0.956
HSH155,PRP6,0.997
HSH155,PRP8,0.997
HSH155,PRP9,0.999
HSH155,RDS3,0.999
HSH155,RSE1,0.999
HSH155,SMB1,0.998
HSH155,SMD1,0.999
HSH155,SMD2,0.999
HSH155,SMD3,0.996
HSH155,SME1,0.999
HSH155,SMX2,0.999
HSH155,SMX3,0.999
HSH155,SNP1,0.997
HSH155,SNU114,0.998
HSH155,SNU13,0.933
HSH155,SNU23,0.931
HSH155,SNU56,0.992
HSH155,SNU66,0.999
HSH155,SNU71,0.997
HSH155,SPP381,0.97
HSH155,SYF1,0.998
HSH155,SYF2,0.987
HSH155,YHC1,0.999
HSH155,YSF3,0.999
HSH49,IST3,0.999
HSH49,LEA1,0.999
HSH49,LSM2,0.922
HSH49,LSM4,0.927
HSH49,LSM5,0.919
HSH49,LSM6,0.923
HSH49,LSM7,0.962
HSH49,LSM8,0.959
HSH49,LUC7,0.993
HSH49,MSL1,0.999
HSH49,MUD1,0.999
HSH49,MUD2,0.999
HSH49,NAM8,0.999
HSH49,PML1,0.975
HSH49,PRP11,0.999
HSH49,PRP19,0.989
HSH49,PRP21,0.999
HSH49,PRP3,0.967
HSH49,PRP31,0.93
HSH49,PRP39,0.987
HSH49,PRP4,0.966
HSH49,PRP40,0.987
HSH49,PRP42,0.986
HSH49,PRP6,0.994
HSH49,PRP8,0.996
HSH49,PRP9,0.999
HSH49,RDS3,0.999
HSH49,RSE1,0.999
HSH49,SMB1,0.999
HSH49,SMD1,0.992
HSH49,SMD2,0.997
HSH49,SMD3,0.995
HSH49,SME1,0.997
HSH49,SMX2,0.997
HSH49,SMX3,0.998
HSH49,SNP1,0.995
HSH49,SNU114,0.996
HSH49,SNU13,0.945
HSH49,SNU23,0.931
HSH49,SNU56,0.987
HSH49,SNU66,0.999
HSH49,SNU71,0.988
HSH49,SYF1,0.993
HSH49,SYF2,0.985
HSH49,YHC1,0.997
HSH49,YSF3,0.999
HSK3,SPC19,0.997
HSK3,SPC34,0.998
HST1,RFM1,0.991
HST1,SET3,0.982
HST1,SIF2,0.984
HST1,SNT1,0.987
HST1,SUM1,0.994
HTA1,HTA2,0.999
HTA1,HTB1,0.999
HTA1,HTB2,0.999
HTA1,HTZ1,0.984
HTA1,MCM2,0.958
HTA1,MCM3,0.903
HTA1,MCM4,0.965
HTA1,MCM5,0.925
HTA1,MCM6,0.931
HTA1,MCM7,0.91
HTA1,MRC1,0.947
HTA1,POB3,0.996
HTA1,PSF1,0.902
HTA1,PSF2,0.909
HTA1,PSF3,0.905
HTA1,RPL40A,0.966
HTA1,RPL40B,0.96
HTA1,RPS31,0.981
HTA1,RSC2,0.934
HTA1,RVB1,0.965
HTA1,RVB2,0.963
HTA1,SLD5,0.901
HTA1,SNF2,0.911
HTA1,SPT16,0.999
HTA1,STH1,0.908
HTA1,SWR1,0.958
HTA1,TOF1,0.918
HTA1,VPS71,0.91
HTA2,HTB1,0.999
HTA2,HTB2,0.999
HTA2,HTZ1,0.989
HTA2,ISW1,0.978
HTA2,MCM2,0.966
HTA2,MCM3,0.941
HTA2,MCM4,0.956
HTA2,MCM5,0.947
HTA2,MCM6,0.924
HTA2,MCM7,0.931
HTA2,MRC1,0.932
HTA2,NPL6,0.925
HTA2,ORC1,0.96
HTA2,POB3,0.997
HTA2,PSF1,0.902
HTA2,PSF2,0.909
HTA2,PSF3,0.905
HTA2,RPB10,0.922
HTA2,RPB11,0.92
HTA2,RPB2,0.939
HTA2,RPB3,0.936
HTA2,RPB4,0.922
HTA2,RPB5,0.943
HTA2,RPB7,0.92
HTA2,RPB8,0.924
HTA2,RPB9,0.923
HTA2,RPC10,0.925
HTA2,RPL40A,0.971
HTA2,RPL40B,0.961
HTA2,RPO21,0.929
HTA2,RPO26,0.926
HTA2,RPS31,0.982
HTA2,RSC2,0.916
HTA2,RSC3,0.939
HTA2,RSC58,0.92
HTA2,RSC6,0.931
HTA2,RSC9,0.917
HTA2,SDC1,0.906
HTA2,SET1,0.952
HTA2,SFH1,0.95
HTA2,SGF11,0.908
HTA2,SIR3,0.976
HTA2,SLD5,0.901
HTA2,SNF5,0.938
HTA2,SPT15,0.939
HTA2,SPT16,0.999
HTA2,SPT4,0.933
HTA2,SPT5,0.93
HTA2,STH1,0.96
HTA2,SWD1,0.918
HTA2,TFB2,0.91
HTA2,TOF1,0.905
HTB1,HTB2,0.997
HTB1,HTZ1,0.999
HTB1,MCM2,0.966
HTB1,MCM3,0.93
HTB1,MCM4,0.956
HTB1,MCM5,0.927
HTB1,MCM6,0.924
HTB1,MCM7,0.906
HTB1,MRC1,0.925
HTB1,POB3,0.996
HTB1,PSF1,0.903
HTB1,PSF2,0.9
HTB1,PSF3,0.902
HTB1,RAD6,0.909
HTB1,RPB2,0.905
HTB1,RPB3,0.914
HTB1,RTF1,0.945
HTB1,RVB1,0.976
HTB1,RVB2,0.965
HTB1,SET1,0.916
HTB1,SIR3,0.989
HTB1,SLD5,0.956
HTB1,SPT16,0.998
HTB1,SPT5,0.926
HTB1,SWR1,0.969
HTB1,TOF1,0.912
HTB1,UBP8,0.96
HTB1,VPS71,0.922
HTB2,HTZ1,0.999
HTB2,ISW1,0.912
HTB2,MCM2,0.934
HTB2,MCM3,0.917
HTB2,MCM4,0.932
HTB2,MCM5,0.946
HTB2,MCM6,0.907
HTB2,MCM7,0.906
HTB2,MRC1,0.908
HTB2,ORC1,0.937
HTB2,POB3,0.985
HTB2,PSF1,0.901
HTB2,PSF2,0.911
HTB2,PSF3,0.905
HTB2,RAD6,0.934
HTB2,RET1,0.912
HTB2,RPB2,0.904
HTB2,RTF1,0.928
HTB2,SET1,0.904
HTB2,SIR3,0.966
HTB2,SLD5,0.956
HTB2,SPT16,0.997
HTB2,SPT5,0.914
HTB2,TOF1,0.914
HTB2,UBP8,0.919
HTL1,LDB7,0.998
HTL1,NPL6,0.999
HTL1,RSC1,0.984
HTL1,RSC2,0.998
HTL1,RSC3,0.998
HTL1,RSC30,0.998
HTL1,RSC4,0.999
HTL1,RSC58,0.999
HTL1,RSC6,0.999
HTL1,RSC8,0.999
HTL1,RSC9,0.998
HTL1,RTT102,0.998
HTL1,SFH1,0.993
HTL1,STH1,0.999
HTZ1,RVB1,0.991
HTZ1,RVB2,0.971
HTZ1,SET1,0.932
HTZ1,SPT16,0.962
HTZ1,SWC3,0.943
HTZ1,SWC4,0.979
HTZ1,SWC5,0.987
HTZ1,SWR1,0.999
HTZ1,VPS71,0.991
HTZ1,VPS72,0.999
HTZ1,VPS75,0.901
HTZ1,YAF9,0.991
HYM1,KIC1,0.999
HYM1,MOB2,0.977
HYM1,SOG2,0.996
IDH1,IDH2,0.999
IDH1,KGD1,0.996
IDH1,KGD2,0.988
IDH1,LPD1,0.991
IDH1,LSC1,0.935
IDH1,LSC2,0.914
IDH1,YMR31,0.902
IDH2,KGD1,0.996
IDH2,KGD2,0.993
IDH2,LPD1,0.99
IDH2,LSC1,0.925
IDH2,LSC2,0.968
IDH2,YMR31,0.903
IES1,IES3,0.999
IES1,IES4,0.999
IES1,INO80,0.994
IES1,NHP10,0.999
IES1,RVB1,0.997
IES1,RVB2,0.997
IES1,SWC3,0.902
IES1,SWC4,0.929
IES1,SWC5,0.916
IES1,SWC7,0.927
IES1,SWR1,0.938
IES1,TAF14,0.996
IES1,VPS71,0.906
IES1,VPS72,0.942
IES1,YAF9,0.924
IES3,IES4,0.999
IES3,INO80,0.992
IES3,NHP10,0.999
IES3,RVB1,0.996
IES3,RVB2,0.995
IES3,SWC3,0.92
IES3,SWC4,0.921
IES3,SWC5,0.925
IES3,SWC7,0.943
IES3,SWR1,0.95
IES3,TAF14,0.993
IES3,VPS71,0.961
IES3,VPS72,0.925
IES3,YAF9,0.909
IES4,INO80,0.998
IES4,NHP10,0.997
IES4,RVB1,0.995
IES4,RVB2,0.994
IES4,SWC3,0.913
IES4,SWC4,0.913
IES4,SWC5,0.918
IES4,SWC7,0.926
IES4,SWR1,0.929
IES4,TAF14,0.999
IES4,VPS71,0.932
IES4,VPS72,0.936
IES4,YAF9,0.913
IFH1,RRP7,0.996
IFH1,UTP22,0.999
IKI1,IKI3,0.999
ILV2,ILV6,0.999
ILV2,PDB1,0.964
IME1,UME6,0.998
IMG1,IMG2,0.999
IMG1,KRE29,0.924
IMG1,MNP1,0.999
IMG1,MRP1,0.912
IMG1,MRP10,0.937
IMG1,MRP17,0.999
IMG1,MRP2,0.998
IMG1,MRP20,0.999
IMG1,MRP21,0.931
IMG1,MRP4,0.999
IMG1,MRP49,0.991
IMG1,MRP7,0.999
IMG1,MRPL1,0.998
IMG1,MRPL10,0.999
IMG1,MRPL11,0.982
IMG1,MRPL13,0.977
IMG1,MRPL15,0.971
IMG1,MRPL16,0.999
IMG1,MRPL17,0.999
IMG1,MRPL19,0.996
IMG1,MRPL20,0.986
IMG1,MRPL22,0.999
IMG1,MRPL23,0.999
IMG1,MRPL24,0.999
IMG1,MRPL25,0.971
IMG1,MRPL27,0.999
IMG1,MRPL28,0.999
IMG1,MRPL3,0.999
IMG1,MRPL31,0.947
IMG1,MRPL32,0.999
IMG1,MRPL33,0.999
IMG1,MRPL35,0.995
IMG1,MRPL36,0.982
IMG1,MRPL37,0.976
IMG1,MRPL38,0.999
IMG1,MRPL39,0.999
IMG1,MRPL4,0.999
IMG1,MRPL40,0.997
IMG1,MRPL49,0.99
IMG1,MRPL50,0.976
IMG1,MRPL51,0.998
IMG1,MRPL6,0.999
IMG1,MRPL7,0.999
IMG1,MRPL8,0.999
IMG1,MRPL9,0.999
IMG1,MRPS16,0.999
IMG1,MRPS17,0.999
IMG1,MRPS18,0.998
IMG1,MRPS28,0.999
IMG1,MRPS35,0.953
IMG1,MRPS5,0.998
IMG1,MRPS8,0.997
IMG1,MRPS9,0.999
IMG1,MRX14,0.999
IMG1,NAM9,0.989
IMG1,RML2,0.999
IMG1,RPL10,0.937
IMG1,RPL11A,0.975
IMG1,RPL11B,0.975
IMG1,RPL12A,0.979
IMG1,RPL12B,0.979
IMG1,RPL16A,0.979
IMG1,RPL16B,0.979
IMG1,RPL17A,0.975
IMG1,RPL17B,0.976
IMG1,RPL1A,0.979
IMG1,RPL1B,0.979
IMG1,RPL23A,0.977
IMG1,RPL23B,0.977
IMG1,RPL25,0.998
IMG1,RPL26A,0.989
IMG1,RPL26B,0.985
IMG1,RPL28,0.981
IMG1,RPL2A,0.978
IMG1,RPL2B,0.977
IMG1,RPL3,0.986
IMG1,RPL35A,0.985
IMG1,RPL35B,0.985
IMG1,RPL4A,0.909
IMG1,RPL4B,0.91
IMG1,RPL5,0.996
IMG1,RPL7A,0.965
IMG1,RPL7B,0.965
IMG1,RPL9A,0.976
IMG1,RPL9B,0.976
IMG1,RPP0,0.988
IMG1,RPS0A,0.984
IMG1,RPS0B,0.979
IMG1,RPS11A,0.977
IMG1,RPS11B,0.98
IMG1,RPS13,0.991
IMG1,RPS14A,0.984
IMG1,RPS14B,0.978
IMG1,RPS15,0.997
IMG1,RPS16A,0.909
IMG1,RPS16B,0.909
IMG1,RPS18A,0.983
IMG1,RPS18B,0.978
IMG1,RPS2,0.987
IMG1,RPS20,0.991
IMG1,RPS22A,0.983
IMG1,RPS22B,0.977
IMG1,RPS23A,0.977
IMG1,RPS23B,0.977
IMG1,RPS29A,0.975
IMG1,RPS29B,0.975
IMG1,RPS3,0.998
IMG1,RPS5,0.988
IMG1,RPS9A,0.962
IMG1,RPS9B,0.948
IMG1,RSM10,0.998
IMG1,RSM18,0.996
IMG1,RSM19,0.992
IMG1,RSM23,0.995
IMG1,RSM24,0.997
IMG1,RSM25,0.97
IMG1,RSM26,0.946
IMG1,RSM27,0.988
IMG1,RSM7,0.998
IMG1,RTC6,0.999
IMG1,SRP54,0.972
IMG1,SWS2,0.995
IMG1,YML6,0.999
IMG2,MNP1,0.982
IMG2,MRP10,0.917
IMG2,MRP17,0.992
IMG2,MRP2,0.992
IMG2,MRP20,0.998
IMG2,MRP21,0.945
IMG2,MRP4,0.996
IMG2,MRP49,0.988
IMG2,MRP7,0.996
IMG2,MRPL1,0.974
IMG2,MRPL10,0.999
IMG2,MRPL11,0.984
IMG2,MRPL13,0.953
IMG2,MRPL15,0.949
IMG2,MRPL16,0.997
IMG2,MRPL17,0.998
IMG2,MRPL19,0.982
IMG2,MRPL20,0.97
IMG2,MRPL22,0.997
IMG2,MRPL23,0.994
IMG2,MRPL24,0.994
IMG2,MRPL25,0.961
IMG2,MRPL27,0.996
IMG2,MRPL28,0.997
IMG2,MRPL3,0.999
IMG2,MRPL31,0.963
IMG2,MRPL32,0.996
IMG2,MRPL33,0.998
IMG2,MRPL35,0.991
IMG2,MRPL36,0.957
IMG2,MRPL37,0.988
IMG2,MRPL38,0.951
IMG2,MRPL39,0.994
IMG2,MRPL4,0.997
IMG2,MRPL40,0.97
IMG2,MRPL49,0.972
IMG2,MRPL50,0.915
IMG2,MRPL51,0.999
IMG2,MRPL6,0.925
IMG2,MRPL7,0.936
IMG2,MRPL8,0.998
IMG2,MRPL9,0.998
IMG2,MRPS16,0.996
IMG2,MRPS17,0.973
IMG2,MRPS18,0.993
IMG2,MRPS28,0.995
IMG2,MRPS35,0.925
IMG2,MRPS5,0.994
IMG2,MRPS8,0.967
IMG2,MRPS9,0.995
IMG2,MRX14,0.997
IMG2,NAM9,0.926
IMG2,RML2,0.992
IMG2,RPL12A,0.906
IMG2,RPL12B,0.906
IMG2,RPL17A,0.906
IMG2,RPL17B,0.908
IMG2,RPL26A,0.926
IMG2,RPL26B,0.93
IMG2,RPL28,0.928
IMG2,RPL3,0.913
IMG2,RPS13,0.911
IMG2,RPS2,0.922
IMG2,RPS20,0.92
IMG2,RPS5,0.914
IMG2,RSM10,0.995
IMG2,RSM18,0.996
IMG2,RSM19,0.928
IMG2,RSM23,0.996
IMG2,RSM24,0.996
IMG2,RSM25,0.938
IMG2,RSM26,0.936
IMG2,RSM27,0.952
IMG2,RSM7,0.993
IMG2,RTC6,0.997
IMG2,SWS2,0.926
IMG2,YML6,0.998
INH1,STF1,0.995
INO2,INO4,0.999
INO80,NHP10,0.999
INO80,RVB1,0.999
INO80,RVB2,0.999
INO80,SWC3,0.906
INO80,SWC4,0.939
INO80,SWC5,0.918
INO80,SWC7,0.91
INO80,SWR1,0.945
INO80,TAF14,0.993
INO80,VPS71,0.936
INO80,VPS72,0.932
INO80,YAF9,0.916
IOC2,IOC3,0.997
IOC2,IOC4,0.999
IOC2,ISW1,0.998
IOC2,ISW2,0.972
IOC2,ITC1,0.95
IOC2,NGG1,0.909
IOC2,SPT3,0.904
IOC2,TRA1,0.903
IOC3,IOC4,0.994
IOC3,ISW1,0.999
IOC3,ISW2,0.928
IOC3,ITC1,0.962
IOC4,ISW1,0.993
IOC4,ISW2,0.939
IPI1,IPI3,0.999
IPI1,RIX1,0.999
IPI3,MAK21,0.917
IPI3,MCM2,0.93
IPI3,MCM3,0.933
IPI3,MCM4,0.999
IPI3,MCM5,0.909
IPI3,MCM6,0.909
IPI3,MCM7,0.908
IPI3,NOC2,0.931
IPI3,NOC3,0.993
IPI3,ORC1,0.931
IPI3,ORC2,0.999
IPI3,ORC3,0.934
IPI3,ORC4,0.9
IPI3,ORC5,0.907
IPI3,ORC6,0.901
IPI3,RIX1,0.999
IPI3,RPL25,0.918
IPL1,MAD2,0.944
IPL1,NDC80,0.991
IPL1,NUF2,0.932
IPL1,SDS22,0.926
IPL1,SLI15,0.999
IPP1,VMA11,0.951
IPP1,VMA3,0.947
IRR1,MCD1,0.999
IRR1,REC8,0.998
IRR1,SCC2,0.994
IRR1,SMC1,0.999
IRR1,SMC2,0.953
IRR1,SMC3,0.999
IRR1,SMC4,0.97
IRR1,SMC6,0.933
ISD11,MRE11,0.919
ISD11,NFS1,0.999
IST3,ISY1,0.977
IST3,LEA1,0.998
IST3,MUD2,0.919
IST3,PML1,0.999
IST3,PRP11,0.996
IST3,PRP19,0.999
IST3,PRP21,0.997
IST3,PRP3,0.918
IST3,PRP8,0.951
IST3,PRP9,0.976
IST3,RDS3,0.999
IST3,RSE1,0.999
IST3,SMB1,0.95
IST3,SMD1,0.972
IST3,SMD2,0.974
IST3,SMD3,0.957
IST3,SME1,0.972
IST3,SMX2,0.97
IST3,SMX3,0.993
IST3,SNT309,0.933
IST3,SNU114,0.972
IST3,SNU23,0.958
IST3,SNU66,0.978
IST3,SPP381,0.901
IST3,SYF1,0.971
IST3,SYF2,0.956
IST3,YSF3,0.998
ISW1,ISW2,0.986
ISW1,ITC1,0.992
ISW1,NPL6,0.947
ISW2,ITC1,0.999
ISY1,LEA1,0.999
ISY1,MSL1,0.905
ISY1,NTC20,0.999
ISY1,NTR2,0.97
ISY1,PRP18,0.994
ISY1,PRP19,0.999
ISY1,PRP8,0.999
ISY1,SMB1,0.959
ISY1,SMD1,0.924
ISY1,SMD2,0.908
ISY1,SME1,0.962
ISY1,SMX2,0.928
ISY1,SMX3,0.939
ISY1,SNT309,0.999
ISY1,SNU114,0.999
ISY1,SPP382,0.966
ISY1,SYF1,0.999
ISY1,SYF2,0.999
JNM1,NIP100,0.999
JNM1,PAC11,0.994
KAE1,PCC1,0.999
KAR2,SEC61,0.99
KAR2,SEC62,0.921
KAR2,SEC63,0.997
KAR2,SEC66,0.921
KAR2,USA1,0.902
KAR2,YDJ1,0.972
KAR2,YOS9,0.999
KEL1,KEL2,0.999
KEL1,LTE1,0.985
KEL1,SPA2,0.915
KEL2,LTE1,0.93
KGD1,KGD2,0.999
KGD1,LAT1,0.992
KGD1,LPD1,0.999
KGD1,LSC1,0.999
KGD1,LSC2,0.999
KGD1,PDA1,0.948
KGD1,PDB1,0.962
KGD1,PDX1,0.985
KGD1,SDH2,0.962
KGD1,SDH3,0.935
KGD1,YMR31,0.975
KGD2,LAT1,0.94
KGD2,LPD1,0.999
KGD2,LSC1,0.998
KGD2,LSC2,0.998
KGD2,PDB1,0.998
KGD2,SDH4,0.908
KGD2,YMR31,0.99
KIC1,MOB2,0.98
KIC1,SOG2,0.999
KIN28,RAD3,0.999
KIN28,RGR1,0.957
KIN28,RPB2,0.914
KIN28,RPB3,0.959
KIN28,RPB4,0.953
KIN28,RPB7,0.927
KIN28,RPO21,0.999
KIN28,SPT15,0.968
KIN28,SPT4,0.913
KIN28,SPT5,0.967
KIN28,SRB4,0.941
KIN28,SSL1,0.999
KIN28,SSL2,0.999
KIN28,SSN8,0.934
KIN28,SSU72,0.901
KIN28,TFA1,0.999
KIN28,TFA2,0.999
KIN28,TFB1,0.999
KIN28,TFB2,0.998
KIN28,TFB3,0.999
KIN28,TFB4,0.999
KIN28,TFB5,0.945
KOG1,LCB1,0.905
KOG1,LCB2,0.906
KOG1,LST8,0.999
KOG1,SNF4,0.924
KOG1,TAP42,0.99
KOG1,TCO89,0.999
KOG1,TOR1,0.999
KOG1,TOR2,0.999
KOG1,TSC11,0.992
KRE29,MMS21,0.997
KRE29,MNP1,0.912
KRE29,MRP20,0.931
KRE29,MRPL11,0.92
KRE29,MRPL23,0.921
KRE29,MRPL27,0.919
KRE29,MRPL32,0.918
KRE29,MRPL4,0.917
KRE29,NSE1,0.992
KRE29,NSE3,0.995
KRE29,NSE4,0.994
KRE29,NSE5,0.999
KRE29,SMC5,0.999
KRE29,SMC6,0.998
KRE29,YML6,0.928
LAT1,LPD1,0.999
LAT1,LSC1,0.983
LAT1,LSC2,0.988
LAT1,PDA1,0.999
LAT1,PDB1,0.999
LAT1,PDX1,0.986
LCB1,LCB2,0.999
LCB1,LST8,0.918
LCB1,TOR1,0.954
LCB1,TOR2,0.969
LCB2,LST8,0.911
LCB2,TOR1,0.948
LCB2,TOR2,0.951
LDB7,NPL6,0.999
LDB7,RSC1,0.974
LDB7,RSC2,0.995
LDB7,RSC3,0.997
LDB7,RSC30,0.996
LDB7,RSC4,0.998
LDB7,RSC58,0.997
LDB7,RSC6,0.994
LDB7,RSC8,0.997
LDB7,RSC9,0.994
LDB7,RTT102,0.997
LDB7,SFH1,0.984
LDB7,STH1,0.998
LEA1,LSM2,0.983
LEA1,LSM3,0.968
LEA1,LSM4,0.977
LEA1,LSM5,0.933
LEA1,LSM6,0.999
LEA1,LSM7,0.989
LEA1,LSM8,0.978
LEA1,LUC7,0.999
LEA1,MSL1,0.999
LEA1,MUD1,0.999
LEA1,MUD2,0.999
LEA1,NAM8,0.999
LEA1,NTC20,0.953
LEA1,PML1,0.953
LEA1,PRP11,0.999
LEA1,PRP19,0.999
LEA1,PRP21,0.999
LEA1,PRP3,0.985
LEA1,PRP31,0.994
LEA1,PRP38,0.92
LEA1,PRP39,0.999
LEA1,PRP4,0.976
LEA1,PRP40,0.999
LEA1,PRP42,0.999
LEA1,PRP43,0.996
LEA1,PRP6,0.973
LEA1,PRP8,0.999
LEA1,PRP9,0.999
LEA1,RDS3,0.999
LEA1,RSE1,0.999
LEA1,SMB1,0.999
LEA1,SMD1,0.999
LEA1,SMD2,0.999
LEA1,SMD3,0.999
LEA1,SME1,0.999
LEA1,SMX2,0.999
LEA1,SMX3,0.999
LEA1,SNP1,0.999
LEA1,SNT309,0.999
LEA1,SNU114,0.999
LEA1,SNU13,0.928
LEA1,SNU23,0.969
LEA1,SNU56,0.999
LEA1,SNU66,0.999
LEA1,SNU71,0.999
LEA1,SPP381,0.969
LEA1,SPP382,0.986
LEA1,STO1,0.92
LEA1,SYF1,0.999
LEA1,SYF2,0.999
LEA1,YHC1,0.999
LEA1,YSF3,0.999
LEO1,PAF1,0.999
LEO1,POB3,0.999
LEO1,RPB10,0.939
LEO1,RPB11,0.946
LEO1,RPB2,0.978
LEO1,RPB3,0.976
LEO1,RPB4,0.942
LEO1,RPB5,0.953
LEO1,RPB7,0.95
LEO1,RPB8,0.943
LEO1,RPB9,0.95
LEO1,RPC10,0.943
LEO1,RPC40,0.901
LEO1,RPO26,0.941
LEO1,RTF1,0.999
LEO1,SKI8,0.982
LEO1,SPT16,0.999
LEO1,SPT4,0.997
LEO1,SPT5,0.998
LGE1,RAD6,0.961
LIF1,YKU70,0.979
LIF1,YKU80,0.954
LIN1,PRP18,0.905
LIN1,PRP28,0.996
LIN1,PRP6,0.965
LIN1,PRP8,0.997
LIN1,SMB1,0.993
LIN1,SMD1,0.965
LIN1,SMD2,0.959
LIN1,SMD3,0.921
LIN1,SME1,0.96
LIN1,SMX2,0.932
LIN1,SMX3,0.957
LIN1,SNU114,0.993
LIN1,SNU66,0.931
LPD1,LSC1,0.965
LPD1,LSC2,0.979
LPD1,PDA1,0.999
LPD1,PDB1,0.999
LPD1,PDX1,0.999
LPD1,SDH2,0.927
LPD1,SDH3,0.921
LPD1,SDH4,0.914
LPD1,YMR31,0.982
LRP1,MTR3,0.997
LRP1,MTR4,0.999
LRP1,NAN1,0.927
LRP1,NOC4,0.932
LRP1,NOP14,0.911
LRP1,NOP56,0.97
LRP1,NOP58,0.962
LRP1,RRP4,0.999
LRP1,RRP40,0.998
LRP1,RRP42,0.996
LRP1,RRP43,0.999
LRP1,RRP45,0.999
LRP1,RRP46,0.999
LRP1,RRP6,0.999
LRP1,RRP7,0.904
LRP1,SKI6,0.996
LRP1,SNU13,0.912
LRP1,UTP13,0.912
LRP1,UTP15,0.934
LRP1,UTP18,0.978
LRP1,UTP4,0.916
LRP1,UTP6,0.909
LRS4,MAM1,0.998
LRS4,NET1,0.919
LRS4,SIR2,0.93
LSC1,LSC2,0.999
LSC1,PDX1,0.925
LSC1,SDH1,0.995
LSC1,SDH2,0.998
LSC1,SDH3,0.996
LSC1,SDH4,0.987
LSC2,PDB1,0.914
LSC2,PDX1,0.92
LSC2,SDH1,0.99
LSC2,SDH2,0.997
LSC2,SDH3,0.997
LSC2,SDH4,0.978
LSM2,LSM3,0.999
LSM2,LSM4,0.999
LSM2,LSM5,0.999
LSM2,LSM6,0.999
LSM2,LSM7,0.999
LSM2,LSM8,0.999
LSM2,MAK31,0.998
LSM2,MSL1,0.941
LSM2,PML1,0.94
LSM2,PRP11,0.954
LSM2,PRP18,0.922
LSM2,PRP21,0.93
LSM2,PRP24,0.999
LSM2,PRP3,0.999
LSM2,PRP31,0.999
LSM2,PRP38,0.991
LSM2,PRP4,0.999
LSM2,PRP6,0.998
LSM2,PRP8,0.999
LSM2,PRP9,0.942
LSM2,RDS3,0.955
LSM2,RSE1,0.944
LSM2,SMB1,0.999
LSM2,SMD1,0.999
LSM2,SMD2,0.999
LSM2,SMD3,0.999
LSM2,SME1,0.999
LSM2,SMX2,0.999
LSM2,SMX3,0.999
LSM2,SNP1,0.945
LSM2,SNU114,0.998
LSM2,SNU13,0.994
LSM2,SNU23,0.998
LSM2,SNU66,0.999
LSM2,SPP381,0.986
LSM2,YHC1,0.942
LSM2,YSF3,0.947
LSM3,LSM4,0.999
LSM3,LSM5,0.999
LSM3,LSM6,0.999
LSM3,LSM7,0.999
LSM3,LSM8,0.999
LSM3,MAK31,0.994
LSM3,MSL1,0.905
LSM3,PRP11,0.94
LSM3,PRP18,0.935
LSM3,PRP21,0.974
LSM3,PRP24,0.999
LSM3,PRP3,0.999
LSM3,PRP31,0.999
LSM3,PRP38,0.989
LSM3,PRP4,0.999
LSM3,PRP6,0.998
LSM3,PRP8,0.999
LSM3,PRP9,0.949
LSM3,RDS3,0.943
LSM3,RSE1,0.942
LSM3,SMB1,0.999
LSM3,SMD1,0.999
LSM3,SMD2,0.999
LSM3,SMD3,0.999
LSM3,SME1,0.999
LSM3,SMX2,0.999
LSM3,SMX3,0.999
LSM3,SNU114,0.999
LSM3,SNU13,0.997
LSM3,SNU23,0.998
LSM3,SNU66,0.999
LSM3,SPP381,0.984
LSM3,YSF3,0.927
LSM4,LSM5,0.999
LSM4,LSM6,0.999
LSM4,LSM7,0.999
LSM4,LSM8,0.999
LSM4,MAK31,0.993
LSM4,MSL1,0.946
LSM4,PML1,0.929
LSM4,PRP11,0.968
LSM4,PRP18,0.911
LSM4,PRP21,0.966
LSM4,PRP24,0.999
LSM4,PRP3,0.999
LSM4,PRP31,0.999
LSM4,PRP38,0.979
LSM4,PRP4,0.999
LSM4,PRP6,0.999
LSM4,PRP8,0.997
LSM4,PRP9,0.973
LSM4,RDS3,0.951
LSM4,RSE1,0.95
LSM4,SMB1,0.999
LSM4,SMD1,0.999
LSM4,SMD2,0.999
LSM4,SMD3,0.999
LSM4,SME1,0.999
LSM4,SMX2,0.999
LSM4,SMX3,0.999
LSM4,SNU114,0.997
LSM4,SNU13,0.992
LSM4,SNU23,0.998
LSM4,SNU66,0.999
LSM4,SPP381,0.982
LSM4,YSF3,0.95
LSM5,LSM6,0.999
LSM5,LSM7,0.999
LSM5,LSM8,0.999
LSM5,MAK31,0.979
LSM5,MSL1,0.912
LSM5,PML1,0.929
LSM5,PRP11,0.918
LSM5,PRP18,0.902
LSM5,PRP21,0.921
LSM5,PRP24,0.999
LSM5,PRP3,0.998
LSM5,PRP31,0.997
LSM5,PRP38,0.979
LSM5,PRP4,0.999
LSM5,PRP6,0.999
LSM5,PRP8,0.998
LSM5,PRP9,0.922
LSM5,RDS3,0.959
LSM5,RSE1,0.939
LSM5,SMB1,0.999
LSM5,SMD1,0.999
LSM5,SMD2,0.999
LSM5,SMD3,0.999
LSM5,SME1,0.999
LSM5,SMX2,0.999
LSM5,SMX3,0.999
LSM5,SNU114,0.998
LSM5,SNU13,0.997
LSM5,SNU23,0.996
LSM5,SNU66,0.999
LSM5,SPP381,0.988
LSM5,YSF3,0.952
LSM6,LSM7,0.999
LSM6,LSM8,0.999
LSM6,MAK31,0.997
LSM6,MSL1,0.928
LSM6,PML1,0.931
LSM6,PRP11,0.923
LSM6,PRP18,0.951
LSM6,PRP21,0.927
LSM6,PRP24,0.999
LSM6,PRP3,0.999
LSM6,PRP31,0.999
LSM6,PRP38,0.979
LSM6,PRP4,0.999
LSM6,PRP6,0.998
LSM6,PRP8,0.998
LSM6,PRP9,0.921
LSM6,RDS3,0.954
LSM6,RSE1,0.935
LSM6,SMB1,0.999
LSM6,SMD1,0.999
LSM6,SMD2,0.999
LSM6,SMD3,0.999
LSM6,SME1,0.999
LSM6,SMX2,0.999
LSM6,SMX3,0.999
LSM6,SNU114,0.996
LSM6,SNU13,0.998
LSM6,SNU23,0.998
LSM6,SNU66,0.999
LSM6,SPP381,0.985
LSM6,YSF3,0.936
LSM7,LSM8,0.999
LSM7,MAK31,0.995
LSM7,MSL1,0.963
LSM7,PML1,0.933
LSM7,PRP11,0.973
LSM7,PRP18,0.91
LSM7,PRP21,0.969
LSM7,PRP24,0.999
LSM7,PRP3,0.999
LSM7,PRP31,0.998
LSM7,PRP38,0.982
LSM7,PRP4,0.999
LSM7,PRP6,0.998
LSM7,PRP8,0.996
LSM7,PRP9,0.968
LSM7,RDS3,0.945
LSM7,RSE1,0.966
LSM7,SMB1,0.999
LSM7,SMD1,0.999
LSM7,SMD2,0.999
LSM7,SMD3,0.999
LSM7,SME1,0.999
LSM7,SMX2,0.996
LSM7,SMX3,0.999
LSM7,SNU114,0.998
LSM7,SNU13,0.999
LSM7,SNU23,0.999
LSM7,SNU66,0.999
LSM7,SPP381,0.989
LSM7,YHC1,0.958
LSM7,YSF3,0.968
LSM8,MAK31,0.994
LSM8,MSL1,0.934
LSM8,PML1,0.932
LSM8,PRP11,0.939
LSM8,PRP18,0.908
LSM8,PRP21,0.928
LSM8,PRP24,0.999
LSM8,PRP3,0.999
LSM8,PRP31,0.999
LSM8,PRP38,0.982
LSM8,PRP4,0.999
LSM8,PRP6,0.999
LSM8,PRP8,0.999
LSM8,PRP9,0.968
LSM8,RDS3,0.976
LSM8,RSE1,0.936
LSM8,SMB1,0.999
LSM8,SMD1,0.999
LSM8,SMD2,0.999
LSM8,SMD3,0.999
LSM8,SME1,0.999
LSM8,SMX2,0.999
LSM8,SMX3,0.999
LSM8,SNU114,0.999
LSM8,SNU13,0.992
LSM8,SNU23,0.997
LSM8,SNU66,0.999
LSM8,SPP381,0.979
LSM8,YHC1,0.919
LSM8,YSF3,0.958
LSP1,PIL1,0.999
LST8,PPH21,0.902
LST8,RTG3,0.901
LST8,SLM1,0.973
LST8,TAP42,0.987
LST8,TCO89,0.999
LST8,TOR1,0.999
LST8,TOR2,0.999
LST8,TSC11,0.999
LTE1,MOB1,0.972
LTE1,NET1,0.945
LTE1,STE20,0.92
LTV1,MEH1,0.978
LTV1,NOC4,0.961
LTV1,NOP14,0.99
LTV1,RGP1,0.9
LTV1,RIC1,0.91
LTV1,RPS0A,0.999
LTV1,RPS0B,0.998
LTV1,RPS10A,0.998
LTV1,RPS10B,0.999
LTV1,RPS11A,0.918
LTV1,RPS11B,0.999
LTV1,RPS12,0.999
LTV1,RPS13,0.999
LTV1,RPS14A,0.999
LTV1,RPS14B,0.999
LTV1,RPS15,0.999
LTV1,RPS16A,0.933
LTV1,RPS16B,0.999
LTV1,RPS17A,0.999
LTV1,RPS17B,0.996
LTV1,RPS18A,0.999
LTV1,RPS18B,0.902
LTV1,RPS19A,0.999
LTV1,RPS19B,0.997
LTV1,RPS1A,0.999
LTV1,RPS1B,0.999
LTV1,RPS2,0.999
LTV1,RPS20,0.999
LTV1,RPS21A,0.999
LTV1,RPS21B,0.999
LTV1,RPS22A,0.999
LTV1,RPS23A,0.956
LTV1,RPS23B,0.941
LTV1,RPS24A,0.946
LTV1,RPS24B,0.93
LTV1,RPS26A,0.956
LTV1,RPS27A,0.951
LTV1,RPS27B,0.902
LTV1,RPS28A,0.906
LTV1,RPS29A,0.985
LTV1,RPS3,0.999
LTV1,RPS30A,0.961
LTV1,RPS30B,0.947
LTV1,RPS31,0.939
LTV1,RPS4B,0.999
LTV1,RPS5,0.999
LTV1,RPS6A,0.936
LTV1,RPS6B,0.999
LTV1,RPS7A,0.999
LTV1,RPS7B,0.996
LTV1,RPS8A,0.999
LTV1,RPS8B,0.916
LTV1,RPS9A,0.999
LTV1,RPS9B,0.999
LTV1,SLM4,0.977
LTV1,UTP10,0.953
LUC7,MSL1,0.988
LUC7,MSL5,0.957
LUC7,MUD1,0.999
LUC7,MUD2,0.989
LUC7,NAM8,0.999
LUC7,PRP11,0.979
LUC7,PRP21,0.981
LUC7,PRP28,0.965
LUC7,PRP39,0.999
LUC7,PRP40,0.999
LUC7,PRP42,0.999
LUC7,PRP9,0.983
LUC7,RSE1,0.998
LUC7,SMB1,0.999
LUC7,SMD1,0.999
LUC7,SMD2,0.999
LUC7,SMD3,0.999
LUC7,SME1,0.998
LUC7,SMX2,0.997
LUC7,SMX3,0.997
LUC7,SNP1,0.999
LUC7,SNU56,0.999
LUC7,SNU66,0.996
LUC7,SNU71,0.999
LUC7,STO1,0.973
LUC7,SYF1,0.929
LUC7,SYF2,0.922
LUC7,YHC1,0.999
MAD1,MAD2,0.999
MAD1,MAD3,0.996
MAD1,ORC2,0.994
MAD2,MAD3,0.999
MAD2,NDC80,0.958
MAD2,NUF2,0.961
MAD2,SWM1,0.912
MAD3,NDC80,0.905
MAD3,RTS1,0.914
MAK10,MAK3,0.999
MAK10,MAK31,0.999
MAK10,MDM20,0.991
MAK10,NAT1,0.972
MAK10,NAT3,0.982
MAK10,NAT5,0.973
MAK10,SMB1,0.969
MAK21,MTR4,0.93
MAK21,NAN1,0.969
MAK21,NOC2,0.999
MAK21,NOC3,0.999
MAK21,NOC4,0.961
MAK21,NOP1,0.976
MAK21,NOP14,0.992
MAK21,NOP56,0.985
MAK21,NOP58,0.993
MAK21,PRP43,0.982
MAK21,PWP2,0.994
MAK21,RIX1,0.936
MAK21,RPA135,0.92
MAK21,RPL17A,0.91
MAK21,RPL17B,0.921
MAK21,RPL25,0.944
MAK21,RPL27B,0.93
MAK21,RPL34A,0.907
MAK21,RPL35A,0.91
MAK21,RPL35B,0.909
MAK21,RPL37A,0.904
MAK21,RPL37B,0.902
MAK21,RRP7,0.956
MAK21,RSA3,0.992
MAK21,URB1,0.968
MAK21,UTP10,0.997
MAK21,UTP13,0.991
MAK21,UTP15,0.932
MAK21,UTP18,0.98
MAK21,UTP21,0.995
MAK21,UTP22,0.992
MAK21,UTP4,0.974
MAK21,UTP6,0.98
MAK21,UTP8,0.937
MAK21,UTP9,0.955
MAK3,MAK31,0.999
MAK3,MDM20,0.992
MAK3,NAT1,0.997
MAK3,NAT3,0.999
MAK3,NAT5,0.995
MAK3,SMB1,0.92
MAK31,MDM20,0.958
MAK31,MSL1,0.944
MAK31,NAT1,0.92
MAK31,NAT3,0.959
MAK31,NAT5,0.937
MAK31,PRP11,0.904
MAK31,PRP19,0.947
MAK31,PRP6,0.961
MAK31,PRP8,0.961
MAK31,SMB1,0.995
MAK31,SMD1,0.997
MAK31,SMD2,0.998
MAK31,SMD3,0.991
MAK31,SME1,0.902
MAK31,SMX2,0.998
MAK31,SMX3,0.998
MAK31,SYF1,0.901
MAK31,YSF3,0.947
MAS1,MAS2,0.999
MAS1,QCR10,0.943
MAS1,QCR2,0.993
MAS1,QCR7,0.992
MAS1,QCR8,0.987
MAS1,QCR9,0.988
MAS1,RIP1,0.996
MAS1,RRN11,0.961
MAS2,QCR6,0.919
MAS2,QCR7,0.994
MAS2,QCR8,0.985
MAS2,QCR9,0.982
MAS2,RIP1,0.996
MAS2,RRN11,0.965
MBP1,MCM1,0.938
MBP1,SWI4,0.999
MBP1,SWI6,0.999
MCD1,PDS1,0.944
MCD1,SCC2,0.999
MCD1,SCC4,0.934
MCD1,SMC1,0.999
MCD1,SMC2,0.973
MCD1,SMC3,0.999
MCD1,SMC4,0.988
MCD1,SMC5,0.933
MCD1,SMC6,0.913
MCM1,STE12,0.999
MCM1,SWI4,0.982
MCM1,SWI6,0.966
MCM16,MCM21,0.998
MCM16,MCM22,0.999
MCM16,OKP1,0.999
MCM2,MCM3,0.999
MCM2,MCM4,0.999
MCM2,MCM5,0.999
MCM2,MCM6,0.999
MCM2,MCM7,0.999
MCM2,MRC1,0.998
MCM2,NOC3,0.957
MCM2,ORC1,0.999
MCM2,ORC2,0.999
MCM2,ORC3,0.999
MCM2,ORC4,0.999
MCM2,ORC5,0.999
MCM2,ORC6,0.999
MCM2,POB3,0.99
MCM2,POL1,0.992
MCM2,POL12,0.929
MCM2,POL2,0.999
MCM2,POL3,0.973
MCM2,PRI1,0.936
MCM2,PRI2,0.955
MCM2,PSF1,0.999
MCM2,PSF2,0.999
MCM2,PSF3,0.999
MCM2,RFA1,0.969
MCM2,RFA2,0.901
MCM2,SLD2,0.993
MCM2,SLD5,0.999
MCM2,SPT16,0.97
MCM2,TOF1,0.999
MCM21,MCM22,0.998
MCM21,MTW1,0.935
MCM21,NNF1,0.916
MCM21,OKP1,0.999
MCM21,SLI15,0.932
MCM22,OKP1,0.999
MCM3,MCM4,0.999
MCM3,MCM5,0.999
MCM3,MCM6,0.999
MCM3,MCM7,0.999
MCM3,MRC1,0.981
MCM3,NOC3,0.906
MCM3,ORC1,0.999
MCM3,ORC2,0.999
MCM3,ORC3,0.998
MCM3,ORC4,0.999
MCM3,ORC5,0.999
MCM3,ORC6,0.99
MCM3,POB3,0.943
MCM3,POL1,0.981
MCM3,POL2,0.996
MCM3,PRI1,0.916
MCM3,PRI2,0.909
MCM3,PSF1,0.999
MCM3,PSF2,0.999
MCM3,PSF3,0.999
MCM3,RFC2,0.924
MCM3,SLD2,0.981
MCM3,SLD5,0.999
MCM3,SPT16,0.928
MCM3,TOF1,0.999
MCM4,MCM5,0.999
MCM4,MCM6,0.999
MCM4,MCM7,0.999
MCM4,MRC1,0.994
MCM4,NOC3,0.907
MCM4,ORC1,0.999
MCM4,ORC2,0.997
MCM4,ORC3,0.998
MCM4,ORC4,0.999
MCM4,ORC5,0.999
MCM4,ORC6,0.988
MCM4,POB3,0.995
MCM4,POL1,0.994
MCM4,POL12,0.956
MCM4,POL2,0.997
MCM4,PRI1,0.941
MCM4,PRI2,0.915
MCM4,PSF1,0.999
MCM4,PSF2,0.999
MCM4,PSF3,0.999
MCM4,RAD53,0.941
MCM4,SLD2,0.997
MCM4,SLD5,0.999
MCM4,SPT16,0.981
MCM4,TOF1,0.999
MCM5,MCM6,0.999
MCM5,MCM7,0.999
MCM5,MRC1,0.974
MCM5,NOC3,0.935
MCM5,ORC1,0.999
MCM5,ORC2,0.999
MCM5,ORC3,0.999
MCM5,ORC4,0.998
MCM5,ORC5,0.999
MCM5,ORC6,0.989
MCM5,POB3,0.973
MCM5,POL1,0.973
MCM5,POL12,0.907
MCM5,POL2,0.999
MCM5,POL3,0.954
MCM5,PRI1,0.953
MCM5,PRI2,0.917
MCM5,PSF1,0.999
MCM5,PSF2,0.999
MCM5,PSF3,0.999
MCM5,RAD53,0.9
MCM5,RFA1,0.92
MCM5,RFC5,0.919
MCM5,SLD2,0.982
MCM5,SLD5,0.999
MCM5,SPT16,0.969
MCM5,TOF1,0.999
MCM6,MCM7,0.999
MCM6,MRC1,0.987
MCM6,NOC3,0.999
MCM6,ORC1,0.999
MCM6,ORC2,0.995
MCM6,ORC3,0.995
MCM6,ORC4,0.999
MCM6,ORC5,0.999
MCM6,ORC6,0.989
MCM6,POB3,0.972
MCM6,POL1,0.949
MCM6,POL2,0.997
MCM6,PRI1,0.931
MCM6,PSF1,0.999
MCM6,PSF2,0.999
MCM6,PSF3,0.999
MCM6,RFC2,0.903
MCM6,RFC5,0.942
MCM6,SLD2,0.986
MCM6,SLD5,0.999
MCM6,SPT16,0.965
MCM6,TOF1,0.999
MCM7,MRC1,0.94
MCM7,NOC3,0.912
MCM7,ORC1,0.999
MCM7,ORC2,0.999
MCM7,ORC3,0.997
MCM7,ORC4,0.998
MCM7,ORC5,0.997
MCM7,ORC6,0.982
MCM7,POB3,0.965
MCM7,POL1,0.933
MCM7,POL2,0.992
MCM7,PRI1,0.901
MCM7,PRI2,0.935
MCM7,PSF1,0.999
MCM7,PSF2,0.999
MCM7,PSF3,0.999
MCM7,SLD2,0.934
MCM7,SLD5,0.999
MCM7,SPT16,0.94
MCM7,TOF1,0.999
MDM10,MDM12,0.999
MDM10,MMM1,0.999
MDM10,SAM35,0.999
MDM10,SAM37,0.999
MDM10,SAM50,0.999
MDM10,TOM20,0.921
MDM10,TOM22,0.988
MDM10,TOM40,0.996
MDM10,TOM5,0.912
MDM10,TOM6,0.91
MDM10,TOM7,0.991
MDM10,TOM70,0.967
MDM12,MMM1,0.999
MDM12,SAM35,0.941
MDM12,SAM37,0.949
MDM12,SAM50,0.924
MDM12,TOM40,0.937
MDM12,TOM7,0.972
MDM12,TOM70,0.928
MDM20,NAT1,0.987
MDM20,NAT3,0.999
MDM20,NAT5,0.989
MEC3,MRC1,0.91
MEC3,RAD17,0.999
MEC3,RAD24,0.999
MEC3,RAD53,0.953
MEC3,RFA1,0.908
MEC3,RFC2,0.998
MEC3,RFC3,0.985
MEC3,RFC4,0.985
MEC3,RFC5,0.993
MEC3,SGS1,0.973
MED1,MED11,0.981
MED1,MED2,0.996
MED1,MED4,0.998
MED1,MED6,0.996
MED1,MED7,0.999
MED1,MED8,0.996
MED1,NUT1,0.983
MED1,NUT2,0.999
MED1,PGD1,0.995
MED1,RGR1,0.998
MED1,ROX3,0.995
MED1,SIN4,0.987
MED1,SOH1,0.999
MED1,SRB2,0.995
MED1,SRB4,0.998
MED1,SRB5,0.998
MED1,SRB6,0.992
MED1,SRB7,0.999
MED1,SRB8,0.917
MED1,SSN3,0.946
MED11,MED2,0.985
MED11,MED4,0.991
MED11,MED6,0.999
MED11,MED7,0.999
MED11,MED8,0.999
MED11,NUT1,0.938
MED11,NUT2,0.999
MED11,PGD1,0.938
MED11,RGR1,0.995
MED11,ROX3,0.998
MED11,RPB10,0.925
MED11,RPB11,0.925
MED11,RPB2,0.922
MED11,RPB3,0.93
MED11,RPB4,0.963
MED11,RPB5,0.928
MED11,RPB7,0.964
MED11,RPB8,0.922
MED11,RPB9,0.923
MED11,RPC10,0.924
MED11,RPO21,0.922
MED11,RPO26,0.924
MED11,SIN4,0.953
MED11,SOH1,0.993
MED11,SPT15,0.97
MED11,SRB2,0.999
MED11,SRB4,0.999
MED11,SRB5,0.999
MED11,SRB6,0.999
MED11,SRB7,0.995
MED11,TAF14,0.973
MED11,TFG1,0.928
MED11,TFG2,0.922
MED2,MED4,0.993
MED2,MED6,0.984
MED2,MED7,0.993
MED2,MED8,0.991
MED2,NUT1,0.997
MED2,NUT2,0.992
MED2,PGD1,0.999
MED2,RGR1,0.997
MED2,ROX3,0.99
MED2,SIN4,0.999
MED2,SOH1,0.987
MED2,SRB2,0.996
MED2,SRB4,0.995
MED2,SRB5,0.998
MED2,SRB6,0.987
MED2,SRB7,0.974
MED2,SRB8,0.983
MED2,SSN2,0.991
MED2,SSN3,0.993
MED2,SSN8,0.936
MED2,TAF14,0.942
MED4,MED6,0.999
MED4,MED7,0.999
MED4,MED8,0.998
MED4,NUT1,0.964
MED4,NUT2,0.999
MED4,PGD1,0.988
MED4,RGR1,0.999
MED4,ROX3,0.999
MED4,SIN4,0.989
MED4,SOH1,0.999
MED4,SRB2,0.998
MED4,SRB4,0.999
MED4,SRB5,0.998
MED4,SRB6,0.998
MED4,SRB7,0.999
MED4,TAF14,0.931
MED6,MED7,0.999
MED6,MED8,0.999
MED6,NUT1,0.933
MED6,NUT2,0.999
MED6,PGD1,0.988
MED6,RAD3,0.968
MED6,RGR1,0.999
MED6,ROX3,0.999
MED6,RPB10,0.989
MED6,RPB11,0.994
MED6,RPB2,0.993
MED6,RPB3,0.996
MED6,RPB4,0.993
MED6,RPB5,0.993
MED6,RPB7,0.995
MED6,RPB8,0.993
MED6,RPB9,0.992
MED6,RPC10,0.99
MED6,RPC40,0.923
MED6,RPO21,0.997
MED6,RPO26,0.99
MED6,SIN4,0.971
MED6,SOH1,0.999
MED6,SPT15,0.967
MED6,SRB2,0.999
MED6,SRB4,0.999
MED6,SRB5,0.999
MED6,SRB6,0.999
MED6,SRB7,0.999
MED6,SSL1,0.945
MED6,SSL2,0.95
MED6,SSN3,0.992
MED6,SSN8,0.985
MED6,TAF14,0.933
MED6,TFA1,0.954
MED6,TFA2,0.968
MED6,TFB2,0.951
MED6,TFB3,0.973
MED6,TFB4,0.95
MED6,TFG1,0.953
MED6,TFG2,0.965
MED6,TOA1,0.928
MED6,TOA2,0.959
MED7,MED8,0.999
MED7,NUT1,0.984
MED7,NUT2,0.999
MED7,PGD1,0.994
MED7,RAD3,0.967
MED7,RGR1,0.999
MED7,ROX3,0.999
MED7,RPB10,0.989
MED7,RPB11,0.995
MED7,RPB2,0.992
MED7,RPB3,0.995
MED7,RPB4,0.992
MED7,RPB5,0.991
MED7,RPB7,0.995
MED7,RPB8,0.99
MED7,RPB9,0.991
MED7,RPC10,0.989
MED7,RPC40,0.909
MED7,RPO21,0.998
MED7,RPO26,0.99
MED7,SIN4,0.995
MED7,SOH1,0.999
MED7,SPT15,0.96
MED7,SRB2,0.999
MED7,SRB4,0.999
MED7,SRB5,0.999
MED7,SRB6,0.999
MED7,SRB7,0.999
MED7,SRB8,0.971
MED7,SSL1,0.954
MED7,SSL2,0.96
MED7,SSN2,0.967
MED7,SSN3,0.997
MED7,SSN8,0.994
MED7,TAF14,0.965
MED7,TFA1,0.961
MED7,TFA2,0.968
MED7,TFB2,0.951
MED7,TFB3,0.96
MED7,TFB4,0.952
MED7,TFG1,0.966
MED7,TFG2,0.969
MED7,TOA1,0.938
MED7,TOA2,0.954
MED8,NUT1,0.981
MED8,NUT2,0.998
MED8,PGD1,0.988
MED8,RGR1,0.999
MED8,ROX3,0.999
MED8,RPB4,0.9
MED8,SIN4,0.996
MED8,SOH1,0.999
MED8,SRB2,0.999
MED8,SRB4,0.999
MED8,SRB5,0.999
MED8,SRB6,0.999
MED8,SRB7,0.999
MED8,TAF14,0.947
MEH1,PMT2,0.994
MEH1,RGP1,0.9
MEH1,RIC1,0.9
MEH1,SLM4,0.999
MEI5,SAE3,0.999
MES1,NAM2,0.988
MET28,MET31,0.999
MET28,MET32,0.997
MET28,MET4,0.999
MET31,MET32,0.938
MET31,MET4,0.998
MET32,MET4,0.998
MEX67,MTR2,0.999
MEX67,NSP1,0.996
MEX67,NUP120,0.908
MEX67,NUP159,0.99
MEX67,NUP57,0.9
MEX67,NUP84,0.983
MEX67,NUP85,0.986
MEX67,RRP6,0.928
MEX67,SAC3,0.997
MEX67,SEH1,0.94
MEX67,STO1,0.927
MEX67,SUB2,0.973
MEX67,SUS1,0.974
MEX67,THO2,0.951
MEX67,UPF3,0.971
MEX67,YRA1,0.999
MFT1,SUB2,0.998
MFT1,TEX1,0.998
MFT1,THO2,0.999
MFT1,THP2,0.999
MFT1,YRA1,0.982
MGE1,PAM16,0.998
MGE1,PAM17,0.99
MGE1,PAM18,0.999
MGE1,SSC1,0.999
MGE1,TIM17,0.995
MGE1,TIM21,0.988
MGE1,TIM23,0.934
MGE1,TIM44,0.999
MGE1,TIM50,0.995
MGE1,YDJ1,0.951
MGM1,UGO1,0.992
MGR1,YME1,0.991
MKS1,RTG1,0.956
MKS1,RTG2,0.991
MKS1,RTG3,0.958
MKT1,PBP1,0.944
MLH1,MLH2,0.998
MLH1,MLH3,0.999
MLH1,MSH2,0.999
MLH1,MSH3,0.999
MLH1,MSH6,0.999
MLH1,MUS81,0.917
MLH1,PMS1,0.999
MLH1,POL3,0.925
MLH1,RAD1,0.926
MLH1,RAD10,0.912
MLH1,RAD2,0.944
MLH1,RAD3,0.902
MLH1,SGS1,0.998
MLH2,MLH3,0.924
MLH2,MSH2,0.976
MLH2,MSH3,0.976
MLH2,MSH6,0.977
MLH2,PMS1,0.947
MLH3,MMS4,0.901
MLH3,MSH2,0.996
MLH3,MSH3,0.996
MLH3,MSH6,0.997
MLH3,MUS81,0.925
MLH3,PMS1,0.984
MLH3,SGS1,0.967
MMM1,NPL4,0.9
MMM1,SAM35,0.921
MMM1,SAM37,0.943
MMM1,SAM50,0.919
MMM1,TOM20,0.906
MMM1,TOM22,0.906
MMM1,TOM40,0.938
MMM1,TOM5,0.902
MMM1,TOM7,0.955
MMM1,TOM70,0.938
MMS2,RAD18,0.994
MMS2,RAD6,0.997
MMS2,REV1,0.984
MMS2,REV3,0.997
MMS2,REV7,0.967
MMS2,RPL40A,0.982
MMS2,RPL40B,0.965
MMS2,RPS31,0.992
MMS2,UBC13,0.999
MMS21,NSE1,0.999
MMS21,NSE3,0.999
MMS21,NSE4,0.999
MMS21,NSE5,0.998
MMS21,SGS1,0.95
MMS21,SMC5,0.999
MMS21,SMC6,0.999
MMS21,UBA2,0.936
MMS4,MUS81,0.999
MMS4,RMI1,0.98
MMS4,SGS1,0.993
MMS4,SLX1,0.921
MMS4,SLX4,0.962
MMS4,TOP3,0.976
MND1,REC8,0.915
MND1,SAE3,0.917
MND1,SPO11,0.938
MND2,SLX5,0.903
MND2,SLX8,0.9
MND2,SWM1,0.999
MNN10,MNN11,0.998
MNN10,MNN9,0.999
MNN10,PMT1,0.904
MNN10,PMT2,0.947
MNN10,PMT3,0.921
MNN10,PMT5,0.928
MNN10,VAN1,0.993
MNN11,MNN9,0.999
MNN11,VAN1,0.995
MNN9,PMT1,0.909
MNN9,PMT2,0.939
MNN9,PMT3,0.916
MNN9,PMT5,0.925
MNN9,VAN1,0.997
MNP1,MRP17,0.999
MNP1,MRP2,0.988
MNP1,MRP20,0.965
MNP1,MRP4,0.991
MNP1,MRP7,0.999
MNP1,MRPL1,0.991
MNP1,MRPL10,0.994
MNP1,MRPL11,0.986
MNP1,MRPL16,0.99
MNP1,MRPL17,0.966
MNP1,MRPL19,0.995
MNP1,MRPL22,0.987
MNP1,MRPL23,0.995
MNP1,MRPL24,0.998
MNP1,MRPL27,0.979
MNP1,MRPL28,0.968
MNP1,MRPL3,0.982
MNP1,MRPL32,0.999
MNP1,MRPL33,0.963
MNP1,MRPL37,0.937
MNP1,MRPL38,0.994
MNP1,MRPL39,0.999
MNP1,MRPL4,0.99
MNP1,MRPL51,0.976
MNP1,MRPL6,0.985
MNP1,MRPL7,0.984
MNP1,MRPL8,0.999
MNP1,MRPL9,0.997
MNP1,MRPS16,0.998
MNP1,MRPS17,0.979
MNP1,MRPS18,0.987
MNP1,MRPS28,0.993
MNP1,MRPS5,0.994
MNP1,MRPS8,0.986
MNP1,MRPS9,0.999
MNP1,MRX14,0.955
MNP1,NAM9,0.952
MNP1,RML2,0.984
MNP1,RPB3,0.939
MNP1,RPC40,0.934
MNP1,RPL10,0.953
MNP1,RPL11A,0.98
MNP1,RPL11B,0.98
MNP1,RPL12A,0.98
MNP1,RPL12B,0.98
MNP1,RPL16A,0.978
MNP1,RPL16B,0.978
MNP1,RPL17A,0.98
MNP1,RPL17B,0.98
MNP1,RPL1A,0.977
MNP1,RPL1B,0.977
MNP1,RPL23A,0.98
MNP1,RPL23B,0.98
MNP1,RPL25,0.998
MNP1,RPL26A,0.992
MNP1,RPL26B,0.989
MNP1,RPL28,0.989
MNP1,RPL2A,0.98
MNP1,RPL2B,0.98
MNP1,RPL3,0.989
MNP1,RPL35A,0.989
MNP1,RPL35B,0.989
MNP1,RPL4A,0.922
MNP1,RPL4B,0.922
MNP1,RPL5,0.998
MNP1,RPL7A,0.975
MNP1,RPL7B,0.975
MNP1,RPL9A,0.98
MNP1,RPL9B,0.98
MNP1,RPP0,0.991
MNP1,RPS0A,0.984
MNP1,RPS0B,0.979
MNP1,RPS11A,0.976
MNP1,RPS11B,0.976
MNP1,RPS13,0.99
MNP1,RPS14A,0.985
MNP1,RPS14B,0.98
MNP1,RPS15,0.999
MNP1,RPS16A,0.921
MNP1,RPS16B,0.922
MNP1,RPS18A,0.982
MNP1,RPS18B,0.976
MNP1,RPS2,0.992
MNP1,RPS20,0.993
MNP1,RPS22A,0.982
MNP1,RPS22B,0.977
MNP1,RPS23A,0.98
MNP1,RPS23B,0.98
MNP1,RPS29A,0.98
MNP1,RPS29B,0.98
MNP1,RPS3,0.999
MNP1,RPS5,0.989
MNP1,RPS9A,0.964
MNP1,RPS9B,0.951
MNP1,RSM10,0.99
MNP1,RSM18,0.938
MNP1,RSM23,0.99
MNP1,RSM24,0.902
MNP1,RSM7,0.991
MNP1,RTC6,0.999
MNP1,SWS2,0.98
MNP1,YML6,0.995
MOB1,NET1,0.999
MOB1,NUD1,0.955
MOB1,PPH21,0.996
MOB2,SOG2,0.969
MON1,SEC4,0.905
MON1,VAM3,0.958
MON1,VAM6,0.966
MON1,VAM7,0.904
MON1,VPS41,0.998
MOT1,NCB2,0.916
MOT1,SPT15,0.999
MOT1,SPT3,0.907
MOT2,MTR4,0.995
MOT2,NOT3,0.999
MOT2,NOT5,0.999
MOT2,POP2,0.999
MOT2,RRP42,0.994
MOT2,SKI6,0.994
MOT2,SSN3,0.997
MPE1,PAP1,0.999
MPE1,PCF11,0.996
MPE1,PFS2,0.999
MPE1,PTA1,0.999
MPE1,PTI1,0.999
MPE1,REF2,0.999
MPE1,RNA14,0.986
MPE1,RNA15,0.97
MPE1,SSU72,0.999
MPE1,SWD2,0.999
MPE1,SYC1,0.979
MPE1,YSH1,0.999
MPE1,YTH1,0.999
MPS2,NBP1,0.973
MRC1,POB3,0.902
MRC1,POL2,0.956
MRC1,PSF1,0.962
MRC1,PSF2,0.959
MRC1,PSF3,0.916
MRC1,RAD17,0.941
MRC1,RAD24,0.951
MRC1,RAD53,0.999
MRC1,SGS1,0.941
MRC1,SLD5,0.985
MRC1,SPT16,0.955
MRC1,TOF1,0.999
MRE11,RAD50,0.999
MRE11,RFA1,0.913
MRE11,SGS1,0.98
MRE11,SLX5,0.93
MRE11,XRS2,0.999
MRE11,YKU70,0.982
MRE11,YKU80,0.964
MRP1,MRP10,0.995
MRP1,MRP13,0.994
MRP1,MRP17,0.996
MRP1,MRP2,0.988
MRP1,MRP20,0.928
MRP1,MRP21,0.997
MRP1,MRP4,0.999
MRP1,MRP51,0.999
MRP1,MRPL10,0.976
MRP1,MRPL15,0.91
MRP1,MRPL17,0.979
MRP1,MRPL20,0.906
MRP1,MRPL23,0.979
MRP1,MRPL25,0.914
MRP1,MRPL3,0.969
MRP1,MRPL31,0.912
MRP1,MRPL35,0.96
MRP1,MRPL36,0.903
MRP1,MRPL38,0.939
MRP1,MRPL39,0.918
MRP1,MRPL4,0.985
MRP1,MRPL40,0.96
MRP1,MRPL49,0.902
MRP1,MRPL51,0.973
MRP1,MRPL6,0.919
MRP1,MRPL8,0.986
MRP1,MRPL9,0.98
MRP1,MRPS16,0.996
MRP1,MRPS17,0.999
MRP1,MRPS18,0.994
MRP1,MRPS28,0.994
MRP1,MRPS35,0.996
MRP1,MRPS5,0.999
MRP1,MRPS8,0.991
MRP1,MRPS9,0.996
MRP1,NAM9,0.996
MRP1,PET123,0.998
MRP1,PPE1,0.908
MRP1,RML2,0.95
MRP1,RSM10,0.997
MRP1,RSM18,0.997
MRP1,RSM19,0.994
MRP1,RSM22,0.989
MRP1,RSM23,0.999
MRP1,RSM24,0.997
MRP1,RSM25,0.999
MRP1,RSM26,0.998
MRP1,RSM27,0.994
MRP1,RSM7,0.992
MRP1,SOD1,0.95
MRP1,SWS2,0.986
MRP1,VAR1,0.979
MRP10,MRP13,0.993
MRP10,MRP17,0.993
MRP10,MRP2,0.993
MRP10,MRP20,0.967
MRP10,MRP21,0.997
MRP10,MRP4,0.998
MRP10,MRP51,0.998
MRP10,MRP7,0.946
MRP10,MRPL10,0.931
MRP10,MRPL15,0.913
MRP10,MRPL16,0.934
MRP10,MRPL17,0.945
MRP10,MRPL20,0.95
MRP10,MRPL22,0.906
MRP10,MRPL23,0.939
MRP10,MRPL24,0.935
MRP10,MRPL25,0.943
MRP10,MRPL27,0.966
MRP10,MRPL28,0.921
MRP10,MRPL3,0.96
MRP10,MRPL31,0.929
MRP10,MRPL32,0.956
MRP10,MRPL33,0.933
MRP10,MRPL35,0.936
MRP10,MRPL36,0.942
MRP10,MRPL38,0.948
MRP10,MRPL39,0.95
MRP10,MRPL4,0.93
MRP10,MRPL40,0.925
MRP10,MRPL49,0.929
MRP10,MRPL51,0.949
MRP10,MRPL6,0.922
MRP10,MRPL7,0.928
MRP10,MRPL8,0.973
MRP10,MRPL9,0.932
MRP10,MRPS16,0.996
MRP10,MRPS17,0.993
MRP10,MRPS18,0.997
MRP10,MRPS28,0.995
MRP10,MRPS35,0.994
MRP10,MRPS5,0.999
MRP10,MRPS8,0.997
MRP10,MRPS9,0.995
MRP10,MRX14,0.948
MRP10,NAM9,0.994
MRP10,PET123,0.991
MRP10,PPE1,0.9
MRP10,RML2,0.922
MRP10,RSM10,0.995
MRP10,RSM18,0.997
MRP10,RSM19,0.997
MRP10,RSM22,0.988
MRP10,RSM23,0.995
MRP10,RSM24,0.996
MRP10,RSM25,0.999
MRP10,RSM26,0.997
MRP10,RSM27,0.997
MRP10,RSM7,0.999
MRP10,RTC6,0.959
MRP10,SWS2,0.992
MRP10,VAR1,0.99
MRP10,YML6,0.938
MRP13,MRP17,0.98
MRP13,MRP2,0.98
MRP13,MRP21,0.991
MRP13,MRP4,0.999
MRP13,MRP51,0.992
MRP13,MRP7,0.911
MRP13,MRPL3,0.933
MRP13,MRPL39,0.902
MRP13,MRPS16,0.993
MRP13,MRPS17,0.993
MRP13,MRPS18,0.987
MRP13,MRPS28,0.985
MRP13,MRPS35,0.995
MRP13,MRPS5,0.998
MRP13,MRPS8,0.992
MRP13,MRPS9,0.996
MRP13,NAM9,0.994
MRP13,PET123,0.995
MRP13,PPE1,0.9
MRP13,RSM10,0.995
MRP13,RSM18,0.992
MRP13,RSM19,0.986
MRP13,RSM22,0.989
MRP13,RSM23,0.992
MRP13,RSM24,0.987
MRP13,RSM25,0.992
MRP13,RSM26,0.994
MRP13,RSM27,0.991
MRP13,RSM7,0.986
MRP13,SWS2,0.986
MRP13,VAR1,0.98
MRP17,MRP2,0.999
MRP17,MRP20,0.998
MRP17,MRP21,0.998
MRP17,MRP4,0.999
MRP17,MRP49,0.973
MRP17,MRP51,0.994
MRP17,MRP7,0.999
MRP17,MRPL1,0.987
MRP17,MRPL10,0.999
MRP17,MRPL11,0.963
MRP17,MRPL16,0.998
MRP17,MRPL17,0.995
MRP17,MRPL19,0.993
MRP17,MRPL20,0.951
MRP17,MRPL22,0.998
MRP17,MRPL23,0.999
MRP17,MRPL24,0.999
MRP17,MRPL27,0.995
MRP17,MRPL28,0.995
MRP17,MRPL3,0.994
MRP17,MRPL32,0.999
MRP17,MRPL33,0.994
MRP17,MRPL35,0.971
MRP17,MRPL36,0.906
MRP17,MRPL37,0.989
MRP17,MRPL38,0.999
MRP17,MRPL39,0.999
MRP17,MRPL4,0.995
MRP17,MRPL40,0.926
MRP17,MRPL49,0.959
MRP17,MRPL51,0.993
MRP17,MRPL6,0.996
MRP17,MRPL7,0.997
MRP17,MRPL8,0.999
MRP17,MRPL9,0.999
MRP17,MRPS16,0.999
MRP17,MRPS17,0.999
MRP17,MRPS18,0.999
MRP17,MRPS28,0.999
MRP17,MRPS35,0.987
MRP17,MRPS5,0.999
MRP17,MRPS8,0.999
MRP17,MRPS9,0.999
MRP17,MRX14,0.994
MRP17,NAM9,0.999
MRP17,PET123,0.996
MRP17,PPE1,0.934
MRP17,RML2,0.998
MRP17,RPB3,0.985
MRP17,RPC40,0.985
MRP17,RPL10,0.948
MRP17,RPL11A,0.978
MRP17,RPL11B,0.978
MRP17,RPL12A,0.979
MRP17,RPL12B,0.979
MRP17,RPL16A,0.978
MRP17,RPL16B,0.978
MRP17,RPL17A,0.978
MRP17,RPL17B,0.978
MRP17,RPL1A,0.978
MRP17,RPL1B,0.978
MRP17,RPL23A,0.978
MRP17,RPL23B,0.978
MRP17,RPL25,0.998
MRP17,RPL26A,0.988
MRP17,RPL26B,0.988
MRP17,RPL28,0.986
MRP17,RPL2A,0.978
MRP17,RPL2B,0.978
MRP17,RPL3,0.988
MRP17,RPL35A,0.99
MRP17,RPL35B,0.99
MRP17,RPL4A,0.91
MRP17,RPL4B,0.91
MRP17,RPL5,0.998
MRP17,RPL7A,0.979
MRP17,RPL7B,0.975
MRP17,RPL9A,0.978
MRP17,RPL9B,0.978
MRP17,RPP0,0.988
MRP17,RPS0A,0.978
MRP17,RPS0B,0.978
MRP17,RPS11A,0.983
MRP17,RPS11B,0.981
MRP17,RPS13,0.985
MRP17,RPS14A,0.978
MRP17,RPS14B,0.978
MRP17,RPS15,0.998
MRP17,RPS16A,0.912
MRP17,RPS16B,0.912
MRP17,RPS18A,0.979
MRP17,RPS18B,0.978
MRP17,RPS2,0.987
MRP17,RPS20,0.988
MRP17,RPS22A,0.978
MRP17,RPS22B,0.978
MRP17,RPS23A,0.979
MRP17,RPS23B,0.978
MRP17,RPS29A,0.978
MRP17,RPS29B,0.978
MRP17,RPS3,0.998
MRP17,RPS5,0.989
MRP17,RPS9A,0.948
MRP17,RPS9B,0.948
MRP17,RSM10,0.999
MRP17,RSM18,0.999
MRP17,RSM19,0.998
MRP17,RSM22,0.997
MRP17,RSM23,0.999
MRP17,RSM24,0.999
MRP17,RSM25,0.995
MRP17,RSM26,0.995
MRP17,RSM27,0.999
MRP17,RSM7,0.999
MRP17,RTC6,0.999
MRP17,SEC61,0.901
MRP17,SSH1,0.901
MRP17,SWS2,0.999
MRP17,TIF11,0.947
MRP17,VAR1,0.982
MRP17,YML6,0.997
MRP2,MRP20,0.998
MRP2,MRP21,0.994
MRP2,MRP4,0.999
MRP2,MRP49,0.985
MRP2,MRP51,0.994
MRP2,MRP7,0.999
MRP2,MRPL1,0.99
MRP2,MRPL10,0.997
MRP2,MRPL11,0.97
MRP2,MRPL16,0.998
MRP2,MRPL17,0.997
MRP2,MRPL19,0.993
MRP2,MRPL20,0.934
MRP2,MRPL22,0.998
MRP2,MRPL23,0.998
MRP2,MRPL24,0.996
MRP2,MRPL25,0.951
MRP2,MRPL27,0.995
MRP2,MRPL28,0.994
MRP2,MRPL3,0.993
MRP2,MRPL32,0.998
MRP2,MRPL33,0.996
MRP2,MRPL35,0.977
MRP2,MRPL36,0.968
MRP2,MRPL37,0.945
MRP2,MRPL38,0.988
MRP2,MRPL39,0.998
MRP2,MRPL4,0.994
MRP2,MRPL49,0.942
MRP2,MRPL51,0.994
MRP2,MRPL6,0.998
MRP2,MRPL7,0.998
MRP2,MRPL8,0.998
MRP2,MRPL9,0.999
MRP2,MRPS16,0.999
MRP2,MRPS17,0.999
MRP2,MRPS18,0.999
MRP2,MRPS28,0.999
MRP2,MRPS35,0.992
MRP2,MRPS5,0.999
MRP2,MRPS8,0.998
MRP2,MRPS9,0.999
MRP2,MRX14,0.996
MRP2,NAM9,0.997
MRP2,PET123,0.989
MRP2,PPE1,0.901
MRP2,RML2,0.998
MRP2,RPB2,0.905
MRP2,RPL23A,0.925
MRP2,RPL23B,0.926
MRP2,RPL25,0.983
MRP2,RPL29,0.973
MRP2,RPL32,0.973
MRP2,RPL38,0.977
MRP2,RPL5,0.979
MRP2,RPS15,0.979
MRP2,RPS18A,0.92
MRP2,RPS18B,0.919
MRP2,RPS2,0.906
MRP2,RPS20,0.975
MRP2,RPS21B,0.97
MRP2,RPS22A,0.928
MRP2,RPS22B,0.931
MRP2,RPS3,0.979
MRP2,RPS5,0.978
MRP2,RSM10,0.999
MRP2,RSM18,0.999
MRP2,RSM19,0.999
MRP2,RSM22,0.994
MRP2,RSM23,0.999
MRP2,RSM24,0.999
MRP2,RSM25,0.995
MRP2,RSM26,0.993
MRP2,RSM27,0.999
MRP2,RSM7,0.999
MRP2,RTC6,0.999
MRP2,SWS2,0.999
MRP2,TIF11,0.98
MRP2,VAR1,0.993
MRP2,YML6,0.996
MRP20,MRP21,0.935
MRP20,MRP4,0.997
MRP20,MRP49,0.99
MRP20,MRP51,0.933
MRP20,MRP7,0.999
MRP20,MRPL1,0.972
MRP20,MRPL10,0.999
MRP20,MRPL11,0.986
MRP20,MRPL13,0.949
MRP20,MRPL15,0.931
MRP20,MRPL16,0.996
MRP20,MRPL17,0.997
MRP20,MRPL19,0.996
MRP20,MRPL20,0.926
MRP20,MRPL22,0.998
MRP20,MRPL23,0.999
MRP20,MRPL24,0.995
MRP20,MRPL25,0.941
MRP20,MRPL27,0.999
MRP20,MRPL28,0.997
MRP20,MRPL3,0.998
MRP20,MRPL31,0.921
MRP20,MRPL32,0.997
MRP20,MRPL33,0.997
MRP20,MRPL35,0.993
MRP20,MRPL36,0.993
MRP20,MRPL37,0.996
MRP20,MRPL38,0.986
MRP20,MRPL39,0.993
MRP20,MRPL4,0.999
MRP20,MRPL40,0.999
MRP20,MRPL49,0.946
MRP20,MRPL51,0.995
MRP20,MRPL6,0.992
MRP20,MRPL7,0.96
MRP20,MRPL8,0.998
MRP20,MRPL9,0.999
MRP20,MRPS16,0.998
MRP20,MRPS17,0.99
MRP20,MRPS18,0.996
MRP20,MRPS28,0.996
MRP20,MRPS35,0.946
MRP20,MRPS5,0.995
MRP20,MRPS8,0.94
MRP20,MRPS9,0.996
MRP20,MRX14,0.996
MRP20,NAM9,0.935
MRP20,PET123,0.906
MRP20,RML2,0.994
MRP20,RPL16A,0.937
MRP20,RPL16B,0.937
MRP20,RPL17A,0.917
MRP20,RPL17B,0.917
MRP20,RPL26A,0.948
MRP20,RPL26B,0.933
MRP20,RPL28,0.942
MRP20,RPL3,0.922
MRP20,RPS0A,0.921
MRP20,RPS0B,0.921
MRP20,RPS13,0.95
MRP20,RPS2,0.942
MRP20,RPS20,0.943
MRP20,RPS23A,0.918
MRP20,RPS23B,0.918
MRP20,RPS29A,0.913
MRP20,RPS29B,0.919
MRP20,RPS5,0.927
MRP20,RSM10,0.996
MRP20,RSM18,0.998
MRP20,RSM19,0.993
MRP20,RSM23,0.996
MRP20,RSM24,0.996
MRP20,RSM25,0.968
MRP20,RSM26,0.974
MRP20,RSM27,0.995
MRP20,RSM7,0.99
MRP20,RTC6,0.996
MRP20,SWS2,0.937
MRP20,YML6,0.998
MRP21,MRP4,0.999
MRP21,MRP51,0.998
MRP21,MRP7,0.938
MRP21,MRPL10,0.95
MRP21,MRPL16,0.978
MRP21,MRPL17,0.94
MRP21,MRPL20,0.945
MRP21,MRPL22,0.941
MRP21,MRPL23,0.934
MRP21,MRPL24,0.97
MRP21,MRPL25,0.935
MRP21,MRPL27,0.936
MRP21,MRPL28,0.932
MRP21,MRPL3,0.924
MRP21,MRPL31,0.907
MRP21,MRPL32,0.949
MRP21,MRPL33,0.935
MRP21,MRPL35,0.951
MRP21,MRPL36,0.927
MRP21,MRPL38,0.935
MRP21,MRPL39,0.955
MRP21,MRPL4,0.925
MRP21,MRPL49,0.955
MRP21,MRPL51,0.934
MRP21,MRPL6,0.981
MRP21,MRPL7,0.957
MRP21,MRPL8,0.957
MRP21,MRPL9,0.967
MRP21,MRPS16,0.998
MRP21,MRPS17,0.997
MRP21,MRPS18,0.998
MRP21,MRPS28,0.998
MRP21,MRPS35,0.988
MRP21,MRPS5,0.999
MRP21,MRPS8,0.998
MRP21,MRPS9,0.998
MRP21,MRX14,0.972
MRP21,NAM9,0.995
MRP21,PET123,0.993
MRP21,PPE1,0.904
MRP21,RML2,0.93
MRP21,RSM10,0.998
MRP21,RSM18,0.998
MRP21,RSM19,0.997
MRP21,RSM22,0.986
MRP21,RSM23,0.995
MRP21,RSM24,0.997
MRP21,RSM25,0.998
MRP21,RSM26,0.997
MRP21,RSM27,0.997
MRP21,RSM7,0.995
MRP21,RTC6,0.94
MRP21,SWS2,0.993
MRP21,VAR1,0.984
MRP21,YML6,0.928
MRP4,MRP49,0.981
MRP4,MRP51,0.999
MRP4,MRP7,0.999
MRP4,MRPL1,0.992
MRP4,MRPL10,0.997
MRP4,MRPL11,0.974
MRP4,MRPL15,0.912
MRP4,MRPL16,0.997
MRP4,MRPL17,0.996
MRP4,MRPL19,0.987
MRP4,MRPL20,0.947
MRP4,MRPL22,0.998
MRP4,MRPL23,0.998
MRP4,MRPL24,0.996
MRP4,MRPL25,0.944
MRP4,MRPL27,0.996
MRP4,MRPL28,0.994
MRP4,MRPL3,0.997
MRP4,MRPL31,0.915
MRP4,MRPL32,0.998
MRP4,MRPL33,0.991
MRP4,MRPL35,0.982
MRP4,MRPL36,0.951
MRP4,MRPL37,0.936
MRP4,MRPL38,0.987
MRP4,MRPL39,0.997
MRP4,MRPL4,0.994
MRP4,MRPL40,0.915
MRP4,MRPL49,0.957
MRP4,MRPL50,0.931
MRP4,MRPL51,0.998
MRP4,MRPL6,0.998
MRP4,MRPL7,0.998
MRP4,MRPL8,0.999
MRP4,MRPL9,0.998
MRP4,MRPS16,0.999
MRP4,MRPS17,0.999
MRP4,MRPS18,0.999
MRP4,MRPS28,0.999
MRP4,MRPS35,0.996
MRP4,MRPS5,0.999
MRP4,MRPS8,0.999
MRP4,MRPS9,0.999
MRP4,MRX14,0.992
MRP4,NAM9,0.999
MRP4,PET123,0.998
MRP4,PPE1,0.901
MRP4,RML2,0.998
MRP4,RPL23A,0.906
MRP4,RPL23B,0.905
MRP4,RPL25,0.984
MRP4,RPL26A,0.907
MRP4,RPL29,0.956
MRP4,RPL32,0.971
MRP4,RPL38,0.953
MRP4,RPL5,0.979
MRP4,RPS13,0.91
MRP4,RPS15,0.984
MRP4,RPS18A,0.911
MRP4,RPS18B,0.911
MRP4,RPS19A,0.906
MRP4,RPS1A,0.91
MRP4,RPS2,0.976
MRP4,RPS20,0.926
MRP4,RPS21B,0.961
MRP4,RPS3,0.984
MRP4,RPS5,0.973
MRP4,RPS8A,0.916
MRP4,RSM10,0.999
MRP4,RSM18,0.999
MRP4,RSM19,0.999
MRP4,RSM22,0.999
MRP4,RSM23,0.999
MRP4,RSM24,0.999
MRP4,RSM25,0.999
MRP4,RSM26,0.999
MRP4,RSM27,0.999
MRP4,RSM7,0.999
MRP4,RTC6,0.998
MRP4,SWS2,0.998
MRP4,TIF11,0.964
MRP4,VAR1,0.987
MRP4,YML6,0.996
MRP49,MRP7,0.987
MRP49,MRPL10,0.971
MRP49,MRPL11,0.964
MRP49,MRPL16,0.983
MRP49,MRPL17,0.989
MRP49,MRPL19,0.953
MRP49,MRPL22,0.979
MRP49,MRPL23,0.976
MRP49,MRPL27,0.973
MRP49,MRPL28,0.984
MRP49,MRPL3,0.984
MRP49,MRPL32,0.977
MRP49,MRPL33,0.986
MRP49,MRPL35,0.91
MRP49,MRPL36,0.901
MRP49,MRPL37,0.989
MRP49,MRPL39,0.983
MRP49,MRPL4,0.973
MRP49,MRPL44,0.938
MRP49,MRPL51,0.992
MRP49,MRPL8,0.983
MRP49,MRPL9,0.99
MRP49,MRPS16,0.988
MRP49,MRPS18,0.981
MRP49,MRPS28,0.979
MRP49,MRPS5,0.982
MRP49,MRPS9,0.967
MRP49,MRX14,0.969
MRP49,RML2,0.965
MRP49,RPL28,0.921
MRP49,RPL3,0.912
MRP49,RPS13,0.932
MRP49,RPS2,0.935
MRP49,RPS20,0.928
MRP49,RPS23A,0.928
MRP49,RPS23B,0.928
MRP49,RPS5,0.948
MRP49,RSM10,0.979
MRP49,RSM18,0.984
MRP49,RSM23,0.984
MRP49,RSM24,0.978
MRP49,RSM7,0.953
MRP49,RTC6,0.99
MRP49,YML6,0.988
MRP51,MRP7,0.924
MRP51,MRPL10,0.953
MRP51,MRPL13,0.914
MRP51,MRPL15,0.945
MRP51,MRPL20,0.924
MRP51,MRPL22,0.961
MRP51,MRPL23,0.93
MRP51,MRPL24,0.904
MRP51,MRPL27,0.922
MRP51,MRPL28,0.913
MRP51,MRPL32,0.906
MRP51,MRPL33,0.945
MRP51,MRPL35,0.928
MRP51,MRPL36,0.922
MRP51,MRPL38,0.967
MRP51,MRPL40,0.926
MRP51,MRPL51,0.912
MRP51,MRPL6,0.934
MRP51,MRPL7,0.903
MRP51,MRPL8,0.915
MRP51,MRPL9,0.948
MRP51,MRPS16,0.998
MRP51,MRPS17,0.998
MRP51,MRPS18,0.995
MRP51,MRPS28,0.997
MRP51,MRPS35,0.998
MRP51,MRPS5,0.999
MRP51,MRPS8,0.996
MRP51,MRPS9,0.996
MRP51,NAM9,0.998
MRP51,PET123,0.996
MRP51,PPE1,0.903
MRP51,RML2,0.933
MRP51,RSM10,0.999
MRP51,RSM18,0.999
MRP51,RSM19,0.99
MRP51,RSM22,0.99
MRP51,RSM23,0.996
MRP51,RSM24,0.996
MRP51,RSM25,0.999
MRP51,RSM26,0.997
MRP51,RSM27,0.996
MRP51,RSM7,0.998
MRP51,SWS2,0.993
MRP51,VAR1,0.989
MRP7,MRPL1,0.983
MRP7,MRPL10,0.999
MRP7,MRPL11,0.979
MRP7,MRPL13,0.95
MRP7,MRPL16,0.999
MRP7,MRPL17,0.999
MRP7,MRPL19,0.998
MRP7,MRPL20,0.95
MRP7,MRPL22,0.999
MRP7,MRPL23,0.998
MRP7,MRPL24,0.999
MRP7,MRPL25,0.928
MRP7,MRPL27,0.996
MRP7,MRPL28,0.999
MRP7,MRPL3,0.997
MRP7,MRPL31,0.94
MRP7,MRPL32,0.999
MRP7,MRPL33,0.997
MRP7,MRPL35,0.998
MRP7,MRPL36,0.993
MRP7,MRPL37,0.987
MRP7,MRPL38,0.995
MRP7,MRPL39,0.999
MRP7,MRPL4,0.996
MRP7,MRPL40,0.973
MRP7,MRPL49,0.973
MRP7,MRPL51,0.995
MRP7,MRPL6,0.998
MRP7,MRPL7,0.999
MRP7,MRPL8,0.999
MRP7,MRPL9,0.999
MRP7,MRPS16,0.999
MRP7,MRPS17,0.997
MRP7,MRPS18,0.998
MRP7,MRPS28,0.999
MRP7,MRPS35,0.943
MRP7,MRPS5,0.998
MRP7,MRPS8,0.995
MRP7,MRPS9,0.999
MRP7,MRX14,0.994
MRP7,NAM9,0.99
MRP7,RML2,0.999
MRP7,RPB3,0.921
MRP7,RPC40,0.921
MRP7,RPL10,0.944
MRP7,RPL11A,0.978
MRP7,RPL11B,0.978
MRP7,RPL12A,0.979
MRP7,RPL12B,0.979
MRP7,RPL16A,0.979
MRP7,RPL16B,0.979
MRP7,RPL17A,0.976
MRP7,RPL17B,0.977
MRP7,RPL1A,0.979
MRP7,RPL1B,0.98
MRP7,RPL23A,0.977
MRP7,RPL23B,0.976
MRP7,RPL25,0.998
MRP7,RPL26A,0.989
MRP7,RPL26B,0.985
MRP7,RPL28,0.984
MRP7,RPL2A,0.977
MRP7,RPL2B,0.978
MRP7,RPL3,0.987
MRP7,RPL35A,0.974
MRP7,RPL35B,0.975
MRP7,RPL4A,0.904
MRP7,RPL4B,0.904
MRP7,RPL5,0.994
MRP7,RPL7A,0.963
MRP7,RPL7B,0.963
MRP7,RPL9A,0.969
MRP7,RPL9B,0.969
MRP7,RPP0,0.988
MRP7,RPS0A,0.984
MRP7,RPS0B,0.979
MRP7,RPS11A,0.965
MRP7,RPS11B,0.966
MRP7,RPS13,0.99
MRP7,RPS14A,0.978
MRP7,RPS14B,0.977
MRP7,RPS15,0.997
MRP7,RPS16A,0.92
MRP7,RPS16B,0.92
MRP7,RPS18A,0.978
MRP7,RPS18B,0.978
MRP7,RPS2,0.988
MRP7,RPS20,0.991
MRP7,RPS22A,0.977
MRP7,RPS22B,0.977
MRP7,RPS23A,0.98
MRP7,RPS23B,0.979
MRP7,RPS29A,0.977
MRP7,RPS29B,0.978
MRP7,RPS3,0.998
MRP7,RPS5,0.989
MRP7,RPS9A,0.964
MRP7,RPS9B,0.95
MRP7,RSM10,0.999
MRP7,RSM18,0.997
MRP7,RSM19,0.994
MRP7,RSM23,0.998
MRP7,RSM24,0.994
MRP7,RSM25,0.954
MRP7,RSM26,0.949
MRP7,RSM27,0.938
MRP7,RSM7,0.998
MRP7,RTC6,0.999
MRP7,SRP54,0.961
MRP7,SWS2,0.997
MRP7,YML6,0.998
MRPL1,MRPL10,0.991
MRPL1,MRPL11,0.983
MRPL1,MRPL16,0.982
MRPL1,MRPL19,0.998
MRPL1,MRPL22,0.992
MRPL1,MRPL23,0.991
MRPL1,MRPL24,0.977
MRPL1,MRPL27,0.95
MRPL1,MRPL28,0.92
MRPL1,MRPL32,0.981
MRPL1,MRPL33,0.942
MRPL1,MRPL37,0.909
MRPL1,MRPL38,0.932
MRPL1,MRPL39,0.983
MRPL1,MRPL4,0.978
MRPL1,MRPL51,0.966
MRPL1,MRPL6,0.907
MRPL1,MRPL7,0.982
MRPL1,MRPL8,0.99
MRPL1,MRPL9,0.998
MRPL1,MRPS16,0.995
MRPL1,MRPS17,0.961
MRPL1,MRPS18,0.978
MRPL1,MRPS28,0.989
MRPL1,MRPS5,0.904
MRPL1,MRPS8,0.911
MRPL1,MRPS9,0.99
MRPL1,MRX14,0.905
MRPL1,MSS1,0.907
MRPL1,RML2,0.992
MRPL1,RPL25,0.985
MRPL1,RPL26A,0.914
MRPL1,RPL29,0.957
MRPL1,RPL31A,0.902
MRPL1,RPL32,0.976
MRPL1,RPL38,0.96
MRPL1,RPL5,0.979
MRPL1,RPS13,0.912
MRPL1,RPS15,0.985
MRPL1,RPS19A,0.907
MRPL1,RPS1A,0.902
MRPL1,RPS2,0.914
MRPL1,RPS20,0.94
MRPL1,RPS21B,0.97
MRPL1,RPS3,0.979
MRPL1,RPS5,0.945
MRPL1,RPS6B,0.909
MRPL1,RPS8A,0.91
MRPL1,RSM10,0.939
MRPL1,RSM18,0.984
MRPL1,RSM23,0.943
MRPL1,RSM7,0.956
MRPL1,RTC6,0.994
MRPL1,YML6,0.995
MRPL10,MRPL11,0.968
MRPL10,MRPL16,0.999
MRPL10,MRPL17,0.998
MRPL10,MRPL19,0.989
MRPL10,MRPL20,0.943
MRPL10,MRPL22,0.998
MRPL10,MRPL23,0.999
MRPL10,MRPL24,0.999
MRPL10,MRPL25,0.927
MRPL10,MRPL27,0.997
MRPL10,MRPL28,0.998
MRPL10,MRPL3,0.997
MRPL10,MRPL31,0.929
MRPL10,MRPL32,0.998
MRPL10,MRPL33,0.995
MRPL10,MRPL35,0.995
MRPL10,MRPL36,0.98
MRPL10,MRPL37,0.974
MRPL10,MRPL38,0.995
MRPL10,MRPL39,0.999
MRPL10,MRPL4,0.999
MRPL10,MRPL40,0.987
MRPL10,MRPL49,0.956
MRPL10,MRPL51,0.994
MRPL10,MRPL6,0.998
MRPL10,MRPL7,0.999
MRPL10,MRPL8,0.999
MRPL10,MRPL9,0.999
MRPL10,MRPS16,0.999
MRPL10,MRPS17,0.998
MRPL10,MRPS18,0.997
MRPL10,MRPS28,0.999
MRPL10,MRPS35,0.941
MRPL10,MRPS5,0.998
MRPL10,MRPS8,0.983
MRPL10,MRPS9,0.999
MRPL10,MRX14,0.994
MRPL10,MSS1,0.963
MRPL10,NAM9,0.973
MRPL10,RML2,0.998
MRPL10,RPL13A,0.937
MRPL10,RPL13B,0.936
MRPL10,RPL15A,0.943
MRPL10,RPL15B,0.943
MRPL10,RPL18A,0.942
MRPL10,RPL18B,0.942
MRPL10,RPL19A,0.948
MRPL10,RPL19B,0.948
MRPL10,RPL20A,0.904
MRPL10,RPL20B,0.904
MRPL10,RPL21A,0.943
MRPL10,RPL21B,0.942
MRPL10,RPL22A,0.918
MRPL10,RPL22B,0.917
MRPL10,RPL23A,0.963
MRPL10,RPL23B,0.963
MRPL10,RPL24A,0.939
MRPL10,RPL24B,0.939
MRPL10,RPL25,0.989
MRPL10,RPL26A,0.964
MRPL10,RPL26B,0.951
MRPL10,RPL29,0.978
MRPL10,RPL3,0.951
MRPL10,RPL30,0.937
MRPL10,RPL31A,0.942
MRPL10,RPL31B,0.939
MRPL10,RPL32,0.983
MRPL10,RPL33A,0.931
MRPL10,RPL33B,0.931
MRPL10,RPL34A,0.931
MRPL10,RPL34B,0.931
MRPL10,RPL35A,0.957
MRPL10,RPL35B,0.955
MRPL10,RPL36A,0.928
MRPL10,RPL36B,0.925
MRPL10,RPL37A,0.908
MRPL10,RPL37B,0.906
MRPL10,RPL38,0.977
MRPL10,RPL43A,0.933
MRPL10,RPL43B,0.933
MRPL10,RPL5,0.988
MRPL10,RPP0,0.951
MRPL10,RPP1A,0.901
MRPL10,RPP2B,0.901
MRPL10,RPS10A,0.937
MRPL10,RPS10B,0.915
MRPL10,RPS13,0.961
MRPL10,RPS15,0.993
MRPL10,RPS17A,0.914
MRPL10,RPS17B,0.913
MRPL10,RPS18A,0.942
MRPL10,RPS18B,0.918
MRPL10,RPS19A,0.958
MRPL10,RPS19B,0.943
MRPL10,RPS1A,0.951
MRPL10,RPS1B,0.933
MRPL10,RPS2,0.964
MRPL10,RPS20,0.964
MRPL10,RPS21B,0.981
MRPL10,RPS22A,0.911
MRPL10,RPS22B,0.911
MRPL10,RPS24A,0.933
MRPL10,RPS24B,0.931
MRPL10,RPS25A,0.941
MRPL10,RPS25B,0.941
MRPL10,RPS26A,0.909
MRPL10,RPS26B,0.909
MRPL10,RPS27A,0.914
MRPL10,RPS27B,0.914
MRPL10,RPS28A,0.939
MRPL10,RPS28B,0.939
MRPL10,RPS3,0.991
MRPL10,RPS30A,0.905
MRPL10,RPS30B,0.9
MRPL10,RPS4A,0.939
MRPL10,RPS4B,0.939
MRPL10,RPS5,0.98
MRPL10,RPS6A,0.935
MRPL10,RPS6B,0.935
MRPL10,RPS7A,0.932
MRPL10,RPS7B,0.906
MRPL10,RPS8A,0.94
MRPL10,RPS8B,0.94
MRPL10,RPS9A,0.9
MRPL10,RSM10,0.999
MRPL10,RSM18,0.998
MRPL10,RSM19,0.993
MRPL10,RSM23,0.996
MRPL10,RSM24,0.998
MRPL10,RSM25,0.939
MRPL10,RSM26,0.981
MRPL10,RSM27,0.989
MRPL10,RSM7,0.998
MRPL10,RTC6,0.999
MRPL10,SEC61,0.946
MRPL10,SRP101,0.944
MRPL10,SRP54,0.958
MRPL10,SSH1,0.946
MRPL10,STT3,0.9
MRPL10,SWS2,0.984
MRPL10,YML6,0.999
MRPL11,MRPL16,0.981
MRPL11,MRPL17,0.983
MRPL11,MRPL19,0.994
MRPL11,MRPL22,0.978
MRPL11,MRPL23,0.991
MRPL11,MRPL27,0.981
MRPL11,MRPL28,0.983
MRPL11,MRPL3,0.986
MRPL11,MRPL32,0.981
MRPL11,MRPL33,0.97
MRPL11,MRPL35,0.907
MRPL11,MRPL37,0.99
MRPL11,MRPL39,0.968
MRPL11,MRPL4,0.968
MRPL11,MRPL51,0.974
MRPL11,MRPL8,0.975
MRPL11,MRPL9,0.979
MRPL11,MRPS16,0.968
MRPL11,MRPS18,0.968
MRPL11,MRPS28,0.987
MRPL11,MRPS5,0.976
MRPL11,MRPS9,0.983
MRPL11,MRX14,0.983
MRPL11,RML2,0.971
MRPL11,RPL28,0.912
MRPL11,RPL3,0.911
MRPL11,RPS13,0.936
MRPL11,RPS2,0.937
MRPL11,RPS20,0.934
MRPL11,RPS5,0.919
MRPL11,RSM10,0.966
MRPL11,RSM18,0.979
MRPL11,RSM23,0.987
MRPL11,RSM24,0.973
MRPL11,RSM7,0.947
MRPL11,RTC6,0.969
MRPL11,SPC19,0.939
MRPL11,SPC34,0.9
MRPL11,YML6,0.986
MRPL13,MRPL15,0.963
MRPL13,MRPL16,0.954
MRPL13,MRPL17,0.951
MRPL13,MRPL20,0.939
MRPL13,MRPL22,0.928
MRPL13,MRPL23,0.91
MRPL13,MRPL3,0.961
MRPL13,MRPL31,0.946
MRPL13,MRPL32,0.926
MRPL13,MRPL33,0.901
MRPL13,MRPL35,0.955
MRPL13,MRPL36,0.956
MRPL13,MRPL4,0.914
MRPL13,MRPL40,0.938
MRPL13,MRPL51,0.962
MRPL13,MRPL6,0.908
MRPL13,MRPL8,0.937
MRPL13,MRPL9,0.981
MRPL13,YML6,0.98
MRPL15,MRPL17,0.949
MRPL15,MRPL20,0.968
MRPL15,MRPL22,0.906
MRPL15,MRPL28,0.908
MRPL15,MRPL3,0.98
MRPL15,MRPL31,0.973
MRPL15,MRPL35,0.948
MRPL15,MRPL40,0.948
MRPL15,MRPL49,0.903
MRPL15,MRPL51,0.959
MRPL15,MRPL9,0.907
MRPL15,MRPS16,0.902
MRPL15,PET123,0.92
MRPL15,RSM18,0.912
MRPL15,RSM25,0.909
MRPL15,RSM26,0.952
MRPL15,RSM27,0.91
MRPL16,MRPL17,0.998
MRPL16,MRPL19,0.994
MRPL16,MRPL20,0.985
MRPL16,MRPL22,0.997
MRPL16,MRPL23,0.999
MRPL16,MRPL24,0.996
MRPL16,MRPL25,0.933
MRPL16,MRPL27,0.996
MRPL16,MRPL28,0.999
MRPL16,MRPL3,0.998
MRPL16,MRPL31,0.948
MRPL16,MRPL32,0.997
MRPL16,MRPL33,0.997
MRPL16,MRPL35,0.993
MRPL16,MRPL36,0.971
MRPL16,MRPL37,0.98
MRPL16,MRPL38,0.994
MRPL16,MRPL39,0.999
MRPL16,MRPL4,0.998
MRPL16,MRPL40,0.989
MRPL16,MRPL49,0.94
MRPL16,MRPL50,0.91
MRPL16,MRPL51,0.998
MRPL16,MRPL6,0.998
MRPL16,MRPL7,0.999
MRPL16,MRPL8,0.999
MRPL16,MRPL9,0.999
MRPL16,MRPS16,0.999
MRPL16,MRPS17,0.996
MRPL16,MRPS18,0.998
MRPL16,MRPS28,0.998
MRPL16,MRPS35,0.941
MRPL16,MRPS5,0.998
MRPL16,MRPS8,0.982
MRPL16,MRPS9,0.998
MRPL16,MRX14,0.997
MRPL16,NAM9,0.966
MRPL16,RML2,0.998
MRPL16,RPL23A,0.95
MRPL16,RPL23B,0.949
MRPL16,RPL25,0.951
MRPL16,RPL3,0.902
MRPL16,RPL5,0.951
MRPL16,RPS15,0.951
MRPL16,RPS20,0.919
MRPL16,RPS22A,0.924
MRPL16,RPS22B,0.904
MRPL16,RPS3,0.951
MRPL16,RPS5,0.972
MRPL16,RSM10,0.996
MRPL16,RSM18,0.998
MRPL16,RSM19,0.996
MRPL16,RSM23,0.994
MRPL16,RSM24,0.998
MRPL16,RSM25,0.931
MRPL16,RSM26,0.942
MRPL16,RSM27,0.991
MRPL16,RSM7,0.995
MRPL16,RTC6,0.999
MRPL16,SWS2,0.978
MRPL16,YML6,0.999
MRPL17,MRPL19,0.978
MRPL17,MRPL20,0.962
MRPL17,MRPL22,0.997
MRPL17,MRPL23,0.996
MRPL17,MRPL24,0.996
MRPL17,MRPL25,0.963
MRPL17,MRPL27,0.997
MRPL17,MRPL28,0.999
MRPL17,MRPL3,0.999
MRPL17,MRPL31,0.973
MRPL17,MRPL32,0.996
MRPL17,MRPL33,0.996
MRPL17,MRPL35,0.998
MRPL17,MRPL36,0.991
MRPL17,MRPL37,0.995
MRPL17,MRPL38,0.989
MRPL17,MRPL39,0.996
MRPL17,MRPL4,0.997
MRPL17,MRPL40,0.993
MRPL17,MRPL49,0.943
MRPL17,MRPL51,0.998
MRPL17,MRPL6,0.994
MRPL17,MRPL7,0.976
MRPL17,MRPL8,0.997
MRPL17,MRPL9,0.998
MRPL17,MRPS16,0.996
MRPL17,MRPS17,0.995
MRPL17,MRPS18,0.998
MRPL17,MRPS28,0.997
MRPL17,MRPS35,0.972
MRPL17,MRPS5,0.996
MRPL17,MRPS8,0.941
MRPL17,MRPS9,0.996
MRPL17,MRX14,0.996
MRPL17,NAM9,0.928
MRPL17,RML2,0.997
MRPL17,RPL12A,0.919
MRPL17,RPL12B,0.918
MRPL17,RPL16A,0.913
MRPL17,RPL16B,0.916
MRPL17,RPL17A,0.936
MRPL17,RPL17B,0.937
MRPL17,RPL23A,0.909
MRPL17,RPL23B,0.909
MRPL17,RPL26A,0.951
MRPL17,RPL26B,0.937
MRPL17,RPL28,0.939
MRPL17,RPL2A,0.93
MRPL17,RPL2B,0.928
MRPL17,RPL3,0.932
MRPL17,RPS0A,0.928
MRPL17,RPS0B,0.903
MRPL17,RPS13,0.958
MRPL17,RPS14A,0.907
MRPL17,RPS2,0.946
MRPL17,RPS20,0.934
MRPL17,RPS23A,0.912
MRPL17,RPS23B,0.912
MRPL17,RPS5,0.946
MRPL17,RSM10,0.996
MRPL17,RSM18,0.996
MRPL17,RSM19,0.994
MRPL17,RSM23,0.995
MRPL17,RSM24,0.996
MRPL17,RSM25,0.961
MRPL17,RSM26,0.983
MRPL17,RSM27,0.994
MRPL17,RSM7,0.997
MRPL17,RTC6,0.997
MRPL17,SWS2,0.971
MRPL17,YML6,0.998
MRPL19,MRPL22,0.991
MRPL19,MRPL23,0.996
MRPL19,MRPL24,0.989
MRPL19,MRPL27,0.992
MRPL19,MRPL28,0.979
MRPL19,MRPL3,0.992
MRPL19,MRPL32,0.993
MRPL19,MRPL33,0.986
MRPL19,MRPL35,0.949
MRPL19,MRPL37,0.992
MRPL19,MRPL38,0.978
MRPL19,MRPL39,0.996
MRPL19,MRPL4,0.995
MRPL19,MRPL51,0.98
MRPL19,MRPL6,0.991
MRPL19,MRPL7,0.997
MRPL19,MRPL8,0.995
MRPL19,MRPL9,0.992
MRPL19,MRPS16,0.994
MRPL19,MRPS17,0.991
MRPL19,MRPS18,0.99
MRPL19,MRPS28,0.992
MRPL19,MRPS5,0.99
MRPL19,MRPS8,0.923
MRPL19,MRPS9,0.996
MRPL19,MRX14,0.98
MRPL19,MSS1,0.962
MRPL19,RML2,0.988
MRPL19,RPB2,0.97
MRPL19,RPL22A,0.929
MRPL19,RPL23A,0.96
MRPL19,RPL23B,0.959
MRPL19,RPL25,0.979
MRPL19,RPL29,0.96
MRPL19,RPL32,0.977
MRPL19,RPL35A,0.904
MRPL19,RPL35B,0.903
MRPL19,RPL38,0.956
MRPL19,RPL5,0.979
MRPL19,RPS15,0.98
MRPL19,RPS18A,0.917
MRPL19,RPS18B,0.917
MRPL19,RPS20,0.918
MRPL19,RPS21B,0.97
MRPL19,RPS22A,0.917
MRPL19,RPS22B,0.917
MRPL19,RPS3,0.979
MRPL19,RPS5,0.968
MRPL19,RSM10,0.984
MRPL19,RSM18,0.986
MRPL19,RSM19,0.978
MRPL19,RSM23,0.975
MRPL19,RSM24,0.976
MRPL19,RSM26,0.903
MRPL19,RSM27,0.949
MRPL19,RSM7,0.987
MRPL19,RTC6,0.997
MRPL19,SRP54,0.919
MRPL19,SWS2,0.928
MRPL19,YML6,0.997
MRPL20,MRPL22,0.928
MRPL20,MRPL23,0.929
MRPL20,MRPL24,0.976
MRPL20,MRPL25,0.947
MRPL20,MRPL27,0.924
MRPL20,MRPL28,0.937
MRPL20,MRPL3,0.976
MRPL20,MRPL31,0.973
MRPL20,MRPL32,0.933
MRPL20,MRPL33,0.936
MRPL20,MRPL35,0.973
MRPL20,MRPL36,0.944
MRPL20,MRPL38,0.955
MRPL20,MRPL39,0.929
MRPL20,MRPL4,0.927
MRPL20,MRPL49,0.947
MRPL20,MRPL51,0.979
MRPL20,MRPL6,0.94
MRPL20,MRPL7,0.954
MRPL20,MRPL8,0.973
MRPL20,MRPL9,0.979
MRPL20,MRPS16,0.925
MRPL20,MRPS17,0.935
MRPL20,MRPS18,0.936
MRPL20,MRPS28,0.931
MRPL20,MRPS35,0.977
MRPL20,MRPS5,0.928
MRPL20,MRPS8,0.938
MRPL20,MRPS9,0.928
MRPL20,MRX14,0.954
MRPL20,NAM9,0.963
MRPL20,RML2,0.933
MRPL20,RSM10,0.927
MRPL20,RSM18,0.933
MRPL20,RSM19,0.938
MRPL20,RSM23,0.95
MRPL20,RSM24,0.957
MRPL20,RSM25,0.941
MRPL20,RSM26,0.973
MRPL20,RSM27,0.963
MRPL20,RSM7,0.937
MRPL20,RTC6,0.941
MRPL20,SWS2,0.927
MRPL20,YML6,0.972
MRPL22,MRPL23,0.997
MRPL22,MRPL24,0.997
MRPL22,MRPL25,0.945
MRPL22,MRPL27,0.995
MRPL22,MRPL28,0.993
MRPL22,MRPL3,0.997
MRPL22,MRPL32,0.999
MRPL22,MRPL33,0.998
MRPL22,MRPL35,0.98
MRPL22,MRPL36,0.972
MRPL22,MRPL37,0.952
MRPL22,MRPL38,0.996
MRPL22,MRPL39,0.998
MRPL22,MRPL4,0.999
MRPL22,MRPL40,0.994
MRPL22,MRPL49,0.954
MRPL22,MRPL50,0.921
MRPL22,MRPL51,0.997
MRPL22,MRPL6,0.998
MRPL22,MRPL7,0.995
MRPL22,MRPL8,0.999
MRPL22,MRPL9,0.999
MRPL22,MRPS16,0.999
MRPL22,MRPS17,0.998
MRPL22,MRPS18,0.997
MRPL22,MRPS28,0.998
MRPL22,MRPS35,0.945
MRPL22,MRPS5,0.997
MRPL22,MRPS8,0.99
MRPL22,MRPS9,0.999
MRPL22,MRX14,0.994
MRPL22,NAM9,0.984
MRPL22,RML2,0.998
MRPL22,RPL23A,0.948
MRPL22,RPL23B,0.948
MRPL22,RPL25,0.979
MRPL22,RPL29,0.955
MRPL22,RPL32,0.975
MRPL22,RPL38,0.962
MRPL22,RPL5,0.98
MRPL22,RPS15,0.979
MRPL22,RPS18A,0.914
MRPL22,RPS18B,0.914
MRPL22,RPS21B,0.97
MRPL22,RPS22A,0.91
MRPL22,RPS22B,0.91
MRPL22,RPS3,0.979
MRPL22,RPS5,0.968
MRPL22,RSM10,0.997
MRPL22,RSM18,0.998
MRPL22,RSM19,0.995
MRPL22,RSM23,0.997
MRPL22,RSM24,0.997
MRPL22,RSM25,0.942
MRPL22,RSM26,0.952
MRPL22,RSM27,0.987
MRPL22,RSM7,0.994
MRPL22,RTC6,0.998
MRPL22,SRP54,0.91
MRPL22,SWS2,0.984
MRPL22,YML6,0.999
MRPL23,MRPL24,0.998
MRPL23,MRPL25,0.93
MRPL23,MRPL27,0.998
MRPL23,MRPL28,0.999
MRPL23,MRPL3,0.997
MRPL23,MRPL32,0.998
MRPL23,MRPL33,0.996
MRPL23,MRPL35,0.969
MRPL23,MRPL36,0.948
MRPL23,MRPL37,0.972
MRPL23,MRPL38,0.996
MRPL23,MRPL39,0.999
MRPL23,MRPL4,0.996
MRPL23,MRPL40,0.992
MRPL23,MRPL49,0.974
MRPL23,MRPL51,0.995
MRPL23,MRPL6,0.998
MRPL23,MRPL7,0.995
MRPL23,MRPL8,0.998
MRPL23,MRPL9,0.999
MRPL23,MRPS16,0.999
MRPL23,MRPS17,0.998
MRPL23,MRPS18,0.998
MRPL23,MRPS28,0.999
MRPL23,MRPS35,0.934
MRPL23,MRPS5,0.997
MRPL23,MRPS8,0.982
MRPL23,MRPS9,0.998
MRPL23,MRX14,0.997
MRPL23,MSS1,0.95
MRPL23,NAM9,0.97
MRPL23,NOP1,0.908
MRPL23,PET123,0.926
MRPL23,RML2,0.997
MRPL23,RPL23A,0.959
MRPL23,RPL23B,0.959
MRPL23,RPL25,0.979
MRPL23,RPL29,0.96
MRPL23,RPL32,0.975
MRPL23,RPL38,0.972
MRPL23,RPL5,0.979
MRPL23,RPS15,0.979
MRPL23,RPS18A,0.909
MRPL23,RPS18B,0.908
MRPL23,RPS21B,0.983
MRPL23,RPS22A,0.907
MRPL23,RPS22B,0.907
MRPL23,RPS3,0.979
MRPL23,RPS5,0.968
MRPL23,RSM10,0.997
MRPL23,RSM18,0.998
MRPL23,RSM19,0.993
MRPL23,RSM23,0.994
MRPL23,RSM24,0.996
MRPL23,RSM25,0.954
MRPL23,RSM26,0.989
MRPL23,RSM27,0.993
MRPL23,RSM7,0.996
MRPL23,RTC6,0.999
MRPL23,SRP54,0.936
MRPL23,SWS2,0.994
MRPL23,YML6,0.999
MRPL24,MRPL25,0.959
MRPL24,MRPL27,0.941
MRPL24,MRPL28,0.937
MRPL24,MRPL3,0.938
MRPL24,MRPL31,0.903
MRPL24,MRPL32,0.999
MRPL24,MRPL33,0.942
MRPL24,MRPL35,0.973
MRPL24,MRPL36,0.955
MRPL24,MRPL38,0.995
MRPL24,MRPL39,0.999
MRPL24,MRPL4,0.995
MRPL24,MRPL40,0.984
MRPL24,MRPL49,0.941
MRPL24,MRPL51,0.993
MRPL24,MRPL6,0.998
MRPL24,MRPL7,0.996
MRPL24,MRPL8,0.999
MRPL24,MRPL9,0.999
MRPL24,MRPS16,0.999
MRPL24,MRPS17,0.997
MRPL24,MRPS18,0.996
MRPL24,MRPS28,0.999
MRPL24,MRPS35,0.945
MRPL24,MRPS5,0.997
MRPL24,MRPS8,0.995
MRPL24,MRPS9,0.999
MRPL24,MRX14,0.995
MRPL24,NAM9,0.99
MRPL24,RML2,0.998
MRPL24,RPL10,0.93
MRPL24,RPL11A,0.976
MRPL24,RPL11B,0.977
MRPL24,RPL12A,0.977
MRPL24,RPL12B,0.977
MRPL24,RPL16A,0.979
MRPL24,RPL16B,0.979
MRPL24,RPL17A,0.977
MRPL24,RPL17B,0.977
MRPL24,RPL1A,0.974
MRPL24,RPL1B,0.974
MRPL24,RPL23A,0.971
MRPL24,RPL23B,0.971
MRPL24,RPL25,0.997
MRPL24,RPL26A,0.989
MRPL24,RPL26B,0.985
MRPL24,RPL28,0.981
MRPL24,RPL2A,0.974
MRPL24,RPL2B,0.974
MRPL24,RPL3,0.985
MRPL24,RPL35A,0.986
MRPL24,RPL35B,0.986
MRPL24,RPL5,0.995
MRPL24,RPL7A,0.965
MRPL24,RPL7B,0.964
MRPL24,RPL9A,0.976
MRPL24,RPL9B,0.976
MRPL24,RPO26,0.905
MRPL24,RPP0,0.984
MRPL24,RPS0A,0.983
MRPL24,RPS0B,0.978
MRPL24,RPS11A,0.966
MRPL24,RPS11B,0.966
MRPL24,RPS13,0.991
MRPL24,RPS14A,0.977
MRPL24,RPS14B,0.977
MRPL24,RPS15,0.996
MRPL24,RPS16A,0.924
MRPL24,RPS16B,0.92
MRPL24,RPS18A,0.983
MRPL24,RPS18B,0.977
MRPL24,RPS2,0.982
MRPL24,RPS20,0.988
MRPL24,RPS22A,0.983
MRPL24,RPS22B,0.977
MRPL24,RPS23A,0.977
MRPL24,RPS23B,0.978
MRPL24,RPS29A,0.979
MRPL24,RPS29B,0.979
MRPL24,RPS3,0.996
MRPL24,RPS5,0.986
MRPL24,RPS9A,0.95
MRPL24,RPS9B,0.95
MRPL24,RSM10,0.998
MRPL24,RSM18,0.996
MRPL24,RSM19,0.994
MRPL24,RSM23,0.994
MRPL24,RSM24,0.972
MRPL24,RSM25,0.938
MRPL24,RSM26,0.953
MRPL24,RSM27,0.97
MRPL24,RSM7,0.997
MRPL24,RTC6,0.999
MRPL24,SRP54,0.947
MRPL24,SWS2,0.995
MRPL24,YML6,0.999
MRPL25,MRPL27,0.925
MRPL25,MRPL28,0.966
MRPL25,MRPL3,0.951
MRPL25,MRPL31,0.93
MRPL25,MRPL32,0.904
MRPL25,MRPL33,0.951
MRPL25,MRPL35,0.965
MRPL25,MRPL36,0.945
MRPL25,MRPL38,0.937
MRPL25,MRPL39,0.928
MRPL25,MRPL4,0.94
MRPL25,MRPL40,0.943
MRPL25,MRPL49,0.955
MRPL25,MRPL51,0.939
MRPL25,MRPL6,0.931
MRPL25,MRPL7,0.93
MRPL25,MRPL8,0.952
MRPL25,MRPL9,0.983
MRPL25,MRPS16,0.941
MRPL25,MRPS17,0.918
MRPL25,MRPS18,0.927
MRPL25,MRPS28,0.935
MRPL25,MRPS35,0.969
MRPL25,MRPS5,0.93
MRPL25,MRPS8,0.955
MRPL25,MRPS9,0.927
MRPL25,MRX14,0.954
MRPL25,NAM9,0.922
MRPL25,RML2,0.944
MRPL25,RSM10,0.926
MRPL25,RSM18,0.941
MRPL25,RSM19,0.931
MRPL25,RSM23,0.941
MRPL25,RSM24,0.935
MRPL25,RSM25,0.926
MRPL25,RSM26,0.949
MRPL25,RSM27,0.934
MRPL25,RSM7,0.93
MRPL25,RTC6,0.932
MRPL25,SWS2,0.928
MRPL25,YML6,0.925
MRPL27,MRPL28,0.997
MRPL27,MRPL3,0.995
MRPL27,MRPL31,0.944
MRPL27,MRPL32,0.996
MRPL27,MRPL33,0.998
MRPL27,MRPL35,0.982
MRPL27,MRPL36,0.966
MRPL27,MRPL37,0.992
MRPL27,MRPL38,0.94
MRPL27,MRPL39,0.994
MRPL27,MRPL4,0.997
MRPL27,MRPL40,0.978
MRPL27,MRPL44,0.924
MRPL27,MRPL49,0.936
MRPL27,MRPL51,0.997
MRPL27,MRPL6,0.986
MRPL27,MRPL7,0.938
MRPL27,MRPL8,0.998
MRPL27,MRPL9,0.993
MRPL27,MRPS16,0.996
MRPL27,MRPS17,0.988
MRPL27,MRPS18,0.997
MRPL27,MRPS28,0.995
MRPL27,MRPS35,0.927
MRPL27,MRPS5,0.994
MRPL27,MRPS8,0.944
MRPL27,MRPS9,0.993
MRPL27,MRX14,0.998
MRPL27,NAM9,0.928
MRPL27,RML2,0.994
MRPL27,RPL12A,0.901
MRPL27,RPL16A,0.919
MRPL27,RPL16B,0.919
MRPL27,RPL28,0.916
MRPL27,RPL3,0.911
MRPL27,RPS0A,0.913
MRPL27,RPS0B,0.915
MRPL27,RPS13,0.922
MRPL27,RPS2,0.927
MRPL27,RPS20,0.91
MRPL27,RPS23A,0.944
MRPL27,RPS23B,0.941
MRPL27,RPS29A,0.905
MRPL27,RPS29B,0.904
MRPL27,RPS5,0.93
MRPL27,RSM10,0.993
MRPL27,RSM18,0.996
MRPL27,RSM19,0.995
MRPL27,RSM23,0.997
MRPL27,RSM24,0.994
MRPL27,RSM25,0.93
MRPL27,RSM26,0.939
MRPL27,RSM27,0.99
MRPL27,RSM7,0.986
MRPL27,RTC6,0.998
MRPL27,SWS2,0.943
MRPL27,YML6,0.997
MRPL28,MRPL3,0.995
MRPL28,MRPL31,0.95
MRPL28,MRPL32,0.997
MRPL28,MRPL33,0.997
MRPL28,MRPL35,0.999
MRPL28,MRPL36,0.972
MRPL28,MRPL37,0.989
MRPL28,MRPL38,0.974
MRPL28,MRPL39,0.995
MRPL28,MRPL4,0.996
MRPL28,MRPL40,0.903
MRPL28,MRPL49,0.977
MRPL28,MRPL51,0.995
MRPL28,MRPL6,0.937
MRPL28,MRPL7,0.989
MRPL28,MRPL8,0.995
MRPL28,MRPL9,0.998
MRPL28,MRPS16,0.998
MRPL28,MRPS17,0.97
MRPL28,MRPS18,0.995
MRPL28,MRPS28,0.995
MRPL28,MRPS5,0.995
MRPL28,MRPS8,0.927
MRPL28,MRPS9,0.993
MRPL28,MRX14,0.993
MRPL28,NAM9,0.926
MRPL28,PET123,0.927
MRPL28,RML2,0.993
MRPL28,RPL28,0.913
MRPL28,RPL3,0.904
MRPL28,RPS13,0.916
MRPL28,RPS2,0.916
MRPL28,RPS20,0.931
MRPL28,RPS5,0.926
MRPL28,RSM10,0.998
MRPL28,RSM18,0.996
MRPL28,RSM19,0.937
MRPL28,RSM23,0.997
MRPL28,RSM24,0.997
MRPL28,RSM25,0.97
MRPL28,RSM26,0.953
MRPL28,RSM27,0.956
MRPL28,RSM7,0.988
MRPL28,RTC6,0.998
MRPL28,SWS2,0.953
MRPL28,YML6,0.996
MRPL3,MRPL31,0.97
MRPL3,MRPL32,0.995
MRPL3,MRPL33,0.993
MRPL3,MRPL35,0.993
MRPL3,MRPL36,0.954
MRPL3,MRPL37,0.965
MRPL3,MRPL38,0.929
MRPL3,MRPL39,0.996
MRPL3,MRPL4,0.995
MRPL3,MRPL40,0.948
MRPL3,MRPL49,0.956
MRPL3,MRPL51,0.998
MRPL3,MRPL6,0.933
MRPL3,MRPL7,0.942
MRPL3,MRPL8,0.996
MRPL3,MRPL9,0.995
MRPL3,MRPS16,0.994
MRPL3,MRPS17,0.959
MRPL3,MRPS18,0.994
MRPL3,MRPS28,0.995
MRPL3,MRPS35,0.966
MRPL3,MRPS5,0.995
MRPL3,MRPS8,0.932
MRPL3,MRPS9,0.996
MRPL3,MRX14,0.992
MRPL3,NAM9,0.953
MRPL3,RML2,0.997
MRPL3,RPS5,0.924
MRPL3,RSM10,0.994
MRPL3,RSM18,0.991
MRPL3,RSM19,0.923
MRPL3,RSM23,0.996
MRPL3,RSM24,0.993
MRPL3,RSM25,0.963
MRPL3,RSM26,0.961
MRPL3,RSM27,0.954
MRPL3,RSM7,0.988
MRPL3,RTC6,0.994
MRPL3,SWS2,0.932
MRPL3,YML6,0.998
MRPL31,MRPL33,0.917
MRPL31,MRPL35,0.947
MRPL31,MRPL36,0.917
MRPL31,MRPL38,0.903
MRPL31,MRPL49,0.92
MRPL31,MRPL51,0.976
MRPL31,MRPL7,0.936
MRPL31,MRPS16,0.907
MRPL31,MRPS18,0.952
MRPL31,MRPS28,0.929
MRPL31,MRPS35,0.924
MRPL31,MRPS8,0.905
MRPL31,NAM9,0.919
MRPL31,RSM18,0.961
MRPL31,RSM26,0.961
MRPL32,MRPL33,0.995
MRPL32,MRPL35,0.99
MRPL32,MRPL36,0.958
MRPL32,MRPL37,0.977
MRPL32,MRPL38,0.998
MRPL32,MRPL39,0.999
MRPL32,MRPL4,0.997
MRPL32,MRPL40,0.956
MRPL32,MRPL49,0.917
MRPL32,MRPL51,0.991
MRPL32,MRPL6,0.996
MRPL32,MRPL7,0.994
MRPL32,MRPL8,0.999
MRPL32,MRPL9,0.999
MRPL32,MRPS16,0.999
MRPL32,MRPS17,0.996
MRPL32,MRPS18,0.998
MRPL32,MRPS28,0.998
MRPL32,MRPS5,0.997
MRPL32,MRPS8,0.997
MRPL32,MRPS9,0.999
MRPL32,MRX14,0.993
MRPL32,NAM9,0.99
MRPL32,PET123,0.903
MRPL32,RML2,0.998
MRPL32,RPB3,0.906
MRPL32,RPC40,0.902
MRPL32,RPL10,0.931
MRPL32,RPL11A,0.968
MRPL32,RPL11B,0.968
MRPL32,RPL12A,0.978
MRPL32,RPL12B,0.978
MRPL32,RPL16A,0.978
MRPL32,RPL16B,0.978
MRPL32,RPL17A,0.975
MRPL32,RPL17B,0.975
MRPL32,RPL1A,0.978
MRPL32,RPL1B,0.978
MRPL32,RPL23A,0.977
MRPL32,RPL23B,0.977
MRPL32,RPL25,0.998
MRPL32,RPL26A,0.985
MRPL32,RPL26B,0.985
MRPL32,RPL28,0.984
MRPL32,RPL2A,0.975
MRPL32,RPL2B,0.975
MRPL32,RPL3,0.974
MRPL32,RPL35A,0.985
MRPL32,RPL35B,0.985
MRPL32,RPL5,0.998
MRPL32,RPL7A,0.975
MRPL32,RPL7B,0.976
MRPL32,RPL9A,0.977
MRPL32,RPL9B,0.977
MRPL32,RPP0,0.986
MRPL32,RPS0A,0.979
MRPL32,RPS0B,0.979
MRPL32,RPS11A,0.976
MRPL32,RPS11B,0.976
MRPL32,RPS13,0.988
MRPL32,RPS14A,0.978
MRPL32,RPS14B,0.978
MRPL32,RPS15,0.998
MRPL32,RPS18A,0.979
MRPL32,RPS18B,0.979
MRPL32,RPS2,0.978
MRPL32,RPS20,0.982
MRPL32,RPS22A,0.978
MRPL32,RPS22B,0.978
MRPL32,RPS23A,0.978
MRPL32,RPS23B,0.978
MRPL32,RPS29A,0.978
MRPL32,RPS29B,0.983
MRPL32,RPS3,0.997
MRPL32,RPS5,0.986
MRPL32,RPS9A,0.949
MRPL32,RPS9B,0.948
MRPL32,RSM10,0.998
MRPL32,RSM18,0.997
MRPL32,RSM19,0.944
MRPL32,RSM23,0.994
MRPL32,RSM24,0.996
MRPL32,RSM25,0.948
MRPL32,RSM26,0.919
MRPL32,RSM27,0.952
MRPL32,RSM7,0.997
MRPL32,RTC6,0.999
MRPL32,SRP54,0.955
MRPL32,SWS2,0.996
MRPL32,TIF11,0.916
MRPL32,YML6,0.998
MRPL33,MRPL35,0.989
MRPL33,MRPL36,0.973
MRPL33,MRPL37,0.977
MRPL33,MRPL38,0.928
MRPL33,MRPL39,0.994
MRPL33,MRPL4,0.996
MRPL33,MRPL40,0.937
MRPL33,MRPL49,0.974
MRPL33,MRPL51,0.996
MRPL33,MRPL6,0.96
MRPL33,MRPL7,0.957
MRPL33,MRPL8,0.998
MRPL33,MRPL9,0.994
MRPL33,MRPS16,0.997
MRPL33,MRPS17,0.936
MRPL33,MRPS18,0.991
MRPL33,MRPS28,0.996
MRPL33,MRPS35,0.951
MRPL33,MRPS5,0.992
MRPL33,MRPS8,0.936
MRPL33,MRPS9,0.991
MRPL33,MRX14,0.998
MRPL33,NAM9,0.926
MRPL33,RML2,0.993
MRPL33,RPL28,0.934
MRPL33,RPL3,0.904
MRPL33,RPS13,0.937
MRPL33,RPS2,0.91
MRPL33,RPS20,0.917
MRPL33,RPS5,0.922
MRPL33,RSM10,0.994
MRPL33,RSM18,0.997
MRPL33,RSM19,0.942
MRPL33,RSM23,0.997
MRPL33,RSM24,0.993
MRPL33,RSM25,0.93
MRPL33,RSM26,0.946
MRPL33,RSM27,0.947
MRPL33,RSM7,0.985
MRPL33,RTC6,0.996
MRPL33,SWS2,0.937
MRPL33,YML6,0.996
MRPL35,MRPL36,0.989
MRPL35,MRPL37,0.915
MRPL35,MRPL38,0.935
MRPL35,MRPL39,0.967
MRPL35,MRPL4,0.971
MRPL35,MRPL40,0.97
MRPL35,MRPL49,0.945
MRPL35,MRPL51,0.983
MRPL35,MRPL6,0.963
MRPL35,MRPL7,0.993
MRPL35,MRPL8,0.985
MRPL35,MRPL9,0.991
MRPL35,MRPS16,0.976
MRPL35,MRPS17,0.922
MRPL35,MRPS18,0.977
MRPL35,MRPS28,0.975
MRPL35,MRPS35,0.948
MRPL35,MRPS5,0.976
MRPL35,MRPS8,0.932
MRPL35,MRPS9,0.97
MRPL35,MRX14,0.98
MRPL35,NAM9,0.947
MRPL35,RML2,0.985
MRPL35,RSM10,0.983
MRPL35,RSM18,0.977
MRPL35,RSM19,0.936
MRPL35,RSM23,0.984
MRPL35,RSM24,0.979
MRPL35,RSM25,0.943
MRPL35,RSM26,0.94
MRPL35,RSM27,0.934
MRPL35,RSM7,0.943
MRPL35,RTC6,0.974
MRPL35,SWS2,0.941
MRPL35,YML6,0.988
MRPL36,MRPL38,0.951
MRPL36,MRPL39,0.973
MRPL36,MRPL4,0.978
MRPL36,MRPL40,0.974
MRPL36,MRPL49,0.951
MRPL36,MRPL50,0.931
MRPL36,MRPL51,0.957
MRPL36,MRPL6,0.969
MRPL36,MRPL7,0.976
MRPL36,MRPL8,0.969
MRPL36,MRPL9,0.99
MRPL36,MRPS16,0.934
MRPL36,MRPS17,0.937
MRPL36,MRPS18,0.952
MRPL36,MRPS28,0.956
MRPL36,MRPS35,0.908
MRPL36,MRPS5,0.953
MRPL36,MRPS8,0.931
MRPL36,MRPS9,0.935
MRPL36,MRX14,0.953
MRPL36,NAM9,0.92
MRPL36,RML2,0.965
MRPL36,RSM10,0.966
MRPL36,RSM18,0.951
MRPL36,RSM19,0.961
MRPL36,RSM23,0.955
MRPL36,RSM24,0.93
MRPL36,RSM25,0.934
MRPL36,RSM26,0.941
MRPL36,RSM27,0.941
MRPL36,RSM7,0.927
MRPL36,RTC6,0.971
MRPL36,SWS2,0.956
MRPL36,YML6,0.98
MRPL37,MRPL38,0.922
MRPL37,MRPL39,0.97
MRPL37,MRPL4,0.989
MRPL37,MRPL44,0.975
MRPL37,MRPL51,0.991
MRPL37,MRPL8,0.988
MRPL37,MRPL9,0.969
MRPL37,MRPS16,0.987
MRPL37,MRPS18,0.985
MRPL37,MRPS28,0.972
MRPL37,MRPS5,0.949
MRPL37,MRPS9,0.982
MRPL37,MRX14,0.982
MRPL37,RML2,0.959
MRPL37,RPL28,0.922
MRPL37,RPL3,0.904
MRPL37,RPS13,0.926
MRPL37,RPS2,0.911
MRPL37,RPS20,0.915
MRPL37,RPS5,0.923
MRPL37,RSM10,0.97
MRPL37,RSM18,0.989
MRPL37,RSM23,0.965
MRPL37,RSM24,0.987
MRPL37,RSM7,0.946
MRPL37,RTC6,0.987
MRPL37,YML6,0.968
MRPL38,MRPL39,0.995
MRPL38,MRPL4,0.988
MRPL38,MRPL40,0.979
MRPL38,MRPL49,0.976
MRPL38,MRPL50,0.906
MRPL38,MRPL51,0.984
MRPL38,MRPL6,0.993
MRPL38,MRPL7,0.984
MRPL38,MRPL8,0.998
MRPL38,MRPL9,0.998
MRPL38,MRPS16,0.997
MRPL38,MRPS17,0.997
MRPL38,MRPS18,0.984
MRPL38,MRPS28,0.994
MRPL38,MRPS35,0.927
MRPL38,MRPS5,0.982
MRPL38,MRPS8,0.986
MRPL38,MRPS9,0.997
MRPL38,MRX14,0.981
MRPL38,NAM9,0.97
MRPL38,PET123,0.931
MRPL38,RML2,0.995
MRPL38,RPL10,0.977
MRPL38,RPL25,0.979
MRPL38,RPL28,0.976
MRPL38,RPL29,0.972
MRPL38,RPL3,0.963
MRPL38,RPL32,0.974
MRPL38,RPL38,0.971
MRPL38,RPL39,0.974
MRPL38,RPL5,0.979
MRPL38,RPP0,0.976
MRPL38,RPS12,0.969
MRPL38,RPS13,0.973
MRPL38,RPS15,0.979
MRPL38,RPS2,0.976
MRPL38,RPS20,0.977
MRPL38,RPS21B,0.974
MRPL38,RPS3,0.979
MRPL38,RPS31,0.971
MRPL38,RSM10,0.986
MRPL38,RSM18,0.989
MRPL38,RSM19,0.975
MRPL38,RSM23,0.969
MRPL38,RSM24,0.978
MRPL38,RSM25,0.978
MRPL38,RSM26,0.961
MRPL38,RSM27,0.97
MRPL38,RSM7,0.983
MRPL38,RTC6,0.998
MRPL38,SRP54,0.935
MRPL38,SWS2,0.98
MRPL38,YML6,0.994
MRPL39,MRPL4,0.996
MRPL39,MRPL40,0.985
MRPL39,MRPL49,0.973
MRPL39,MRPL50,0.93
MRPL39,MRPL51,0.993
MRPL39,MRPL6,0.998
MRPL39,MRPL7,0.998
MRPL39,MRPL8,0.999
MRPL39,MRPL9,0.999
MRPL39,MRPS16,0.999
MRPL39,MRPS17,0.996
MRPL39,MRPS18,0.998
MRPL39,MRPS28,0.999
MRPL39,MRPS35,0.925
MRPL39,MRPS5,0.999
MRPL39,MRPS8,0.996
MRPL39,MRPS9,0.999
MRPL39,MRX14,0.997
MRPL39,NAM9,0.989
MRPL39,RML2,0.998
MRPL39,RPL10,0.905
MRPL39,RPL11A,0.973
MRPL39,RPL11B,0.973
MRPL39,RPL12A,0.979
MRPL39,RPL12B,0.978
MRPL39,RPL16A,0.979
MRPL39,RPL16B,0.979
MRPL39,RPL17A,0.978
MRPL39,RPL17B,0.977
MRPL39,RPL1A,0.978
MRPL39,RPL1B,0.977
MRPL39,RPL23A,0.961
MRPL39,RPL23B,0.961
MRPL39,RPL25,0.998
MRPL39,RPL26A,0.986
MRPL39,RPL26B,0.986
MRPL39,RPL28,0.98
MRPL39,RPL2A,0.974
MRPL39,RPL2B,0.974
MRPL39,RPL3,0.985
MRPL39,RPL35A,0.984
MRPL39,RPL35B,0.984
MRPL39,RPL5,0.998
MRPL39,RPL7A,0.98
MRPL39,RPL7B,0.978
MRPL39,RPL9A,0.974
MRPL39,RPL9B,0.974
MRPL39,RPP0,0.985
MRPL39,RPS0A,0.963
MRPL39,RPS0B,0.963
MRPL39,RPS11A,0.979
MRPL39,RPS11B,0.978
MRPL39,RPS13,0.987
MRPL39,RPS14A,0.979
MRPL39,RPS14B,0.979
MRPL39,RPS15,0.998
MRPL39,RPS16A,0.9
MRPL39,RPS16B,0.901
MRPL39,RPS18A,0.978
MRPL39,RPS18B,0.978
MRPL39,RPS2,0.985
MRPL39,RPS20,0.985
MRPL39,RPS22A,0.982
MRPL39,RPS22B,0.98
MRPL39,RPS23A,0.97
MRPL39,RPS23B,0.97
MRPL39,RPS29A,0.979
MRPL39,RPS29B,0.979
MRPL39,RPS3,0.998
MRPL39,RPS5,0.983
MRPL39,RPS9A,0.95
MRPL39,RPS9B,0.949
MRPL39,RSM10,0.999
MRPL39,RSM18,0.995
MRPL39,RSM19,0.993
MRPL39,RSM23,0.992
MRPL39,RSM24,0.995
MRPL39,RSM25,0.957
MRPL39,RSM26,0.946
MRPL39,RSM27,0.994
MRPL39,RSM7,0.998
MRPL39,RTC6,0.999
MRPL39,SRP54,0.943
MRPL39,SWS2,0.995
MRPL39,YML6,0.997
MRPL4,MRPL40,0.997
MRPL4,MRPL49,0.924
MRPL4,MRPL51,0.993
MRPL4,MRPL6,0.992
MRPL4,MRPL7,0.925
MRPL4,MRPL8,0.998
MRPL4,MRPL9,0.998
MRPL4,MRPS16,0.995
MRPL4,MRPS17,0.995
MRPL4,MRPS18,0.992
MRPL4,MRPS28,0.996
MRPL4,MRPS35,0.951
MRPL4,MRPS5,0.998
MRPL4,MRPS8,0.929
MRPL4,MRPS9,0.993
MRPL4,MRX14,0.993
MRPL4,MSS1,0.94
MRPL4,NAM9,0.92
MRPL4,RML2,0.995
MRPL4,RPL12A,0.913
MRPL4,RPL12B,0.914
MRPL4,RPL16A,0.92
MRPL4,RPL16B,0.919
MRPL4,RPL17A,0.929
MRPL4,RPL17B,0.929
MRPL4,RPL26A,0.943
MRPL4,RPL26B,0.923
MRPL4,RPL28,0.922
MRPL4,RPL2A,0.904
MRPL4,RPL2B,0.904
MRPL4,RPL3,0.925
MRPL4,RPS0A,0.915
MRPL4,RPS13,0.947
MRPL4,RPS2,0.953
MRPL4,RPS20,0.953
MRPL4,RPS5,0.922
MRPL4,RSM10,0.997
MRPL4,RSM18,0.996
MRPL4,RSM19,0.986
MRPL4,RSM23,0.993
MRPL4,RSM24,0.997
MRPL4,RSM25,0.974
MRPL4,RSM26,0.973
MRPL4,RSM27,0.993
MRPL4,RSM7,0.994
MRPL4,RTC6,0.994
MRPL4,SWS2,0.933
MRPL4,YML6,0.998
MRPL40,MRPL49,0.93
MRPL40,MRPL51,0.988
MRPL40,MRPL6,0.983
MRPL40,MRPL7,0.905
MRPL40,MRPL8,0.986
MRPL40,MRPL9,0.992
MRPL40,MRPS16,0.949
MRPL40,MRPS17,0.91
MRPL40,MRPS28,0.987
MRPL40,MRPS35,0.907
MRPL40,MRPS5,0.931
MRPL40,MRPS9,0.901
MRPL40,MRX14,0.979
MRPL40,RML2,0.985
MRPL40,RSM18,0.923
MRPL40,RSM24,0.936
MRPL40,RSM25,0.911
MRPL40,RSM26,0.924
MRPL40,RSM27,0.935
MRPL40,RSM7,0.903
MRPL40,RTC6,0.908
MRPL40,YML6,0.995
MRPL44,MRPL51,0.939
MRPL44,MRPL9,0.902
MRPL44,RSM19,0.92
MRPL49,MRPL51,0.937
MRPL49,MRPL6,0.946
MRPL49,MRPL7,0.983
MRPL49,MRPL8,0.984
MRPL49,MRPL9,0.944
MRPL49,MRPS16,0.943
MRPL49,MRPS18,0.936
MRPL49,MRPS28,0.973
MRPL49,MRPS35,0.962
MRPL49,MRPS5,0.946
MRPL49,MRPS8,0.978
MRPL49,MRPS9,0.936
MRPL49,MRX14,0.975
MRPL49,NAM9,0.952
MRPL49,RML2,0.969
MRPL49,RSM10,0.944
MRPL49,RSM18,0.941
MRPL49,RSM19,0.968
MRPL49,RSM23,0.936
MRPL49,RSM24,0.939
MRPL49,RSM25,0.933
MRPL49,RSM26,0.97
MRPL49,RSM27,0.943
MRPL49,RSM7,0.937
MRPL49,RTC6,0.94
MRPL49,SWS2,0.945
MRPL49,YML6,0.932
MRPL50,MRPL51,0.939
MRPL50,MRPS16,0.903
MRPL50,MRPS17,0.925
MRPL50,MRPS35,0.904
MRPL50,MRPS8,0.942
MRPL50,RTC6,0.927
MRPL51,MRPL6,0.993
MRPL51,MRPL7,0.943
MRPL51,MRPL8,0.995
MRPL51,MRPL9,0.992
MRPL51,MRPS16,0.998
MRPL51,MRPS17,0.996
MRPL51,MRPS18,0.994
MRPL51,MRPS28,0.995
MRPL51,MRPS35,0.962
MRPL51,MRPS5,0.993
MRPL51,MRPS8,0.972
MRPL51,MRPS9,0.995
MRPL51,MRX14,0.996
MRPL51,MSS1,0.94
MRPL51,NAM9,0.931
MRPL51,RML2,0.996
MRPL51,RPL12A,0.909
MRPL51,RPL12B,0.909
MRPL51,RPL16A,0.933
MRPL51,RPL16B,0.934
MRPL51,RPL17A,0.946
MRPL51,RPL17B,0.949
MRPL51,RPL23A,0.903
MRPL51,RPL23B,0.904
MRPL51,RPL26A,0.95
MRPL51,RPL26B,0.966
MRPL51,RPL28,0.916
MRPL51,RPL2A,0.909
MRPL51,RPL2B,0.909
MRPL51,RPL3,0.921
MRPL51,RPS0A,0.913
MRPL51,RPS0B,0.913
MRPL51,RPS13,0.935
MRPL51,RPS2,0.916
MRPL51,RPS20,0.956
MRPL51,RPS29A,0.901
MRPL51,RPS5,0.936
MRPL51,RSM10,0.997
MRPL51,RSM18,0.996
MRPL51,RSM19,0.988
MRPL51,RSM23,0.993
MRPL51,RSM24,0.993
MRPL51,RSM25,0.954
MRPL51,RSM26,0.979
MRPL51,RSM27,0.99
MRPL51,RSM7,0.997
MRPL51,RTC6,0.997
MRPL51,SWS2,0.952
MRPL51,YML6,0.997
MRPL6,MRPL7,0.999
MRPL6,MRPL8,0.999
MRPL6,MRPL9,0.999
MRPL6,MRPS16,0.998
MRPL6,MRPS17,0.998
MRPL6,MRPS18,0.997
MRPL6,MRPS28,0.998
MRPL6,MRPS35,0.945
MRPL6,MRPS5,0.994
MRPL6,MRPS8,0.985
MRPL6,MRPS9,0.999
MRPL6,MRX14,0.995
MRPL6,NAM9,0.97
MRPL6,RML2,0.998
MRPL6,RPL23A,0.953
MRPL6,RPL23B,0.953
MRPL6,RPL25,0.98
MRPL6,RPL29,0.971
MRPL6,RPL32,0.979
MRPL6,RPL38,0.97
MRPL6,RPL5,0.979
MRPL6,RPP0,0.935
MRPL6,RPS15,0.985
MRPL6,RPS18A,0.941
MRPL6,RPS18B,0.921
MRPL6,RPS20,0.918
MRPL6,RPS21B,0.975
MRPL6,RPS22A,0.915
MRPL6,RPS22B,0.917
MRPL6,RPS3,0.985
MRPL6,RPS5,0.969
MRPL6,RSM10,0.986
MRPL6,RSM18,0.994
MRPL6,RSM19,0.997
MRPL6,RSM23,0.992
MRPL6,RSM24,0.985
MRPL6,RSM25,0.939
MRPL6,RSM26,0.939
MRPL6,RSM27,0.989
MRPL6,RSM7,0.993
MRPL6,RTC6,0.998
MRPL6,SRP54,0.929
MRPL6,SWS2,0.989
MRPL6,YML6,0.997
MRPL7,MRPL8,0.999
MRPL7,MRPL9,0.999
MRPL7,MRPS16,0.997
MRPL7,MRPS17,0.998
MRPL7,MRPS18,0.998
MRPL7,MRPS28,0.998
MRPL7,MRPS35,0.957
MRPL7,MRPS5,0.988
MRPL7,MRPS8,0.978
MRPL7,MRPS9,0.998
MRPL7,MRX14,0.936
MRPL7,NAM9,0.982
MRPL7,RML2,0.997
MRPL7,RPL25,0.985
MRPL7,RPL26A,0.91
MRPL7,RPL29,0.975
MRPL7,RPL32,0.979
MRPL7,RPL38,0.977
MRPL7,RPL5,0.978
MRPL7,RPS10A,0.904
MRPL7,RPS15,0.985
MRPL7,RPS19A,0.925
MRPL7,RPS1A,0.945
MRPL7,RPS1B,0.901
MRPL7,RPS2,0.919
MRPL7,RPS20,0.94
MRPL7,RPS21B,0.971
MRPL7,RPS3,0.979
MRPL7,RPS5,0.937
MRPL7,RPS6B,0.918
MRPL7,RPS7A,0.906
MRPL7,RSM10,0.988
MRPL7,RSM18,0.996
MRPL7,RSM19,0.993
MRPL7,RSM23,0.968
MRPL7,RSM24,0.971
MRPL7,RSM25,0.944
MRPL7,RSM26,0.946
MRPL7,RSM27,0.94
MRPL7,RSM7,0.99
MRPL7,RTC6,0.997
MRPL7,SRP54,0.931
MRPL7,SWS2,0.987
MRPL7,YML6,0.997
MRPL8,MRPL9,0.999
MRPL8,MRPS16,0.999
MRPL8,MRPS17,0.998
MRPL8,MRPS18,0.999
MRPL8,MRPS28,0.999
MRPL8,MRPS35,0.978
MRPL8,MRPS5,0.999
MRPL8,MRPS8,0.996
MRPL8,MRPS9,0.999
MRPL8,MRX14,0.994
MRPL8,MSS1,0.94
MRPL8,NAM9,0.99
MRPL8,RML2,0.999
MRPL8,RPA190,0.941
MRPL8,RPB3,0.933
MRPL8,RPC40,0.932
MRPL8,RPL10,0.951
MRPL8,RPL11A,0.979
MRPL8,RPL11B,0.979
MRPL8,RPL12A,0.979
MRPL8,RPL12B,0.979
MRPL8,RPL16A,0.979
MRPL8,RPL16B,0.98
MRPL8,RPL17A,0.98
MRPL8,RPL17B,0.98
MRPL8,RPL1A,0.979
MRPL8,RPL1B,0.979
MRPL8,RPL23A,0.98
MRPL8,RPL23B,0.98
MRPL8,RPL25,0.998
MRPL8,RPL26A,0.989
MRPL8,RPL26B,0.989
MRPL8,RPL28,0.989
MRPL8,RPL2A,0.98
MRPL8,RPL2B,0.98
MRPL8,RPL3,0.988
MRPL8,RPL35A,0.989
MRPL8,RPL35B,0.989
MRPL8,RPL4A,0.916
MRPL8,RPL4B,0.917
MRPL8,RPL5,0.998
MRPL8,RPL7A,0.982
MRPL8,RPL7B,0.979
MRPL8,RPL9A,0.98
MRPL8,RPL9B,0.98
MRPL8,RPO31,0.941
MRPL8,RPP0,0.989
MRPL8,RPS0A,0.979
MRPL8,RPS0B,0.979
MRPL8,RPS11A,0.984
MRPL8,RPS11B,0.982
MRPL8,RPS13,0.986
MRPL8,RPS14A,0.979
MRPL8,RPS14B,0.979
MRPL8,RPS15,0.998
MRPL8,RPS16A,0.915
MRPL8,RPS16B,0.917
MRPL8,RPS18A,0.985
MRPL8,RPS18B,0.979
MRPL8,RPS2,0.989
MRPL8,RPS20,0.989
MRPL8,RPS22A,0.985
MRPL8,RPS22B,0.98
MRPL8,RPS23A,0.979
MRPL8,RPS23B,0.979
MRPL8,RPS29A,0.979
MRPL8,RPS29B,0.979
MRPL8,RPS3,0.998
MRPL8,RPS5,0.988
MRPL8,RPS9A,0.964
MRPL8,RPS9B,0.952
MRPL8,RSM10,0.998
MRPL8,RSM18,0.998
MRPL8,RSM19,0.992
MRPL8,RSM23,0.997
MRPL8,RSM24,0.998
MRPL8,RSM25,0.942
MRPL8,RSM26,0.978
MRPL8,RSM27,0.987
MRPL8,RSM7,0.999
MRPL8,RTC6,0.999
MRPL8,SEC61,0.915
MRPL8,SRP54,0.971
MRPL8,SSH1,0.912
MRPL8,SWS2,0.996
MRPL8,TIF11,0.947
MRPL8,YML6,0.999
MRPL9,MRPS16,0.999
MRPL9,MRPS17,0.999
MRPL9,MRPS18,0.998
MRPL9,MRPS28,0.999
MRPL9,MRPS35,0.94
MRPL9,MRPS5,0.999
MRPL9,MRPS8,0.985
MRPL9,MRPS9,0.999
MRPL9,MRX14,0.998
MRPL9,MSS1,0.941
MRPL9,NAM9,0.973
MRPL9,RML2,0.999
MRPL9,RPB3,0.914
MRPL9,RPC40,0.911
MRPL9,RPL13A,0.937
MRPL9,RPL13B,0.936
MRPL9,RPL15A,0.948
MRPL9,RPL15B,0.947
MRPL9,RPL18A,0.923
MRPL9,RPL18B,0.924
MRPL9,RPL19A,0.93
MRPL9,RPL19B,0.938
MRPL9,RPL20A,0.919
MRPL9,RPL20B,0.919
MRPL9,RPL21A,0.942
MRPL9,RPL21B,0.945
MRPL9,RPL23A,0.963
MRPL9,RPL23B,0.963
MRPL9,RPL24A,0.936
MRPL9,RPL24B,0.936
MRPL9,RPL25,0.988
MRPL9,RPL26A,0.964
MRPL9,RPL26B,0.951
MRPL9,RPL28,0.952
MRPL9,RPL29,0.958
MRPL9,RPL30,0.948
MRPL9,RPL31A,0.924
MRPL9,RPL31B,0.924
MRPL9,RPL32,0.986
MRPL9,RPL33A,0.914
MRPL9,RPL33B,0.912
MRPL9,RPL34A,0.95
MRPL9,RPL34B,0.95
MRPL9,RPL35A,0.952
MRPL9,RPL35B,0.951
MRPL9,RPL36A,0.904
MRPL9,RPL36B,0.904
MRPL9,RPL38,0.978
MRPL9,RPL43A,0.924
MRPL9,RPL43B,0.926
MRPL9,RPL5,0.987
MRPL9,RPP0,0.951
MRPL9,RPP1A,0.921
MRPL9,RPP1B,0.922
MRPL9,RPS0A,0.906
MRPL9,RPS10A,0.921
MRPL9,RPS13,0.948
MRPL9,RPS14A,0.91
MRPL9,RPS15,0.988
MRPL9,RPS17A,0.925
MRPL9,RPS17B,0.925
MRPL9,RPS18A,0.933
MRPL9,RPS18B,0.933
MRPL9,RPS19A,0.961
MRPL9,RPS19B,0.948
MRPL9,RPS1A,0.94
MRPL9,RPS1B,0.939
MRPL9,RPS2,0.964
MRPL9,RPS20,0.966
MRPL9,RPS21B,0.98
MRPL9,RPS22A,0.916
MRPL9,RPS22B,0.916
MRPL9,RPS24A,0.948
MRPL9,RPS24B,0.949
MRPL9,RPS25A,0.908
MRPL9,RPS25B,0.906
MRPL9,RPS26A,0.924
MRPL9,RPS26B,0.924
MRPL9,RPS27A,0.93
MRPL9,RPS28A,0.943
MRPL9,RPS28B,0.944
MRPL9,RPS3,0.991
MRPL9,RPS4A,0.95
MRPL9,RPS4B,0.95
MRPL9,RPS5,0.98
MRPL9,RPS6A,0.959
MRPL9,RPS6B,0.959
MRPL9,RPS7A,0.906
MRPL9,RPS7B,0.906
MRPL9,RPS8A,0.964
MRPL9,RPS8B,0.943
MRPL9,RSM10,0.999
MRPL9,RSM18,0.998
MRPL9,RSM19,0.991
MRPL9,RSM23,0.997
MRPL9,RSM24,0.998
MRPL9,RSM25,0.959
MRPL9,RSM26,0.974
MRPL9,RSM27,0.989
MRPL9,RSM7,0.998
MRPL9,RTC6,0.999
MRPL9,SEC61,0.947
MRPL9,SRP101,0.944
MRPL9,SRP54,0.951
MRPL9,SSH1,0.947
MRPL9,SWS2,0.987
MRPL9,YML6,0.999
MRPS16,MRPS17,0.999
MRPS16,MRPS18,0.999
MRPS16,MRPS28,0.999
MRPS16,MRPS35,0.998
MRPS16,MRPS5,0.999
MRPS16,MRPS8,0.999
MRPS16,MRPS9,0.999
MRPS16,MRX14,0.994
MRPS16,NAM9,0.999
MRPS16,PET123,0.998
MRPS16,PPE1,0.916
MRPS16,RML2,0.998
MRPS16,RPB3,0.984
MRPS16,RPC40,0.983
MRPS16,RPL10,0.948
MRPS16,RPL11A,0.978
MRPS16,RPL11B,0.978
MRPS16,RPL12A,0.978
MRPS16,RPL12B,0.978
MRPS16,RPL16A,0.979
MRPS16,RPL16B,0.979
MRPS16,RPL17A,0.978
MRPS16,RPL17B,0.978
MRPS16,RPL1A,0.978
MRPS16,RPL1B,0.978
MRPS16,RPL23A,0.978
MRPS16,RPL23B,0.978
MRPS16,RPL25,0.998
MRPS16,RPL26A,0.987
MRPS16,RPL26B,0.987
MRPS16,RPL28,0.988
MRPS16,RPL2A,0.978
MRPS16,RPL2B,0.978
MRPS16,RPL3,0.988
MRPS16,RPL35A,0.986
MRPS16,RPL35B,0.986
MRPS16,RPL4A,0.911
MRPS16,RPL4B,0.911
MRPS16,RPL5,0.998
MRPS16,RPL7A,0.977
MRPS16,RPL7B,0.977
MRPS16,RPL9A,0.978
MRPS16,RPL9B,0.978
MRPS16,RPO26,0.913
MRPS16,RPP0,0.986
MRPS16,RPS0A,0.978
MRPS16,RPS0B,0.979
MRPS16,RPS11A,0.976
MRPS16,RPS11B,0.977
MRPS16,RPS13,0.988
MRPS16,RPS14A,0.978
MRPS16,RPS14B,0.978
MRPS16,RPS15,0.998
MRPS16,RPS16A,0.913
MRPS16,RPS16B,0.912
MRPS16,RPS18A,0.978
MRPS16,RPS18B,0.978
MRPS16,RPS2,0.985
MRPS16,RPS20,0.987
MRPS16,RPS22A,0.981
MRPS16,RPS22B,0.976
MRPS16,RPS23A,0.981
MRPS16,RPS23B,0.978
MRPS16,RPS29A,0.978
MRPS16,RPS29B,0.979
MRPS16,RPS3,0.998
MRPS16,RPS5,0.988
MRPS16,RPS9A,0.948
MRPS16,RPS9B,0.949
MRPS16,RSM10,0.999
MRPS16,RSM18,0.999
MRPS16,RSM19,0.999
MRPS16,RSM22,0.998
MRPS16,RSM23,0.999
MRPS16,RSM24,0.999
MRPS16,RSM25,0.998
MRPS16,RSM26,0.998
MRPS16,RSM27,0.999
MRPS16,RSM7,0.999
MRPS16,RTC6,0.999
MRPS16,SWS2,0.999
MRPS16,TIF11,0.914
MRPS16,VAR1,0.981
MRPS16,YML6,0.997
MRPS17,MRPS18,0.999
MRPS17,MRPS28,0.999
MRPS17,MRPS35,0.993
MRPS17,MRPS5,0.999
MRPS17,MRPS8,0.999
MRPS17,MRPS9,0.999
MRPS17,MRX14,0.939
MRPS17,NAM9,0.999
MRPS17,PET123,0.998
MRPS17,PPE1,0.914
MRPS17,RML2,0.997
MRPS17,RPL23A,0.951
MRPS17,RPL23B,0.951
MRPS17,RPL25,0.979
MRPS17,RPL26A,0.91
MRPS17,RPL29,0.972
MRPS17,RPL32,0.979
MRPS17,RPL38,0.975
MRPS17,RPL5,0.979
MRPS17,RPS10A,0.907
MRPS17,RPS13,0.904
MRPS17,RPS15,0.979
MRPS17,RPS18A,0.932
MRPS17,RPS18B,0.909
MRPS17,RPS1B,0.905
MRPS17,RPS2,0.914
MRPS17,RPS20,0.937
MRPS17,RPS21B,0.975
MRPS17,RPS22A,0.91
MRPS17,RPS22B,0.909
MRPS17,RPS27A,0.915
MRPS17,RPS3,0.984
MRPS17,RPS5,0.966
MRPS17,RPS8A,0.904
MRPS17,RSM10,0.999
MRPS17,RSM18,0.999
MRPS17,RSM19,0.999
MRPS17,RSM22,0.996
MRPS17,RSM23,0.999
MRPS17,RSM24,0.999
MRPS17,RSM25,0.999
MRPS17,RSM26,0.999
MRPS17,RSM27,0.999
MRPS17,RSM7,0.999
MRPS17,RTC6,0.998
MRPS17,SWS2,0.998
MRPS17,TIF11,0.978
MRPS17,VAR1,0.986
MRPS17,YML6,0.998
MRPS18,MRPS28,0.999
MRPS18,MRPS35,0.994
MRPS18,MRPS5,0.999
MRPS18,MRPS8,0.999
MRPS18,MRPS9,0.999
MRPS18,MRX14,0.993
MRPS18,NAM9,0.999
MRPS18,PET123,0.997
MRPS18,PPE1,0.9
MRPS18,RML2,0.998
MRPS18,RPL23A,0.91
MRPS18,RPL23B,0.911
MRPS18,RPL25,0.992
MRPS18,RPL26A,0.91
MRPS18,RPL29,0.973
MRPS18,RPL32,0.978
MRPS18,RPL38,0.976
MRPS18,RPL5,0.979
MRPS18,RPS10A,0.9
MRPS18,RPS13,0.905
MRPS18,RPS15,0.984
MRPS18,RPS18A,0.904
MRPS18,RPS19A,0.902
MRPS18,RPS2,0.938
MRPS18,RPS20,0.94
MRPS18,RPS21B,0.974
MRPS18,RPS22A,0.912
MRPS18,RPS3,0.984
MRPS18,RPS5,0.976
MRPS18,RPS9A,0.912
MRPS18,RSM10,0.999
MRPS18,RSM18,0.999
MRPS18,RSM19,0.999
MRPS18,RSM22,0.997
MRPS18,RSM23,0.999
MRPS18,RSM24,0.999
MRPS18,RSM25,0.997
MRPS18,RSM26,0.996
MRPS18,RSM27,0.997
MRPS18,RSM7,0.999
MRPS18,RTC6,0.998
MRPS18,SWS2,0.997
MRPS18,TIF11,0.98
MRPS18,VAR1,0.989
MRPS18,YML6,0.997
MRPS28,MRPS35,0.997
MRPS28,MRPS5,0.999
MRPS28,MRPS8,0.999
MRPS28,MRPS9,0.999
MRPS28,MRX14,0.997
MRPS28,NAM9,0.999
MRPS28,NIP1,0.908
MRPS28,PET123,0.998
MRPS28,PPE1,0.902
MRPS28,RML2,0.998
MRPS28,RPB3,0.942
MRPS28,RPC40,0.94
MRPS28,RPG1,0.908
MRPS28,RPL13A,0.917
MRPS28,RPL13B,0.917
MRPS28,RPL15A,0.948
MRPS28,RPL15B,0.948
MRPS28,RPL18A,0.94
MRPS28,RPL18B,0.94
MRPS28,RPL19A,0.95
MRPS28,RPL19B,0.949
MRPS28,RPL20A,0.938
MRPS28,RPL20B,0.939
MRPS28,RPL21A,0.947
MRPS28,RPL21B,0.947
MRPS28,RPL23A,0.951
MRPS28,RPL23B,0.951
MRPS28,RPL24A,0.935
MRPS28,RPL24B,0.944
MRPS28,RPL25,0.987
MRPS28,RPL26A,0.947
MRPS28,RPL26B,0.947
MRPS28,RPL28,0.947
MRPS28,RPL29,0.979
MRPS28,RPL3,0.947
MRPS28,RPL30,0.937
MRPS28,RPL31A,0.946
MRPS28,RPL31B,0.937
MRPS28,RPL32,0.983
MRPS28,RPL33A,0.939
MRPS28,RPL33B,0.939
MRPS28,RPL34A,0.934
MRPS28,RPL34B,0.934
MRPS28,RPL35A,0.948
MRPS28,RPL35B,0.948
MRPS28,RPL36A,0.934
MRPS28,RPL36B,0.935
MRPS28,RPL37A,0.904
MRPS28,RPL37B,0.904
MRPS28,RPL38,0.98
MRPS28,RPL43A,0.948
MRPS28,RPL43B,0.945
MRPS28,RPL5,0.986
MRPS28,RPP0,0.948
MRPS28,RPP1A,0.937
MRPS28,RPP1B,0.924
MRPS28,RPS10A,0.921
MRPS28,RPS10B,0.921
MRPS28,RPS15,0.987
MRPS28,RPS17A,0.947
MRPS28,RPS17B,0.947
MRPS28,RPS18A,0.917
MRPS28,RPS18B,0.912
MRPS28,RPS19A,0.956
MRPS28,RPS19B,0.956
MRPS28,RPS1A,0.947
MRPS28,RPS1B,0.947
MRPS28,RPS2,0.946
MRPS28,RPS20,0.947
MRPS28,RPS21B,0.977
MRPS28,RPS22A,0.906
MRPS28,RPS22B,0.907
MRPS28,RPS24A,0.946
MRPS28,RPS24B,0.945
MRPS28,RPS25A,0.936
MRPS28,RPS25B,0.936
MRPS28,RPS26A,0.94
MRPS28,RPS26B,0.94
MRPS28,RPS27A,0.933
MRPS28,RPS27B,0.933
MRPS28,RPS28A,0.935
MRPS28,RPS28B,0.937
MRPS28,RPS3,0.987
MRPS28,RPS30A,0.926
MRPS28,RPS30B,0.913
MRPS28,RPS4A,0.934
MRPS28,RPS4B,0.933
MRPS28,RPS5,0.979
MRPS28,RPS6A,0.949
MRPS28,RPS6B,0.949
MRPS28,RPS7A,0.948
MRPS28,RPS7B,0.939
MRPS28,RPS8A,0.941
MRPS28,RPS8B,0.941
MRPS28,RSM10,0.999
MRPS28,RSM18,0.999
MRPS28,RSM19,0.999
MRPS28,RSM22,0.999
MRPS28,RSM23,0.999
MRPS28,RSM24,0.999
MRPS28,RSM25,0.998
MRPS28,RSM26,0.998
MRPS28,RSM27,0.999
MRPS28,RSM7,0.999
MRPS28,RTC6,0.998
MRPS28,SRP54,0.942
MRPS28,SUI2,0.943
MRPS28,SWS2,0.998
MRPS28,TIF11,0.97
MRPS28,VAR1,0.983
MRPS28,YML6,0.998
MRPS35,MRPS5,0.999
MRPS35,MRPS8,0.998
MRPS35,MRPS9,0.993
MRPS35,MRX14,0.928
MRPS35,NAM9,0.999
MRPS35,PET123,0.996
MRPS35,PPE1,0.905
MRPS35,RML2,0.956
MRPS35,RSM10,0.994
MRPS35,RSM18,0.997
MRPS35,RSM19,0.995
MRPS35,RSM22,0.994
MRPS35,RSM23,0.999
MRPS35,RSM24,0.999
MRPS35,RSM25,0.999
MRPS35,RSM26,0.996
MRPS35,RSM27,0.995
MRPS35,RSM7,0.997
MRPS35,RTC6,0.926
MRPS35,SWS2,0.992
MRPS35,VAR1,0.988
MRPS35,YML6,0.93
MRPS5,MRPS8,0.999
MRPS5,MRPS9,0.999
MRPS5,MRX14,0.994
MRPS5,NAM9,0.999
MRPS5,NIP1,0.909
MRPS5,PET123,0.998
MRPS5,PPE1,0.9
MRPS5,RML2,0.998
MRPS5,RPA190,0.91
MRPS5,RPB3,0.942
MRPS5,RPC40,0.941
MRPS5,RPG1,0.926
MRPS5,RPL13A,0.931
MRPS5,RPL13B,0.931
MRPS5,RPL15A,0.941
MRPS5,RPL15B,0.941
MRPS5,RPL18A,0.944
MRPS5,RPL18B,0.944
MRPS5,RPL19A,0.948
MRPS5,RPL19B,0.95
MRPS5,RPL20A,0.93
MRPS5,RPL20B,0.929
MRPS5,RPL21A,0.935
MRPS5,RPL21B,0.935
MRPS5,RPL24A,0.933
MRPS5,RPL24B,0.932
MRPS5,RPL25,0.991
MRPS5,RPL26A,0.964
MRPS5,RPL26B,0.951
MRPS5,RPL28,0.951
MRPS5,RPL29,0.969
MRPS5,RPL3,0.951
MRPS5,RPL30,0.92
MRPS5,RPL31A,0.944
MRPS5,RPL31B,0.924
MRPS5,RPL32,0.985
MRPS5,RPL33A,0.917
MRPS5,RPL33B,0.917
MRPS5,RPL34A,0.913
MRPS5,RPL34B,0.913
MRPS5,RPL35A,0.952
MRPS5,RPL35B,0.951
MRPS5,RPL36A,0.915
MRPS5,RPL36B,0.913
MRPS5,RPL38,0.968
MRPS5,RPL43A,0.923
MRPS5,RPL43B,0.924
MRPS5,RPL5,0.987
MRPS5,RPO31,0.91
MRPS5,RPP0,0.951
MRPS5,RPP1A,0.933
MRPS5,RPP1B,0.931
MRPS5,RPP2B,0.901
MRPS5,RPS0A,0.905
MRPS5,RPS10A,0.94
MRPS5,RPS10B,0.919
MRPS5,RPS13,0.96
MRPS5,RPS14A,0.91
MRPS5,RPS15,0.991
MRPS5,RPS17A,0.958
MRPS5,RPS17B,0.924
MRPS5,RPS18A,0.912
MRPS5,RPS19A,0.959
MRPS5,RPS19B,0.945
MRPS5,RPS1A,0.959
MRPS5,RPS1B,0.949
MRPS5,RPS20,0.963
MRPS5,RPS21B,0.976
MRPS5,RPS22A,0.921
MRPS5,RPS24A,0.933
MRPS5,RPS24B,0.933
MRPS5,RPS25A,0.916
MRPS5,RPS25B,0.915
MRPS5,RPS26A,0.926
MRPS5,RPS26B,0.927
MRPS5,RPS27A,0.93
MRPS5,RPS27B,0.906
MRPS5,RPS28A,0.934
MRPS5,RPS28B,0.934
MRPS5,RPS3,0.987
MRPS5,RPS30A,0.907
MRPS5,RPS30B,0.904
MRPS5,RPS4A,0.945
MRPS5,RPS4B,0.944
MRPS5,RPS5,0.98
MRPS5,RPS6A,0.929
MRPS5,RPS6B,0.949
MRPS5,RPS7A,0.931
MRPS5,RPS7B,0.929
MRPS5,RPS8A,0.959
MRPS5,RPS8B,0.944
MRPS5,RSM10,0.999
MRPS5,RSM18,0.999
MRPS5,RSM19,0.999
MRPS5,RSM22,0.999
MRPS5,RSM23,0.999
MRPS5,RSM24,0.999
MRPS5,RSM25,0.999
MRPS5,RSM26,0.999
MRPS5,RSM27,0.999
MRPS5,RSM7,0.999
MRPS5,RTC6,0.999
MRPS5,SEC61,0.928
MRPS5,SRP54,0.957
MRPS5,SSH1,0.928
MRPS5,SUI2,0.957
MRPS5,SWS2,0.998
MRPS5,TEF4,0.911
MRPS5,TIF11,0.985
MRPS5,VAR1,0.997
MRPS5,YML6,0.997
MRPS8,MRPS9,0.999
MRPS8,MRX14,0.969
MRPS8,NAM9,0.998
MRPS8,PET123,0.994
MRPS8,PPE1,0.931
MRPS8,RML2,0.982
MRPS8,RPL10,0.952
MRPS8,RPL25,0.98
MRPS8,RPL28,0.973
MRPS8,RPL29,0.976
MRPS8,RPL3,0.963
MRPS8,RPL32,0.979
MRPS8,RPL38,0.973
MRPS8,RPL39,0.968
MRPS8,RPL5,0.979
MRPS8,RPP0,0.96
MRPS8,RPS12,0.95
MRPS8,RPS13,0.954
MRPS8,RPS15,0.979
MRPS8,RPS2,0.958
MRPS8,RPS20,0.969
MRPS8,RPS21B,0.975
MRPS8,RPS29A,0.903
MRPS8,RPS3,0.985
MRPS8,RPS31,0.947
MRPS8,RPS8A,0.902
MRPS8,RSM10,0.998
MRPS8,RSM18,0.998
MRPS8,RSM19,0.998
MRPS8,RSM22,0.987
MRPS8,RSM23,0.995
MRPS8,RSM24,0.995
MRPS8,RSM25,0.997
MRPS8,RSM26,0.997
MRPS8,RSM27,0.997
MRPS8,RSM7,0.998
MRPS8,RTC6,0.996
MRPS8,SWS2,0.997
MRPS8,TIF11,0.981
MRPS8,VAR1,0.979
MRPS8,YML6,0.976
MRPS9,MRX14,0.996
MRPS9,NAM9,0.999
MRPS9,PET123,0.992
MRPS9,PPE1,0.901
MRPS9,RML2,0.998
MRPS9,RPB3,0.985
MRPS9,RPC40,0.985
MRPS9,RPL10,0.952
MRPS9,RPL11A,0.979
MRPS9,RPL11B,0.979
MRPS9,RPL12A,0.978
MRPS9,RPL12B,0.978
MRPS9,RPL16A,0.979
MRPS9,RPL16B,0.98
MRPS9,RPL17A,0.979
MRPS9,RPL17B,0.979
MRPS9,RPL1A,0.978
MRPS9,RPL1B,0.978
MRPS9,RPL23A,0.979
MRPS9,RPL23B,0.979
MRPS9,RPL25,0.998
MRPS9,RPL26A,0.988
MRPS9,RPL26B,0.988
MRPS9,RPL28,0.988
MRPS9,RPL2A,0.979
MRPS9,RPL2B,0.979
MRPS9,RPL3,0.989
MRPS9,RPL35A,0.987
MRPS9,RPL35B,0.987
MRPS9,RPL4A,0.917
MRPS9,RPL4B,0.918
MRPS9,RPL5,0.998
MRPS9,RPL7A,0.971
MRPS9,RPL7B,0.972
MRPS9,RPL9A,0.979
MRPS9,RPL9B,0.979
MRPS9,RPP0,0.988
MRPS9,RPS0A,0.976
MRPS9,RPS0B,0.976
MRPS9,RPS11A,0.979
MRPS9,RPS11B,0.979
MRPS9,RPS13,0.988
MRPS9,RPS14A,0.978
MRPS9,RPS14B,0.978
MRPS9,RPS15,0.998
MRPS9,RPS16A,0.917
MRPS9,RPS16B,0.917
MRPS9,RPS18A,0.979
MRPS9,RPS18B,0.979
MRPS9,RPS2,0.989
MRPS9,RPS20,0.99
MRPS9,RPS22A,0.979
MRPS9,RPS22B,0.979
MRPS9,RPS23A,0.979
MRPS9,RPS23B,0.979
MRPS9,RPS29A,0.978
MRPS9,RPS29B,0.979
MRPS9,RPS3,0.998
MRPS9,RPS5,0.989
MRPS9,RPS9A,0.951
MRPS9,RPS9B,0.951
MRPS9,RSM10,0.999
MRPS9,RSM18,0.999
MRPS9,RSM19,0.999
MRPS9,RSM22,0.997
MRPS9,RSM23,0.999
MRPS9,RSM24,0.999
MRPS9,RSM25,0.999
MRPS9,RSM26,0.996
MRPS9,RSM27,0.999
MRPS9,RSM7,0.999
MRPS9,RTC6,0.998
MRPS9,SWS2,0.999
MRPS9,TIF11,0.927
MRPS9,VAR1,0.987
MRPS9,YML6,0.998
MRX14,NAM9,0.923
MRX14,RML2,0.994
MRX14,RPL16A,0.909
MRX14,RPL16B,0.91
MRX14,RPL17A,0.903
MRX14,RPL17B,0.905
MRX14,RPL28,0.915
MRX14,RPL3,0.911
MRX14,RPS13,0.926
MRX14,RPS2,0.917
MRX14,RPS20,0.921
MRX14,RPS5,0.914
MRX14,RSM10,0.993
MRX14,RSM18,0.995
MRX14,RSM19,0.955
MRX14,RSM23,0.99
MRX14,RSM24,0.992
MRX14,RSM25,0.935
MRX14,RSM26,0.938
MRX14,RSM27,0.967
MRX14,RSM7,0.994
MRX14,RTC6,0.997
MRX14,SWS2,0.943
MRX14,YML6,0.993
MSH2,MSH3,0.999
MSH2,MSH6,0.999
MSH2,PMS1,0.999
MSH2,POL2,0.981
MSH2,POL3,0.99
MSH2,RAD1,0.992
MSH2,RAD10,0.99
MSH2,RAD14,0.958
MSH2,RAD2,0.955
MSH2,RAD3,0.911
MSH2,SGS1,0.956
MSH3,MSH6,0.999
MSH3,PMS1,0.999
MSH3,RAD1,0.977
MSH3,RAD10,0.978
MSH6,PMS1,0.999
MSH6,POL1,0.951
MSH6,POL2,0.984
MSH6,POL3,0.99
MSH6,RAD1,0.931
MSH6,RAD10,0.94
MSH6,RAD14,0.907
MSH6,RAD16,0.948
MSH6,RAD2,0.929
MSH6,RFA1,0.974
MSH6,RFA2,0.928
MSH6,SGS1,0.977
MSI1,RLF2,0.999
MSL1,MUD1,0.988
MSL1,MUD2,0.918
MSL1,NAM8,0.985
MSL1,PRP11,0.999
MSL1,PRP19,0.999
MSL1,PRP21,0.998
MSL1,PRP3,0.923
MSL1,PRP31,0.965
MSL1,PRP39,0.983
MSL1,PRP4,0.934
MSL1,PRP40,0.984
MSL1,PRP42,0.983
MSL1,PRP43,0.956
MSL1,PRP6,0.995
MSL1,PRP8,0.987
MSL1,PRP9,0.999
MSL1,RDS3,0.993
MSL1,RSE1,0.998
MSL1,SMB1,0.999
MSL1,SMD1,0.999
MSL1,SMD2,0.999
MSL1,SMD3,0.998
MSL1,SME1,0.999
MSL1,SMX2,0.999
MSL1,SMX3,0.999
MSL1,SNP1,0.999
MSL1,SNT309,0.998
MSL1,SNU114,0.995
MSL1,SNU13,0.947
MSL1,SNU56,0.979
MSL1,SNU66,0.999
MSL1,SNU71,0.99
MSL1,SPP381,0.954
MSL1,SYF1,0.999
MSL1,SYF2,0.989
MSL1,YHC1,0.999
MSL1,YSF3,0.989
MSL5,MUD1,0.969
MSL5,MUD2,0.999
MSL5,NAM8,0.999
MSL5,PRP11,0.998
MSL5,PRP21,0.998
MSL5,PRP39,0.988
MSL5,PRP40,0.999
MSL5,PRP42,0.98
MSL5,PRP9,0.997
MSL5,SMD3,0.929
MSL5,SNP1,0.99
MSL5,SNU56,0.999
MSL5,SNU71,0.952
MSL5,STO1,0.914
MSL5,YHC1,0.994
MSS1,MTO1,0.981
MSS1,RPL28,0.912
MSS51,PET309,0.947
MST27,MST28,0.997
MTR2,NUP159,0.903
MTR2,NUP84,0.909
MTR2,SAC3,0.918
MTR2,YRA1,0.945
MTR3,MTR4,0.998
MTR3,NAN1,0.933
MTR3,NOC4,0.948
MTR3,NOP1,0.915
MTR3,NOP14,0.923
MTR3,NOP56,0.91
MTR3,NOP58,0.908
MTR3,PWP2,0.92
MTR3,RRP4,0.999
MTR3,RRP40,0.999
MTR3,RRP42,0.999
MTR3,RRP43,0.999
MTR3,RRP45,0.999
MTR3,RRP46,0.999
MTR3,RRP6,0.999
MTR3,RRP7,0.908
MTR3,SKI2,0.938
MTR3,SKI6,0.999
MTR3,SNU13,0.903
MTR3,SUV3,0.9
MTR3,UTP10,0.919
MTR3,UTP13,0.936
MTR3,UTP15,0.931
MTR3,UTP18,0.912
MTR3,UTP21,0.91
MTR3,UTP4,0.92
MTR3,UTP6,0.937
MTR4,NAN1,0.981
MTR4,NOC4,0.973
MTR4,NOP1,0.965
MTR4,NOP14,0.965
MTR4,NOP56,0.969
MTR4,NOP58,0.98
MTR4,PAP1,0.994
MTR4,PAP2,0.999
MTR4,PRP43,0.969
MTR4,PWP2,0.987
MTR4,RAT1,0.942
MTR4,RPA135,0.916
MTR4,RPA190,0.913
MTR4,RPL25,0.903
MTR4,RPS19A,0.912
MTR4,RPS22A,0.902
MTR4,RPS27A,0.9
MTR4,RPS6B,0.944
MTR4,RPS7A,0.941
MTR4,RPS8A,0.904
MTR4,RRP4,0.999
MTR4,RRP40,0.999
MTR4,RRP42,0.999
MTR4,RRP43,0.999
MTR4,RRP45,0.999
MTR4,RRP46,0.999
MTR4,RRP6,0.999
MTR4,SKI3,0.938
MTR4,SKI6,0.999
MTR4,SNU13,0.946
MTR4,UTP10,0.979
MTR4,UTP13,0.984
MTR4,UTP15,0.954
MTR4,UTP18,0.998
MTR4,UTP21,0.986
MTR4,UTP22,0.96
MTR4,UTP4,0.986
MTR4,UTP6,0.969
MTR4,UTP8,0.96
MTR4,UTP9,0.929
MTW1,NNF1,0.999
MTW1,NSL1,0.999
MTW1,NUF2,0.917
MTW1,OKP1,0.937
MTW1,SPC24,0.968
MTW1,SPC25,0.936
MUD1,MUD2,0.999
MUD1,NAF1,0.994
MUD1,NAM8,0.999
MUD1,NOP1,0.994
MUD1,PBP1,0.996
MUD1,PRP11,0.989
MUD1,PRP19,0.995
MUD1,PRP21,0.983
MUD1,PRP28,0.948
MUD1,PRP31,0.994
MUD1,PRP39,0.999
MUD1,PRP40,0.999
MUD1,PRP42,0.999
MUD1,PRP6,0.994
MUD1,PRP8,0.996
MUD1,PRP9,0.999
MUD1,RSE1,0.999
MUD1,SMB1,0.998
MUD1,SMD1,0.999
MUD1,SMD2,0.999
MUD1,SMD3,0.999
MUD1,SME1,0.999
MUD1,SMX2,0.999
MUD1,SMX3,0.999
MUD1,SNP1,0.999
MUD1,SNU114,0.995
MUD1,SNU56,0.999
MUD1,SNU66,0.995
MUD1,SNU71,0.999
MUD1,STO1,0.999
MUD1,SWI3,0.994
MUD1,SYF1,0.93
MUD1,SYF2,0.944
MUD1,TIF4631,0.995
MUD1,UBP3,0.994
MUD1,YHC1,0.999
MUD1,YRA1,0.995
MUD2,NAM8,0.999
MUD2,PRP11,0.98
MUD2,PRP21,0.909
MUD2,PRP28,0.932
MUD2,PRP39,0.989
MUD2,PRP40,0.999
MUD2,PRP42,0.986
MUD2,RDS3,0.992
MUD2,RSE1,0.995
MUD2,SMD2,0.999
MUD2,SMD3,0.964
MUD2,SME1,0.999
MUD2,SMX2,0.998
MUD2,SMX3,0.997
MUD2,SNP1,0.998
MUD2,SNU56,0.989
MUD2,SNU66,0.904
MUD2,SNU71,0.999
MUD2,STO1,0.93
MUD2,SUB2,0.984
MUD2,YHC1,0.997
MUD2,YSF3,0.991
MUS81,POL32,0.953
MUS81,RAD1,0.969
MUS81,RAD10,0.988
MUS81,RAD2,0.917
MUS81,RAD53,0.954
MUS81,RAD55,0.917
MUS81,RAD57,0.95
MUS81,RMI1,0.997
MUS81,SGS1,0.999
MUS81,SLX1,0.997
MUS81,SLX4,0.962
MUS81,SMC6,0.96
MUS81,SPO11,0.972
MUS81,TOP3,0.997
MVB12,SNF7,0.975
MVB12,SNF8,0.986
MVB12,SRN2,0.999
MVB12,STP22,0.999
MVB12,VPS20,0.988
MVB12,VPS24,0.982
MVB12,VPS25,0.992
MVB12,VPS27,0.97
MVB12,VPS28,0.999
MVB12,VPS36,0.996
NAF1,NAM8,0.994
NAF1,SHQ1,0.963
NAM7,NAM8,0.996
NAM7,NMD2,0.999
NAM7,STO1,0.958
NAM7,SUP35,0.999
NAM7,SUP45,0.986
NAM7,UPF3,0.999
NAM7,YRA1,0.974
NAM8,NOP1,0.994
NAM8,PBP1,0.995
NAM8,PRP11,0.999
NAM8,PRP21,0.999
NAM8,PRP28,0.957
NAM8,PRP39,0.999
NAM8,PRP40,0.999
NAM8,PRP42,0.999
NAM8,PRP8,0.996
NAM8,PRP9,0.999
NAM8,RDS3,0.978
NAM8,RSE1,0.999
NAM8,SMB1,0.999
NAM8,SMD1,0.999
NAM8,SMD2,0.999
NAM8,SMD3,0.999
NAM8,SME1,0.999
NAM8,SMX2,0.999
NAM8,SMX3,0.999
NAM8,SNP1,0.999
NAM8,SNU114,0.997
NAM8,SNU56,0.999
NAM8,SNU66,0.997
NAM8,SNU71,0.999
NAM8,STO1,0.999
NAM8,SWI3,0.994
NAM8,SYF1,0.933
NAM8,SYF2,0.935
NAM8,TIF4631,0.995
NAM8,UBP3,0.994
NAM8,YHC1,0.999
NAM8,YRA1,0.996
NAM9,PET123,0.996
NAM9,PPE1,0.903
NAM9,RML2,0.975
NAM9,RPL10,0.974
NAM9,RPL25,0.982
NAM9,RPL26A,0.905
NAM9,RPL28,0.976
NAM9,RPL29,0.974
NAM9,RPL3,0.971
NAM9,RPL32,0.971
NAM9,RPL38,0.967
NAM9,RPL39,0.967
NAM9,RPL5,0.978
NAM9,RPP0,0.975
NAM9,RPS0A,0.91
NAM9,RPS12,0.975
NAM9,RPS13,0.981
NAM9,RPS14A,0.904
NAM9,RPS15,0.983
NAM9,RPS19A,0.902
NAM9,RPS2,0.969
NAM9,RPS20,0.982
NAM9,RPS21B,0.968
NAM9,RPS3,0.984
NAM9,RPS31,0.97
NAM9,RPS7A,0.903
NAM9,RPS8A,0.901
NAM9,RSM10,0.999
NAM9,RSM18,0.998
NAM9,RSM19,0.996
NAM9,RSM22,0.995
NAM9,RSM23,0.998
NAM9,RSM24,0.999
NAM9,RSM25,0.995
NAM9,RSM26,0.998
NAM9,RSM27,0.994
NAM9,RSM7,0.998
NAM9,RTC6,0.989
NAM9,SWS2,0.996
NAM9,TIF11,0.961
NAM9,VAR1,0.992
NAM9,YML6,0.983
NAN1,NOC2,0.983
NAN1,NOC4,0.999
NAN1,NOP1,0.999
NAN1,NOP14,0.999
NAN1,NOP56,0.999
NAN1,NOP58,0.999
NAN1,POL5,0.96
NAN1,PRP43,0.954
NAN1,PWP2,0.999
NAN1,RPS11A,0.994
NAN1,RPS11B,0.994
NAN1,RPS12,0.949
NAN1,RPS13,0.996
NAN1,RPS14A,0.996
NAN1,RPS14B,0.996
NAN1,RPS16A,0.993
NAN1,RPS16B,0.994
NAN1,RPS18A,0.984
NAN1,RPS18B,0.98
NAN1,RPS19A,0.984
NAN1,RPS1A,0.995
NAN1,RPS1B,0.972
NAN1,RPS2,0.908
NAN1,RPS22A,0.962
NAN1,RPS22B,0.959
NAN1,RPS23A,0.981
NAN1,RPS23B,0.981
NAN1,RPS24A,0.979
NAN1,RPS24B,0.979
NAN1,RPS27A,0.967
NAN1,RPS27B,0.966
NAN1,RPS28A,0.978
NAN1,RPS28B,0.979
NAN1,RPS4A,0.988
NAN1,RPS4B,0.988
NAN1,RPS5,0.996
NAN1,RPS6A,0.997
NAN1,RPS6B,0.998
NAN1,RPS7A,0.998
NAN1,RPS7B,0.989
NAN1,RPS8A,0.995
NAN1,RPS8B,0.994
NAN1,RPS9A,0.998
NAN1,RPS9B,0.991
NAN1,RRP4,0.923
NAN1,RRP40,0.918
NAN1,RRP42,0.907
NAN1,RRP43,0.907
NAN1,RRP45,0.931
NAN1,RRP46,0.927
NAN1,RRP6,0.98
NAN1,RRP7,0.999
NAN1,SKI6,0.916
NAN1,SNU13,0.999
NAN1,UTP10,0.999
NAN1,UTP13,0.999
NAN1,UTP15,0.999
NAN1,UTP18,0.999
NAN1,UTP21,0.999
NAN1,UTP22,0.999
NAN1,UTP4,0.999
NAN1,UTP6,0.999
NAN1,UTP8,0.999
NAN1,UTP9,0.999
NAS6,RPN1,0.998
NAS6,RPN10,0.999
NAS6,RPN11,0.998
NAS6,RPN12,0.996
NAS6,RPN13,0.989
NAS6,RPN2,0.999
NAS6,RPN3,0.997
NAS6,RPN5,0.998
NAS6,RPN6,0.998
NAS6,RPN7,0.993
NAS6,RPN8,0.998
NAS6,RPN9,0.998
NAS6,RPT1,0.999
NAS6,RPT2,0.999
NAS6,RPT3,0.999
NAS6,RPT4,0.999
NAS6,RPT5,0.999
NAS6,RPT6,0.999
NAS6,SLD2,0.919
NAT1,NAT3,0.999
NAT1,NAT5,0.999
NAT3,NAT5,0.996
NAT5,NGG1,0.92
NAT5,SGF29,0.961
NBP1,SPC42,0.903
NCB2,SPT15,0.996
NDC80,NUF2,0.999
NDC80,SMC1,0.971
NDC80,SMC2,0.982
NDC80,SMC3,0.955
NDC80,SMC4,0.954
NDC80,SPC24,0.999
NDC80,SPC25,0.999
NDC80,SPC34,0.945
NDC80,TUB2,0.935
NEM1,SPO7,0.999
NET1,PPH21,0.954
NET1,SIR2,0.999
NET1,SIR3,0.958
NET1,SIR4,0.943
NET1,TPD3,0.953
NGG1,SGF11,0.998
NGG1,SGF29,0.999
NGG1,SGF73,0.999
NGG1,SPT15,0.981
NGG1,SPT20,0.998
NGG1,SPT3,0.999
NGG1,SPT7,0.999
NGG1,SPT8,0.999
NGG1,SUS1,0.999
NGG1,TAF10,0.999
NGG1,TAF12,0.999
NGG1,TAF5,0.999
NGG1,TAF6,0.999
NGG1,TAF9,0.999
NGG1,TRA1,0.999
NGG1,UBP8,0.999
NHP10,RVB1,0.998
NHP10,RVB2,0.998
NHP10,SWC3,0.902
NHP10,SWC4,0.927
NHP10,SWC5,0.913
NHP10,SWC7,0.928
NHP10,SWR1,0.96
NHP10,TAF14,0.994
NHP10,VPS71,0.96
NHP10,VPS72,0.954
NHP10,YAF9,0.943
NIC96,NSP1,0.999
NIC96,NUP120,0.972
NIC96,NUP145,0.997
NIC96,NUP159,0.998
NIC96,NUP170,0.999
NIC96,NUP49,0.999
NIC96,NUP53,0.999
NIC96,NUP57,0.999
NIC96,NUP82,0.999
NIC96,NUP84,0.999
NIC96,NUP85,0.999
NIC96,SEC13,0.997
NIC96,SEH1,0.998
NIP1,PRT1,0.999
NIP1,RPG1,0.999
NIP1,RPS0A,0.997
NIP1,RPS0B,0.983
NIP1,RPS10A,0.992
NIP1,RPS10B,0.947
NIP1,RPS11A,0.985
NIP1,RPS11B,0.986
NIP1,RPS12,0.994
NIP1,RPS13,0.998
NIP1,RPS14A,0.989
NIP1,RPS14B,0.985
NIP1,RPS15,0.995
NIP1,RPS16A,0.987
NIP1,RPS16B,0.987
NIP1,RPS17A,0.986
NIP1,RPS17B,0.981
NIP1,RPS18A,0.984
NIP1,RPS18B,0.98
NIP1,RPS19A,0.99
NIP1,RPS19B,0.938
NIP1,RPS1A,0.992
NIP1,RPS1B,0.99
NIP1,RPS2,0.996
NIP1,RPS20,0.997
NIP1,RPS21B,0.992
NIP1,RPS22A,0.984
NIP1,RPS23A,0.987
NIP1,RPS23B,0.987
NIP1,RPS24A,0.986
NIP1,RPS24B,0.986
NIP1,RPS25A,0.986
NIP1,RPS25B,0.937
NIP1,RPS26A,0.995
NIP1,RPS26B,0.988
NIP1,RPS27A,0.998
NIP1,RPS27B,0.998
NIP1,RPS28A,0.989
NIP1,RPS28B,0.987
NIP1,RPS29A,0.985
NIP1,RPS29B,0.983
NIP1,RPS3,0.998
NIP1,RPS30A,0.987
NIP1,RPS30B,0.983
NIP1,RPS31,0.99
NIP1,RPS4A,0.988
NIP1,RPS4B,0.986
NIP1,RPS5,0.993
NIP1,RPS6A,0.99
NIP1,RPS6B,0.992
NIP1,RPS7A,0.995
NIP1,RPS7B,0.965
NIP1,RPS8A,0.995
NIP1,RPS8B,0.985
NIP1,RPS9A,0.965
NIP1,RPS9B,0.944
NIP1,RSM10,0.911
NIP1,RSM7,0.921
NIP1,SUI1,0.999
NIP1,SUI2,0.999
NIP1,SUI3,0.999
NIP1,TIF1,0.954
NIP1,TIF11,0.999
NIP1,TIF34,0.999
NIP1,TIF35,0.999
NIP1,TIF4631,0.913
NIP1,TIF5,0.999
NIP100,PAC11,0.979
NMD2,STO1,0.918
NMD2,SUP35,0.981
NMD2,SUP45,0.929
NMD2,UPF3,0.999
NNF1,NSL1,0.999
NNF1,NUF2,0.949
NNF1,SPC25,0.908
NOC2,NOC3,0.999
NOC2,NOC4,0.977
NOC2,NOP1,0.99
NOC2,NOP14,0.994
NOC2,NOP56,0.983
NOC2,NOP58,0.994
NOC2,PRP43,0.982
NOC2,PWP2,0.997
NOC2,RIX1,0.901
NOC2,RPA190,0.904
NOC2,RPL13A,0.939
NOC2,RPL14A,0.939
NOC2,RPL15A,0.92
NOC2,RPL16A,0.926
NOC2,RPL17A,0.991
NOC2,RPL17B,0.936
NOC2,RPL18A,0.938
NOC2,RPL18B,0.952
NOC2,RPL19A,0.905
NOC2,RPL19B,0.929
NOC2,RPL20A,0.956
NOC2,RPL20B,0.941
NOC2,RPL23A,0.967
NOC2,RPL25,0.994
NOC2,RPL26A,0.931
NOC2,RPL27B,0.946
NOC2,RPL3,0.942
NOC2,RPL31A,0.915
NOC2,RPL32,0.933
NOC2,RPL33A,0.919
NOC2,RPL34A,0.991
NOC2,RPL35A,0.988
NOC2,RPL35B,0.988
NOC2,RPL36A,0.934
NOC2,RPL37A,0.985
NOC2,RPL37B,0.931
NOC2,RPL4A,0.921
NOC2,RPL6A,0.94
NOC2,RPL7A,0.95
NOC2,RPL8A,0.969
NOC2,RPL9A,0.906
NOC2,RPP0,0.965
NOC2,RRP7,0.972
NOC2,RSA3,0.966
NOC2,URB1,0.941
NOC2,UTP10,0.992
NOC2,UTP13,0.996
NOC2,UTP15,0.904
NOC2,UTP18,0.985
NOC2,UTP21,0.997
NOC2,UTP22,0.998
NOC2,UTP4,0.979
NOC2,UTP6,0.98
NOC2,UTP8,0.943
NOC2,UTP9,0.955
NOC3,NOC4,0.955
NOC3,NOP14,0.974
NOC3,NOP58,0.908
NOC3,ORC1,0.928
NOC3,ORC2,0.999
NOC3,ORC3,0.999
NOC3,ORC4,0.901
NOC3,ORC5,0.999
NOC3,ORC6,0.999
NOC3,RIX1,0.935
NOC3,RPL14A,0.926
NOC3,RPL16A,0.917
NOC3,RPL17A,0.992
NOC3,RPL17B,0.955
NOC3,RPL18A,0.934
NOC3,RPL18B,0.933
NOC3,RPL19A,0.904
NOC3,RPL19B,0.905
NOC3,RPL20A,0.91
NOC3,RPL20B,0.915
NOC3,RPL25,0.994
NOC3,RPL26A,0.947
NOC3,RPL27A,0.92
NOC3,RPL27B,0.953
NOC3,RPL3,0.928
NOC3,RPL31A,0.915
NOC3,RPL32,0.903
NOC3,RPL34A,0.995
NOC3,RPL35A,0.99
NOC3,RPL35B,0.99
NOC3,RPL37A,0.989
NOC3,RPL37B,0.947
NOC3,RPL4A,0.929
NOC3,RPL7A,0.934
NOC3,RPL8A,0.962
NOC3,RSA3,0.943
NOC4,NOP1,0.999
NOC4,NOP14,0.999
NOC4,NOP56,0.999
NOC4,NOP58,0.999
NOC4,PRP43,0.988
NOC4,PWP2,0.999
NOC4,RPL4A,0.997
NOC4,RPS11A,0.994
NOC4,RPS11B,0.996
NOC4,RPS12,0.963
NOC4,RPS13,0.999
NOC4,RPS14A,0.999
NOC4,RPS14B,0.998
NOC4,RPS16A,0.994
NOC4,RPS16B,0.994
NOC4,RPS17A,0.996
NOC4,RPS17B,0.996
NOC4,RPS18A,0.989
NOC4,RPS18B,0.98
NOC4,RPS19A,0.985
NOC4,RPS19B,0.907
NOC4,RPS1A,0.996
NOC4,RPS1B,0.977
NOC4,RPS2,0.936
NOC4,RPS22A,0.981
NOC4,RPS22B,0.96
NOC4,RPS23A,0.984
NOC4,RPS23B,0.979
NOC4,RPS24A,0.985
NOC4,RPS24B,0.98
NOC4,RPS26A,0.905
NOC4,RPS26B,0.904
NOC4,RPS27A,0.983
NOC4,RPS27B,0.967
NOC4,RPS28A,0.987
NOC4,RPS28B,0.981
NOC4,RPS4A,0.988
NOC4,RPS4B,0.999
NOC4,RPS5,0.998
NOC4,RPS6A,0.997
NOC4,RPS6B,0.998
NOC4,RPS7A,0.999
NOC4,RPS7B,0.99
NOC4,RPS8A,0.999
NOC4,RPS8B,0.993
NOC4,RPS9A,0.999
NOC4,RPS9B,0.991
NOC4,RRP4,0.931
NOC4,RRP40,0.93
NOC4,RRP42,0.941
NOC4,RRP43,0.926
NOC4,RRP45,0.932
NOC4,RRP46,0.921
NOC4,RRP6,0.986
NOC4,RRP7,0.999
NOC4,SKI6,0.933
NOC4,SNU13,0.999
NOC4,UTP10,0.999
NOC4,UTP13,0.999
NOC4,UTP15,0.999
NOC4,UTP18,0.999
NOC4,UTP21,0.999
NOC4,UTP22,0.999
NOC4,UTP4,0.999
NOC4,UTP6,0.999
NOC4,UTP8,0.999
NOC4,UTP9,0.999
NOP1,NOP14,0.999
NOP1,NOP56,0.999
NOP1,NOP58,0.999
NOP1,POP1,0.919
NOP1,POP3,0.916
NOP1,POP4,0.924
NOP1,POP5,0.913
NOP1,POP6,0.902
NOP1,POP7,0.9
NOP1,POP8,0.901
NOP1,PRP43,0.989
NOP1,PWP2,0.999
NOP1,RMP1,0.92
NOP1,RPA135,0.93
NOP1,RPA190,0.915
NOP1,RPL16A,0.946
NOP1,RPL16B,0.946
NOP1,RPL27A,0.945
NOP1,RPL27B,0.953
NOP1,RPL3,0.991
NOP1,RPP0,0.927
NOP1,RPP1,0.92
NOP1,RPS11A,0.996
NOP1,RPS11B,0.997
NOP1,RPS12,0.976
NOP1,RPS13,0.998
NOP1,RPS14A,0.998
NOP1,RPS14B,0.997
NOP1,RPS16A,0.998
NOP1,RPS16B,0.999
NOP1,RPS18A,0.988
NOP1,RPS18B,0.985
NOP1,RPS19A,0.992
NOP1,RPS19B,0.949
NOP1,RPS1A,0.996
NOP1,RPS1B,0.977
NOP1,RPS2,0.984
NOP1,RPS22A,0.98
NOP1,RPS22B,0.966
NOP1,RPS23A,0.99
NOP1,RPS23B,0.989
NOP1,RPS24A,0.985
NOP1,RPS24B,0.985
NOP1,RPS26B,0.902
NOP1,RPS27A,0.972
NOP1,RPS27B,0.962
NOP1,RPS28A,0.97
NOP1,RPS28B,0.971
NOP1,RPS3,0.947
NOP1,RPS31,0.909
NOP1,RPS4A,0.993
NOP1,RPS4B,0.993
NOP1,RPS5,0.998
NOP1,RPS6A,0.999
NOP1,RPS6B,0.999
NOP1,RPS7A,0.998
NOP1,RPS7B,0.992
NOP1,RPS8A,0.996
NOP1,RPS8B,0.995
NOP1,RPS9A,0.998
NOP1,RPS9B,0.992
NOP1,RRP42,0.901
NOP1,RRP6,0.975
NOP1,RRP7,0.999
NOP1,SKI6,0.902
NOP1,SNU13,0.999
NOP1,UTP10,0.999
NOP1,UTP13,0.999
NOP1,UTP15,0.999
NOP1,UTP18,0.999
NOP1,UTP21,0.999
NOP1,UTP22,0.999
NOP1,UTP4,0.999
NOP1,UTP6,0.999
NOP1,UTP8,0.999
NOP1,UTP9,0.999
NOP14,NOP56,0.998
NOP14,NOP58,0.999
NOP14,PRP43,0.935
NOP14,PWP2,0.999
NOP14,RPL4A,0.996
NOP14,RPS11A,0.974
NOP14,RPS11B,0.999
NOP14,RPS12,0.916
NOP14,RPS13,0.982
NOP14,RPS14A,0.992
NOP14,RPS14B,0.989
NOP14,RPS16A,0.977
NOP14,RPS16B,0.978
NOP14,RPS17A,0.994
NOP14,RPS17B,0.994
NOP14,RPS18A,0.999
NOP14,RPS19A,0.911
NOP14,RPS1A,0.999
NOP14,RPS2,0.929
NOP14,RPS23A,0.953
NOP14,RPS23B,0.952
NOP14,RPS24A,0.999
NOP14,RPS3,0.998
NOP14,RPS4A,0.965
NOP14,RPS4B,0.999
NOP14,RPS5,0.984
NOP14,RPS6A,0.99
NOP14,RPS6B,0.99
NOP14,RPS7A,0.999
NOP14,RPS7B,0.941
NOP14,RPS8A,0.969
NOP14,RPS8B,0.965
NOP14,RPS9A,0.989
NOP14,RPS9B,0.95
NOP14,RRP4,0.905
NOP14,RRP43,0.921
NOP14,RRP6,0.96
NOP14,RRP7,0.995
NOP14,SNU13,0.996
NOP14,UTP10,0.999
NOP14,UTP13,0.999
NOP14,UTP15,0.998
NOP14,UTP18,0.999
NOP14,UTP21,0.999
NOP14,UTP22,0.999
NOP14,UTP4,0.999
NOP14,UTP6,0.999
NOP14,UTP8,0.999
NOP14,UTP9,0.999
NOP56,NOP58,0.999
NOP56,POP1,0.917
NOP56,POP3,0.931
NOP56,POP4,0.9
NOP56,POP5,0.904
NOP56,POP6,0.903
NOP56,POP7,0.903
NOP56,POP8,0.916
NOP56,PRP43,0.985
NOP56,PWP2,0.999
NOP56,RMP1,0.908
NOP56,RPA190,0.925
NOP56,RPP1,0.919
NOP56,RPS11A,0.996
NOP56,RPS11B,0.996
NOP56,RPS12,0.977
NOP56,RPS13,0.998
NOP56,RPS14A,0.998
NOP56,RPS14B,0.997
NOP56,RPS16A,0.995
NOP56,RPS16B,0.996
NOP56,RPS18A,0.988
NOP56,RPS18B,0.986
NOP56,RPS19A,0.989
NOP56,RPS19B,0.931
NOP56,RPS1A,0.997
NOP56,RPS1B,0.982
NOP56,RPS2,0.957
NOP56,RPS22A,0.987
NOP56,RPS22B,0.976
NOP56,RPS23A,0.988
NOP56,RPS23B,0.986
NOP56,RPS24A,0.988
NOP56,RPS24B,0.988
NOP56,RPS27A,0.982
NOP56,RPS27B,0.974
NOP56,RPS28A,0.98
NOP56,RPS28B,0.981
NOP56,RPS3,0.931
NOP56,RPS31,0.942
NOP56,RPS4A,0.995
NOP56,RPS4B,0.995
NOP56,RPS5,0.998
NOP56,RPS6A,0.998
NOP56,RPS6B,0.999
NOP56,RPS7A,0.998
NOP56,RPS7B,0.993
NOP56,RPS8A,0.997
NOP56,RPS8B,0.996
NOP56,RPS9A,0.998
NOP56,RPS9B,0.993
NOP56,RRP4,0.917
NOP56,RRP43,0.924
NOP56,RRP45,0.946
NOP56,RRP46,0.924
NOP56,RRP6,0.982
NOP56,RRP7,0.998
NOP56,SKI6,0.909
NOP56,SNU13,0.999
NOP56,UTP10,0.999
NOP56,UTP13,0.999
NOP56,UTP15,0.999
NOP56,UTP18,0.999
NOP56,UTP21,0.999
NOP56,UTP22,0.999
NOP56,UTP4,0.999
NOP56,UTP6,0.999
NOP56,UTP8,0.997
NOP56,UTP9,0.999
NOP58,POP1,0.908
NOP58,POP3,0.917
NOP58,POP4,0.902
NOP58,POP5,0.904
NOP58,POP6,0.906
NOP58,POP7,0.9
NOP58,POP8,0.901
NOP58,PRP43,0.996
NOP58,PWP2,0.999
NOP58,RMP1,0.909
NOP58,RPA135,0.924
NOP58,RPA190,0.919
NOP58,RPA34,0.909
NOP58,RPA49,0.956
NOP58,RPL20A,0.995
NOP58,RPL30,0.996
NOP58,RPL4A,0.998
NOP58,RPL4B,0.998
NOP58,RPL5,0.997
NOP58,RPP0,0.91
NOP58,RPP1,0.94
NOP58,RPS11A,0.995
NOP58,RPS11B,0.995
NOP58,RPS12,0.98
NOP58,RPS13,0.999
NOP58,RPS14A,0.998
NOP58,RPS14B,0.997
NOP58,RPS16A,0.995
NOP58,RPS16B,0.995
NOP58,RPS17A,0.997
NOP58,RPS17B,0.997
NOP58,RPS18A,0.987
NOP58,RPS18B,0.984
NOP58,RPS19A,0.989
NOP58,RPS19B,0.93
NOP58,RPS1A,0.997
NOP58,RPS1B,0.982
NOP58,RPS2,0.951
NOP58,RPS22A,0.999
NOP58,RPS22B,0.988
NOP58,RPS23A,0.983
NOP58,RPS23B,0.983
NOP58,RPS24A,0.986
NOP58,RPS24B,0.986
NOP58,RPS27A,0.976
NOP58,RPS27B,0.969
NOP58,RPS28A,0.981
NOP58,RPS28B,0.999
NOP58,RPS3,0.916
NOP58,RPS31,0.937
NOP58,RPS4A,0.993
NOP58,RPS4B,0.998
NOP58,RPS5,0.997
NOP58,RPS6A,0.998
NOP58,RPS6B,0.999
NOP58,RPS7A,0.999
NOP58,RPS7B,0.992
NOP58,RPS8A,0.999
NOP58,RPS8B,0.994
NOP58,RPS9A,0.998
NOP58,RPS9B,0.999
NOP58,RRP4,0.91
NOP58,RRP40,0.903
NOP58,RRP43,0.938
NOP58,RRP45,0.913
NOP58,RRP46,0.916
NOP58,RRP6,0.973
NOP58,RRP7,0.998
NOP58,RVB1,0.991
NOP58,RVB2,0.993
NOP58,SHQ1,0.929
NOP58,SNU13,0.999
NOP58,UTP10,0.999
NOP58,UTP13,0.999
NOP58,UTP15,0.999
NOP58,UTP18,0.999
NOP58,UTP21,0.999
NOP58,UTP22,0.999
NOP58,UTP4,0.999
NOP58,UTP6,0.999
NOP58,UTP8,0.999
NOP58,UTP9,0.999
NOP8,RSA3,0.993
NOP8,URB1,0.997
NOP8,URB2,0.993
NOT3,NOT5,0.999
NOT3,POP2,0.999
NOT5,POP2,0.999
NOT5,RPO21,0.997
NOT5,RPS21A,0.909
NOT5,RPS25A,0.919
NOT5,RPS7A,0.938
NOT5,SKI6,0.994
NPL4,POL1,0.905
NPL4,POL12,0.9
NPL4,POL3,0.902
NPL4,POL31,0.901
NPL4,POL32,0.9
NPL4,PRI1,0.906
NPL4,PRI2,0.9
NPL4,RAD23,0.907
NPL4,RFA1,0.905
NPL4,RFA2,0.901
NPL4,RFA3,0.9
NPL4,RPL40A,0.965
NPL4,RPL40B,0.952
NPL4,RPS31,0.982
NPL4,SAM35,0.908
NPL4,SAM37,0.904
NPL4,SAM50,0.902
NPL4,TOM20,0.9
NPL4,TOM22,0.906
NPL4,TOM40,0.919
NPL4,TOM5,0.904
NPL4,TOM7,0.9
NPL4,TOM70,0.913
NPL4,TOP3,0.911
NPL4,UFD1,0.999
NPL4,USA1,0.979
NPL4,YOS9,0.968
NPL6,RSC1,0.999
NPL6,RSC2,0.999
NPL6,RSC3,0.999
NPL6,RSC30,0.999
NPL6,RSC4,0.999
NPL6,RSC58,0.999
NPL6,RSC6,0.999
NPL6,RSC8,0.999
NPL6,RSC9,0.999
NPL6,RTT102,0.999
NPL6,SFH1,0.998
NPL6,STH1,0.999
NSE1,NSE3,0.999
NSE1,NSE4,0.999
NSE1,NSE5,0.986
NSE1,SMC5,0.999
NSE1,SMC6,0.999
NSE3,NSE4,0.999
NSE3,NSE5,0.994
NSE3,SMC5,0.999
NSE3,SMC6,0.999
NSE4,NSE5,0.992
NSE4,SMC5,0.999
NSE4,SMC6,0.999
NSE5,SMC5,0.998
NSE5,SMC6,0.998
NSL1,SPC24,0.934
NSP1,NUP145,0.999
NSP1,NUP159,0.999
NSP1,NUP170,0.998
NSP1,NUP49,0.999
NSP1,NUP53,0.99
NSP1,NUP57,0.999
NSP1,NUP82,0.998
NSP1,NUP84,0.999
NSP1,NUP85,0.997
NSP1,SEC13,0.984
NSP1,SEH1,0.996
NTC20,PRP18,0.956
NTC20,PRP19,0.999
NTC20,PRP8,0.903
NTC20,SMB1,0.941
NTC20,SNT309,0.999
NTC20,SNU114,0.957
NTC20,SYF1,0.999
NTC20,SYF2,0.999
NTO1,SAS3,0.998
NTO1,TAF14,0.992
NTO1,YNG1,0.998
NTR2,PRP43,0.996
NTR2,PRP8,0.969
NTR2,SMB1,0.959
NTR2,SPP382,0.999
NTR2,SYF1,0.992
NTR2,SYF2,0.991
NUD1,SPC72,0.93
NUF2,SPC19,0.939
NUF2,SPC24,0.999
NUF2,SPC25,0.999
NUP120,NUP145,0.999
NUP120,NUP159,0.986
NUP120,NUP170,0.961
NUP120,NUP49,0.987
NUP120,NUP53,0.981
NUP120,NUP57,0.985
NUP120,NUP82,0.988
NUP120,NUP84,0.999
NUP120,NUP85,0.999
NUP120,SEC13,0.999
NUP120,SEH1,0.999
NUP145,NUP159,0.999
NUP145,NUP170,0.996
NUP145,NUP49,0.997
NUP145,NUP53,0.996
NUP145,NUP57,0.999
NUP145,NUP82,0.983
NUP145,NUP84,0.999
NUP145,NUP85,0.999
NUP145,SEC13,0.999
NUP145,SEH1,0.999
NUP159,NUP170,0.991
NUP159,NUP49,0.999
NUP159,NUP53,0.998
NUP159,NUP57,0.999
NUP159,NUP82,0.999
NUP159,NUP84,0.999
NUP159,NUP85,0.999
NUP159,SAC3,0.976
NUP159,SEC13,0.995
NUP159,SEH1,0.998
NUP170,NUP49,0.992
NUP170,NUP53,0.999
NUP170,NUP57,0.998
NUP170,NUP82,0.986
NUP170,NUP84,0.999
NUP170,NUP85,0.993
NUP170,SEC13,0.985
NUP170,SEH1,0.993
NUP170,SIR4,0.933
NUP170,UTP8,0.996
NUP49,NUP53,0.996
NUP49,NUP57,0.999
NUP49,NUP82,0.997
NUP49,NUP84,0.996
NUP49,NUP85,0.997
NUP49,SEC13,0.973
NUP49,SEH1,0.983
NUP53,NUP57,0.998
NUP53,NUP82,0.969
NUP53,NUP84,0.957
NUP53,NUP85,0.985
NUP53,SEC13,0.918
NUP53,SEH1,0.955
NUP57,NUP82,0.997
NUP57,NUP84,0.997
NUP57,NUP85,0.997
NUP57,SEC13,0.986
NUP57,SEH1,0.993
NUP82,NUP84,0.987
NUP82,NUP85,0.98
NUP82,SAC3,0.961
NUP82,SEC13,0.918
NUP82,SEH1,0.953
NUP84,NUP85,0.999
NUP84,SEC13,0.999
NUP84,SEH1,0.999
NUP84,SPO7,0.93
NUP85,SEC13,0.999
NUP85,SEH1,0.999
NUT1,NUT2,0.99
NUT1,PGD1,0.984
NUT1,RGR1,0.989
NUT1,ROX3,0.982
NUT1,SIN4,0.999
NUT1,SOH1,0.958
NUT1,SRB2,0.963
NUT1,SRB4,0.981
NUT1,SRB5,0.983
NUT1,SRB6,0.943
NUT1,SRB7,0.995
NUT1,SRB8,0.99
NUT1,SSN2,0.995
NUT1,SSN3,0.955
NUT1,SSN8,0.994
NUT1,TAF14,0.941
NUT2,PGD1,0.991
NUT2,RAD3,0.955
NUT2,RGR1,0.999
NUT2,ROX3,0.999
NUT2,RPB10,0.981
NUT2,RPB11,0.984
NUT2,RPB2,0.99
NUT2,RPB3,0.994
NUT2,RPB4,0.989
NUT2,RPB5,0.989
NUT2,RPB7,0.988
NUT2,RPB8,0.983
NUT2,RPB9,0.984
NUT2,RPC10,0.983
NUT2,RPO21,0.994
NUT2,RPO26,0.987
NUT2,SIN4,0.993
NUT2,SOH1,0.999
NUT2,SPT15,0.952
NUT2,SRB2,0.999
NUT2,SRB4,0.999
NUT2,SRB5,0.998
NUT2,SRB6,0.999
NUT2,SRB7,0.999
NUT2,SSL1,0.951
NUT2,SSL2,0.95
NUT2,SSN3,0.984
NUT2,SSN8,0.989
NUT2,TFA1,0.953
NUT2,TFA2,0.975
NUT2,TFB2,0.952
NUT2,TFB3,0.961
NUT2,TFB4,0.951
NUT2,TFG1,0.96
NUT2,TFG2,0.952
NUT2,TOA1,0.958
NUT2,TOA2,0.97
NVJ1,SWH1,0.997
OAF1,PIP2,0.979
OCA1,OCA2,0.998
OCA1,OCA4,0.961
OCA1,OCA5,0.956
OCA1,SIW14,0.998
OCA2,OCA4,0.995
OCA2,OCA5,0.964
OCA2,OCA6,0.951
OCA2,SIW14,0.998
OCA4,OCA5,0.96
OCA4,SIW14,0.988
OCA5,SIW14,0.925
OKP1,SLI15,0.933
OLI1,RPS3,0.932
OLI1,STV1,0.972
OLI1,VAR1,0.964
OLI1,VMA1,0.903
OLI1,VMA2,0.971
OLI1,VMA4,0.972
OLI1,VMA6,0.992
OLI1,VMA7,0.946
OLI1,VMA8,0.958
OLI1,VPH1,0.973
ORC1,ORC2,0.999
ORC1,ORC3,0.999
ORC1,ORC4,0.999
ORC1,ORC5,0.999
ORC1,ORC6,0.999
ORC1,PSF1,0.949
ORC1,PSF2,0.961
ORC1,PSF3,0.941
ORC1,SLD2,0.935
ORC1,SLD5,0.934
ORC2,ORC3,0.999
ORC2,ORC4,0.999
ORC2,ORC5,0.999
ORC2,ORC6,0.999
ORC2,PSF1,0.921
ORC2,PSF2,0.928
ORC2,PSF3,0.913
ORC2,SIR3,0.969
ORC2,SIR4,0.994
ORC2,SLD2,0.952
ORC2,SLD5,0.932
ORC3,ORC4,0.999
ORC3,ORC5,0.999
ORC3,ORC6,0.999
ORC3,PSF1,0.921
ORC3,PSF2,0.905
ORC3,PSF3,0.957
ORC3,RLF2,0.995
ORC3,SIR3,0.963
ORC3,SLD2,0.936
ORC3,SLD5,0.949
ORC4,ORC5,0.999
ORC4,ORC6,0.999
ORC4,PSF1,0.941
ORC4,PSF2,0.949
ORC4,PSF3,0.97
ORC4,SIR3,0.969
ORC4,SLD2,0.941
ORC4,SLD5,0.974
ORC5,ORC6,0.999
ORC5,PSF1,0.914
ORC5,PSF2,0.919
ORC5,PSF3,0.943
ORC5,RLF2,0.994
ORC5,SIR3,0.971
ORC5,SLD2,0.934
ORC5,SLD5,0.956
ORC5,SWI6,0.996
ORC6,PSF1,0.94
ORC6,PSF2,0.923
ORC6,PSF3,0.917
ORC6,RLF2,0.994
ORC6,SIR3,0.922
ORC6,SLD2,0.962
ORC6,SLD5,0.923
OST1,OST2,0.999
OST1,OST3,0.999
OST1,OST4,0.999
OST1,OST5,0.999
OST1,OST6,0.999
OST1,SBH1,0.998
OST1,SBH2,0.998
OST1,SEC61,0.999
OST1,SSS1,0.998
OST1,STT3,0.999
OST1,SWP1,0.999
OST1,WBP1,0.999
OST2,OST3,0.999
OST2,OST4,0.999
OST2,OST5,0.999
OST2,OST6,0.999
OST2,SBH1,0.998
OST2,SBH2,0.998
OST2,SEC61,0.999
OST2,STT3,0.999
OST2,SWP1,0.999
OST2,WBP1,0.999
OST3,OST4,0.999
OST3,OST5,0.999
OST3,OST6,0.999
OST3,SBH1,0.995
OST3,SEC61,0.99
OST3,STT3,0.999
OST3,SWP1,0.999
OST3,WBP1,0.999
OST4,OST5,0.999
OST4,OST6,0.999
OST4,SBH1,0.996
OST4,SBH2,0.995
OST4,SEC61,0.999
OST4,SSS1,0.996
OST4,STT3,0.999
OST4,SWP1,0.999
OST4,WBP1,0.999
OST5,OST6,0.999
OST5,SEC61,0.939
OST5,STT3,0.999
OST5,SWP1,0.999
OST5,WBP1,0.999
OST6,SBH2,0.995
OST6,SEC61,0.985
OST6,STT3,0.999
OST6,SWP1,0.999
OST6,WBP1,0.999
PAC10,PFD1,0.999
PAC10,TCP1,0.9
PAC10,YKE2,0.999
PAC11,TUB1,0.985
PAC11,TUB2,0.996
PAF1,POB3,0.999
PAF1,RPB10,0.954
PAF1,RPB11,0.923
PAF1,RPB2,0.964
PAF1,RPB3,0.982
PAF1,RPB4,0.952
PAF1,RPB5,0.946
PAF1,RPB7,0.953
PAF1,RPB8,0.939
PAF1,RPB9,0.94
PAF1,RPC10,0.939
PAF1,RPO21,0.992
PAF1,RPO26,0.95
PAF1,RTF1,0.999
PAF1,SKI8,0.988
PAF1,SPT16,0.998
PAF1,SPT4,0.991
PAF1,SPT5,0.996
PAM16,PAM17,0.996
PAM16,PAM18,0.999
PAM16,SSC1,0.997
PAM16,TIM17,0.999
PAM16,TIM21,0.996
PAM16,TIM23,0.995
PAM16,TIM44,0.999
PAM16,TIM50,0.998
PAM16,TOM22,0.921
PAM17,PAM18,0.997
PAM17,SSC1,0.996
PAM17,TIM17,0.998
PAM17,TIM21,0.994
PAM17,TIM23,0.984
PAM17,TIM44,0.997
PAM17,TIM50,0.997
PAM18,SSC1,0.999
PAM18,TIM17,0.999
PAM18,TIM21,0.998
PAM18,TIM23,0.994
PAM18,TIM44,0.999
PAM18,TIM50,0.998
PAM18,TIM54,0.913
PAM18,TOM22,0.96
PAN1,SLA1,0.998
PAN2,PAN3,0.999
PAN2,POP2,0.922
PAP1,PAP2,0.961
PAP1,PCF11,0.996
PAP1,PFS2,0.999
PAP1,PTA1,0.999
PAP1,PTI1,0.999
PAP1,REF2,0.999
PAP1,RNA14,0.999
PAP1,RNA15,0.993
PAP1,RRP6,0.959
PAP1,SSU72,0.999
PAP1,SWD2,0.999
PAP1,SYC1,0.948
PAP1,YSH1,0.999
PAP1,YTH1,0.999
PAP2,RRP6,0.978
PBP1,SMB1,0.995
PCF11,PFS2,0.945
PCF11,PTA1,0.999
PCF11,PTI1,0.98
PCF11,RAT1,0.952
PCF11,REF2,0.944
PCF11,RNA14,0.999
PCF11,RNA15,0.999
PCF11,RPO21,0.981
PCF11,RTT103,0.98
PCF11,SSU72,0.999
PCF11,SUB2,0.913
PCF11,SWD2,0.929
PCF11,YRA1,0.994
PCF11,YSH1,0.999
PCF11,YTH1,0.992
PCI8,RPN5,0.992
PCI8,RRI1,0.999
PCI8,RRI2,0.999
PCL1,PCL2,0.955
PCL1,PHO85,0.998
PCL10,PHO85,0.999
PCL2,PHO85,0.997
PCL8,PHO85,0.998
PDA1,PDB1,0.999
PDA1,PDX1,0.999
PDB1,PDX1,0.999
PDS1,RAD53,0.998
PDS1,SWM1,0.929
PEA2,SPA2,0.999
PEP3,PEP5,0.999
PEP3,VAM3,0.999
PEP3,VAM6,0.999
PEP3,VAM7,0.999
PEP3,VPS16,0.999
PEP3,VPS3,0.999
PEP3,VPS33,0.999
PEP3,VPS41,0.999
PEP3,VPS8,0.999
PEP5,VAM3,0.999
PEP5,VAM6,0.999
PEP5,VAM7,0.998
PEP5,VPS16,0.999
PEP5,VPS3,0.999
PEP5,VPS33,0.999
PEP5,VPS41,0.999
PEP5,VPS8,0.999
PEP8,SNX4,0.93
PEP8,VPS17,0.999
PEP8,VPS29,0.999
PEP8,VPS35,0.999
PEP8,VPS5,0.999
PET123,PPE1,0.909
PET123,RSM10,0.993
PET123,RSM18,0.998
PET123,RSM19,0.995
PET123,RSM22,0.993
PET123,RSM23,0.992
PET123,RSM24,0.997
PET123,RSM25,0.999
PET123,RSM26,0.998
PET123,RSM27,0.997
PET123,RSM7,0.996
PET123,SWS2,0.984
PET123,VAR1,0.986
PEX10,PEX12,0.999
PEX10,PEX13,0.999
PEX10,PEX14,0.999
PEX10,PEX17,0.999
PEX10,PEX2,0.999
PEX10,PRE7,0.986
PEX12,PEX13,0.999
PEX12,PEX14,0.999
PEX12,PEX17,0.999
PEX12,PEX2,0.999
PEX12,PRE7,0.977
PEX13,PEX14,0.999
PEX13,PEX17,0.999
PEX13,PEX2,0.999
PEX13,PRE7,0.992
PEX14,PEX17,0.999
PEX14,PEX2,0.999
PEX14,PRE7,0.984
PEX17,PEX2,0.999
PEX17,PRE7,0.975
PEX2,PRE7,0.973
PFD1,YKE2,0.999
PFK1,PFK2,0.999
PFS2,PTA1,0.999
PFS2,PTI1,0.999
PFS2,REF2,0.999
PFS2,RNA14,0.998
PFS2,SSU72,0.999
PFS2,SWD1,0.995
PFS2,SWD2,0.999
PFS2,SYC1,0.969
PFS2,YSH1,0.999
PFS2,YTH1,0.999
PGD1,RGR1,0.998
PGD1,ROX3,0.995
PGD1,SIN4,0.999
PGD1,SOH1,0.989
PGD1,SRB2,0.994
PGD1,SRB4,0.996
PGD1,SRB5,0.997
PGD1,SRB6,0.993
PGD1,SRB7,0.993
PHB1,PHB2,0.999
PHB1,YME1,0.929
PHB1,YTA12,0.981
PHB2,YME1,0.932
PHB2,YTA12,0.957
PHO23,RCO1,0.989
PHO23,RPD3,0.999
PHO23,RXT2,0.999
PHO23,RXT3,0.986
PHO23,SAP30,0.999
PHO23,SDS3,0.999
PHO23,SET3,0.918
PHO23,SIN3,0.995
PHO23,UME1,0.999
PHO23,UME6,0.973
PHO80,PHO85,0.999
PML1,PRP11,0.981
PML1,PRP19,0.964
PML1,PRP21,0.981
PML1,PRP8,0.981
PML1,PRP9,0.986
PML1,RDS3,0.987
PML1,RSE1,0.982
PML1,SMD1,0.951
PML1,SMD2,0.952
PML1,SMD3,0.93
PML1,SME1,0.937
PML1,SMX2,0.931
PML1,SMX3,0.949
PML1,SNU114,0.977
PML1,SNU23,0.922
PML1,SNU66,0.951
PML1,SYF1,0.971
PML1,YSF3,0.977
PMS1,POL2,0.914
PMS1,POL3,0.953
PMS1,RAD14,0.911
PMT1,PMT2,0.999
PMT1,PMT3,0.966
PMT1,PMT5,0.909
PMT1,VAN1,0.916
PMT2,PMT3,0.983
PMT2,PMT5,0.974
PMT2,VAN1,0.941
PMT3,PMT5,0.982
PMT3,VAN1,0.912
PMT5,VAN1,0.92
PNG1,RAD23,0.999
POB3,POL1,0.985
POB3,PSF1,0.925
POB3,PSF2,0.919
POB3,PSF3,0.946
POB3,RPB11,0.915
POB3,RPB2,0.934
POB3,RPB3,0.965
POB3,RPB4,0.933
POB3,RPB5,0.913
POB3,RPB7,0.916
POB3,RPB8,0.908
POB3,RPC10,0.909
POB3,RPO21,0.979
POB3,RTF1,0.999
POB3,SLD5,0.991
POB3,SPT16,0.999
POB3,SPT4,0.995
POB3,SPT5,0.999
POB3,TOF1,0.978
POL1,POL12,0.999
POL1,POL2,0.999
POL1,POL3,0.991
POL1,POL31,0.998
POL1,POL32,0.991
POL1,PRI1,0.999
POL1,PRI2,0.999
POL1,REV3,0.974
POL1,REV7,0.983
POL1,RFA1,0.983
POL1,RFA2,0.986
POL1,RFA3,0.94
POL1,RFC1,0.901
POL1,SLD5,0.983
POL1,SPT16,0.985
POL1,TOF1,0.961
POL1,UFD1,0.9
POL12,POL2,0.998
POL12,POL3,0.997
POL12,POL31,0.994
POL12,POL32,0.981
POL12,PRI1,0.999
POL12,PRI2,0.999
POL12,REV3,0.992
POL12,REV7,0.933
POL12,RFA1,0.968
POL12,RFA2,0.984
POL12,RFA3,0.953
POL12,RFC1,0.953
POL12,RFC3,0.929
POL12,RFC4,0.956
POL12,RFC5,0.966
POL12,UFD1,0.901
POL2,POL3,0.999
POL2,POL31,0.998
POL2,POL32,0.994
POL2,PRI1,0.998
POL2,PRI2,0.998
POL2,PSF1,0.997
POL2,PSF2,0.978
POL2,PSF3,0.993
POL2,REV3,0.997
POL2,REV7,0.985
POL2,RNH201,0.992
POL2,SLD5,0.999
POL2,TOF1,0.994
POL3,POL31,0.999
POL3,POL32,0.999
POL3,PRI1,0.997
POL3,PRI2,0.998
POL3,REV1,0.943
POL3,REV3,0.992
POL3,REV7,0.992
POL3,RFA1,0.987
POL3,RFA2,0.968
POL3,RFA3,0.936
POL3,UFD1,0.903
POL31,POL32,0.999
POL31,PRI1,0.987
POL31,PRI2,0.993
POL31,REV3,0.999
POL31,REV7,0.999
POL31,RFA1,0.956
POL31,RFA2,0.947
POL31,RFA3,0.924
POL31,UFD1,0.9
POL32,PRI1,0.966
POL32,PRI2,0.979
POL32,RAD18,0.903
POL32,REV1,0.954
POL32,REV3,0.999
POL32,REV7,0.999
POL32,RFA1,0.984
POL32,RFA2,0.94
POL32,RFA3,0.935
POL32,SGS1,0.98
POL32,UFD1,0.907
POL5,PWP2,0.937
POL5,UTP10,0.986
POL5,UTP15,0.923
POL5,UTP22,0.931
POL5,UTP4,0.971
POL5,UTP8,0.952
POL5,UTP9,0.972
POP1,POP3,0.999
POP1,POP4,0.999
POP1,POP5,0.999
POP1,POP6,0.999
POP1,POP7,0.999
POP1,POP8,0.999
POP1,RMP1,0.999
POP1,RPP1,0.999
POP1,RPR2,0.999
POP1,SEN15,0.937
POP1,SEN2,0.929
POP1,SEN34,0.938
POP1,SEN54,0.9
POP1,SNM1,0.999
POP1,SNU13,0.963
POP2,RPO21,0.995
POP3,POP4,0.999
POP3,POP5,0.999
POP3,POP6,0.979
POP3,POP7,0.999
POP3,POP8,0.999
POP3,RMP1,0.999
POP3,RPP1,0.999
POP3,RPR2,0.996
POP3,SEN15,0.902
POP3,SEN2,0.914
POP3,SEN34,0.917
POP3,SEN54,0.907
POP3,SNM1,0.991
POP3,SNU13,0.918
POP4,POP5,0.999
POP4,POP6,0.999
POP4,POP7,0.999
POP4,POP8,0.999
POP4,RMP1,0.999
POP4,RPP1,0.999
POP4,RPR2,0.999
POP4,SEN15,0.951
POP4,SEN2,0.945
POP4,SEN34,0.953
POP4,SEN54,0.904
POP4,SNM1,0.999
POP4,SNU13,0.994
POP5,POP6,0.999
POP5,POP7,0.999
POP5,POP8,0.999
POP5,RMP1,0.999
POP5,RPP1,0.999
POP5,RPR2,0.999
POP5,SEN15,0.904
POP5,SEN2,0.901
POP5,SEN34,0.908
POP5,SEN54,0.903
POP5,SNM1,0.98
POP5,SNU13,0.987
POP6,POP7,0.999
POP6,POP8,0.999
POP6,RMP1,0.999
POP6,RPP1,0.999
POP6,RPR2,0.999
POP6,SEN15,0.963
POP6,SEN2,0.929
POP6,SEN34,0.9
POP6,SEN54,0.9
POP6,SNM1,0.999
POP6,SNU13,0.909
POP7,POP8,0.999
POP7,RMP1,0.999
POP7,RPP1,0.999
POP7,RPR2,0.998
POP7,SEN15,0.905
POP7,SEN2,0.904
POP7,SEN34,0.9
POP7,SEN54,0.902
POP7,SNM1,0.999
POP7,SNU13,0.903
POP8,RMP1,0.999
POP8,RPP1,0.999
POP8,RPR2,0.999
POP8,SEN15,0.904
POP8,SEN2,0.901
POP8,SEN34,0.904
POP8,SEN54,0.901
POP8,SNM1,0.981
POP8,SNU13,0.976
PPE1,PPH21,0.996
PPE1,RSM10,0.911
PPE1,RSM18,0.9
PPE1,RSM19,0.903
PPE1,RSM22,0.953
PPE1,RSM23,0.9
PPE1,RSM24,0.9
PPE1,RSM25,0.9
PPE1,RSM26,0.92
PPE1,RSM27,0.905
PPE1,RSM7,0.9
PPE1,RTS1,0.958
PPE1,SWS2,0.9
PPE1,TPD3,0.99
PPE1,VAR1,0.922
PPH21,PPH3,0.972
PPH21,PSY2,0.961
PPH21,PSY4,0.961
PPH21,RRD1,0.974
PPH21,RRD2,0.996
PPH21,RTS1,0.999
PPH21,SIT4,0.97
PPH21,TAP42,0.999
PPH21,TOR2,0.954
PPH21,TPD3,0.999
PPH3,PSY2,0.999
PPH3,PSY4,0.999
PPH3,RAD53,0.95
PPH3,RRD1,0.985
PPH3,RRD2,0.97
PPH3,RTS1,0.946
PPH3,SIT4,0.917
PPH3,TAP42,0.999
PPH3,TPD3,0.997
PRE1,PRE10,0.999
PRE1,PRE2,0.999
PRE1,PRE3,0.999
PRE1,PRE4,0.999
PRE1,PRE5,0.999
PRE1,PRE6,0.999
PRE1,PRE7,0.999
PRE1,PRE8,0.999
PRE1,PRE9,0.999
PRE1,PUP1,0.999
PRE1,PUP2,0.999
PRE1,PUP3,0.999
PRE1,RPN1,0.999
PRE1,RPN10,0.999
PRE1,RPN11,0.999
PRE1,RPN12,0.999
PRE1,RPN13,0.986
PRE1,RPN2,0.999
PRE1,RPN3,0.999
PRE1,RPN5,0.999
PRE1,RPN6,0.999
PRE1,RPN7,0.999
PRE1,RPN8,0.999
PRE1,RPN9,0.999
PRE1,RPO21,0.994
PRE1,RPS31,0.945
PRE1,RPT1,0.999
PRE1,RPT2,0.999
PRE1,RPT3,0.999
PRE1,RPT4,0.999
PRE1,RPT5,0.999
PRE1,RPT6,0.999
PRE1,SCL1,0.999
PRE1,SEM1,0.969
PRE1,UBP6,0.998
PRE10,PRE2,0.999
PRE10,PRE3,0.999
PRE10,PRE4,0.999
PRE10,PRE5,0.999
PRE10,PRE6,0.999
PRE10,PRE7,0.999
PRE10,PRE8,0.999
PRE10,PRE9,0.999
PRE10,PUP1,0.999
PRE10,PUP2,0.999
PRE10,PUP3,0.999
PRE10,RPN1,0.999
PRE10,RPN10,0.999
PRE10,RPN11,0.999
PRE10,RPN12,0.999
PRE10,RPN13,0.934
PRE10,RPN2,0.999
PRE10,RPN3,0.999
PRE10,RPN5,0.999
PRE10,RPN6,0.999
PRE10,RPN7,0.999
PRE10,RPN8,0.999
PRE10,RPN9,0.999
PRE10,RPS31,0.945
PRE10,RPT1,0.999
PRE10,RPT2,0.999
PRE10,RPT3,0.999
PRE10,RPT4,0.999
PRE10,RPT5,0.999
PRE10,RPT6,0.999
PRE10,SCL1,0.999
PRE10,SEM1,0.962
PRE10,UBP6,0.996
PRE2,PRE3,0.999
PRE2,PRE4,0.999
PRE2,PRE5,0.999
PRE2,PRE6,0.999
PRE2,PRE7,0.999
PRE2,PRE8,0.999
PRE2,PRE9,0.999
PRE2,PUP1,0.999
PRE2,PUP2,0.999
PRE2,PUP3,0.999
PRE2,RPN1,0.999
PRE2,RPN10,0.999
PRE2,RPN11,0.999
PRE2,RPN12,0.999
PRE2,RPN13,0.958
PRE2,RPN2,0.999
PRE2,RPN3,0.999
PRE2,RPN5,0.999
PRE2,RPN6,0.999
PRE2,RPN7,0.999
PRE2,RPN8,0.999
PRE2,RPN9,0.999
PRE2,RPT1,0.999
PRE2,RPT2,0.999
PRE2,RPT3,0.999
PRE2,RPT4,0.999
PRE2,RPT5,0.999
PRE2,RPT6,0.999
PRE2,SCL1,0.999
PRE2,SEM1,0.959
PRE2,UBP6,0.99
PRE3,PRE4,0.999
PRE3,PRE5,0.999
PRE3,PRE6,0.999
PRE3,PRE7,0.999
PRE3,PRE8,0.999
PRE3,PRE9,0.999
PRE3,PUP1,0.999
PRE3,PUP2,0.999
PRE3,PUP3,0.999
PRE3,RPN1,0.999
PRE3,RPN10,0.999
PRE3,RPN11,0.999
PRE3,RPN12,0.999
PRE3,RPN13,0.937
PRE3,RPN2,0.999
PRE3,RPN3,0.999
PRE3,RPN5,0.999
PRE3,RPN6,0.999
PRE3,RPN7,0.999
PRE3,RPN8,0.999
PRE3,RPN9,0.999
PRE3,RPS31,0.929
PRE3,RPT1,0.999
PRE3,RPT2,0.999
PRE3,RPT3,0.999
PRE3,RPT4,0.999
PRE3,RPT5,0.999
PRE3,RPT6,0.999
PRE3,SCL1,0.999
PRE3,SEM1,0.95
PRE3,SLD2,0.945
PRE3,UBP6,0.993
PRE4,PRE5,0.999
PRE4,PRE6,0.999
PRE4,PRE7,0.999
PRE4,PRE8,0.999
PRE4,PRE9,0.999
PRE4,PUP1,0.999
PRE4,PUP2,0.999
PRE4,PUP3,0.999
PRE4,RPN1,0.999
PRE4,RPN10,0.999
PRE4,RPN11,0.999
PRE4,RPN12,0.999
PRE4,RPN13,0.927
PRE4,RPN2,0.999
PRE4,RPN3,0.999
PRE4,RPN5,0.999
PRE4,RPN6,0.999
PRE4,RPN7,0.999
PRE4,RPN8,0.999
PRE4,RPN9,0.999
PRE4,RPS31,0.936
PRE4,RPT1,0.999
PRE4,RPT2,0.999
PRE4,RPT3,0.999
PRE4,RPT4,0.999
PRE4,RPT5,0.999
PRE4,RPT6,0.999
PRE4,SCL1,0.999
PRE4,SEM1,0.936
PRE4,SLD2,0.956
PRE4,UBP6,0.988
PRE5,PRE6,0.999
PRE5,PRE7,0.999
PRE5,PRE8,0.999
PRE5,PRE9,0.999
PRE5,PUP1,0.999
PRE5,PUP2,0.999
PRE5,PUP3,0.999
PRE5,RPN1,0.999
PRE5,RPN10,0.999
PRE5,RPN11,0.999
PRE5,RPN12,0.999
PRE5,RPN13,0.971
PRE5,RPN2,0.999
PRE5,RPN3,0.999
PRE5,RPN5,0.999
PRE5,RPN6,0.999
PRE5,RPN7,0.999
PRE5,RPN8,0.999
PRE5,RPN9,0.999
PRE5,RPS31,0.939
PRE5,RPT1,0.999
PRE5,RPT2,0.999
PRE5,RPT3,0.999
PRE5,RPT4,0.999
PRE5,RPT5,0.999
PRE5,RPT6,0.999
PRE5,SCL1,0.999
PRE5,SEM1,0.941
PRE5,SLD2,0.932
PRE5,UBP6,0.998
PRE6,PRE7,0.999
PRE6,PRE8,0.999
PRE6,PRE9,0.999
PRE6,PUP1,0.999
PRE6,PUP2,0.999
PRE6,PUP3,0.999
PRE6,RPN1,0.999
PRE6,RPN10,0.999
PRE6,RPN11,0.999
PRE6,RPN12,0.999
PRE6,RPN13,0.957
PRE6,RPN2,0.999
PRE6,RPN3,0.998
PRE6,RPN5,0.999
PRE6,RPN6,0.999
PRE6,RPN7,0.999
PRE6,RPN8,0.999
PRE6,RPN9,0.999
PRE6,RPT1,0.999
PRE6,RPT2,0.999
PRE6,RPT3,0.999
PRE6,RPT4,0.999
PRE6,RPT5,0.999
PRE6,RPT6,0.999
PRE6,SCL1,0.999
PRE6,SEM1,0.913
PRE6,UBP6,0.988
PRE7,PRE8,0.999
PRE7,PRE9,0.999
PRE7,PUP1,0.999
PRE7,PUP2,0.999
PRE7,PUP3,0.999
PRE7,RPN1,0.996
PRE7,RPN10,0.999
PRE7,RPN11,0.999
PRE7,RPN12,0.999
PRE7,RPN13,0.966
PRE7,RPN2,0.996
PRE7,RPN3,0.997
PRE7,RPN5,0.999
PRE7,RPN6,0.998
PRE7,RPN7,0.997
PRE7,RPN8,0.998
PRE7,RPN9,0.997
PRE7,RPS31,0.944
PRE7,RPT1,0.998
PRE7,RPT2,0.998
PRE7,RPT3,0.998
PRE7,RPT4,0.999
PRE7,RPT5,0.997
PRE7,RPT6,0.998
PRE7,SCL1,0.999
PRE7,SEM1,0.969
PRE7,SLD2,0.926
PRE7,UBP6,0.991
PRE8,PRE9,0.999
PRE8,PUP1,0.999
PRE8,PUP2,0.999
PRE8,PUP3,0.999
PRE8,RPN1,0.999
PRE8,RPN10,0.999
PRE8,RPN11,0.999
PRE8,RPN12,0.999
PRE8,RPN13,0.97
PRE8,RPN2,0.999
PRE8,RPN3,0.999
PRE8,RPN5,0.999
PRE8,RPN6,0.999
PRE8,RPN7,0.999
PRE8,RPN8,0.999
PRE8,RPN9,0.999
PRE8,RPS31,0.956
PRE8,RPT1,0.999
PRE8,RPT2,0.999
PRE8,RPT3,0.999
PRE8,RPT4,0.999
PRE8,RPT5,0.999
PRE8,RPT6,0.999
PRE8,SCL1,0.999
PRE8,SEM1,0.964
PRE8,SLD2,0.95
PRE8,UBP6,0.997
PRE9,PUP1,0.999
PRE9,PUP2,0.999
PRE9,PUP3,0.999
PRE9,RPN1,0.999
PRE9,RPN10,0.999
PRE9,RPN11,0.999
PRE9,RPN12,0.999
PRE9,RPN13,0.978
PRE9,RPN2,0.999
PRE9,RPN3,0.999
PRE9,RPN5,0.999
PRE9,RPN6,0.999
PRE9,RPN7,0.999
PRE9,RPN8,0.999
PRE9,RPN9,0.999
PRE9,RPS31,0.973
PRE9,RPT1,0.999
PRE9,RPT2,0.999
PRE9,RPT3,0.999
PRE9,RPT4,0.999
PRE9,RPT5,0.999
PRE9,RPT6,0.999
PRE9,SCL1,0.999
PRE9,SEM1,0.981
PRE9,SLD2,0.974
PRE9,UBP6,0.999
PRI1,PRI2,0.999
PRI1,REV3,0.991
PRI1,REV7,0.936
PRI1,RFA1,0.975
PRI1,RFA2,0.991
PRI1,RFA3,0.949
PRI1,RFC2,0.967
PRI1,RFC5,0.913
PRI1,RNH201,0.913
PRI1,UFD1,0.911
PRI2,REV3,0.992
PRI2,REV7,0.932
PRI2,RFA1,0.977
PRI2,RFA2,0.993
PRI2,RFA3,0.952
PRI2,RFC2,0.907
PRI2,RFC5,0.925
PRI2,UFD1,0.9
PRP11,PRP19,0.999
PRP11,PRP21,0.999
PRP11,PRP28,0.965
PRP11,PRP3,0.996
PRP11,PRP31,0.997
PRP11,PRP39,0.993
PRP11,PRP4,0.988
PRP11,PRP40,0.996
PRP11,PRP42,0.989
PRP11,PRP6,0.998
PRP11,PRP8,0.997
PRP11,PRP9,0.999
PRP11,RDS3,0.999
PRP11,RSE1,0.999
PRP11,SMB1,0.999
PRP11,SMD1,0.999
PRP11,SMD2,0.999
PRP11,SMD3,0.999
PRP11,SME1,0.999
PRP11,SMX2,0.999
PRP11,SMX3,0.995
PRP11,SNP1,0.996
PRP11,SNU114,0.993
PRP11,SNU13,0.932
PRP11,SNU23,0.972
PRP11,SNU56,0.999
PRP11,SNU66,0.999
PRP11,SNU71,0.99
PRP11,SPP381,0.977
PRP11,STO1,0.925
PRP11,SYF1,0.998
PRP11,SYF2,0.989
PRP11,YHC1,0.999
PRP11,YSF3,0.999
PRP18,PRP28,0.983
PRP18,PRP3,0.961
PRP18,PRP31,0.957
PRP18,PRP38,0.907
PRP18,PRP4,0.939
PRP18,PRP6,0.959
PRP18,PRP8,0.998
PRP18,SMB1,0.984
PRP18,SMD1,0.985
PRP18,SMD2,0.982
PRP18,SMD3,0.981
PRP18,SME1,0.987
PRP18,SMX2,0.979
PRP18,SMX3,0.986
PRP18,SNU114,0.997
PRP18,SNU13,0.927
PRP18,SNU23,0.906
PRP18,SNU66,0.925
PRP18,SPP381,0.917
PRP18,SYF1,0.978
PRP18,SYF2,0.953
PRP19,PRP21,0.999
PRP19,PRP43,0.998
PRP19,PRP8,0.999
PRP19,PRP9,0.999
PRP19,RDS3,0.974
PRP19,RSE1,0.999
PRP19,SMB1,0.999
PRP19,SMD1,0.999
PRP19,SMD2,0.999
PRP19,SMD3,0.999
PRP19,SME1,0.998
PRP19,SMX2,0.998
PRP19,SMX3,0.999
PRP19,SNT309,0.999
PRP19,SNU114,0.999
PRP19,SNU66,0.996
PRP19,SPP382,0.926
PRP19,SYF1,0.999
PRP19,SYF2,0.999
PRP19,YSF3,0.993
PRP21,PRP3,0.98
PRP21,PRP31,0.976
PRP21,PRP39,0.988
PRP21,PRP4,0.993
PRP21,PRP40,0.991
PRP21,PRP42,0.99
PRP21,PRP43,0.907
PRP21,PRP6,0.995
PRP21,PRP8,0.997
PRP21,PRP9,0.999
PRP21,RDS3,0.999
PRP21,RSE1,0.999
PRP21,SMB1,0.999
PRP21,SMD1,0.999
PRP21,SMD2,0.998
PRP21,SMD3,0.995
PRP21,SME1,0.999
PRP21,SMX2,0.999
PRP21,SMX3,0.998
PRP21,SNP1,0.989
PRP21,SNU114,0.993
PRP21,SNU13,0.941
PRP21,SNU23,0.94
PRP21,SNU56,0.999
PRP21,SNU66,0.999
PRP21,SNU71,0.99
PRP21,SPP381,0.979
PRP21,STO1,0.908
PRP21,SYF1,0.999
PRP21,SYF2,0.941
PRP21,YHC1,0.992
PRP21,YSF3,0.999
PRP24,PRP3,0.943
PRP24,PRP31,0.965
PRP28,PRP3,0.983
PRP28,PRP31,0.99
PRP28,PRP39,0.961
PRP28,PRP4,0.967
PRP28,PRP42,0.953
PRP28,PRP43,0.956
PRP28,PRP6,0.996
PRP28,PRP8,0.999
PRP28,SMB1,0.994
PRP28,SMD1,0.999
PRP28,SMD2,0.999
PRP28,SMD3,0.997
PRP28,SME1,0.999
PRP28,SMX2,0.998
PRP28,SMX3,0.998
PRP28,SNP1,0.978
PRP28,SNU114,0.999
PRP28,SNU56,0.931
PRP28,SNU66,0.995
PRP28,SNU71,0.97
PRP28,YHC1,0.999
PRP3,PRP31,0.999
PRP3,PRP38,0.994
PRP3,PRP4,0.999
PRP3,PRP6,0.999
PRP3,PRP8,0.999
PRP3,PRP9,0.978
PRP3,RDS3,0.94
PRP3,RSE1,0.966
PRP3,SMB1,0.998
PRP3,SMD1,0.999
PRP3,SMD2,0.999
PRP3,SMD3,0.999
PRP3,SME1,0.999
PRP3,SMX2,0.999
PRP3,SMX3,0.998
PRP3,SNU114,0.999
PRP3,SNU13,0.999
PRP3,SNU23,0.999
PRP3,SNU66,0.999
PRP3,SPP381,0.998
PRP3,YSF3,0.923
PRP31,PRP38,0.987
PRP31,PRP4,0.999
PRP31,PRP6,0.999
PRP31,PRP8,0.999
PRP31,PRP9,0.992
PRP31,RDS3,0.99
PRP31,RSE1,0.99
PRP31,SMB1,0.998
PRP31,SMD1,0.999
PRP31,SMD2,0.999
PRP31,SMD3,0.999
PRP31,SME1,0.999
PRP31,SMX2,0.999
PRP31,SMX3,0.999
PRP31,SNU114,0.999
PRP31,SNU13,0.999
PRP31,SNU23,0.997
PRP31,SNU66,0.999
PRP31,SPP381,0.997
PRP31,YSF3,0.934
PRP38,PRP4,0.991
PRP38,PRP6,0.988
PRP38,PRP8,0.983
PRP38,SMB1,0.994
PRP38,SMD1,0.987
PRP38,SMD2,0.98
PRP38,SMD3,0.999
PRP38,SME1,0.985
PRP38,SMX2,0.98
PRP38,SMX3,0.98
PRP38,SNU114,0.982
PRP38,SNU13,0.979
PRP38,SNU23,0.999
PRP38,SNU66,0.999
PRP38,SPP381,0.999
PRP39,PRP40,0.999
PRP39,PRP42,0.999
PRP39,PRP9,0.983
PRP39,RDS3,0.924
PRP39,RSE1,0.99
PRP39,SMB1,0.999
PRP39,SMD1,0.998
PRP39,SMD2,0.992
PRP39,SMD3,0.996
PRP39,SME1,0.987
PRP39,SMX2,0.983
PRP39,SMX3,0.997
PRP39,SNP1,0.999
PRP39,SNU56,0.999
PRP39,SNU66,0.995
PRP39,SNU71,0.999
PRP39,STO1,0.982
PRP39,SYF1,0.952
PRP39,SYF2,0.9
PRP39,YHC1,0.999
PRP4,PRP6,0.999
PRP4,PRP8,0.999
PRP4,PRP9,0.958
PRP4,RDS3,0.931
PRP4,RSE1,0.957
PRP4,SMB1,0.997
PRP4,SMD1,0.997
PRP4,SMD2,0.999
PRP4,SMD3,0.999
PRP4,SME1,0.999
PRP4,SMX2,0.998
PRP4,SMX3,0.999
PRP4,SNU114,0.999
PRP4,SNU13,0.999
PRP4,SNU23,0.998
PRP4,SNU66,0.999
PRP4,SPP381,0.996
PRP4,YSF3,0.928
PRP40,PRP42,0.999
PRP40,PRP9,0.985
PRP40,RDS3,0.908
PRP40,RSE1,0.998
PRP40,SMB1,0.997
PRP40,SMD1,0.999
PRP40,SMD2,0.993
PRP40,SMD3,0.997
PRP40,SME1,0.999
PRP40,SMX2,0.997
PRP40,SMX3,0.997
PRP40,SNP1,0.999
PRP40,SNU56,0.999
PRP40,SNU66,0.995
PRP40,SNU71,0.999
PRP40,STO1,0.974
PRP40,SYF1,0.942
PRP40,SYF2,0.903
PRP40,YHC1,0.999
PRP42,PRP9,0.988
PRP42,RSE1,0.99
PRP42,SMB1,0.998
PRP42,SMD1,0.989
PRP42,SMD2,0.994
PRP42,SMD3,0.997
PRP42,SME1,0.987
PRP42,SMX2,0.991
PRP42,SMX3,0.995
PRP42,SNP1,0.999
PRP42,SNU56,0.999
PRP42,SNU71,0.999
PRP42,STO1,0.989
PRP42,SYF1,0.932
PRP42,SYF2,0.926
PRP42,YHC1,0.999
PRP43,PRP8,0.998
PRP43,PWP2,0.99
PRP43,RPA135,0.916
PRP43,SMB1,0.949
PRP43,SMD1,0.969
PRP43,SMD2,0.988
PRP43,SMD3,0.961
PRP43,SME1,0.975
PRP43,SMX2,0.968
PRP43,SMX3,0.982
PRP43,SNU114,0.999
PRP43,SNU66,0.997
PRP43,SPP382,0.999
PRP43,SYF1,0.998
PRP43,SYF2,0.989
PRP43,UTP10,0.964
PRP43,UTP13,0.963
PRP43,UTP15,0.927
PRP43,UTP18,0.948
PRP43,UTP21,0.994
PRP43,UTP22,0.95
PRP43,UTP4,0.987
PRP43,UTP6,0.935
PRP43,UTP8,0.962
PRP43,UTP9,0.917
PRP6,PRP8,0.999
PRP6,PRP9,0.996
PRP6,RDS3,0.941
PRP6,RSE1,0.996
PRP6,SMB1,0.999
PRP6,SMD1,0.999
PRP6,SMD2,0.999
PRP6,SMD3,0.999
PRP6,SME1,0.999
PRP6,SMX2,0.999
PRP6,SMX3,0.999
PRP6,SNU114,0.999
PRP6,SNU13,0.999
PRP6,SNU23,0.998
PRP6,SNU66,0.999
PRP6,SPP381,0.998
PRP6,YSF3,0.941
PRP8,PRP9,0.993
PRP8,RDS3,0.931
PRP8,RSE1,0.998
PRP8,SMB1,0.999
PRP8,SMD1,0.999
PRP8,SMD2,0.999
PRP8,SMD3,0.999
PRP8,SME1,0.999
PRP8,SMX2,0.999
PRP8,SMX3,0.999
PRP8,SNT309,0.999
PRP8,SNU114,0.999
PRP8,SNU13,0.995
PRP8,SNU23,0.996
PRP8,SNU66,0.999
PRP8,SPP381,0.994
PRP8,SPP382,0.989
PRP8,STO1,0.926
PRP8,SYF1,0.999
PRP8,SYF2,0.995
PRP8,YSF3,0.938
PRP9,RDS3,0.997
PRP9,RSE1,0.999
PRP9,SMB1,0.999
PRP9,SMD1,0.999
PRP9,SMD2,0.999
PRP9,SMD3,0.998
PRP9,SME1,0.999
PRP9,SMX2,0.999
PRP9,SMX3,0.996
PRP9,SNP1,0.993
PRP9,SNT309,0.904
PRP9,SNU114,0.987
PRP9,SNU13,0.939
PRP9,SNU23,0.946
PRP9,SNU56,0.999
PRP9,SNU66,0.999
PRP9,SNU71,0.984
PRP9,SPP381,0.955
PRP9,STO1,0.916
PRP9,SYF1,0.999
PRP9,SYF2,0.934
PRP9,YHC1,0.999
PRP9,YSF3,0.999
PRT1,RPG1,0.999
PRT1,RPS0A,0.991
PRT1,RPS0B,0.977
PRT1,RPS10A,0.977
PRT1,RPS11A,0.969
PRT1,RPS11B,0.966
PRT1,RPS12,0.991
PRT1,RPS13,0.994
PRT1,RPS14A,0.964
PRT1,RPS14B,0.95
PRT1,RPS15,0.989
PRT1,RPS16A,0.976
PRT1,RPS16B,0.978
PRT1,RPS17A,0.953
PRT1,RPS17B,0.935
PRT1,RPS18A,0.979
PRT1,RPS18B,0.974
PRT1,RPS19A,0.985
PRT1,RPS1A,0.983
PRT1,RPS1B,0.979
PRT1,RPS2,0.997
PRT1,RPS20,0.997
PRT1,RPS21B,0.983
PRT1,RPS22A,0.97
PRT1,RPS23A,0.975
PRT1,RPS23B,0.973
PRT1,RPS24A,0.976
PRT1,RPS24B,0.975
PRT1,RPS25A,0.967
PRT1,RPS26A,0.978
PRT1,RPS26B,0.973
PRT1,RPS27A,0.976
PRT1,RPS27B,0.963
PRT1,RPS28A,0.97
PRT1,RPS28B,0.973
PRT1,RPS29A,0.951
PRT1,RPS29B,0.944
PRT1,RPS3,0.998
PRT1,RPS30A,0.972
PRT1,RPS30B,0.96
PRT1,RPS31,0.985
PRT1,RPS4A,0.969
PRT1,RPS4B,0.97
PRT1,RPS5,0.992
PRT1,RPS6A,0.989
PRT1,RPS6B,0.993
PRT1,RPS7A,0.982
PRT1,RPS7B,0.9
PRT1,RPS8A,0.982
PRT1,RPS8B,0.972
PRT1,RPS9A,0.986
PRT1,RPS9B,0.969
PRT1,SUI1,0.999
PRT1,SUI2,0.999
PRT1,SUI3,0.999
PRT1,TIF1,0.986
PRT1,TIF11,0.997
PRT1,TIF34,0.999
PRT1,TIF35,0.999
PRT1,TIF4631,0.943
PRT1,TIF5,0.999
PSF1,PSF2,0.999
PSF1,PSF3,0.999
PSF1,SLD2,0.987
PSF1,SLD5,0.999
PSF1,SPT16,0.935
PSF1,TOF1,0.996
PSF2,PSF3,0.999
PSF2,SLD2,0.969
PSF2,SLD5,0.999
PSF2,SPT16,0.919
PSF2,SSU72,0.994
PSF2,TOF1,0.996
PSF3,SLD2,0.992
PSF3,SLD5,0.999
PSF3,SPT16,0.919
PSF3,TOF1,0.999
PSR1,WHI2,0.999
PSY2,PSY4,0.999
PSY2,RAD53,0.938
PSY2,RRD1,0.967
PSY2,RRD2,0.947
PSY2,SIT4,0.952
PSY2,TPD3,0.935
PSY4,RRD1,0.941
PSY4,RRD2,0.972
PSY4,SIT4,0.968
PSY4,TPD3,0.954
PTA1,PTI1,0.999
PTA1,REF2,0.999
PTA1,RNA14,0.999
PTA1,RNA15,0.999
PTA1,RPL14A,0.994
PTA1,RPL14B,0.994
PTA1,RPL3,0.994
PTA1,RPL8B,0.994
PTA1,RPP0,0.994
PTA1,SME1,0.907
PTA1,SMX2,0.902
PTA1,SMX3,0.902
PTA1,SSU72,0.999
PTA1,SWD2,0.999
PTA1,SYC1,0.999
PTA1,TFC4,0.994
PTA1,YSH1,0.999
PTA1,YTH1,0.999
PTI1,REF2,0.999
PTI1,RNA14,0.998
PTI1,RNA15,0.985
PTI1,SSU72,0.999
PTI1,SWD2,0.999
PTI1,SYC1,0.999
PTI1,YSH1,0.999
PTI1,YTH1,0.999
PUP1,PUP2,0.999
PUP1,PUP3,0.999
PUP1,RPN1,0.999
PUP1,RPN10,0.999
PUP1,RPN11,0.999
PUP1,RPN12,0.999
PUP1,RPN13,0.932
PUP1,RPN2,0.999
PUP1,RPN3,0.998
PUP1,RPN5,0.999
PUP1,RPN6,0.999
PUP1,RPN7,0.999
PUP1,RPN8,0.999
PUP1,RPN9,0.999
PUP1,RPS31,0.921
PUP1,RPT1,0.999
PUP1,RPT2,0.999
PUP1,RPT3,0.999
PUP1,RPT4,0.999
PUP1,RPT5,0.999
PUP1,RPT6,0.999
PUP1,SCL1,0.999
PUP1,SEM1,0.936
PUP1,UBP6,0.982
PUP2,PUP3,0.999
PUP2,RPN1,0.999
PUP2,RPN10,0.999
PUP2,RPN11,0.999
PUP2,RPN12,0.999
PUP2,RPN13,0.927
PUP2,RPN2,0.999
PUP2,RPN3,0.999
PUP2,RPN5,0.999
PUP2,RPN6,0.999
PUP2,RPN7,0.999
PUP2,RPN8,0.999
PUP2,RPN9,0.999
PUP2,RPS31,0.928
PUP2,RPT1,0.999
PUP2,RPT2,0.999
PUP2,RPT3,0.999
PUP2,RPT4,0.999
PUP2,RPT5,0.999
PUP2,RPT6,0.999
PUP2,SCL1,0.999
PUP2,SEM1,0.943
PUP2,SLD2,0.957
PUP2,UBP6,0.995
PUP3,RPN1,0.999
PUP3,RPN10,0.999
PUP3,RPN11,0.999
PUP3,RPN12,0.999
PUP3,RPN13,0.913
PUP3,RPN2,0.999
PUP3,RPN3,0.999
PUP3,RPN5,0.999
PUP3,RPN6,0.999
PUP3,RPN7,0.999
PUP3,RPN8,0.999
PUP3,RPN9,0.999
PUP3,RPS31,0.941
PUP3,RPT1,0.999
PUP3,RPT2,0.999
PUP3,RPT3,0.999
PUP3,RPT4,0.999
PUP3,RPT5,0.999
PUP3,RPT6,0.999
PUP3,SCL1,0.999
PUP3,SEM1,0.944
PUP3,SLD2,0.952
PUP3,UBP6,0.993
PWP2,RIX1,0.913
PWP2,RPA135,0.977
PWP2,RPA190,0.945
PWP2,RPL3,0.996
PWP2,RPL4A,0.997
PWP2,RPL4B,0.997
PWP2,RPS11A,0.991
PWP2,RPS11B,0.999
PWP2,RPS12,0.931
PWP2,RPS13,0.999
PWP2,RPS14A,0.999
PWP2,RPS14B,0.996
PWP2,RPS16A,0.99
PWP2,RPS16B,0.996
PWP2,RPS18A,0.971
PWP2,RPS18B,0.967
PWP2,RPS19A,0.999
PWP2,RPS1A,0.999
PWP2,RPS1B,0.975
PWP2,RPS2,0.913
PWP2,RPS22A,0.999
PWP2,RPS22B,0.982
PWP2,RPS23A,0.981
PWP2,RPS23B,0.981
PWP2,RPS24A,0.973
PWP2,RPS24B,0.972
PWP2,RPS27A,0.963
PWP2,RPS27B,0.962
PWP2,RPS28A,0.966
PWP2,RPS28B,0.966
PWP2,RPS4A,0.99
PWP2,RPS4B,0.999
PWP2,RPS5,0.999
PWP2,RPS6A,0.997
PWP2,RPS6B,0.998
PWP2,RPS7A,0.999
PWP2,RPS7B,0.983
PWP2,RPS8A,0.999
PWP2,RPS8B,0.99
PWP2,RPS9A,0.999
PWP2,RPS9B,0.999
PWP2,RRP4,0.913
PWP2,RRP42,0.909
PWP2,RRP43,0.91
PWP2,RRP45,0.908
PWP2,RRP46,0.9
PWP2,RRP6,0.969
PWP2,RRP7,0.999
PWP2,SKI6,0.904
PWP2,SNU13,0.999
PWP2,UTP10,0.999
PWP2,UTP13,0.999
PWP2,UTP15,0.999
PWP2,UTP18,0.999
PWP2,UTP21,0.999
PWP2,UTP22,0.999
PWP2,UTP4,0.999
PWP2,UTP6,0.999
PWP2,UTP8,0.999
PWP2,UTP9,0.999
PXA1,PXA2,0.999
QCR10,QCR2,0.999
QCR10,QCR6,0.999
QCR10,QCR7,0.999
QCR10,QCR8,0.999
QCR10,QCR9,0.999
QCR10,RIP1,0.999
QCR2,QCR6,0.999
QCR2,QCR7,0.999
QCR2,QCR8,0.999
QCR2,QCR9,0.999
QCR2,RIP1,0.999
QCR2,RRN11,0.982
QCR2,SDH1,0.923
QCR2,SDH2,0.927
QCR2,SDH4,0.9
QCR6,QCR7,0.999
QCR6,QCR8,0.999
QCR6,QCR9,0.999
QCR6,RIP1,0.998
QCR7,QCR8,0.999
QCR7,QCR9,0.999
QCR7,RIP1,0.999
QCR7,RRN11,0.998
QCR7,SDH2,0.942
QCR8,QCR9,0.999
QCR8,RIP1,0.999
QCR8,RRN11,0.994
QCR9,RIP1,0.999
QCR9,RRN11,0.998
RAD1,RAD10,0.999
RAD1,RAD14,0.999
RAD1,RAD16,0.983
RAD1,RAD17,0.96
RAD1,RAD18,0.931
RAD1,RAD2,0.998
RAD1,RAD23,0.925
RAD1,RAD3,0.991
RAD1,RAD4,0.995
RAD1,RAD7,0.979
RAD1,REV3,0.967
RAD1,RFA1,0.997
RAD1,RFA2,0.947
RAD1,RMI1,0.965
RAD1,SGS1,0.994
RAD1,SLX1,0.909
RAD1,SLX4,0.967
RAD1,SSL2,0.982
RAD1,TOP3,0.99
RAD10,RAD14,0.999
RAD10,RAD16,0.984
RAD10,RAD2,0.999
RAD10,RAD23,0.958
RAD10,RAD3,0.991
RAD10,RAD4,0.997
RAD10,RAD7,0.985
RAD10,RFA1,0.923
RAD10,SLX1,0.918
RAD10,SSL1,0.905
RAD10,SSL2,0.98
RAD10,TFB1,0.905
RAD14,RAD16,0.995
RAD14,RAD2,0.998
RAD14,RAD23,0.988
RAD14,RAD26,0.978
RAD14,RAD3,0.999
RAD14,RAD4,0.999
RAD14,RAD7,0.995
RAD14,REV1,0.919
RAD14,REV3,0.977
RAD14,RFA1,0.962
RAD14,RFA2,0.946
RAD14,SSL1,0.944
RAD14,SSL2,0.998
RAD14,TFB1,0.979
RAD14,TFB2,0.942
RAD14,TFB4,0.958
RAD16,RAD2,0.996
RAD16,RAD23,0.998
RAD16,RAD26,0.915
RAD16,RAD3,0.977
RAD16,RAD4,0.999
RAD16,RAD7,0.999
RAD16,RFA2,0.9
RAD16,SSL1,0.927
RAD16,SSL2,0.952
RAD16,TFB1,0.926
RAD17,RAD24,0.998
RAD17,RAD53,0.955
RAD17,RFA1,0.96
RAD17,RFA2,0.918
RAD17,RFC2,0.989
RAD17,RFC3,0.975
RAD17,RFC4,0.979
RAD17,RFC5,0.962
RAD18,RAD55,0.935
RAD18,RAD57,0.92
RAD18,RAD6,0.999
RAD18,REV1,0.994
RAD18,REV3,0.998
RAD18,REV7,0.984
RAD18,RPS31,0.909
RAD18,SGS1,0.966
RAD18,UBC13,0.997
RAD2,RAD23,0.988
RAD2,RAD26,0.99
RAD2,RAD3,0.999
RAD2,RAD4,0.999
RAD2,RAD7,0.997
RAD2,SSL1,0.986
RAD2,SSL2,0.999
RAD2,TFB1,0.999
RAD23,RAD26,0.907
RAD23,RAD3,0.98
RAD23,RAD4,0.999
RAD23,RAD7,0.999
RAD23,RPL40A,0.94
RAD23,RPN1,0.997
RAD23,RPN10,0.999
RAD23,RPN11,0.992
RAD23,RPN12,0.967
RAD23,RPN13,0.991
RAD23,RPN3,0.961
RAD23,RPN6,0.958
RAD23,RPN8,0.952
RAD23,RPN9,0.963
RAD23,RPS31,0.919
RAD23,RPT1,0.978
RAD23,RPT2,0.955
RAD23,RPT3,0.966
RAD23,RPT4,0.918
RAD23,RPT5,0.99
RAD23,RPT6,0.985
RAD23,SNF5,0.903
RAD23,SSL1,0.94
RAD23,SSL2,0.976
RAD23,TFB1,0.96
RAD23,UBP6,0.977
RAD24,RAD53,0.977
RAD24,RFA1,0.908
RAD24,RFC1,0.993
RAD24,RFC2,0.999
RAD24,RFC3,0.999
RAD24,RFC4,0.999
RAD24,RFC5,0.999
RAD24,SGS1,0.976
RAD26,RAD3,0.968
RAD26,RAD4,0.929
RAD26,RAD7,0.993
RAD26,RPB10,0.964
RAD26,RPB11,0.942
RAD26,RPB2,0.999
RAD26,RPB3,0.98
RAD26,RPB4,0.99
RAD26,RPB5,0.964
RAD26,RPB7,0.977
RAD26,RPB8,0.964
RAD26,RPB9,0.999
RAD26,RPC10,0.964
RAD26,RPO21,0.999
RAD26,RPO26,0.97
RAD26,RPS31,0.901
RAD26,SPT4,0.933
RAD3,RAD4,0.998
RAD3,RAD7,0.969
RAD3,RGR1,0.968
RAD3,RPB10,0.985
RAD3,RPB11,0.974
RAD3,RPB2,0.987
RAD3,RPB3,0.991
RAD3,RPB4,0.99
RAD3,RPB5,0.987
RAD3,RPB7,0.986
RAD3,RPB8,0.984
RAD3,RPB9,0.988
RAD3,RPC10,0.985
RAD3,RPO21,0.992
RAD3,RPO26,0.985
RAD3,SOH1,0.966
RAD3,SPT15,0.978
RAD3,SRB4,0.977
RAD3,SRB7,0.957
RAD3,SSL1,0.999
RAD3,SSL2,0.999
RAD3,TFA1,0.999
RAD3,TFA2,0.999
RAD3,TFB1,0.999
RAD3,TFB2,0.999
RAD3,TFB3,0.999
RAD3,TFB4,0.999
RAD3,TFB5,0.992
RAD3,TFG1,0.994
RAD3,TFG2,0.989
RAD3,TOA1,0.966
RAD3,TOA2,0.987
RAD4,RAD7,0.999
RAD4,SNF5,0.96
RAD4,SNF6,0.937
RAD4,SSL1,0.988
RAD4,SSL2,0.995
RAD4,TFB1,0.997
RAD4,TFB2,0.953
RAD4,TFB4,0.957
RAD50,SGS1,0.944
RAD50,TOP3,0.903
RAD50,XRS2,0.987
RAD50,YKU70,0.964
RAD53,RNR1,0.955
RAD53,SGS1,0.984
RAD53,TOF1,0.915
RAD53,YKU70,0.901
RAD55,RAD57,0.999
RAD55,REV3,0.931
RAD55,SGS1,0.988
RAD55,TOP3,0.94
RAD57,REV3,0.952
RAD57,SAE3,0.916
RAD57,SGS1,0.992
RAD57,TOP3,0.902
RAD6,REV1,0.971
RAD6,REV3,0.994
RAD6,REV7,0.959
RAD6,RPL40A,0.934
RAD6,RPL40B,0.935
RAD6,RPS31,0.943
RAD6,RTF1,0.922
RAD6,SET1,0.927
RAD6,SWD2,0.915
RAD7,RPB9,0.916
RAD7,SSL1,0.944
RAD7,SSL2,0.937
RAD7,TFB1,0.928
RAI1,RAT1,0.999
RAI1,RRP42,0.921
RAI1,RTT103,0.999
RAM1,RAM2,0.999
RAT1,RRP6,0.958
RAT1,RTT103,0.999
RAT1,SKI2,0.979
RAV1,RAV2,0.999
RAV1,SKP1,0.999
RAV1,VMA2,0.949
RAV1,VMA4,0.91
RAV1,VPH1,0.952
RAV2,SKP1,0.998
RCO1,RPD3,0.999
RCO1,RXT2,0.982
RCO1,RXT3,0.949
RCO1,SAP30,0.964
RCO1,SDS3,0.994
RCO1,SIN3,0.999
RCO1,UME1,0.999
RCO1,UME6,0.96
RDS3,RSE1,0.999
RDS3,SMB1,0.966
RDS3,SMD1,0.98
RDS3,SMD2,0.99
RDS3,SMD3,0.977
RDS3,SME1,0.995
RDS3,SMX2,0.998
RDS3,SMX3,0.997
RDS3,SNP1,0.924
RDS3,SNU114,0.957
RDS3,SNU13,0.932
RDS3,SNU23,0.945
RDS3,SNU66,0.999
RDS3,SYF1,0.93
RDS3,YHC1,0.963
RDS3,YSF3,0.999
REC102,REC104,0.999
REC102,SKI8,0.991
REC102,SPO11,0.985
REC104,SKI8,0.993
REC104,SPO11,0.989
REC8,RED1,0.974
REC8,SCC2,0.94
REC8,SMC1,0.98
REC8,SMC3,0.999
REC8,SPO11,0.99
RED1,SPO11,0.928
RED1,ZIP1,0.981
REF2,RNA14,0.999
REF2,RNA15,0.96
REF2,SSU72,0.999
REF2,SWD2,0.999
REF2,SYC1,0.999
REF2,YSH1,0.999
REF2,YTH1,0.999
REG1,SDS22,0.968
REG1,SNF1,0.974
RET1,RPA190,0.989
RET1,RPA43,0.925
RET1,RPB10,0.999
RET1,RPB11,0.928
RET1,RPB3,0.927
RET1,RPB4,0.941
RET1,RPB5,0.999
RET1,RPB7,0.922
RET1,RPB8,0.999
RET1,RPC10,0.999
RET1,RPC11,0.999
RET1,RPC17,0.999
RET1,RPC19,0.999
RET1,RPC25,0.999
RET1,RPC31,0.999
RET1,RPC34,0.999
RET1,RPC37,0.999
RET1,RPC40,0.999
RET1,RPC53,0.999
RET1,RPC82,0.999
RET1,RPO26,0.999
RET1,RPO31,0.999
RET1,RPS15,0.943
RET1,RPS3,0.95
RET1,SPT15,0.966
RET1,SPT5,0.915
RET1,UTP21,0.928
RET2,RET3,0.999
RET2,SEC21,0.999
RET2,SEC26,0.999
RET2,SEC27,0.999
RET2,SEC28,0.999
RET3,SEC21,0.999
RET3,SEC26,0.999
RET3,SEC27,0.999
RET3,SEC28,0.999
REV1,REV3,0.999
REV1,REV7,0.999
REV1,RPS31,0.9
REV1,UBC13,0.985
REV3,REV7,0.999
REV3,UBC13,0.997
REV7,UBC13,0.967
RFA1,RFA2,0.999
RFA1,RFA3,0.999
RFA1,RMI1,0.945
RFA1,SGS1,0.999
RFA1,SLD5,0.991
RFA1,TOF1,0.992
RFA1,TOP3,0.99
RFA1,UFD1,0.914
RFA1,YKU70,0.964
RFA2,RFA3,0.999
RFA2,RFC4,0.911
RFA2,SGS1,0.987
RFA2,SLD5,0.925
RFA2,TOF1,0.928
RFA2,TOP3,0.953
RFA2,UFD1,0.912
RFA3,UFD1,0.9
RFC1,RFC2,0.999
RFC1,RFC3,0.999
RFC1,RFC4,0.999
RFC1,RFC5,0.999
RFC2,RFC3,0.999
RFC2,RFC4,0.999
RFC2,RFC5,0.999
RFC3,RFC4,0.999
RFC3,RFC5,0.999
RFC4,RFC5,0.999
RFM1,SUM1,0.999
RGP1,RIC1,0.991
RGP1,SLM4,0.9
RGR1,ROX3,0.999
RGR1,RPB10,0.989
RGR1,RPB11,0.995
RGR1,RPB2,0.997
RGR1,RPB3,0.999
RGR1,RPB4,0.997
RGR1,RPB5,0.993
RGR1,RPB7,0.995
RGR1,RPB8,0.991
RGR1,RPB9,0.992
RGR1,RPC10,0.989
RGR1,RPC40,0.919
RGR1,RPO21,0.999
RGR1,RPO26,0.992
RGR1,SIN4,0.999
RGR1,SOH1,0.999
RGR1,SPT15,0.97
RGR1,SRB2,0.999
RGR1,SRB4,0.999
RGR1,SRB5,0.999
RGR1,SRB6,0.999
RGR1,SRB7,0.999
RGR1,SRB8,0.962
RGR1,SSL1,0.948
RGR1,SSL2,0.958
RGR1,SSN2,0.935
RGR1,SSN3,0.998
RGR1,SSN8,0.989
RGR1,TFA1,0.964
RGR1,TFA2,0.981
RGR1,TFB2,0.955
RGR1,TFB3,0.972
RGR1,TFB4,0.95
RGR1,TFG1,0.964
RGR1,TFG2,0.967
RGR1,TOA1,0.952
RGR1,TOA2,0.95
RHO1,SEC3,0.999
RIC1,SLM4,0.9
RIP1,RRN11,0.997
RIP1,SDH1,0.968
RIP1,SDH2,0.997
RIP1,SDH4,0.908
RIP1,SOD1,0.918
RIX1,RPL16A,0.908
RIX1,RPL25,0.923
RIX1,RPL26A,0.908
RIX1,RPL3,0.974
RIX1,RPL31A,0.903
RIX1,RPL35B,0.947
RIX1,RPL4A,0.931
RIX1,RPL5,0.968
RIX1,RPL8A,0.915
RMD5,VID24,0.996
RMD5,VID28,0.998
RMD5,VID30,0.999
RMI1,SGS1,0.999
RMI1,SLX1,0.965
RMI1,SLX4,0.922
RMI1,TOP3,0.999
RML2,RPL23A,0.968
RML2,RPL23B,0.965
RML2,RPL25,0.984
RML2,RPL26A,0.91
RML2,RPL29,0.965
RML2,RPL3,0.917
RML2,RPL31A,0.902
RML2,RPL32,0.979
RML2,RPL38,0.959
RML2,RPL5,0.979
RML2,RPS15,0.984
RML2,RPS17A,0.903
RML2,RPS18A,0.94
RML2,RPS18B,0.918
RML2,RPS19A,0.904
RML2,RPS1A,0.907
RML2,RPS2,0.923
RML2,RPS20,0.923
RML2,RPS21B,0.959
RML2,RPS22A,0.936
RML2,RPS22B,0.913
RML2,RPS3,0.98
RML2,RPS5,0.975
RML2,RPS6B,0.906
RML2,RPS9A,0.907
RML2,RSM10,0.997
RML2,RSM18,0.998
RML2,RSM19,0.997
RML2,RSM23,0.996
RML2,RSM24,0.995
RML2,RSM25,0.942
RML2,RSM26,0.94
RML2,RSM27,0.985
RML2,RSM7,0.997
RML2,RTC6,0.999
RML2,SRP54,0.933
RML2,SWS2,0.985
RML2,YML6,0.997
RMP1,RPP1,0.999
RMP1,RPR2,0.999
RMP1,SEN15,0.905
RMP1,SEN2,0.904
RMP1,SEN34,0.901
RMP1,SEN54,0.9
RMP1,SNM1,0.999
RMP1,SNU13,0.9
RNA14,RNA15,0.999
RNA14,RPO21,0.903
RNA14,SSU72,0.982
RNA14,SWD2,0.978
RNA14,SYC1,0.928
RNA14,YSH1,0.998
RNA14,YTH1,0.999
RNA15,SSU72,0.981
RNA15,SWD2,0.961
RNA15,SYC1,0.913
RNA15,TFC4,0.994
RNA15,YSH1,0.999
RNA15,YTH1,0.982
RNH201,RNH202,0.999
RNH201,RNH203,0.999
RNH201,SGS1,0.95
RNH202,RNH203,0.999
RNH202,SGS1,0.921
RNR1,RNR2,0.999
RNR1,RNR4,0.999
RNR2,RNR4,0.999
ROX3,SIN4,0.999
ROX3,SOH1,0.998
ROX3,SRB2,0.998
ROX3,SRB4,0.999
ROX3,SRB5,0.999
ROX3,SRB6,0.998
ROX3,SRB7,0.999
ROX3,SRB8,0.977
ROX3,SSN2,0.976
ROX3,SSN3,0.912
ROX3,SSN8,0.971
RPA12,RPA135,0.999
RPA12,RPA14,0.999
RPA12,RPA190,0.999
RPA12,RPA34,0.999
RPA12,RPA43,0.999
RPA12,RPA49,0.999
RPA12,RPB10,0.999
RPA12,RPB11,0.934
RPA12,RPB4,0.924
RPA12,RPB5,0.999
RPA12,RPB7,0.936
RPA12,RPB8,0.999
RPA12,RPB9,0.959
RPA12,RPC10,0.999
RPA12,RPC11,0.963
RPA12,RPC19,0.999
RPA12,RPC25,0.905
RPA12,RPC40,0.999
RPA12,RPO26,0.999
RPA12,RRN11,0.951
RPA12,RRN6,0.924
RPA12,RRN7,0.975
RPA135,RPA14,0.997
RPA135,RPA190,0.999
RPA135,RPA34,0.999
RPA135,RPA43,0.999
RPA135,RPA49,0.999
RPA135,RPB10,0.999
RPA135,RPB11,0.959
RPA135,RPB3,0.941
RPA135,RPB4,0.95
RPA135,RPB5,0.999
RPA135,RPB7,0.913
RPA135,RPB8,0.999
RPA135,RPC10,0.999
RPA135,RPC19,0.999
RPA135,RPC25,0.951
RPA135,RPC34,0.971
RPA135,RPC37,0.917
RPA135,RPC40,0.999
RPA135,RPC82,0.936
RPA135,RPL25,0.9
RPA135,RPL5,0.903
RPA135,RPO26,0.999
RPA135,RPO31,0.992
RPA135,RPS15,0.949
RPA135,RPS3,0.955
RPA135,RRN11,0.938
RPA135,RRN7,0.985
RPA135,SPT4,0.931
RPA135,SPT5,0.991
RPA135,UTP10,0.956
RPA135,UTP13,0.923
RPA135,UTP21,0.963
RPA135,UTP22,0.964
RPA14,RPA190,0.999
RPA14,RPA34,0.999
RPA14,RPA43,0.999
RPA14,RPA49,0.995
RPA14,RPB10,0.99
RPA14,RPB5,0.99
RPA14,RPB8,0.981
RPA14,RPC10,0.982
RPA14,RPC19,0.983
RPA14,RPC40,0.991
RPA14,RPO26,0.999
RPA14,RRN7,0.909
RPA190,RPA34,0.999
RPA190,RPA43,0.999
RPA190,RPA49,0.999
RPA190,RPB10,0.999
RPA190,RPB2,0.977
RPA190,RPB3,0.983
RPA190,RPB5,0.999
RPA190,RPB8,0.999
RPA190,RPC10,0.999
RPA190,RPC17,0.925
RPA190,RPC19,0.999
RPA190,RPC25,0.976
RPA190,RPC34,0.967
RPA190,RPC37,0.934
RPA190,RPC40,0.999
RPA190,RPC53,0.937
RPA190,RPC82,0.967
RPA190,RPL25,0.936
RPA190,RPL5,0.917
RPA190,RPO26,0.999
RPA190,RPO31,0.969
RPA190,RPS15,0.947
RPA190,RPS2,0.941
RPA190,RPS3,0.955
RPA190,RRN11,0.933
RPA190,RRN6,0.9
RPA190,RRN7,0.978
RPA190,SPT5,0.917
RPA190,UTP10,0.961
RPA190,UTP13,0.957
RPA190,UTP21,0.947
RPA190,UTP22,0.945
RPA34,RPA43,0.999
RPA34,RPA49,0.999
RPA34,RPB10,0.999
RPA34,RPB5,0.999
RPA34,RPB8,0.999
RPA34,RPC10,0.999
RPA34,RPC19,0.999
RPA34,RPC40,0.999
RPA34,RPO26,0.999
RPA34,RRN11,0.951
RPA34,RRN6,0.937
RPA34,RRN7,0.96
RPA43,RPA49,0.999
RPA43,RPB10,0.999
RPA43,RPB2,0.917
RPA43,RPB3,0.965
RPA43,RPB5,0.999
RPA43,RPB8,0.999
RPA43,RPB9,0.9
RPA43,RPC10,0.999
RPA43,RPC11,0.953
RPA43,RPC17,0.92
RPA43,RPC19,0.999
RPA43,RPC25,0.924
RPA43,RPC40,0.999
RPA43,RPO26,0.999
RPA43,RPO31,0.958
RPA43,RRN6,0.913
RPA43,RRN7,0.96
RPA49,RPB10,0.999
RPA49,RPB5,0.999
RPA49,RPB8,0.999
RPA49,RPC10,0.999
RPA49,RPC19,0.999
RPA49,RPC40,0.999
RPA49,RPO26,0.999
RPA49,RPO31,0.915
RPA49,RRN11,0.951
RPA49,RRN7,0.977
RPB10,RPB11,0.999
RPB10,RPB2,0.999
RPB10,RPB3,0.999
RPB10,RPB4,0.999
RPB10,RPB5,0.999
RPB10,RPB7,0.999
RPB10,RPB8,0.999
RPB10,RPB9,0.999
RPB10,RPC10,0.999
RPB10,RPC11,0.999
RPB10,RPC17,0.999
RPB10,RPC19,0.999
RPB10,RPC25,0.999
RPB10,RPC31,0.997
RPB10,RPC34,0.999
RPB10,RPC37,0.999
RPB10,RPC40,0.999
RPB10,RPC53,0.999
RPB10,RPC82,0.999
RPB10,RPO21,0.999
RPB10,RPO26,0.999
RPB10,RPO31,0.999
RPB10,RRN7,0.935
RPB10,RTF1,0.952
RPB10,SOH1,0.988
RPB10,SPT15,0.987
RPB10,SPT4,0.997
RPB10,SPT5,0.996
RPB10,SRB2,0.918
RPB10,SRB4,0.992
RPB10,SRB7,0.992
RPB10,SSL1,0.972
RPB10,SSL2,0.974
RPB10,TFA1,0.997
RPB10,TFA2,0.974
RPB10,TFB1,0.974
RPB10,TFB2,0.974
RPB10,TFB3,0.974
RPB10,TFB4,0.975
RPB10,TFB5,0.907
RPB10,TFG1,0.995
RPB10,TFG2,0.988
RPB10,TOA1,0.961
RPB10,TOA2,0.976
RPB11,RPB2,0.999
RPB11,RPB3,0.999
RPB11,RPB4,0.999
RPB11,RPB5,0.999
RPB11,RPB7,0.999
RPB11,RPB8,0.999
RPB11,RPB9,0.999
RPB11,RPC10,0.999
RPB11,RPC11,0.951
RPB11,RPC19,0.919
RPB11,RPC40,0.99
RPB11,RPO21,0.999
RPB11,RPO26,0.999
RPB11,RTF1,0.932
RPB11,SOH1,0.991
RPB11,SPT15,0.978
RPB11,SPT4,0.999
RPB11,SPT5,0.999
RPB11,SRB2,0.988
RPB11,SRB4,0.998
RPB11,SRB7,0.993
RPB11,SSL1,0.972
RPB11,SSL2,0.982
RPB11,TAF14,0.952
RPB11,TFA1,0.979
RPB11,TFA2,0.978
RPB11,TFB1,0.969
RPB11,TFB2,0.971
RPB11,TFB3,0.97
RPB11,TFB4,0.969
RPB11,TFG1,0.996
RPB11,TFG2,0.997
RPB11,TOA1,0.959
RPB11,TOA2,0.979
RPB2,RPB3,0.999
RPB2,RPB4,0.999
RPB2,RPB5,0.999
RPB2,RPB7,0.999
RPB2,RPB8,0.999
RPB2,RPB9,0.999
RPB2,RPC10,0.999
RPB2,RPC19,0.964
RPB2,RPC25,0.949
RPB2,RPC40,0.985
RPB2,RPO21,0.999
RPB2,RPO26,0.999
RPB2,RPO31,0.983
RPB2,RPS15,0.942
RPB2,RPS20,0.911
RPB2,RPS3,0.949
RPB2,RTF1,0.98
RPB2,RTT103,0.998
RPB2,SOH1,0.992
RPB2,SPT15,0.994
RPB2,SPT16,0.982
RPB2,SPT4,0.999
RPB2,SPT5,0.999
RPB2,SRB2,0.918
RPB2,SRB4,0.994
RPB2,SRB7,0.99
RPB2,SSL1,0.978
RPB2,SSL2,0.987
RPB2,SSU72,0.946
RPB2,TAF10,0.914
RPB2,TAF14,0.981
RPB2,TAF2,0.903
RPB2,TEF2,0.901
RPB2,TFA1,0.996
RPB2,TFA2,0.996
RPB2,TFB1,0.974
RPB2,TFB2,0.976
RPB2,TFB3,0.974
RPB2,TFB4,0.974
RPB2,TFG1,0.999
RPB2,TFG2,0.999
RPB2,TOA1,0.963
RPB2,TOA2,0.981
RPB2,TUB2,0.942
RPB3,RPB4,0.999
RPB3,RPB5,0.999
RPB3,RPB7,0.999
RPB3,RPB8,0.999
RPB3,RPB9,0.999
RPB3,RPC10,0.999
RPB3,RPC19,0.999
RPB3,RPC25,0.982
RPB3,RPC34,0.95
RPB3,RPC37,0.905
RPB3,RPC82,0.923
RPB3,RPL25,0.943
RPB3,RPL26A,0.904
RPB3,RPL26B,0.905
RPB3,RPL3,0.923
RPB3,RPL5,0.939
RPB3,RPO21,0.999
RPB3,RPO26,0.999
RPB3,RPO31,0.979
RPB3,RPS11B,0.902
RPB3,RPS13,0.953
RPB3,RPS15,0.989
RPB3,RPS2,0.961
RPB3,RPS20,0.952
RPB3,RPS22A,0.907
RPB3,RPS3,0.989
RPB3,RPS5,0.961
RPB3,RSM10,0.948
RPB3,RSM7,0.936
RPB3,RTC6,0.913
RPB3,RTF1,0.983
RPB3,SOH1,0.993
RPB3,SPT15,0.995
RPB3,SPT16,0.996
RPB3,SPT4,0.999
RPB3,SPT5,0.999
RPB3,SRB2,0.994
RPB3,SRB4,0.999
RPB3,SRB5,0.916
RPB3,SRB7,0.996
RPB3,SSL1,0.977
RPB3,SSL2,0.982
RPB3,TAF14,0.982
RPB3,TFA1,0.995
RPB3,TFA2,0.99
RPB3,TFB1,0.986
RPB3,TFB2,0.977
RPB3,TFB3,0.98
RPB3,TFB4,0.978
RPB3,TFG1,0.999
RPB3,TFG2,0.999
RPB3,TOA1,0.969
RPB3,TOA2,0.981
RPB4,RPB5,0.999
RPB4,RPB7,0.999
RPB4,RPB8,0.999
RPB4,RPB9,0.999
RPB4,RPC10,0.999
RPB4,RPC11,0.93
RPB4,RPC17,0.913
RPB4,RPC40,0.979
RPB4,RPO21,0.999
RPB4,RPO26,0.999
RPB4,RTF1,0.951
RPB4,SOH1,0.993
RPB4,SPT15,0.988
RPB4,SPT16,0.94
RPB4,SPT4,0.999
RPB4,SPT5,0.999
RPB4,SRB2,0.966
RPB4,SRB4,0.999
RPB4,SRB5,0.904
RPB4,SRB7,0.995
RPB4,SSL1,0.981
RPB4,SSL2,0.986
RPB4,TAF14,0.968
RPB4,TFA1,0.99
RPB4,TFA2,0.984
RPB4,TFB1,0.976
RPB4,TFB2,0.976
RPB4,TFB3,0.996
RPB4,TFB4,0.976
RPB4,TFB5,0.902
RPB4,TFG1,0.998
RPB4,TFG2,0.997
RPB4,TOA1,0.968
RPB4,TOA2,0.977
RPB5,RPB7,0.999
RPB5,RPB8,0.999
RPB5,RPB9,0.999
RPB5,RPC10,0.999
RPB5,RPC11,0.999
RPB5,RPC17,0.999
RPB5,RPC19,0.999
RPB5,RPC25,0.999
RPB5,RPC31,0.999
RPB5,RPC34,0.999
RPB5,RPC37,0.999
RPB5,RPC40,0.999
RPB5,RPC53,0.999
RPB5,RPC82,0.999
RPB5,RPO21,0.999
RPB5,RPO26,0.999
RPB5,RPO31,0.999
RPB5,RRN11,0.902
RPB5,RRN7,0.951
RPB5,RTF1,0.941
RPB5,RVB1,0.915
RPB5,SOH1,0.99
RPB5,SPT15,0.997
RPB5,SPT16,0.932
RPB5,SPT4,0.999
RPB5,SPT5,0.999
RPB5,SRB2,0.918
RPB5,SRB4,0.994
RPB5,SRB7,0.99
RPB5,SSL1,0.972
RPB5,SSL2,0.996
RPB5,TAF12,0.911
RPB5,TAF14,0.967
RPB5,TFA1,0.997
RPB5,TFA2,0.992
RPB5,TFB1,0.975
RPB5,TFB2,0.976
RPB5,TFB3,0.974
RPB5,TFB4,0.976
RPB5,TFG1,0.999
RPB5,TFG2,0.999
RPB5,TOA1,0.964
RPB5,TOA2,0.985
RPB7,RPB8,0.999
RPB7,RPB9,0.999
RPB7,RPC10,0.999
RPB7,RPC11,0.928
RPB7,RPC40,0.974
RPB7,RPO21,0.999
RPB7,RPO26,0.999
RPB7,RTF1,0.939
RPB7,SOH1,0.991
RPB7,SPT15,0.989
RPB7,SPT16,0.92
RPB7,SPT4,0.999
RPB7,SPT5,0.999
RPB7,SRB2,0.934
RPB7,SRB4,0.999
RPB7,SRB7,0.992
RPB7,SSL1,0.976
RPB7,SSL2,0.981
RPB7,TFA1,0.999
RPB7,TFA2,0.983
RPB7,TFB1,0.975
RPB7,TFB2,0.988
RPB7,TFB3,0.995
RPB7,TFB4,0.976
RPB7,TFG1,0.999
RPB7,TFG2,0.999
RPB7,TOA1,0.96
RPB7,TOA2,0.978
RPB8,RPB9,0.999
RPB8,RPC10,0.999
RPB8,RPC11,0.999
RPB8,RPC17,0.999
RPB8,RPC19,0.999
RPB8,RPC25,0.999
RPB8,RPC31,0.998
RPB8,RPC34,0.999
RPB8,RPC37,0.999
RPB8,RPC40,0.999
RPB8,RPC53,0.999
RPB8,RPC82,0.999
RPB8,RPO21,0.999
RPB8,RPO26,0.999
RPB8,RPO31,0.999
RPB8,RRN7,0.935
RPB8,RTF1,0.939
RPB8,SOH1,0.989
RPB8,SPT15,0.987
RPB8,SPT4,0.996
RPB8,SPT5,0.998
RPB8,SRB2,0.925
RPB8,SRB4,0.994
RPB8,SRB7,0.99
RPB8,SSL1,0.971
RPB8,SSL2,0.974
RPB8,TFA1,0.986
RPB8,TFA2,0.979
RPB8,TFB1,0.974
RPB8,TFB2,0.974
RPB8,TFB3,0.974
RPB8,TFB4,0.974
RPB8,TFB5,0.9
RPB8,TFG1,0.981
RPB8,TFG2,0.997
RPB8,TOA1,0.959
RPB8,TOA2,0.981
RPB9,RPC10,0.999
RPB9,RPC11,0.955
RPB9,RPC19,0.94
RPB9,RPC40,0.918
RPB9,RPO21,0.999
RPB9,RPO26,0.999
RPB9,RPO31,0.998
RPB9,RTF1,0.957
RPB9,SOH1,0.994
RPB9,SPT15,0.985
RPB9,SPT4,0.999
RPB9,SPT5,0.998
RPB9,SRB2,0.96
RPB9,SRB4,0.996
RPB9,SRB7,0.991
RPB9,SSL1,0.975
RPB9,SSL2,0.984
RPB9,TAF14,0.99
RPB9,TFA1,0.994
RPB9,TFA2,0.985
RPB9,TFB1,0.974
RPB9,TFB2,0.975
RPB9,TFB3,0.976
RPB9,TFB4,0.974
RPB9,TFB5,0.927
RPB9,TFG1,0.999
RPB9,TFG2,0.999
RPB9,TOA1,0.964
RPB9,TOA2,0.977
RPC10,RPC11,0.999
RPC10,RPC17,0.999
RPC10,RPC19,0.999
RPC10,RPC25,0.999
RPC10,RPC31,0.996
RPC10,RPC34,0.998
RPC10,RPC37,0.999
RPC10,RPC40,0.999
RPC10,RPC53,0.999
RPC10,RPC82,0.998
RPC10,RPO21,0.999
RPC10,RPO26,0.999
RPC10,RPO31,0.999
RPC10,RRN7,0.984
RPC10,RTF1,0.952
RPC10,SOH1,0.99
RPC10,SPT15,0.985
RPC10,SPT16,0.909
RPC10,SPT4,0.997
RPC10,SPT5,0.998
RPC10,SRB2,0.919
RPC10,SRB4,0.992
RPC10,SRB7,0.992
RPC10,SSL1,0.972
RPC10,SSL2,0.974
RPC10,TFA1,0.998
RPC10,TFA2,0.991
RPC10,TFB1,0.974
RPC10,TFB2,0.978
RPC10,TFB3,0.982
RPC10,TFB4,0.975
RPC10,TFB5,0.907
RPC10,TFG1,0.99
RPC10,TFG2,0.992
RPC10,TOA1,0.959
RPC10,TOA2,0.977
RPC11,RPC17,0.999
RPC11,RPC19,0.999
RPC11,RPC25,0.999
RPC11,RPC31,0.999
RPC11,RPC34,0.999
RPC11,RPC37,0.999
RPC11,RPC40,0.999
RPC11,RPC53,0.999
RPC11,RPC82,0.999
RPC11,RPO26,0.999
RPC11,RPO31,0.999
RPC11,SPT15,0.959
RPC17,RPC19,0.999
RPC17,RPC25,0.999
RPC17,RPC31,0.999
RPC17,RPC34,0.999
RPC17,RPC37,0.999
RPC17,RPC40,0.999
RPC17,RPC53,0.999
RPC17,RPC82,0.999
RPC17,RPO26,0.999
RPC17,RPO31,0.999
RPC17,SPT15,0.928
RPC19,RPC25,0.999
RPC19,RPC31,0.999
RPC19,RPC34,0.999
RPC19,RPC37,0.999
RPC19,RPC40,0.999
RPC19,RPC53,0.999
RPC19,RPC82,0.999
RPC19,RPO26,0.999
RPC19,RPO31,0.999
RPC19,RRN11,0.927
RPC19,RRN7,0.911
RPC19,SPT15,0.962
RPC25,RPC31,0.999
RPC25,RPC34,0.999
RPC25,RPC37,0.999
RPC25,RPC40,0.999
RPC25,RPC53,0.999
RPC25,RPC82,0.999
RPC25,RPO26,0.999
RPC25,RPO31,0.999
RPC25,SPT15,0.928
RPC25,TFA1,0.904
RPC31,RPC34,0.999
RPC31,RPC37,0.999
RPC31,RPC40,0.999
RPC31,RPC53,0.999
RPC31,RPC82,0.999
RPC31,RPO26,0.999
RPC31,RPO31,0.999
RPC31,SPT15,0.957
RPC34,RPC37,0.999
RPC34,RPC40,0.999
RPC34,RPC53,0.999
RPC34,RPC82,0.999
RPC34,RPO26,0.999
RPC34,RPO31,0.999
RPC34,SPT15,0.984
RPC37,RPC40,0.999
RPC37,RPC53,0.999
RPC37,RPC82,0.999
RPC37,RPO26,0.999
RPC37,RPO31,0.999
RPC37,SPT15,0.928
RPC40,RPC53,0.999
RPC40,RPC82,0.999
RPC40,RPL25,0.955
RPC40,RPL26A,0.934
RPC40,RPL26B,0.915
RPC40,RPL3,0.935
RPC40,RPL5,0.946
RPC40,RPO26,0.999
RPC40,RPO31,0.999
RPC40,RPS0A,0.921
RPC40,RPS0B,0.902
RPC40,RPS13,0.965
RPC40,RPS14A,0.915
RPC40,RPS15,0.992
RPC40,RPS18A,0.921
RPC40,RPS18B,0.902
RPC40,RPS2,0.962
RPC40,RPS20,0.966
RPC40,RPS22A,0.928
RPC40,RPS3,0.993
RPC40,RPS5,0.947
RPC40,RPS9A,0.907
RPC40,RRN11,0.909
RPC40,RRN6,0.902
RPC40,RRN7,0.954
RPC40,RSM10,0.948
RPC40,RSM7,0.936
RPC40,RTC6,0.913
RPC40,RTF1,0.903
RPC40,SOH1,0.907
RPC40,SPT15,0.976
RPC40,SPT4,0.908
RPC40,SPT5,0.958
RPC40,SRB4,0.923
RPC40,SRB7,0.922
RPC40,TFA1,0.934
RPC40,TIF11,0.92
RPC53,RPC82,0.999
RPC53,RPO26,0.999
RPC53,RPO31,0.999
RPC53,SPT15,0.97
RPC53,TFC4,0.998
RPC82,RPO26,0.999
RPC82,RPO31,0.999
RPC82,SPT15,0.962
RPC82,TFC4,0.916
RPD3,RXT2,0.997
RPD3,RXT3,0.993
RPD3,SAP30,0.998
RPD3,SDS3,0.999
RPD3,SET1,0.948
RPD3,SIN3,0.999
RPD3,SIR2,0.985
RPD3,UME1,0.999
RPD3,UME6,0.999
RPG1,RPS0A,0.999
RPG1,RPS0B,0.99
RPG1,RPS10A,0.99
RPG1,RPS10B,0.937
RPG1,RPS11A,0.987
RPG1,RPS11B,0.986
RPG1,RPS12,0.994
RPG1,RPS13,0.997
RPG1,RPS14A,0.989
RPG1,RPS14B,0.984
RPG1,RPS15,0.994
RPG1,RPS16A,0.984
RPG1,RPS16B,0.985
RPG1,RPS17A,0.991
RPG1,RPS17B,0.994
RPG1,RPS18A,0.979
RPG1,RPS18B,0.972
RPG1,RPS19A,0.992
RPG1,RPS19B,0.928
RPG1,RPS1A,0.993
RPG1,RPS1B,0.996
RPG1,RPS2,0.999
RPG1,RPS20,0.998
RPG1,RPS21B,0.993
RPG1,RPS22A,0.984
RPG1,RPS23A,0.993
RPG1,RPS23B,0.987
RPG1,RPS24A,0.986
RPG1,RPS24B,0.987
RPG1,RPS25A,0.987
RPG1,RPS25B,0.939
RPG1,RPS26A,0.994
RPG1,RPS26B,0.99
RPG1,RPS27A,0.995
RPG1,RPS27B,0.993
RPG1,RPS28A,0.99
RPG1,RPS28B,0.985
RPG1,RPS29A,0.985
RPG1,RPS29B,0.984
RPG1,RPS3,0.999
RPG1,RPS30A,0.987
RPG1,RPS30B,0.982
RPG1,RPS31,0.992
RPG1,RPS4A,0.985
RPG1,RPS4B,0.985
RPG1,RPS5,0.99
RPG1,RPS6A,0.99
RPG1,RPS6B,0.992
RPG1,RPS7A,0.992
RPG1,RPS7B,0.951
RPG1,RPS8A,0.991
RPG1,RPS8B,0.986
RPG1,RPS9A,0.968
RPG1,RPS9B,0.952
RPG1,RSM10,0.914
RPG1,RSM7,0.907
RPG1,SUI1,0.999
RPG1,SUI2,0.999
RPG1,SUI3,0.999
RPG1,SUP45,0.92
RPG1,TIF1,0.905
RPG1,TIF11,0.999
RPG1,TIF34,0.999
RPG1,TIF35,0.999
RPG1,TIF4631,0.944
RPG1,TIF5,0.999
RPL10,RPL11A,0.999
RPL10,RPL11B,0.999
RPL10,RPL12A,0.998
RPL10,RPL12B,0.998
RPL10,RPL13A,0.998
RPL10,RPL13B,0.999
RPL10,RPL14A,0.998
RPL10,RPL14B,0.999
RPL10,RPL15A,0.999
RPL10,RPL15B,0.996
RPL10,RPL16A,0.999
RPL10,RPL16B,0.998
RPL10,RPL17A,0.999
RPL10,RPL17B,0.998
RPL10,RPL18A,0.998
RPL10,RPL18B,0.998
RPL10,RPL19A,0.997
RPL10,RPL19B,0.998
RPL10,RPL1A,0.999
RPL10,RPL1B,0.999
RPL10,RPL20A,0.999
RPL10,RPL20B,0.998
RPL10,RPL21A,0.999
RPL10,RPL21B,0.994
RPL10,RPL22A,0.998
RPL10,RPL22B,0.987
RPL10,RPL23A,0.999
RPL10,RPL23B,0.999
RPL10,RPL24A,0.999
RPL10,RPL24B,0.999
RPL10,RPL25,0.999
RPL10,RPL26A,0.999
RPL10,RPL26B,0.998
RPL10,RPL27A,0.999
RPL10,RPL27B,0.994
RPL10,RPL28,0.999
RPL10,RPL29,0.999
RPL10,RPL2A,0.999
RPL10,RPL2B,0.999
RPL10,RPL3,0.999
RPL10,RPL30,0.999
RPL10,RPL31A,0.998
RPL10,RPL31B,0.997
RPL10,RPL32,0.999
RPL10,RPL33A,0.999
RPL10,RPL33B,0.989
RPL10,RPL34A,0.997
RPL10,RPL34B,0.997
RPL10,RPL35A,0.998
RPL10,RPL35B,0.998
RPL10,RPL36A,0.997
RPL10,RPL36B,0.999
RPL10,RPL37A,0.996
RPL10,RPL37B,0.996
RPL10,RPL38,0.999
RPL10,RPL39,0.999
RPL10,RPL40A,0.998
RPL10,RPL40B,0.998
RPL10,RPL42A,0.995
RPL10,RPL42B,0.995
RPL10,RPL43A,0.998
RPL10,RPL43B,0.997
RPL10,RPL4A,0.999
RPL10,RPL4B,0.998
RPL10,RPL5,0.999
RPL10,RPL6A,0.998
RPL10,RPL6B,0.999
RPL10,RPL7A,0.999
RPL10,RPL7B,0.998
RPL10,RPL8A,0.999
RPL10,RPL8B,0.999
RPL10,RPL9A,0.999
RPL10,RPL9B,0.999
RPL10,RPP0,0.999
RPL10,RPP1A,0.999
RPL10,RPP1B,0.985
RPL10,RPP2A,0.997
RPL10,RPP2B,0.998
RPL10,RPS0A,0.998
RPL10,RPS0B,0.998
RPL10,RPS10A,0.998
RPL10,RPS10B,0.987
RPL10,RPS11A,0.997
RPL10,RPS11B,0.998
RPL10,RPS12,0.999
RPL10,RPS13,0.999
RPL10,RPS14A,0.999
RPL10,RPS14B,0.998
RPL10,RPS15,0.999
RPL10,RPS16A,0.998
RPL10,RPS16B,0.998
RPL10,RPS17A,0.998
RPL10,RPS17B,0.998
RPL10,RPS18A,0.998
RPL10,RPS18B,0.998
RPL10,RPS19A,0.998
RPL10,RPS19B,0.998
RPL10,RPS1A,0.999
RPL10,RPS1B,0.998
RPL10,RPS2,0.999
RPL10,RPS20,0.999
RPL10,RPS21A,0.929
RPL10,RPS21B,0.999
RPL10,RPS22A,0.999
RPL10,RPS22B,0.987
RPL10,RPS23A,0.998
RPL10,RPS23B,0.998
RPL10,RPS24A,0.996
RPL10,RPS24B,0.996
RPL10,RPS25A,0.998
RPL10,RPS25B,0.992
RPL10,RPS26A,0.998
RPL10,RPS26B,0.998
RPL10,RPS27A,0.998
RPL10,RPS27B,0.998
RPL10,RPS28A,0.995
RPL10,RPS28B,0.995
RPL10,RPS29A,0.997
RPL10,RPS29B,0.997
RPL10,RPS3,0.999
RPL10,RPS30A,0.996
RPL10,RPS30B,0.997
RPL10,RPS31,0.999
RPL10,RPS4A,0.998
RPL10,RPS4B,0.997
RPL10,RPS5,0.999
RPL10,RPS6A,0.998
RPL10,RPS6B,0.998
RPL10,RPS7A,0.998
RPL10,RPS7B,0.987
RPL10,RPS8A,0.998
RPL10,RPS8B,0.998
RPL10,RPS9A,0.998
RPL10,RPS9B,0.998
RPL10,RRN7,0.912
RPL10,RSM7,0.979
RPL10,RTC6,0.947
RPL10,SBH1,0.915
RPL10,SBH2,0.919
RPL10,SEC61,0.971
RPL10,SEC65,0.929
RPL10,SRP14,0.91
RPL10,SRP21,0.925
RPL10,SRP54,0.948
RPL10,SRP68,0.927
RPL10,SRP72,0.908
RPL10,SSH1,0.925
RPL10,SSS1,0.924
RPL10,STT3,0.94
RPL10,SWS2,0.97
RPL10,TEF4,0.908
RPL10,TIF11,0.901
RPL10,UTP10,0.994
RPL10,UTP6,0.994
RPL11A,RPL11B,0.991
RPL11A,RPL12A,0.999
RPL11A,RPL12B,0.998
RPL11A,RPL13A,0.996
RPL11A,RPL13B,0.984
RPL11A,RPL14A,0.995
RPL11A,RPL14B,0.995
RPL11A,RPL15A,0.997
RPL11A,RPL15B,0.994
RPL11A,RPL16A,0.999
RPL11A,RPL16B,0.998
RPL11A,RPL17A,0.998
RPL11A,RPL17B,0.998
RPL11A,RPL18A,0.997
RPL11A,RPL18B,0.996
RPL11A,RPL19A,0.998
RPL11A,RPL19B,0.998
RPL11A,RPL1A,0.998
RPL11A,RPL1B,0.997
RPL11A,RPL20A,0.997
RPL11A,RPL20B,0.997
RPL11A,RPL21A,0.997
RPL11A,RPL21B,0.983
RPL11A,RPL22A,0.995
RPL11A,RPL22B,0.972
RPL11A,RPL23A,0.997
RPL11A,RPL23B,0.997
RPL11A,RPL24A,0.997
RPL11A,RPL24B,0.998
RPL11A,RPL25,0.999
RPL11A,RPL26A,0.998
RPL11A,RPL26B,0.998
RPL11A,RPL27A,0.997
RPL11A,RPL27B,0.989
RPL11A,RPL28,0.999
RPL11A,RPL29,0.998
RPL11A,RPL2A,0.998
RPL11A,RPL2B,0.998
RPL11A,RPL3,0.999
RPL11A,RPL30,0.999
RPL11A,RPL31A,0.997
RPL11A,RPL31B,0.986
RPL11A,RPL32,0.999
RPL11A,RPL33A,0.997
RPL11A,RPL33B,0.984
RPL11A,RPL34A,0.997
RPL11A,RPL34B,0.996
RPL11A,RPL35A,0.998
RPL11A,RPL35B,0.998
RPL11A,RPL36A,0.996
RPL11A,RPL36B,0.993
RPL11A,RPL37A,0.995
RPL11A,RPL37B,0.995
RPL11A,RPL38,0.998
RPL11A,RPL39,0.998
RPL11A,RPL40A,0.995
RPL11A,RPL40B,0.995
RPL11A,RPL42A,0.995
RPL11A,RPL42B,0.995
RPL11A,RPL43A,0.996
RPL11A,RPL43B,0.995
RPL11A,RPL4A,0.998
RPL11A,RPL4B,0.998
RPL11A,RPL5,0.999
RPL11A,RPL6A,0.998
RPL11A,RPL6B,0.998
RPL11A,RPL7A,0.997
RPL11A,RPL7B,0.996
RPL11A,RPL8A,0.998
RPL11A,RPL8B,0.998
RPL11A,RPL9A,0.998
RPL11A,RPL9B,0.998
RPL11A,RPP0,0.999
RPL11A,RPP1A,0.991
RPL11A,RPP1B,0.944
RPL11A,RPP2A,0.992
RPL11A,RPP2B,0.944
RPL11A,RPS0A,0.995
RPL11A,RPS0B,0.992
RPL11A,RPS10A,0.998
RPL11A,RPS10B,0.988
RPL11A,RPS11A,0.996
RPL11A,RPS11B,0.997
RPL11A,RPS12,0.999
RPL11A,RPS13,0.999
RPL11A,RPS14A,0.998
RPL11A,RPS14B,0.997
RPL11A,RPS15,0.999
RPL11A,RPS16A,0.997
RPL11A,RPS16B,0.997
RPL11A,RPS17A,0.997
RPL11A,RPS17B,0.996
RPL11A,RPS18A,0.999
RPL11A,RPS18B,0.999
RPL11A,RPS19A,0.997
RPL11A,RPS19B,0.99
RPL11A,RPS1A,0.998
RPL11A,RPS1B,0.997
RPL11A,RPS2,0.999
RPL11A,RPS20,0.999
RPL11A,RPS21A,0.938
RPL11A,RPS21B,0.997
RPL11A,RPS22A,0.998
RPL11A,RPS22B,0.974
RPL11A,RPS23A,0.996
RPL11A,RPS23B,0.998
RPL11A,RPS24A,0.997
RPL11A,RPS24B,0.995
RPL11A,RPS25A,0.997
RPL11A,RPS25B,0.987
RPL11A,RPS26A,0.997
RPL11A,RPS26B,0.998
RPL11A,RPS27A,0.995
RPL11A,RPS27B,0.995
RPL11A,RPS28A,0.992
RPL11A,RPS28B,0.994
RPL11A,RPS29A,0.997
RPL11A,RPS29B,0.997
RPL11A,RPS3,0.999
RPL11A,RPS30A,0.989
RPL11A,RPS30B,0.992
RPL11A,RPS31,0.999
RPL11A,RPS4A,0.996
RPL11A,RPS4B,0.993
RPL11A,RPS5,0.999
RPL11A,RPS6A,0.996
RPL11A,RPS6B,0.997
RPL11A,RPS7A,0.997
RPL11A,RPS7B,0.981
RPL11A,RPS8A,0.996
RPL11A,RPS8B,0.995
RPL11A,RPS9A,0.995
RPL11A,RPS9B,0.997
RPL11A,RSM7,0.926
RPL11A,RTC6,0.98
RPL11A,SEC61,0.931
RPL11A,SRP54,0.931
RPL11A,TEF4,0.914
RPL11A,TIF11,0.929
RPL11B,RPL12A,0.999
RPL11B,RPL12B,0.999
RPL11B,RPL13A,0.996
RPL11B,RPL13B,0.982
RPL11B,RPL14A,0.995
RPL11B,RPL14B,0.995
RPL11B,RPL15A,0.996
RPL11B,RPL15B,0.994
RPL11B,RPL16A,0.998
RPL11B,RPL16B,0.991
RPL11B,RPL17A,0.997
RPL11B,RPL17B,0.997
RPL11B,RPL18A,0.997
RPL11B,RPL18B,0.994
RPL11B,RPL19A,0.997
RPL11B,RPL19B,0.997
RPL11B,RPL1A,0.997
RPL11B,RPL1B,0.999
RPL11B,RPL20A,0.996
RPL11B,RPL20B,0.997
RPL11B,RPL21A,0.995
RPL11B,RPL21B,0.976
RPL11B,RPL22A,0.995
RPL11B,RPL22B,0.972
RPL11B,RPL23A,0.997
RPL11B,RPL23B,0.997
RPL11B,RPL24A,0.997
RPL11B,RPL24B,0.998
RPL11B,RPL25,0.999
RPL11B,RPL26A,0.998
RPL11B,RPL26B,0.998
RPL11B,RPL27A,0.997
RPL11B,RPL27B,0.985
RPL11B,RPL28,0.998
RPL11B,RPL29,0.998
RPL11B,RPL2A,0.999
RPL11B,RPL2B,0.998
RPL11B,RPL3,0.999
RPL11B,RPL30,0.999
RPL11B,RPL31A,0.996
RPL11B,RPL31B,0.978
RPL11B,RPL32,0.999
RPL11B,RPL33A,0.996
RPL11B,RPL33B,0.982
RPL11B,RPL34A,0.996
RPL11B,RPL34B,0.996
RPL11B,RPL35A,0.998
RPL11B,RPL35B,0.997
RPL11B,RPL36A,0.995
RPL11B,RPL36B,0.994
RPL11B,RPL37A,0.996
RPL11B,RPL37B,0.994
RPL11B,RPL38,0.999
RPL11B,RPL39,0.998
RPL11B,RPL40A,0.994
RPL11B,RPL40B,0.994
RPL11B,RPL42A,0.993
RPL11B,RPL42B,0.992
RPL11B,RPL43A,0.995
RPL11B,RPL43B,0.995
RPL11B,RPL4A,0.998
RPL11B,RPL4B,0.998
RPL11B,RPL5,0.999
RPL11B,RPL6A,0.997
RPL11B,RPL6B,0.997
RPL11B,RPL7A,0.997
RPL11B,RPL7B,0.996
RPL11B,RPL8A,0.998
RPL11B,RPL8B,0.997
RPL11B,RPL9A,0.998
RPL11B,RPL9B,0.998
RPL11B,RPP0,0.998
RPL11B,RPP1A,0.989
RPL11B,RPP1B,0.95
RPL11B,RPP2A,0.944
RPL11B,RPP2B,0.944
RPL11B,RPS0A,0.996
RPL11B,RPS0B,0.994
RPL11B,RPS10A,0.997
RPL11B,RPS10B,0.983
RPL11B,RPS11A,0.996
RPL11B,RPS11B,0.995
RPL11B,RPS12,0.998
RPL11B,RPS13,0.999
RPL11B,RPS14A,0.997
RPL11B,RPS14B,0.996
RPL11B,RPS15,0.999
RPL11B,RPS16A,0.996
RPL11B,RPS16B,0.997
RPL11B,RPS17A,0.995
RPL11B,RPS17B,0.996
RPL11B,RPS18A,0.999
RPL11B,RPS18B,0.999
RPL11B,RPS19A,0.997
RPL11B,RPS19B,0.997
RPL11B,RPS1A,0.996
RPL11B,RPS1B,0.997
RPL11B,RPS2,0.999
RPL11B,RPS20,0.998
RPL11B,RPS21A,0.954
RPL11B,RPS21B,0.998
RPL11B,RPS22A,0.996
RPL11B,RPS22B,0.971
RPL11B,RPS23A,0.997
RPL11B,RPS23B,0.997
RPL11B,RPS24A,0.996
RPL11B,RPS24B,0.996
RPL11B,RPS25A,0.996
RPL11B,RPS25B,0.979
RPL11B,RPS26A,0.996
RPL11B,RPS26B,0.998
RPL11B,RPS27A,0.993
RPL11B,RPS27B,0.995
RPL11B,RPS28A,0.991
RPL11B,RPS28B,0.991
RPL11B,RPS29A,0.997
RPL11B,RPS29B,0.995
RPL11B,RPS3,0.999
RPL11B,RPS30A,0.992
RPL11B,RPS30B,0.993
RPL11B,RPS31,0.998
RPL11B,RPS4A,0.995
RPL11B,RPS4B,0.995
RPL11B,RPS5,0.999
RPL11B,RPS6A,0.996
RPL11B,RPS6B,0.995
RPL11B,RPS7A,0.996
RPL11B,RPS7B,0.974
RPL11B,RPS8A,0.994
RPL11B,RPS8B,0.994
RPL11B,RPS9A,0.993
RPL11B,RPS9B,0.995
RPL11B,RSM7,0.926
RPL11B,RTC6,0.979
RPL11B,SEC61,0.929
RPL11B,SRP54,0.931
RPL11B,TEF4,0.906
RPL11B,TIF11,0.909
RPL12A,RPL12B,0.957
RPL12A,RPL13A,0.997
RPL12A,RPL13B,0.987
RPL12A,RPL14A,0.995
RPL12A,RPL14B,0.976
RPL12A,RPL15A,0.996
RPL12A,RPL15B,0.962
RPL12A,RPL16A,0.997
RPL12A,RPL16B,0.989
RPL12A,RPL17A,0.998
RPL12A,RPL17B,0.991
RPL12A,RPL18A,0.996
RPL12A,RPL18B,0.994
RPL12A,RPL19A,0.998
RPL12A,RPL19B,0.998
RPL12A,RPL1A,0.998
RPL12A,RPL1B,0.998
RPL12A,RPL20A,0.997
RPL12A,RPL20B,0.997
RPL12A,RPL21A,0.997
RPL12A,RPL21B,0.985
RPL12A,RPL22A,0.994
RPL12A,RPL22B,0.958
RPL12A,RPL23A,0.999
RPL12A,RPL23B,0.999
RPL12A,RPL24A,0.998
RPL12A,RPL24B,0.998
RPL12A,RPL25,0.999
RPL12A,RPL26A,0.998
RPL12A,RPL26B,0.988
RPL12A,RPL27A,0.996
RPL12A,RPL27B,0.987
RPL12A,RPL28,0.998
RPL12A,RPL29,0.998
RPL12A,RPL2A,0.998
RPL12A,RPL2B,0.998
RPL12A,RPL3,0.999
RPL12A,RPL30,0.998
RPL12A,RPL31A,0.997
RPL12A,RPL31B,0.986
RPL12A,RPL32,0.999
RPL12A,RPL33A,0.996
RPL12A,RPL33B,0.982
RPL12A,RPL34A,0.997
RPL12A,RPL34B,0.981
RPL12A,RPL35A,0.997
RPL12A,RPL35B,0.996
RPL12A,RPL36A,0.997
RPL12A,RPL36B,0.977
RPL12A,RPL37A,0.995
RPL12A,RPL37B,0.966
RPL12A,RPL38,0.998
RPL12A,RPL39,0.998
RPL12A,RPL40A,0.995
RPL12A,RPL40B,0.995
RPL12A,RPL42A,0.989
RPL12A,RPL42B,0.988
RPL12A,RPL43A,0.994
RPL12A,RPL43B,0.992
RPL12A,RPL4A,0.997
RPL12A,RPL4B,0.997
RPL12A,RPL5,0.999
RPL12A,RPL6A,0.998
RPL12A,RPL6B,0.999
RPL12A,RPL7A,0.997
RPL12A,RPL7B,0.994
RPL12A,RPL8A,0.998
RPL12A,RPL8B,0.993
RPL12A,RPL9A,0.999
RPL12A,RPL9B,0.994
RPL12A,RPP0,0.999
RPL12A,RPP1A,0.994
RPL12A,RPP1B,0.969
RPL12A,RPP2A,0.993
RPL12A,RPP2B,0.942
RPL12A,RPS0A,0.998
RPL12A,RPS0B,0.987
RPL12A,RPS10A,0.997
RPL12A,RPS10B,0.984
RPL12A,RPS11A,0.996
RPL12A,RPS11B,0.997
RPL12A,RPS12,0.999
RPL12A,RPS13,0.998
RPL12A,RPS14A,0.996
RPL12A,RPS14B,0.994
RPL12A,RPS15,0.999
RPL12A,RPS16A,0.996
RPL12A,RPS16B,0.997
RPL12A,RPS17A,0.996
RPL12A,RPS17B,0.995
RPL12A,RPS18A,0.996
RPL12A,RPS18B,0.997
RPL12A,RPS19A,0.996
RPL12A,RPS19B,0.996
RPL12A,RPS1A,0.998
RPL12A,RPS1B,0.986
RPL12A,RPS2,0.999
RPL12A,RPS20,0.998
RPL12A,RPS21A,0.927
RPL12A,RPS21B,0.998
RPL12A,RPS22A,0.997
RPL12A,RPS22B,0.958
RPL12A,RPS23A,0.996
RPL12A,RPS23B,0.996
RPL12A,RPS24A,0.997
RPL12A,RPS24B,0.996
RPL12A,RPS25A,0.996
RPL12A,RPS25B,0.972
RPL12A,RPS26A,0.996
RPL12A,RPS26B,0.998
RPL12A,RPS27A,0.99
RPL12A,RPS27B,0.993
RPL12A,RPS28A,0.99
RPL12A,RPS28B,0.994
RPL12A,RPS29A,0.995
RPL12A,RPS29B,0.994
RPL12A,RPS3,0.999
RPL12A,RPS30A,0.984
RPL12A,RPS30B,0.989
RPL12A,RPS31,0.998
RPL12A,RPS4A,0.995
RPL12A,RPS4B,0.993
RPL12A,RPS5,0.999
RPL12A,RPS6A,0.995
RPL12A,RPS6B,0.996
RPL12A,RPS7A,0.995
RPL12A,RPS7B,0.976
RPL12A,RPS8A,0.995
RPL12A,RPS8B,0.994
RPL12A,RPS9A,0.991
RPL12A,RPS9B,0.984
RPL12A,RSM18,0.91
RPL12A,RSM23,0.9
RPL12A,RSM7,0.922
RPL12A,RTC6,0.979
RPL12A,SEC23,0.9
RPL12A,SRP54,0.919
RPL12A,STT3,0.9
RPL12B,RPL13A,0.996
RPL12B,RPL13B,0.989
RPL12B,RPL14A,0.996
RPL12B,RPL14B,0.974
RPL12B,RPL15A,0.996
RPL12B,RPL15B,0.963
RPL12B,RPL16A,0.998
RPL12B,RPL16B,0.988
RPL12B,RPL17A,0.997
RPL12B,RPL17B,0.988
RPL12B,RPL18A,0.996
RPL12B,RPL18B,0.992
RPL12B,RPL19A,0.997
RPL12B,RPL19B,0.998
RPL12B,RPL1A,0.997
RPL12B,RPL1B,0.998
RPL12B,RPL20A,0.997
RPL12B,RPL20B,0.997
RPL12B,RPL21A,0.997
RPL12B,RPL21B,0.984
RPL12B,RPL22A,0.998
RPL12B,RPL22B,0.96
RPL12B,RPL23A,0.998
RPL12B,RPL23B,0.998
RPL12B,RPL24A,0.998
RPL12B,RPL24B,0.998
RPL12B,RPL25,0.999
RPL12B,RPL26A,0.997
RPL12B,RPL26B,0.987
RPL12B,RPL27A,0.997
RPL12B,RPL27B,0.986
RPL12B,RPL28,0.998
RPL12B,RPL29,0.998
RPL12B,RPL2A,0.998
RPL12B,RPL2B,0.998
RPL12B,RPL3,0.999
RPL12B,RPL30,0.999
RPL12B,RPL31A,0.998
RPL12B,RPL31B,0.98
RPL12B,RPL32,0.999
RPL12B,RPL33A,0.997
RPL12B,RPL33B,0.983
RPL12B,RPL34A,0.996
RPL12B,RPL34B,0.985
RPL12B,RPL35A,0.998
RPL12B,RPL35B,0.995
RPL12B,RPL36A,0.996
RPL12B,RPL36B,0.973
RPL12B,RPL37A,0.996
RPL12B,RPL37B,0.968
RPL12B,RPL38,0.998
RPL12B,RPL39,0.999
RPL12B,RPL40A,0.996
RPL12B,RPL40B,0.995
RPL12B,RPL42A,0.991
RPL12B,RPL42B,0.991
RPL12B,RPL43A,0.992
RPL12B,RPL43B,0.991
RPL12B,RPL4A,0.997
RPL12B,RPL4B,0.997
RPL12B,RPL5,0.999
RPL12B,RPL6A,0.999
RPL12B,RPL6B,0.998
RPL12B,RPL7A,0.997
RPL12B,RPL7B,0.994
RPL12B,RPL8A,0.997
RPL12B,RPL8B,0.992
RPL12B,RPL9A,0.998
RPL12B,RPL9B,0.994
RPL12B,RPP0,0.999
RPL12B,RPP1A,0.995
RPL12B,RPP1B,0.976
RPL12B,RPP2A,0.994
RPL12B,RPP2B,0.967
RPL12B,RPS0A,0.998
RPL12B,RPS0B,0.987
RPL12B,RPS10A,0.998
RPL12B,RPS10B,0.982
RPL12B,RPS11A,0.996
RPL12B,RPS11B,0.997
RPL12B,RPS12,0.999
RPL12B,RPS13,0.999
RPL12B,RPS14A,0.996
RPL12B,RPS14B,0.993
RPL12B,RPS15,0.999
RPL12B,RPS16A,0.995
RPL12B,RPS16B,0.997
RPL12B,RPS17A,0.997
RPL12B,RPS17B,0.996
RPL12B,RPS18A,0.997
RPL12B,RPS18B,0.998
RPL12B,RPS19A,0.997
RPL12B,RPS19B,0.996
RPL12B,RPS1A,0.998
RPL12B,RPS1B,0.988
RPL12B,RPS2,0.999
RPL12B,RPS20,0.998
RPL12B,RPS21B,0.997
RPL12B,RPS22A,0.996
RPL12B,RPS22B,0.955
RPL12B,RPS23A,0.997
RPL12B,RPS23B,0.996
RPL12B,RPS24A,0.999
RPL12B,RPS24B,0.996
RPL12B,RPS25A,0.996
RPL12B,RPS25B,0.972
RPL12B,RPS26A,0.997
RPL12B,RPS26B,0.997
RPL12B,RPS27A,0.992
RPL12B,RPS27B,0.993
RPL12B,RPS28A,0.991
RPL12B,RPS28B,0.993
RPL12B,RPS29A,0.994
RPL12B,RPS29B,0.994
RPL12B,RPS3,0.999
RPL12B,RPS30A,0.984
RPL12B,RPS30B,0.988
RPL12B,RPS31,0.998
RPL12B,RPS4A,0.996
RPL12B,RPS4B,0.994
RPL12B,RPS5,0.999
RPL12B,RPS6A,0.995
RPL12B,RPS6B,0.998
RPL12B,RPS7A,0.996
RPL12B,RPS7B,0.967
RPL12B,RPS8A,0.995
RPL12B,RPS8B,0.993
RPL12B,RPS9A,0.994
RPL12B,RPS9B,0.986
RPL12B,RSM18,0.912
RPL12B,RSM23,0.9
RPL12B,RSM7,0.932
RPL12B,RTC6,0.979
RPL12B,SEC23,0.9
RPL12B,SRP54,0.918
RPL12B,STT3,0.9
RPL13A,RPL13B,0.976
RPL13A,RPL14A,0.998
RPL13A,RPL14B,0.998
RPL13A,RPL15A,0.998
RPL13A,RPL15B,0.995
RPL13A,RPL16A,0.999
RPL13A,RPL16B,0.999
RPL13A,RPL17A,0.998
RPL13A,RPL17B,0.998
RPL13A,RPL18A,0.998
RPL13A,RPL18B,0.998
RPL13A,RPL19A,0.997
RPL13A,RPL19B,0.997
RPL13A,RPL1A,0.996
RPL13A,RPL1B,0.996
RPL13A,RPL20A,0.998
RPL13A,RPL20B,0.998
RPL13A,RPL21A,0.996
RPL13A,RPL21B,0.982
RPL13A,RPL22A,0.993
RPL13A,RPL22B,0.953
RPL13A,RPL23A,0.997
RPL13A,RPL23B,0.997
RPL13A,RPL24A,0.997
RPL13A,RPL24B,0.997
RPL13A,RPL25,0.998
RPL13A,RPL26A,0.995
RPL13A,RPL26B,0.995
RPL13A,RPL27A,0.997
RPL13A,RPL27B,0.988
RPL13A,RPL28,0.999
RPL13A,RPL29,0.998
RPL13A,RPL2A,0.997
RPL13A,RPL2B,0.997
RPL13A,RPL3,0.998
RPL13A,RPL30,0.998
RPL13A,RPL31A,0.995
RPL13A,RPL31B,0.976
RPL13A,RPL32,0.999
RPL13A,RPL33A,0.996
RPL13A,RPL33B,0.988
RPL13A,RPL34A,0.998
RPL13A,RPL34B,0.998
RPL13A,RPL35A,0.997
RPL13A,RPL35B,0.998
RPL13A,RPL36A,0.999
RPL13A,RPL36B,0.997
RPL13A,RPL37A,0.995
RPL13A,RPL37B,0.993
RPL13A,RPL38,0.998
RPL13A,RPL39,0.998
RPL13A,RPL40A,0.993
RPL13A,RPL40B,0.994
RPL13A,RPL42A,0.993
RPL13A,RPL42B,0.992
RPL13A,RPL43A,0.995
RPL13A,RPL43B,0.993
RPL13A,RPL4A,0.997
RPL13A,RPL4B,0.995
RPL13A,RPL5,0.998
RPL13A,RPL6A,0.999
RPL13A,RPL6B,0.999
RPL13A,RPL7A,0.997
RPL13A,RPL7B,0.996
RPL13A,RPL8A,0.998
RPL13A,RPL8B,0.999
RPL13A,RPL9A,0.997
RPL13A,RPL9B,0.996
RPL13A,RPP0,0.998
RPL13A,RPP1A,0.993
RPL13A,RPP1B,0.976
RPL13A,RPP2A,0.966
RPL13A,RPP2B,0.957
RPL13A,RPS0A,0.997
RPL13A,RPS0B,0.996
RPL13A,RPS10A,0.996
RPL13A,RPS10B,0.974
RPL13A,RPS11A,0.996
RPL13A,RPS11B,0.997
RPL13A,RPS12,0.998
RPL13A,RPS13,0.998
RPL13A,RPS14A,0.995
RPL13A,RPS14B,0.992
RPL13A,RPS15,0.998
RPL13A,RPS16A,0.995
RPL13A,RPS16B,0.997
RPL13A,RPS17A,0.993
RPL13A,RPS17B,0.994
RPL13A,RPS18A,0.994
RPL13A,RPS18B,0.995
RPL13A,RPS19A,0.996
RPL13A,RPS19B,0.982
RPL13A,RPS1A,0.996
RPL13A,RPS1B,0.996
RPL13A,RPS2,0.998
RPL13A,RPS20,0.997
RPL13A,RPS21A,0.941
RPL13A,RPS21B,0.998
RPL13A,RPS22A,0.996
RPL13A,RPS22B,0.963
RPL13A,RPS23A,0.995
RPL13A,RPS23B,0.992
RPL13A,RPS24A,0.997
RPL13A,RPS24B,0.996
RPL13A,RPS25A,0.996
RPL13A,RPS25B,0.982
RPL13A,RPS26A,0.994
RPL13A,RPS26B,0.997
RPL13A,RPS27A,0.989
RPL13A,RPS27B,0.992
RPL13A,RPS28A,0.989
RPL13A,RPS28B,0.993
RPL13A,RPS29A,0.994
RPL13A,RPS29B,0.967
RPL13A,RPS3,0.998
RPL13A,RPS30A,0.993
RPL13A,RPS30B,0.995
RPL13A,RPS31,0.998
RPL13A,RPS4A,0.996
RPL13A,RPS4B,0.995
RPL13A,RPS5,0.999
RPL13A,RPS6A,0.996
RPL13A,RPS6B,0.995
RPL13A,RPS7A,0.997
RPL13A,RPS7B,0.992
RPL13A,RPS8A,0.996
RPL13A,RPS8B,0.993
RPL13A,RPS9A,0.992
RPL13A,RPS9B,0.995
RPL13A,RSM10,0.911
RPL13A,RSM7,0.934
RPL13A,TEF4,0.919
RPL13B,RPL14A,0.994
RPL13B,RPL14B,0.998
RPL13B,RPL15A,0.991
RPL13B,RPL15B,0.979
RPL13B,RPL16A,0.998
RPL13B,RPL16B,0.995
RPL13B,RPL17A,0.998
RPL13B,RPL17B,0.989
RPL13B,RPL18A,0.995
RPL13B,RPL18B,0.991
RPL13B,RPL19A,0.989
RPL13B,RPL19B,0.991
RPL13B,RPL1A,0.984
RPL13B,RPL1B,0.984
RPL13B,RPL20A,0.992
RPL13B,RPL20B,0.991
RPL13B,RPL21A,0.996
RPL13B,RPL21B,0.982
RPL13B,RPL22A,0.979
RPL13B,RPL22B,0.957
RPL13B,RPL23A,0.987
RPL13B,RPL23B,0.988
RPL13B,RPL24A,0.998
RPL13B,RPL24B,0.991
RPL13B,RPL25,0.999
RPL13B,RPL26A,0.983
RPL13B,RPL26B,0.982
RPL13B,RPL27A,0.997
RPL13B,RPL27B,0.987
RPL13B,RPL28,0.999
RPL13B,RPL29,0.998
RPL13B,RPL2A,0.99
RPL13B,RPL2B,0.987
RPL13B,RPL3,0.999
RPL13B,RPL30,0.998
RPL13B,RPL31A,0.989
RPL13B,RPL31B,0.994
RPL13B,RPL32,0.999
RPL13B,RPL33A,0.996
RPL13B,RPL33B,0.983
RPL13B,RPL34A,0.99
RPL13B,RPL34B,0.99
RPL13B,RPL35A,0.988
RPL13B,RPL35B,0.977
RPL13B,RPL36A,0.994
RPL13B,RPL36B,0.998
RPL13B,RPL37A,0.981
RPL13B,RPL37B,0.973
RPL13B,RPL38,0.998
RPL13B,RPL39,0.998
RPL13B,RPL40A,0.974
RPL13B,RPL40B,0.975
RPL13B,RPL42A,0.974
RPL13B,RPL42B,0.97
RPL13B,RPL43A,0.981
RPL13B,RPL43B,0.969
RPL13B,RPL4A,0.982
RPL13B,RPL4B,0.979
RPL13B,RPL5,0.999
RPL13B,RPL6A,0.997
RPL13B,RPL6B,0.997
RPL13B,RPL7A,0.998
RPL13B,RPL7B,0.98
RPL13B,RPL8A,0.993
RPL13B,RPL8B,0.999
RPL13B,RPL9A,0.988
RPL13B,RPL9B,0.997
RPL13B,RPP0,0.999
RPL13B,RPP1A,0.995
RPL13B,RPP1B,0.976
RPL13B,RPP2A,0.968
RPL13B,RPP2B,0.992
RPL13B,RPS0A,0.986
RPL13B,RPS0B,0.989
RPL13B,RPS10A,0.982
RPL13B,RPS10B,0.974
RPL13B,RPS11A,0.984
RPL13B,RPS11B,0.985
RPL13B,RPS12,0.994
RPL13B,RPS13,0.994
RPL13B,RPS14A,0.981
RPL13B,RPS14B,0.966
RPL13B,RPS15,0.994
RPL13B,RPS16A,0.981
RPL13B,RPS16B,0.989
RPL13B,RPS17A,0.978
RPL13B,RPS17B,0.977
RPL13B,RPS18A,0.976
RPL13B,RPS18B,0.978
RPL13B,RPS19A,0.982
RPL13B,RPS19B,0.986
RPL13B,RPS1A,0.984
RPL13B,RPS1B,0.984
RPL13B,RPS2,0.995
RPL13B,RPS20,0.989
RPL13B,RPS21B,0.992
RPL13B,RPS22A,0.981
RPL13B,RPS22B,0.961
RPL13B,RPS23A,0.978
RPL13B,RPS23B,0.976
RPL13B,RPS24A,0.991
RPL13B,RPS24B,0.984
RPL13B,RPS25A,0.985
RPL13B,RPS25B,0.983
RPL13B,RPS26A,0.984
RPL13B,RPS26B,0.986
RPL13B,RPS27A,0.942
RPL13B,RPS27B,0.971
RPL13B,RPS28A,0.949
RPL13B,RPS28B,0.958
RPL13B,RPS29A,0.974
RPL13B,RPS29B,0.966
RPL13B,RPS3,0.994
RPL13B,RPS30A,0.974
RPL13B,RPS30B,0.98
RPL13B,RPS31,0.994
RPL13B,RPS4A,0.991
RPL13B,RPS4B,0.979
RPL13B,RPS5,0.994
RPL13B,RPS6A,0.983
RPL13B,RPS6B,0.981
RPL13B,RPS7A,0.995
RPL13B,RPS7B,0.99
RPL13B,RPS8A,0.964
RPL13B,RPS8B,0.967
RPL13B,RPS9A,0.953
RPL13B,RPS9B,0.985
RPL13B,RSM10,0.911
RPL13B,RSM7,0.935
RPL13B,STT3,0.9
RPL13B,TEF4,0.902
RPL14A,RPL14B,0.967
RPL14A,RPL15A,0.996
RPL14A,RPL15B,0.977
RPL14A,RPL16A,0.999
RPL14A,RPL16B,0.999
RPL14A,RPL17A,0.997
RPL14A,RPL17B,0.985
RPL14A,RPL18A,0.998
RPL14A,RPL18B,0.997
RPL14A,RPL19A,0.996
RPL14A,RPL19B,0.997
RPL14A,RPL1A,0.993
RPL14A,RPL1B,0.994
RPL14A,RPL20A,0.999
RPL14A,RPL20B,0.999
RPL14A,RPL21A,0.997
RPL14A,RPL21B,0.988
RPL14A,RPL22A,0.997
RPL14A,RPL22B,0.965
RPL14A,RPL23A,0.997
RPL14A,RPL23B,0.997
RPL14A,RPL24A,0.996
RPL14A,RPL24B,0.996
RPL14A,RPL25,0.999
RPL14A,RPL26A,0.997
RPL14A,RPL26B,0.982
RPL14A,RPL27A,0.997
RPL14A,RPL27B,0.989
RPL14A,RPL28,0.999
RPL14A,RPL29,0.998
RPL14A,RPL2A,0.997
RPL14A,RPL2B,0.997
RPL14A,RPL3,0.998
RPL14A,RPL30,0.999
RPL14A,RPL31A,0.997
RPL14A,RPL31B,0.985
RPL14A,RPL32,0.999
RPL14A,RPL33A,0.998
RPL14A,RPL33B,0.994
RPL14A,RPL34A,0.998
RPL14A,RPL34B,0.993
RPL14A,RPL35A,0.997
RPL14A,RPL35B,0.995
RPL14A,RPL36A,0.997
RPL14A,RPL36B,0.997
RPL14A,RPL37A,0.997
RPL14A,RPL37B,0.984
RPL14A,RPL38,0.999
RPL14A,RPL39,0.998
RPL14A,RPL40A,0.993
RPL14A,RPL40B,0.995
RPL14A,RPL41A,0.905
RPL14A,RPL42A,0.991
RPL14A,RPL42B,0.989
RPL14A,RPL43A,0.997
RPL14A,RPL43B,0.995
RPL14A,RPL4A,0.996
RPL14A,RPL4B,0.982
RPL14A,RPL5,0.999
RPL14A,RPL6A,0.999
RPL14A,RPL6B,0.999
RPL14A,RPL7A,0.998
RPL14A,RPL7B,0.996
RPL14A,RPL8A,0.998
RPL14A,RPL8B,0.994
RPL14A,RPL9A,0.998
RPL14A,RPL9B,0.995
RPL14A,RPP0,0.998
RPL14A,RPP1A,0.994
RPL14A,RPP1B,0.98
RPL14A,RPP2A,0.994
RPL14A,RPP2B,0.965
RPL14A,RPS0A,0.995
RPL14A,RPS0B,0.996
RPL14A,RPS10A,0.996
RPL14A,RPS10B,0.969
RPL14A,RPS11A,0.996
RPL14A,RPS11B,0.995
RPL14A,RPS12,0.999
RPL14A,RPS13,0.999
RPL14A,RPS14A,0.997
RPL14A,RPS14B,0.995
RPL14A,RPS15,0.999
RPL14A,RPS16A,0.994
RPL14A,RPS16B,0.997
RPL14A,RPS17A,0.997
RPL14A,RPS17B,0.994
RPL14A,RPS18A,0.996
RPL14A,RPS18B,0.995
RPL14A,RPS19A,0.997
RPL14A,RPS19B,0.986
RPL14A,RPS1A,0.994
RPL14A,RPS1B,0.995
RPL14A,RPS2,0.999
RPL14A,RPS20,0.998
RPL14A,RPS21A,0.953
RPL14A,RPS21B,0.998
RPL14A,RPS22A,0.997
RPL14A,RPS22B,0.966
RPL14A,RPS23A,0.996
RPL14A,RPS23B,0.996
RPL14A,RPS24A,0.998
RPL14A,RPS24B,0.997
RPL14A,RPS25A,0.996
RPL14A,RPS25B,0.982
RPL14A,RPS26A,0.994
RPL14A,RPS26B,0.996
RPL14A,RPS27A,0.995
RPL14A,RPS27B,0.997
RPL14A,RPS28A,0.991
RPL14A,RPS28B,0.994
RPL14A,RPS29A,0.995
RPL14A,RPS29B,0.972
RPL14A,RPS3,0.999
RPL14A,RPS30A,0.994
RPL14A,RPS30B,0.996
RPL14A,RPS31,0.998
RPL14A,RPS4A,0.997
RPL14A,RPS4B,0.993
RPL14A,RPS5,0.999
RPL14A,RPS6A,0.994
RPL14A,RPS6B,0.996
RPL14A,RPS7A,0.999
RPL14A,RPS7B,0.989
RPL14A,RPS8A,0.995
RPL14A,RPS8B,0.994
RPL14A,RPS9A,0.994
RPL14A,RPS9B,0.996
RPL14A,RSM7,0.903
RPL14A,SRP68,0.9
RPL14A,STT3,0.9
RPL14B,RPL15A,0.995
RPL14B,RPL15B,0.995
RPL14B,RPL16A,0.999
RPL14B,RPL16B,0.992
RPL14B,RPL17A,0.996
RPL14B,RPL17B,0.996
RPL14B,RPL18A,0.997
RPL14B,RPL18B,0.997
RPL14B,RPL19A,0.996
RPL14B,RPL19B,0.996
RPL14B,RPL1A,0.994
RPL14B,RPL1B,0.994
RPL14B,RPL20A,0.998
RPL14B,RPL20B,0.998
RPL14B,RPL21A,0.999
RPL14B,RPL21B,0.982
RPL14B,RPL22A,0.996
RPL14B,RPL22B,0.967
RPL14B,RPL23A,0.996
RPL14B,RPL23B,0.996
RPL14B,RPL24A,0.998
RPL14B,RPL24B,0.995
RPL14B,RPL25,0.999
RPL14B,RPL26A,0.983
RPL14B,RPL26B,0.995
RPL14B,RPL27A,0.999
RPL14B,RPL27B,0.987
RPL14B,RPL28,0.999
RPL14B,RPL29,0.999
RPL14B,RPL2A,0.995
RPL14B,RPL2B,0.995
RPL14B,RPL3,0.999
RPL14B,RPL30,0.999
RPL14B,RPL31A,0.995
RPL14B,RPL31B,0.995
RPL14B,RPL32,0.999
RPL14B,RPL33A,0.999
RPL14B,RPL33B,0.992
RPL14B,RPL34A,0.989
RPL14B,RPL34B,0.997
RPL14B,RPL35A,0.995
RPL14B,RPL35B,0.995
RPL14B,RPL36A,0.988
RPL14B,RPL36B,0.999
RPL14B,RPL37A,0.982
RPL14B,RPL37B,0.995
RPL14B,RPL38,0.998
RPL14B,RPL39,0.999
RPL14B,RPL40A,0.992
RPL14B,RPL40B,0.992
RPL14B,RPL42A,0.987
RPL14B,RPL42B,0.987
RPL14B,RPL43A,0.993
RPL14B,RPL43B,0.992
RPL14B,RPL4A,0.995
RPL14B,RPL4B,0.996
RPL14B,RPL5,0.999
RPL14B,RPL6A,0.993
RPL14B,RPL6B,0.994
RPL14B,RPL7A,0.998
RPL14B,RPL7B,0.997
RPL14B,RPL8A,0.99
RPL14B,RPL8B,0.999
RPL14B,RPL9A,0.982
RPL14B,RPL9B,0.998
RPL14B,RPP0,0.999
RPL14B,RPP1A,0.989
RPL14B,RPP1B,0.955
RPL14B,RPP2A,0.957
RPL14B,RPP2B,0.991
RPL14B,RPS0A,0.961
RPL14B,RPS0B,0.991
RPL14B,RPS10A,0.993
RPL14B,RPS10B,0.962
RPL14B,RPS11A,0.994
RPL14B,RPS11B,0.993
RPL14B,RPS12,0.998
RPL14B,RPS13,0.998
RPL14B,RPS14A,0.995
RPL14B,RPS14B,0.995
RPL14B,RPS15,0.998
RPL14B,RPS16A,0.994
RPL14B,RPS16B,0.995
RPL14B,RPS17A,0.992
RPL14B,RPS17B,0.994
RPL14B,RPS18A,0.994
RPL14B,RPS18B,0.993
RPL14B,RPS19A,0.995
RPL14B,RPS19B,0.977
RPL14B,RPS1A,0.96
RPL14B,RPS1B,0.993
RPL14B,RPS2,0.997
RPL14B,RPS20,0.998
RPL14B,RPS21A,0.923
RPL14B,RPS21B,0.998
RPL14B,RPS22A,0.994
RPL14B,RPS22B,0.976
RPL14B,RPS23A,0.993
RPL14B,RPS23B,0.992
RPL14B,RPS24A,0.996
RPL14B,RPS24B,0.996
RPL14B,RPS25A,0.994
RPL14B,RPS25B,0.982
RPL14B,RPS26A,0.993
RPL14B,RPS26B,0.994
RPL14B,RPS27A,0.995
RPL14B,RPS27B,0.995
RPL14B,RPS28A,0.992
RPL14B,RPS28B,0.994
RPL14B,RPS29A,0.976
RPL14B,RPS29B,0.97
RPL14B,RPS3,0.998
RPL14B,RPS30A,0.993
RPL14B,RPS30B,0.995
RPL14B,RPS31,0.991
RPL14B,RPS4A,0.994
RPL14B,RPS4B,0.994
RPL14B,RPS5,0.997
RPL14B,RPS6A,0.994
RPL14B,RPS6B,0.993
RPL14B,RPS7A,0.997
RPL14B,RPS7B,0.983
RPL14B,RPS8A,0.992
RPL14B,RPS8B,0.994
RPL14B,RPS9A,0.973
RPL14B,RPS9B,0.993
RPL14B,RSM7,0.901
RPL14B,SRP68,0.9
RPL15A,RPL15B,0.988
RPL15A,RPL16A,0.999
RPL15A,RPL16B,0.999
RPL15A,RPL17A,0.997
RPL15A,RPL17B,0.995
RPL15A,RPL18A,0.997
RPL15A,RPL18B,0.996
RPL15A,RPL19A,0.997
RPL15A,RPL19B,0.998
RPL15A,RPL1A,0.997
RPL15A,RPL1B,0.996
RPL15A,RPL20A,0.997
RPL15A,RPL20B,0.996
RPL15A,RPL21A,0.998
RPL15A,RPL21B,0.987
RPL15A,RPL22A,0.996
RPL15A,RPL22B,0.973
RPL15A,RPL23A,0.996
RPL15A,RPL23B,0.996
RPL15A,RPL24A,0.997
RPL15A,RPL24B,0.997
RPL15A,RPL25,0.999
RPL15A,RPL26A,0.997
RPL15A,RPL26B,0.996
RPL15A,RPL27A,0.997
RPL15A,RPL27B,0.988
RPL15A,RPL28,0.999
RPL15A,RPL29,0.997
RPL15A,RPL2A,0.996
RPL15A,RPL2B,0.996
RPL15A,RPL3,0.999
RPL15A,RPL30,0.999
RPL15A,RPL31A,0.997
RPL15A,RPL31B,0.988
RPL15A,RPL32,0.999
RPL15A,RPL33A,0.997
RPL15A,RPL33B,0.981
RPL15A,RPL34A,0.995
RPL15A,RPL34B,0.995
RPL15A,RPL35A,0.997
RPL15A,RPL35B,0.996
RPL15A,RPL36A,0.998
RPL15A,RPL36B,0.997
RPL15A,RPL37A,0.995
RPL15A,RPL37B,0.994
RPL15A,RPL38,0.999
RPL15A,RPL39,0.998
RPL15A,RPL40A,0.99
RPL15A,RPL40B,0.993
RPL15A,RPL42A,0.992
RPL15A,RPL42B,0.992
RPL15A,RPL43A,0.994
RPL15A,RPL43B,0.993
RPL15A,RPL4A,0.998
RPL15A,RPL4B,0.995
RPL15A,RPL5,0.999
RPL15A,RPL6A,0.997
RPL15A,RPL6B,0.998
RPL15A,RPL7A,0.996
RPL15A,RPL7B,0.996
RPL15A,RPL8A,0.997
RPL15A,RPL8B,0.997
RPL15A,RPL9A,0.998
RPL15A,RPL9B,0.997
RPL15A,RPP0,0.999
RPL15A,RPP1A,0.99
RPL15A,RPP1B,0.953
RPL15A,RPP2A,0.994
RPL15A,RPP2B,0.974
RPL15A,RPS0A,0.996
RPL15A,RPS0B,0.995
RPL15A,RPS10A,0.997
RPL15A,RPS10B,0.971
RPL15A,RPS11A,0.991
RPL15A,RPS11B,0.992
RPL15A,RPS12,0.999
RPL15A,RPS13,0.999
RPL15A,RPS14A,0.995
RPL15A,RPS14B,0.994
RPL15A,RPS15,0.999
RPL15A,RPS16A,0.994
RPL15A,RPS16B,0.996
RPL15A,RPS17A,0.998
RPL15A,RPS17B,0.997
RPL15A,RPS18A,0.996
RPL15A,RPS18B,0.996
RPL15A,RPS19A,0.997
RPL15A,RPS19B,0.997
RPL15A,RPS1A,0.997
RPL15A,RPS1B,0.997
RPL15A,RPS2,0.999
RPL15A,RPS20,0.999
RPL15A,RPS21A,0.952
RPL15A,RPS21B,0.996
RPL15A,RPS22A,0.998
RPL15A,RPS22B,0.97
RPL15A,RPS23A,0.995
RPL15A,RPS23B,0.994
RPL15A,RPS24A,0.997
RPL15A,RPS24B,0.996
RPL15A,RPS25A,0.996
RPL15A,RPS25B,0.986
RPL15A,RPS26A,0.996
RPL15A,RPS26B,0.996
RPL15A,RPS27A,0.995
RPL15A,RPS27B,0.995
RPL15A,RPS28A,0.992
RPL15A,RPS28B,0.992
RPL15A,RPS29A,0.994
RPL15A,RPS29B,0.993
RPL15A,RPS3,0.999
RPL15A,RPS30A,0.986
RPL15A,RPS30B,0.987
RPL15A,RPS31,0.999
RPL15A,RPS4A,0.997
RPL15A,RPS4B,0.995
RPL15A,RPS5,0.999
RPL15A,RPS6A,0.997
RPL15A,RPS6B,0.998
RPL15A,RPS7A,0.996
RPL15A,RPS7B,0.973
RPL15A,RPS8A,0.996
RPL15A,RPS8B,0.995
RPL15A,RPS9A,0.995
RPL15A,RPS9B,0.997
RPL15A,RSM10,0.925
RPL15A,RSM7,0.931
RPL15A,STT3,0.902
RPL15B,RPL16A,0.996
RPL15B,RPL16B,0.98
RPL15B,RPL17A,0.966
RPL15B,RPL17B,0.992
RPL15B,RPL18A,0.995
RPL15B,RPL18B,0.995
RPL15B,RPL19A,0.995
RPL15B,RPL19B,0.995
RPL15B,RPL1A,0.988
RPL15B,RPL1B,0.988
RPL15B,RPL20A,0.994
RPL15B,RPL20B,0.993
RPL15B,RPL21A,0.993
RPL15B,RPL21B,0.968
RPL15B,RPL22A,0.99
RPL15B,RPL22B,0.956
RPL15B,RPL23A,0.992
RPL15B,RPL23B,0.993
RPL15B,RPL24A,0.993
RPL15B,RPL24B,0.993
RPL15B,RPL25,0.997
RPL15B,RPL26A,0.974
RPL15B,RPL26B,0.993
RPL15B,RPL27A,0.995
RPL15B,RPL27B,0.977
RPL15B,RPL28,0.997
RPL15B,RPL29,0.996
RPL15B,RPL2A,0.992
RPL15B,RPL2B,0.992
RPL15B,RPL3,0.998
RPL15B,RPL30,0.997
RPL15B,RPL31A,0.995
RPL15B,RPL31B,0.984
RPL15B,RPL32,0.998
RPL15B,RPL33A,0.994
RPL15B,RPL33B,0.976
RPL15B,RPL34A,0.957
RPL15B,RPL34B,0.991
RPL15B,RPL35A,0.992
RPL15B,RPL35B,0.992
RPL15B,RPL36A,0.976
RPL15B,RPL36B,0.994
RPL15B,RPL37A,0.964
RPL15B,RPL37B,0.992
RPL15B,RPL38,0.988
RPL15B,RPL39,0.998
RPL15B,RPL40A,0.984
RPL15B,RPL40B,0.984
RPL15B,RPL42A,0.985
RPL15B,RPL42B,0.987
RPL15B,RPL43A,0.992
RPL15B,RPL43B,0.992
RPL15B,RPL4A,0.994
RPL15B,RPL4B,0.994
RPL15B,RPL5,0.998
RPL15B,RPL6A,0.984
RPL15B,RPL6B,0.984
RPL15B,RPL7A,0.978
RPL15B,RPL7B,0.995
RPL15B,RPL8A,0.969
RPL15B,RPL8B,0.994
RPL15B,RPL9A,0.982
RPL15B,RPL9B,0.996
RPL15B,RPP0,0.996
RPL15B,RPP1A,0.932
RPL15B,RPP1B,0.932
RPL15B,RPP2A,0.941
RPL15B,RPP2B,0.944
RPL15B,RPS0A,0.947
RPL15B,RPS0B,0.988
RPL15B,RPS10A,0.993
RPL15B,RPS10B,0.965
RPL15B,RPS11A,0.987
RPL15B,RPS11B,0.987
RPL15B,RPS12,0.996
RPL15B,RPS13,0.997
RPL15B,RPS14A,0.99
RPL15B,RPS14B,0.99
RPL15B,RPS15,0.997
RPL15B,RPS16A,0.989
RPL15B,RPS16B,0.989
RPL15B,RPS17A,0.994
RPL15B,RPS17B,0.994
RPL15B,RPS18A,0.988
RPL15B,RPS18B,0.988
RPL15B,RPS19A,0.993
RPL15B,RPS19B,0.969
RPL15B,RPS1A,0.946
RPL15B,RPS1B,0.988
RPL15B,RPS2,0.997
RPL15B,RPS20,0.997
RPL15B,RPS21B,0.995
RPL15B,RPS22A,0.992
RPL15B,RPS22B,0.962
RPL15B,RPS23A,0.991
RPL15B,RPS23B,0.991
RPL15B,RPS24A,0.995
RPL15B,RPS24B,0.995
RPL15B,RPS25A,0.991
RPL15B,RPS25B,0.961
RPL15B,RPS26A,0.993
RPL15B,RPS26B,0.993
RPL15B,RPS27A,0.994
RPL15B,RPS27B,0.993
RPL15B,RPS28A,0.99
RPL15B,RPS28B,0.99
RPL15B,RPS29A,0.966
RPL15B,RPS29B,0.965
RPL15B,RPS3,0.997
RPL15B,RPS30A,0.985
RPL15B,RPS30B,0.985
RPL15B,RPS31,0.981
RPL15B,RPS4A,0.992
RPL15B,RPS4B,0.991
RPL15B,RPS5,0.996
RPL15B,RPS6A,0.994
RPL15B,RPS6B,0.994
RPL15B,RPS7A,0.991
RPL15B,RPS7B,0.961
RPL15B,RPS8A,0.993
RPL15B,RPS8B,0.993
RPL15B,RPS9A,0.949
RPL15B,RPS9B,0.99
RPL15B,RSM10,0.924
RPL15B,RSM7,0.932
RPL15B,STT3,0.901
RPL16A,RPL16B,0.993
RPL16A,RPL17A,0.999
RPL16A,RPL17B,0.998
RPL16A,RPL18A,0.998
RPL16A,RPL18B,0.997
RPL16A,RPL19A,0.997
RPL16A,RPL19B,0.997
RPL16A,RPL1A,0.998
RPL16A,RPL1B,0.998
RPL16A,RPL20A,0.999
RPL16A,RPL20B,0.999
RPL16A,RPL21A,0.999
RPL16A,RPL21B,0.984
RPL16A,RPL22A,0.995
RPL16A,RPL22B,0.962
RPL16A,RPL23A,0.999
RPL16A,RPL23B,0.998
RPL16A,RPL24A,0.999
RPL16A,RPL24B,0.997
RPL16A,RPL25,0.999
RPL16A,RPL26A,0.999
RPL16A,RPL26B,0.998
RPL16A,RPL27A,0.999
RPL16A,RPL27B,0.987
RPL16A,RPL28,0.999
RPL16A,RPL29,0.999
RPL16A,RPL2A,0.999
RPL16A,RPL2B,0.998
RPL16A,RPL3,0.999
RPL16A,RPL30,0.999
RPL16A,RPL31A,0.998
RPL16A,RPL31B,0.997
RPL16A,RPL32,0.999
RPL16A,RPL33A,0.999
RPL16A,RPL33B,0.992
RPL16A,RPL34A,0.996
RPL16A,RPL34B,0.997
RPL16A,RPL35A,0.998
RPL16A,RPL35B,0.999
RPL16A,RPL36A,0.998
RPL16A,RPL36B,0.999
RPL16A,RPL37A,0.998
RPL16A,RPL37B,0.995
RPL16A,RPL38,0.999
RPL16A,RPL39,0.999
RPL16A,RPL40A,0.994
RPL16A,RPL40B,0.994
RPL16A,RPL42A,0.993
RPL16A,RPL42B,0.992
RPL16A,RPL43A,0.996
RPL16A,RPL43B,0.997
RPL16A,RPL4A,0.999
RPL16A,RPL4B,0.998
RPL16A,RPL5,0.999
RPL16A,RPL6A,0.999
RPL16A,RPL6B,0.999
RPL16A,RPL7A,0.999
RPL16A,RPL7B,0.996
RPL16A,RPL8A,0.998
RPL16A,RPL8B,0.999
RPL16A,RPL9A,0.999
RPL16A,RPL9B,0.999
RPL16A,RPP0,0.999
RPL16A,RPP1A,0.997
RPL16A,RPP1B,0.973
RPL16A,RPP2A,0.991
RPL16A,RPP2B,0.99
RPL16A,RPS0A,0.998
RPL16A,RPS0B,0.998
RPL16A,RPS10A,0.998
RPL16A,RPS10B,0.984
RPL16A,RPS11A,0.998
RPL16A,RPS11B,0.997
RPL16A,RPS12,0.999
RPL16A,RPS13,0.999
RPL16A,RPS14A,0.998
RPL16A,RPS14B,0.997
RPL16A,RPS15,0.999
RPL16A,RPS16A,0.995
RPL16A,RPS16B,0.998
RPL16A,RPS17A,0.996
RPL16A,RPS17B,0.996
RPL16A,RPS18A,0.998
RPL16A,RPS18B,0.997
RPL16A,RPS19A,0.997
RPL16A,RPS19B,0.994
RPL16A,RPS1A,0.998
RPL16A,RPS1B,0.996
RPL16A,RPS2,0.999
RPL16A,RPS20,0.999
RPL16A,RPS21A,0.969
RPL16A,RPS21B,0.999
RPL16A,RPS22A,0.998
RPL16A,RPS22B,0.977
RPL16A,RPS23A,0.996
RPL16A,RPS23B,0.995
RPL16A,RPS24A,0.997
RPL16A,RPS24B,0.997
RPL16A,RPS25A,0.997
RPL16A,RPS25B,0.988
RPL16A,RPS26A,0.996
RPL16A,RPS26B,0.998
RPL16A,RPS27A,0.995
RPL16A,RPS27B,0.996
RPL16A,RPS28A,0.99
RPL16A,RPS28B,0.993
RPL16A,RPS29A,0.993
RPL16A,RPS29B,0.992
RPL16A,RPS3,0.999
RPL16A,RPS30A,0.99
RPL16A,RPS30B,0.991
RPL16A,RPS31,0.998
RPL16A,RPS4A,0.996
RPL16A,RPS4B,0.995
RPL16A,RPS5,0.999
RPL16A,RPS6A,0.996
RPL16A,RPS6B,0.997
RPL16A,RPS7A,0.998
RPL16A,RPS7B,0.99
RPL16A,RPS8A,0.997
RPL16A,RPS8B,0.993
RPL16A,RPS9A,0.996
RPL16A,RPS9B,0.997
RPL16A,RSM18,0.928
RPL16A,RSM23,0.905
RPL16A,RSM7,0.941
RPL16A,RTC6,0.983
RPL16A,SEC61,0.929
RPL16A,SRP54,0.94
RPL16A,STT3,0.907
RPL16B,RPL17A,0.998
RPL16B,RPL17B,0.994
RPL16B,RPL18A,0.998
RPL16B,RPL18B,0.996
RPL16B,RPL19A,0.997
RPL16B,RPL19B,0.997
RPL16B,RPL1A,0.992
RPL16B,RPL1B,0.992
RPL16B,RPL20A,0.998
RPL16B,RPL20B,0.998
RPL16B,RPL21A,0.998
RPL16B,RPL21B,0.985
RPL16B,RPL22A,0.993
RPL16B,RPL22B,0.958
RPL16B,RPL23A,0.998
RPL16B,RPL23B,0.998
RPL16B,RPL24A,0.997
RPL16B,RPL24B,0.988
RPL16B,RPL25,0.999
RPL16B,RPL26A,0.997
RPL16B,RPL26B,0.99
RPL16B,RPL27A,0.996
RPL16B,RPL27B,0.985
RPL16B,RPL28,0.999
RPL16B,RPL29,0.997
RPL16B,RPL2A,0.998
RPL16B,RPL2B,0.998
RPL16B,RPL3,0.999
RPL16B,RPL30,0.998
RPL16B,RPL31A,0.996
RPL16B,RPL31B,0.98
RPL16B,RPL32,0.999
RPL16B,RPL33A,0.998
RPL16B,RPL33B,0.99
RPL16B,RPL34A,0.995
RPL16B,RPL34B,0.978
RPL16B,RPL35A,0.998
RPL16B,RPL35B,0.998
RPL16B,RPL36A,0.996
RPL16B,RPL36B,0.979
RPL16B,RPL37A,0.995
RPL16B,RPL37B,0.972
RPL16B,RPL38,0.998
RPL16B,RPL39,0.998
RPL16B,RPL40A,0.997
RPL16B,RPL40B,0.995
RPL16B,RPL42A,0.993
RPL16B,RPL42B,0.992
RPL16B,RPL43A,0.995
RPL16B,RPL43B,0.996
RPL16B,RPL4A,0.998
RPL16B,RPL4B,0.993
RPL16B,RPL5,0.999
RPL16B,RPL6A,0.999
RPL16B,RPL6B,0.996
RPL16B,RPL7A,0.998
RPL16B,RPL7B,0.98
RPL16B,RPL8A,0.998
RPL16B,RPL8B,0.993
RPL16B,RPL9A,0.998
RPL16B,RPL9B,0.989
RPL16B,RPP0,0.999
RPL16B,RPP1A,0.955
RPL16B,RPP1B,0.95
RPL16B,RPP2A,0.961
RPL16B,RPP2B,0.949
RPL16B,RPS0A,0.986
RPL16B,RPS0B,0.989
RPL16B,RPS10A,0.985
RPL16B,RPS10B,0.981
RPL16B,RPS11A,0.99
RPL16B,RPS11B,0.989
RPL16B,RPS12,0.993
RPL16B,RPS13,0.995
RPL16B,RPS14A,0.98
RPL16B,RPS14B,0.973
RPL16B,RPS15,0.997
RPL16B,RPS16A,0.982
RPL16B,RPS16B,0.989
RPL16B,RPS17A,0.98
RPL16B,RPS17B,0.979
RPL16B,RPS18A,0.986
RPL16B,RPS18B,0.986
RPL16B,RPS19A,0.98
RPL16B,RPS19B,0.984
RPL16B,RPS1A,0.983
RPL16B,RPS1B,0.983
RPL16B,RPS2,0.996
RPL16B,RPS20,0.995
RPL16B,RPS21B,0.991
RPL16B,RPS22A,0.985
RPL16B,RPS22B,0.969
RPL16B,RPS23A,0.98
RPL16B,RPS23B,0.981
RPL16B,RPS24A,0.983
RPL16B,RPS24B,0.984
RPL16B,RPS25A,0.985
RPL16B,RPS25B,0.983
RPL16B,RPS26A,0.983
RPL16B,RPS26B,0.985
RPL16B,RPS27A,0.958
RPL16B,RPS27B,0.982
RPL16B,RPS28A,0.955
RPL16B,RPS28B,0.96
RPL16B,RPS29A,0.964
RPL16B,RPS29B,0.959
RPL16B,RPS3,0.997
RPL16B,RPS30A,0.959
RPL16B,RPS30B,0.954
RPL16B,RPS31,0.992
RPL16B,RPS4A,0.981
RPL16B,RPS4B,0.976
RPL16B,RPS5,0.994
RPL16B,RPS6A,0.983
RPL16B,RPS6B,0.982
RPL16B,RPS7A,0.987
RPL16B,RPS7B,0.984
RPL16B,RPS8A,0.967
RPL16B,RPS8B,0.966
RPL16B,RPS9A,0.957
RPL16B,RPS9B,0.989
RPL16B,RSM18,0.927
RPL16B,RSM23,0.905
RPL16B,RSM7,0.941
RPL16B,RTC6,0.979
RPL16B,SEC61,0.93
RPL16B,SRP54,0.939
RPL16B,STT3,0.907
RPL17A,RPL17B,0.985
RPL17A,RPL18A,0.997
RPL17A,RPL18B,0.994
RPL17A,RPL19A,0.998
RPL17A,RPL19B,0.998
RPL17A,RPL1A,0.996
RPL17A,RPL1B,0.996
RPL17A,RPL20A,0.998
RPL17A,RPL20B,0.997
RPL17A,RPL21A,0.999
RPL17A,RPL21B,0.984
RPL17A,RPL22A,0.994
RPL17A,RPL22B,0.954
RPL17A,RPL23A,0.998
RPL17A,RPL23B,0.998
RPL17A,RPL24A,0.999
RPL17A,RPL24B,0.997
RPL17A,RPL25,0.999
RPL17A,RPL26A,0.999
RPL17A,RPL26B,0.997
RPL17A,RPL27A,0.999
RPL17A,RPL27B,0.998
RPL17A,RPL28,0.999
RPL17A,RPL29,0.999
RPL17A,RPL2A,0.998
RPL17A,RPL2B,0.997
RPL17A,RPL3,0.999
RPL17A,RPL30,0.999
RPL17A,RPL31A,0.999
RPL17A,RPL31B,0.998
RPL17A,RPL32,0.999
RPL17A,RPL33A,0.999
RPL17A,RPL33B,0.991
RPL17A,RPL34A,0.999
RPL17A,RPL34B,0.99
RPL17A,RPL35A,0.999
RPL17A,RPL35B,0.999
RPL17A,RPL36A,0.997
RPL17A,RPL36B,0.999
RPL17A,RPL37A,0.999
RPL17A,RPL37B,0.999
RPL17A,RPL38,0.999
RPL17A,RPL39,0.999
RPL17A,RPL40A,0.994
RPL17A,RPL40B,0.995
RPL17A,RPL42A,0.993
RPL17A,RPL42B,0.992
RPL17A,RPL43A,0.996
RPL17A,RPL43B,0.995
RPL17A,RPL4A,0.998
RPL17A,RPL4B,0.998
RPL17A,RPL5,0.999
RPL17A,RPL6A,0.998
RPL17A,RPL6B,0.999
RPL17A,RPL7A,0.999
RPL17A,RPL7B,0.996
RPL17A,RPL8A,0.997
RPL17A,RPL8B,0.998
RPL17A,RPL9A,0.998
RPL17A,RPL9B,0.999
RPL17A,RPP0,0.999
RPL17A,RPP1A,0.997
RPL17A,RPP1B,0.959
RPL17A,RPP2A,0.991
RPL17A,RPP2B,0.987
RPL17A,RPS0A,0.998
RPL17A,RPS0B,0.996
RPL17A,RPS10A,0.997
RPL17A,RPS10B,0.978
RPL17A,RPS11A,0.997
RPL17A,RPS11B,0.996
RPL17A,RPS12,0.998
RPL17A,RPS13,0.999
RPL17A,RPS14A,0.997
RPL17A,RPS14B,0.993
RPL17A,RPS15,0.999
RPL17A,RPS16A,0.996
RPL17A,RPS16B,0.997
RPL17A,RPS17A,0.997
RPL17A,RPS17B,0.995
RPL17A,RPS18A,0.997
RPL17A,RPS18B,0.997
RPL17A,RPS19A,0.996
RPL17A,RPS19B,0.996
RPL17A,RPS1A,0.998
RPL17A,RPS1B,0.997
RPL17A,RPS2,0.999
RPL17A,RPS20,0.999
RPL17A,RPS21A,0.946
RPL17A,RPS21B,0.998
RPL17A,RPS22A,0.998
RPL17A,RPS22B,0.967
RPL17A,RPS23A,0.996
RPL17A,RPS23B,0.996
RPL17A,RPS24A,0.996
RPL17A,RPS24B,0.996
RPL17A,RPS25A,0.996
RPL17A,RPS25B,0.985
RPL17A,RPS26A,0.996
RPL17A,RPS26B,0.996
RPL17A,RPS27A,0.994
RPL17A,RPS27B,0.996
RPL17A,RPS28A,0.99
RPL17A,RPS28B,0.992
RPL17A,RPS29A,0.995
RPL17A,RPS29B,0.995
RPL17A,RPS3,0.999
RPL17A,RPS30A,0.989
RPL17A,RPS30B,0.991
RPL17A,RPS31,0.999
RPL17A,RPS4A,0.997
RPL17A,RPS4B,0.996
RPL17A,RPS5,0.999
RPL17A,RPS6A,0.994
RPL17A,RPS6B,0.996
RPL17A,RPS7A,0.997
RPL17A,RPS7B,0.984
RPL17A,RPS8A,0.996
RPL17A,RPS8B,0.994
RPL17A,RPS9A,0.995
RPL17A,RPS9B,0.997
RPL17A,RSA3,0.904
RPL17A,RSM18,0.923
RPL17A,RSM23,0.916
RPL17A,RSM24,0.905
RPL17A,RSM7,0.918
RPL17A,RTC6,0.977
RPL17A,SBH2,0.935
RPL17A,SEC61,0.942
RPL17A,SRP54,0.942
RPL17A,SSH1,0.974
RPL17A,SSS1,0.964
RPL17A,STT3,0.902
RPL17A,TIF11,0.92
RPL17B,RPL18A,0.996
RPL17B,RPL18B,0.995
RPL17B,RPL19A,0.998
RPL17B,RPL19B,0.998
RPL17B,RPL1A,0.996
RPL17B,RPL1B,0.996
RPL17B,RPL20A,0.997
RPL17B,RPL20B,0.997
RPL17B,RPL21A,0.996
RPL17B,RPL21B,0.982
RPL17B,RPL22A,0.992
RPL17B,RPL22B,0.957
RPL17B,RPL23A,0.998
RPL17B,RPL23B,0.998
RPL17B,RPL24A,0.997
RPL17B,RPL24B,0.997
RPL17B,RPL25,0.999
RPL17B,RPL26A,0.996
RPL17B,RPL26B,0.999
RPL17B,RPL27A,0.997
RPL17B,RPL27B,0.998
RPL17B,RPL28,0.998
RPL17B,RPL29,0.997
RPL17B,RPL2A,0.998
RPL17B,RPL2B,0.998
RPL17B,RPL3,0.999
RPL17B,RPL30,0.998
RPL17B,RPL31A,0.998
RPL17B,RPL31B,0.993
RPL17B,RPL32,0.999
RPL17B,RPL33A,0.997
RPL17B,RPL33B,0.991
RPL17B,RPL34A,0.999
RPL17B,RPL34B,0.997
RPL17B,RPL35A,0.999
RPL17B,RPL35B,0.999
RPL17B,RPL36A,0.99
RPL17B,RPL36B,0.997
RPL17B,RPL37A,0.999
RPL17B,RPL37B,0.999
RPL17B,RPL38,0.991
RPL17B,RPL39,0.998
RPL17B,RPL40A,0.994
RPL17B,RPL40B,0.994
RPL17B,RPL42A,0.993
RPL17B,RPL42B,0.993
RPL17B,RPL43A,0.996
RPL17B,RPL43B,0.997
RPL17B,RPL4A,0.998
RPL17B,RPL4B,0.998
RPL17B,RPL5,0.999
RPL17B,RPL6A,0.992
RPL17B,RPL6B,0.992
RPL17B,RPL7A,0.988
RPL17B,RPL7B,0.995
RPL17B,RPL8A,0.988
RPL17B,RPL8B,0.997
RPL17B,RPL9A,0.991
RPL17B,RPL9B,0.997
RPL17B,RPP0,0.998
RPL17B,RPP1A,0.94
RPL17B,RPP1B,0.961
RPL17B,RPP2A,0.961
RPL17B,RPP2B,0.937
RPL17B,RPS0A,0.984
RPL17B,RPS0B,0.996
RPL17B,RPS10A,0.996
RPL17B,RPS10B,0.979
RPL17B,RPS11A,0.997
RPL17B,RPS11B,0.997
RPL17B,RPS12,0.998
RPL17B,RPS13,0.999
RPL17B,RPS14A,0.994
RPL17B,RPS14B,0.994
RPL17B,RPS15,0.999
RPL17B,RPS16A,0.996
RPL17B,RPS16B,0.997
RPL17B,RPS17A,0.996
RPL17B,RPS17B,0.996
RPL17B,RPS18A,0.996
RPL17B,RPS18B,0.996
RPL17B,RPS19A,0.995
RPL17B,RPS19B,0.982
RPL17B,RPS1A,0.985
RPL17B,RPS1B,0.997
RPL17B,RPS2,0.999
RPL17B,RPS20,0.997
RPL17B,RPS21A,0.94
RPL17B,RPS21B,0.998
RPL17B,RPS22A,0.997
RPL17B,RPS22B,0.97
RPL17B,RPS23A,0.996
RPL17B,RPS23B,0.996
RPL17B,RPS24A,0.996
RPL17B,RPS24B,0.996
RPL17B,RPS25A,0.996
RPL17B,RPS25B,0.982
RPL17B,RPS26A,0.996
RPL17B,RPS26B,0.997
RPL17B,RPS27A,0.992
RPL17B,RPS27B,0.995
RPL17B,RPS28A,0.991
RPL17B,RPS28B,0.992
RPL17B,RPS29A,0.98
RPL17B,RPS29B,0.973
RPL17B,RPS3,0.999
RPL17B,RPS30A,0.991
RPL17B,RPS30B,0.991
RPL17B,RPS31,0.993
RPL17B,RPS4A,0.997
RPL17B,RPS4B,0.996
RPL17B,RPS5,0.999
RPL17B,RPS6A,0.995
RPL17B,RPS6B,0.996
RPL17B,RPS7A,0.995
RPL17B,RPS7B,0.98
RPL17B,RPS8A,0.995
RPL17B,RPS8B,0.995
RPL17B,RPS9A,0.966
RPL17B,RPS9B,0.996
RPL17B,RSA3,0.904
RPL17B,RSM18,0.924
RPL17B,RSM23,0.916
RPL17B,RSM24,0.905
RPL17B,RSM7,0.918
RPL17B,RTC6,0.977
RPL17B,SEC61,0.931
RPL17B,SRP54,0.91
RPL17B,STT3,0.905
RPL18A,RPL18B,0.931
RPL18A,RPL19A,0.997
RPL18A,RPL19B,0.997
RPL18A,RPL1A,0.996
RPL18A,RPL1B,0.996
RPL18A,RPL20A,0.998
RPL18A,RPL20B,0.998
RPL18A,RPL21A,0.998
RPL18A,RPL21B,0.991
RPL18A,RPL22A,0.995
RPL18A,RPL22B,0.971
RPL18A,RPL23A,0.996
RPL18A,RPL23B,0.996
RPL18A,RPL24A,0.998
RPL18A,RPL24B,0.998
RPL18A,RPL25,0.999
RPL18A,RPL26A,0.997
RPL18A,RPL26B,0.997
RPL18A,RPL27A,0.998
RPL18A,RPL27B,0.992
RPL18A,RPL28,0.999
RPL18A,RPL29,0.998
RPL18A,RPL2A,0.997
RPL18A,RPL2B,0.997
RPL18A,RPL3,0.999
RPL18A,RPL30,0.999
RPL18A,RPL31A,0.997
RPL18A,RPL31B,0.987
RPL18A,RPL32,0.999
RPL18A,RPL33A,0.998
RPL18A,RPL33B,0.989
RPL18A,RPL34A,0.997
RPL18A,RPL34B,0.997
RPL18A,RPL35A,0.997
RPL18A,RPL35B,0.996
RPL18A,RPL36A,0.997
RPL18A,RPL36B,0.996
RPL18A,RPL37A,0.994
RPL18A,RPL37B,0.993
RPL18A,RPL38,0.997
RPL18A,RPL39,0.998
RPL18A,RPL40A,0.995
RPL18A,RPL40B,0.995
RPL18A,RPL42A,0.994
RPL18A,RPL42B,0.993
RPL18A,RPL43A,0.996
RPL18A,RPL43B,0.995
RPL18A,RPL4A,0.998
RPL18A,RPL4B,0.997
RPL18A,RPL5,0.999
RPL18A,RPL6A,0.998
RPL18A,RPL6B,0.997
RPL18A,RPL7A,0.998
RPL18A,RPL7B,0.997
RPL18A,RPL8A,0.997
RPL18A,RPL8B,0.998
RPL18A,RPL9A,0.997
RPL18A,RPL9B,0.997
RPL18A,RPP0,0.998
RPL18A,RPP1A,0.994
RPL18A,RPP1B,0.976
RPL18A,RPP2A,0.995
RPL18A,RPP2B,0.972
RPL18A,RPS0A,0.996
RPL18A,RPS0B,0.996
RPL18A,RPS10A,0.997
RPL18A,RPS10B,0.984
RPL18A,RPS11A,0.996
RPL18A,RPS11B,0.997
RPL18A,RPS12,0.999
RPL18A,RPS13,0.999
RPL18A,RPS14A,0.995
RPL18A,RPS14B,0.994
RPL18A,RPS15,0.999
RPL18A,RPS16A,0.997
RPL18A,RPS16B,0.997
RPL18A,RPS17A,0.997
RPL18A,RPS17B,0.997
RPL18A,RPS18A,0.995
RPL18A,RPS18B,0.996
RPL18A,RPS19A,0.998
RPL18A,RPS19B,0.999
RPL18A,RPS1A,0.996
RPL18A,RPS1B,0.997
RPL18A,RPS2,0.999
RPL18A,RPS20,0.998
RPL18A,RPS21A,0.957
RPL18A,RPS21B,0.998
RPL18A,RPS22A,0.996
RPL18A,RPS22B,0.968
RPL18A,RPS23A,0.995
RPL18A,RPS23B,0.995
RPL18A,RPS24A,0.998
RPL18A,RPS24B,0.997
RPL18A,RPS25A,0.996
RPL18A,RPS25B,0.979
RPL18A,RPS26A,0.997
RPL18A,RPS26B,0.997
RPL18A,RPS27A,0.993
RPL18A,RPS27B,0.997
RPL18A,RPS28A,0.993
RPL18A,RPS28B,0.994
RPL18A,RPS29A,0.995
RPL18A,RPS29B,0.995
RPL18A,RPS3,0.999
RPL18A,RPS30A,0.992
RPL18A,RPS30B,0.994
RPL18A,RPS31,0.998
RPL18A,RPS4A,0.997
RPL18A,RPS4B,0.996
RPL18A,RPS5,0.999
RPL18A,RPS6A,0.995
RPL18A,RPS6B,0.996
RPL18A,RPS7A,0.997
RPL18A,RPS7B,0.987
RPL18A,RPS8A,0.994
RPL18A,RPS8B,0.993
RPL18A,RPS9A,0.996
RPL18A,RPS9B,0.997
RPL18A,RSM10,0.926
RPL18A,RSM7,0.942
RPL18A,STT3,0.906
RPL18A,TEF4,0.922
RPL18B,RPL19A,0.995
RPL18B,RPL19B,0.995
RPL18B,RPL1A,0.995
RPL18B,RPL1B,0.994
RPL18B,RPL20A,0.997
RPL18B,RPL20B,0.997
RPL18B,RPL21A,0.997
RPL18B,RPL21B,0.988
RPL18B,RPL22A,0.994
RPL18B,RPL22B,0.97
RPL18B,RPL23A,0.995
RPL18B,RPL23B,0.995
RPL18B,RPL24A,0.996
RPL18B,RPL24B,0.996
RPL18B,RPL25,0.998
RPL18B,RPL26A,0.996
RPL18B,RPL26B,0.995
RPL18B,RPL27A,0.998
RPL18B,RPL27B,0.99
RPL18B,RPL28,0.999
RPL18B,RPL29,0.998
RPL18B,RPL2A,0.995
RPL18B,RPL2B,0.995
RPL18B,RPL3,0.999
RPL18B,RPL30,0.998
RPL18B,RPL31A,0.996
RPL18B,RPL31B,0.979
RPL18B,RPL32,0.999
RPL18B,RPL33A,0.997
RPL18B,RPL33B,0.987
RPL18B,RPL34A,0.995
RPL18B,RPL34B,0.994
RPL18B,RPL35A,0.995
RPL18B,RPL35B,0.995
RPL18B,RPL36A,0.996
RPL18B,RPL36B,0.995
RPL18B,RPL37A,0.991
RPL18B,RPL37B,0.99
RPL18B,RPL38,0.997
RPL18B,RPL39,0.998
RPL18B,RPL40A,0.991
RPL18B,RPL40B,0.993
RPL18B,RPL42A,0.989
RPL18B,RPL42B,0.99
RPL18B,RPL43A,0.995
RPL18B,RPL43B,0.993
RPL18B,RPL4A,0.998
RPL18B,RPL4B,0.996
RPL18B,RPL5,0.999
RPL18B,RPL6A,0.996
RPL18B,RPL6B,0.996
RPL18B,RPL7A,0.997
RPL18B,RPL7B,0.997
RPL18B,RPL8A,0.996
RPL18B,RPL8B,0.998
RPL18B,RPL9A,0.996
RPL18B,RPL9B,0.995
RPL18B,RPP0,0.997
RPL18B,RPP1A,0.99
RPL18B,RPP1B,0.96
RPL18B,RPP2A,0.993
RPL18B,RPP2B,0.939
RPL18B,RPS0A,0.995
RPL18B,RPS0B,0.993
RPL18B,RPS10A,0.996
RPL18B,RPS10B,0.972
RPL18B,RPS11A,0.994
RPL18B,RPS11B,0.995
RPL18B,RPS12,0.998
RPL18B,RPS13,0.998
RPL18B,RPS14A,0.995
RPL18B,RPS14B,0.994
RPL18B,RPS15,0.999
RPL18B,RPS16A,0.995
RPL18B,RPS16B,0.996
RPL18B,RPS17A,0.997
RPL18B,RPS17B,0.995
RPL18B,RPS18A,0.995
RPL18B,RPS18B,0.993
RPL18B,RPS19A,0.998
RPL18B,RPS19B,0.998
RPL18B,RPS1A,0.995
RPL18B,RPS1B,0.993
RPL18B,RPS2,0.998
RPL18B,RPS20,0.998
RPL18B,RPS21A,0.934
RPL18B,RPS21B,0.997
RPL18B,RPS22A,0.995
RPL18B,RPS22B,0.97
RPL18B,RPS23A,0.991
RPL18B,RPS23B,0.99
RPL18B,RPS24A,0.996
RPL18B,RPS24B,0.996
RPL18B,RPS25A,0.993
RPL18B,RPS25B,0.973
RPL18B,RPS26A,0.994
RPL18B,RPS26B,0.995
RPL18B,RPS27A,0.996
RPL18B,RPS27B,0.994
RPL18B,RPS28A,0.993
RPL18B,RPS28B,0.995
RPL18B,RPS29A,0.995
RPL18B,RPS29B,0.994
RPL18B,RPS3,0.999
RPL18B,RPS30A,0.992
RPL18B,RPS30B,0.994
RPL18B,RPS31,0.997
RPL18B,RPS4A,0.995
RPL18B,RPS4B,0.993
RPL18B,RPS5,0.999
RPL18B,RPS6A,0.993
RPL18B,RPS6B,0.995
RPL18B,RPS7A,0.996
RPL18B,RPS7B,0.987
RPL18B,RPS8A,0.994
RPL18B,RPS8B,0.993
RPL18B,RPS9A,0.997
RPL18B,RPS9B,0.995
RPL18B,RSM10,0.926
RPL18B,RSM7,0.942
RPL18B,STT3,0.904
RPL18B,TEF4,0.925
RPL19A,RPL19B,0.957
RPL19A,RPL1A,0.994
RPL19A,RPL1B,0.993
RPL19A,RPL20A,0.998
RPL19A,RPL20B,0.998
RPL19A,RPL21A,0.996
RPL19A,RPL21B,0.985
RPL19A,RPL22A,0.994
RPL19A,RPL22B,0.991
RPL19A,RPL23A,0.998
RPL19A,RPL23B,0.998
RPL19A,RPL24A,0.998
RPL19A,RPL24B,0.998
RPL19A,RPL25,0.999
RPL19A,RPL26A,0.997
RPL19A,RPL26B,0.999
RPL19A,RPL27A,0.997
RPL19A,RPL27B,0.985
RPL19A,RPL28,0.998
RPL19A,RPL29,0.998
RPL19A,RPL2A,0.996
RPL19A,RPL2B,0.996
RPL19A,RPL3,0.999
RPL19A,RPL30,0.998
RPL19A,RPL31A,0.999
RPL19A,RPL31B,0.994
RPL19A,RPL32,0.999
RPL19A,RPL33A,0.997
RPL19A,RPL33B,0.991
RPL19A,RPL34A,0.998
RPL19A,RPL34B,0.998
RPL19A,RPL35A,0.998
RPL19A,RPL35B,0.998
RPL19A,RPL36A,0.998
RPL19A,RPL36B,0.995
RPL19A,RPL37A,0.996
RPL19A,RPL37B,0.995
RPL19A,RPL38,0.998
RPL19A,RPL39,0.999
RPL19A,RPL40A,0.994
RPL19A,RPL40B,0.994
RPL19A,RPL42A,0.991
RPL19A,RPL42B,0.992
RPL19A,RPL43A,0.997
RPL19A,RPL43B,0.995
RPL19A,RPL4A,0.996
RPL19A,RPL4B,0.995
RPL19A,RPL5,0.999
RPL19A,RPL6A,0.997
RPL19A,RPL6B,0.997
RPL19A,RPL7A,0.997
RPL19A,RPL7B,0.996
RPL19A,RPL8A,0.997
RPL19A,RPL8B,0.997
RPL19A,RPL9A,0.997
RPL19A,RPL9B,0.996
RPL19A,RPP0,0.998
RPL19A,RPP1A,0.993
RPL19A,RPP1B,0.978
RPL19A,RPP2A,0.993
RPL19A,RPP2B,0.973
RPL19A,RPS0A,0.995
RPL19A,RPS0B,0.994
RPL19A,RPS10A,0.995
RPL19A,RPS10B,0.972
RPL19A,RPS11A,0.999
RPL19A,RPS11B,0.998
RPL19A,RPS12,0.998
RPL19A,RPS13,0.998
RPL19A,RPS14A,0.995
RPL19A,RPS14B,0.993
RPL19A,RPS15,0.998
RPL19A,RPS16A,0.996
RPL19A,RPS16B,0.997
RPL19A,RPS17A,0.995
RPL19A,RPS17B,0.996
RPL19A,RPS18A,0.996
RPL19A,RPS18B,0.995
RPL19A,RPS19A,0.997
RPL19A,RPS19B,0.996
RPL19A,RPS1A,0.997
RPL19A,RPS1B,0.996
RPL19A,RPS2,0.998
RPL19A,RPS20,0.998
RPL19A,RPS21A,0.92
RPL19A,RPS21B,0.998
RPL19A,RPS22A,0.994
RPL19A,RPS22B,0.949
RPL19A,RPS23A,0.994
RPL19A,RPS23B,0.994
RPL19A,RPS24A,0.996
RPL19A,RPS24B,0.997
RPL19A,RPS25A,0.995
RPL19A,RPS25B,0.978
RPL19A,RPS26A,0.996
RPL19A,RPS26B,0.996
RPL19A,RPS27A,0.995
RPL19A,RPS27B,0.996
RPL19A,RPS28A,0.99
RPL19A,RPS28B,0.992
RPL19A,RPS29A,0.993
RPL19A,RPS29B,0.992
RPL19A,RPS3,0.999
RPL19A,RPS30A,0.992
RPL19A,RPS30B,0.992
RPL19A,RPS31,0.998
RPL19A,RPS4A,0.996
RPL19A,RPS4B,0.996
RPL19A,RPS5,0.998
RPL19A,RPS6A,0.997
RPL19A,RPS6B,0.998
RPL19A,RPS7A,0.996
RPL19A,RPS7B,0.979
RPL19A,RPS8A,0.996
RPL19A,RPS8B,0.995
RPL19A,RPS9A,0.992
RPL19A,RPS9B,0.995
RPL19A,RSM10,0.94
RPL19A,RSM7,0.939
RPL19A,SBH2,0.953
RPL19A,SSH1,0.926
RPL19A,SSS1,0.96
RPL19A,TEF4,0.931
RPL19B,RPL1A,0.996
RPL19B,RPL1B,0.995
RPL19B,RPL20A,0.998
RPL19B,RPL20B,0.998
RPL19B,RPL21A,0.997
RPL19B,RPL21B,0.987
RPL19B,RPL22A,0.994
RPL19B,RPL22B,0.99
RPL19B,RPL23A,0.998
RPL19B,RPL23B,0.998
RPL19B,RPL24A,0.999
RPL19B,RPL24B,0.999
RPL19B,RPL25,0.999
RPL19B,RPL26A,0.999
RPL19B,RPL26B,0.998
RPL19B,RPL27A,0.998
RPL19B,RPL27B,0.989
RPL19B,RPL28,0.999
RPL19B,RPL29,0.999
RPL19B,RPL2A,0.997
RPL19B,RPL2B,0.997
RPL19B,RPL3,0.999
RPL19B,RPL30,0.999
RPL19B,RPL31A,0.999
RPL19B,RPL31B,0.993
RPL19B,RPL32,0.999
RPL19B,RPL33A,0.998
RPL19B,RPL33B,0.99
RPL19B,RPL34A,0.999
RPL19B,RPL34B,0.998
RPL19B,RPL35A,0.999
RPL19B,RPL35B,0.998
RPL19B,RPL36A,0.998
RPL19B,RPL36B,0.996
RPL19B,RPL37A,0.996
RPL19B,RPL37B,0.996
RPL19B,RPL38,0.999
RPL19B,RPL39,0.999
RPL19B,RPL40A,0.995
RPL19B,RPL40B,0.998
RPL19B,RPL42A,0.993
RPL19B,RPL42B,0.992
RPL19B,RPL43A,0.998
RPL19B,RPL43B,0.997
RPL19B,RPL4A,0.996
RPL19B,RPL4B,0.995
RPL19B,RPL5,0.999
RPL19B,RPL6A,0.998
RPL19B,RPL6B,0.998
RPL19B,RPL7A,0.998
RPL19B,RPL7B,0.996
RPL19B,RPL8A,0.997
RPL19B,RPL8B,0.998
RPL19B,RPL9A,0.998
RPL19B,RPL9B,0.997
RPL19B,RPP0,0.999
RPL19B,RPP1A,0.996
RPL19B,RPP1B,0.987
RPL19B,RPP2A,0.995
RPL19B,RPP2B,0.978
RPL19B,RPS0A,0.996
RPL19B,RPS0B,0.995
RPL19B,RPS10A,0.997
RPL19B,RPS10B,0.978
RPL19B,RPS11A,0.998
RPL19B,RPS11B,0.998
RPL19B,RPS12,0.999
RPL19B,RPS13,0.999
RPL19B,RPS14A,0.997
RPL19B,RPS14B,0.993
RPL19B,RPS15,0.999
RPL19B,RPS16A,0.996
RPL19B,RPS16B,0.998
RPL19B,RPS17A,0.997
RPL19B,RPS17B,0.996
RPL19B,RPS18A,0.997
RPL19B,RPS18B,0.997
RPL19B,RPS19A,0.998
RPL19B,RPS19B,0.997
RPL19B,RPS1A,0.998
RPL19B,RPS1B,0.997
RPL19B,RPS2,0.999
RPL19B,RPS20,0.998
RPL19B,RPS21A,0.944
RPL19B,RPS21B,0.998
RPL19B,RPS22A,0.996
RPL19B,RPS22B,0.957
RPL19B,RPS23A,0.996
RPL19B,RPS23B,0.996
RPL19B,RPS24A,0.997
RPL19B,RPS24B,0.996
RPL19B,RPS25A,0.997
RPL19B,RPS25B,0.975
RPL19B,RPS26A,0.997
RPL19B,RPS26B,0.997
RPL19B,RPS27A,0.996
RPL19B,RPS27B,0.997
RPL19B,RPS28A,0.992
RPL19B,RPS28B,0.993
RPL19B,RPS29A,0.994
RPL19B,RPS29B,0.995
RPL19B,RPS3,0.999
RPL19B,RPS30A,0.994
RPL19B,RPS30B,0.994
RPL19B,RPS31,0.999
RPL19B,RPS4A,0.997
RPL19B,RPS4B,0.995
RPL19B,RPS5,0.999
RPL19B,RPS6A,0.997
RPL19B,RPS6B,0.998
RPL19B,RPS7A,0.998
RPL19B,RPS7B,0.985
RPL19B,RPS8A,0.997
RPL19B,RPS8B,0.995
RPL19B,RPS9A,0.994
RPL19B,RPS9B,0.998
RPL19B,RSM10,0.94
RPL19B,RSM7,0.939
RPL19B,SBH2,0.955
RPL19B,SSH1,0.927
RPL19B,SSS1,0.962
RPL19B,TEF4,0.932
RPL1A,RPL20A,0.995
RPL1A,RPL20B,0.993
RPL1A,RPL21A,0.995
RPL1A,RPL21B,0.985
RPL1A,RPL22A,0.995
RPL1A,RPL22B,0.976
RPL1A,RPL23A,0.996
RPL1A,RPL23B,0.996
RPL1A,RPL24A,0.996
RPL1A,RPL24B,0.996
RPL1A,RPL25,0.998
RPL1A,RPL26A,0.997
RPL1A,RPL26B,0.997
RPL1A,RPL27A,0.993
RPL1A,RPL27B,0.973
RPL1A,RPL28,0.998
RPL1A,RPL29,0.998
RPL1A,RPL2A,0.997
RPL1A,RPL2B,0.997
RPL1A,RPL3,0.999
RPL1A,RPL30,0.998
RPL1A,RPL31A,0.994
RPL1A,RPL31B,0.965
RPL1A,RPL32,0.998
RPL1A,RPL33A,0.993
RPL1A,RPL33B,0.967
RPL1A,RPL34A,0.99
RPL1A,RPL34B,0.991
RPL1A,RPL35A,0.996
RPL1A,RPL35B,0.996
RPL1A,RPL36A,0.994
RPL1A,RPL36B,0.991
RPL1A,RPL37A,0.991
RPL1A,RPL37B,0.991
RPL1A,RPL38,0.999
RPL1A,RPL39,0.997
RPL1A,RPL40A,0.989
RPL1A,RPL40B,0.991
RPL1A,RPL42A,0.991
RPL1A,RPL42B,0.99
RPL1A,RPL43A,0.993
RPL1A,RPL43B,0.99
RPL1A,RPL4A,0.997
RPL1A,RPL4B,0.997
RPL1A,RPL5,0.999
RPL1A,RPL6A,0.996
RPL1A,RPL6B,0.996
RPL1A,RPL7A,0.996
RPL1A,RPL7B,0.995
RPL1A,RPL8A,0.996
RPL1A,RPL8B,0.997
RPL1A,RPL9A,0.998
RPL1A,RPL9B,0.997
RPL1A,RPP0,0.999
RPL1A,RPP1A,0.991
RPL1A,RPP1B,0.945
RPL1A,RPP2A,0.986
RPL1A,RPP2B,0.927
RPL1A,RPS0A,0.994
RPL1A,RPS0B,0.995
RPL1A,RPS10A,0.991
RPL1A,RPS10B,0.954
RPL1A,RPS11A,0.995
RPL1A,RPS11B,0.995
RPL1A,RPS12,0.999
RPL1A,RPS13,0.998
RPL1A,RPS14A,0.993
RPL1A,RPS14B,0.992
RPL1A,RPS15,0.998
RPL1A,RPS16A,0.992
RPL1A,RPS16B,0.993
RPL1A,RPS17A,0.993
RPL1A,RPS17B,0.993
RPL1A,RPS18A,0.995
RPL1A,RPS18B,0.996
RPL1A,RPS19A,0.994
RPL1A,RPS19B,0.994
RPL1A,RPS1A,0.995
RPL1A,RPS1B,0.994
RPL1A,RPS2,0.999
RPL1A,RPS20,0.998
RPL1A,RPS21A,0.947
RPL1A,RPS21B,0.996
RPL1A,RPS22A,0.995
RPL1A,RPS22B,0.968
RPL1A,RPS23A,0.994
RPL1A,RPS23B,0.993
RPL1A,RPS24A,0.994
RPL1A,RPS24B,0.995
RPL1A,RPS25A,0.998
RPL1A,RPS25B,0.993
RPL1A,RPS26A,0.995
RPL1A,RPS26B,0.993
RPL1A,RPS27A,0.988
RPL1A,RPS27B,0.99
RPL1A,RPS28A,0.988
RPL1A,RPS28B,0.99
RPL1A,RPS29A,0.992
RPL1A,RPS29B,0.991
RPL1A,RPS3,0.999
RPL1A,RPS30A,0.987
RPL1A,RPS30B,0.986
RPL1A,RPS31,0.998
RPL1A,RPS4A,0.994
RPL1A,RPS4B,0.994
RPL1A,RPS5,0.998
RPL1A,RPS6A,0.994
RPL1A,RPS6B,0.995
RPL1A,RPS7A,0.994
RPL1A,RPS7B,0.969
RPL1A,RPS8A,0.994
RPL1A,RPS8B,0.994
RPL1A,RPS9A,0.993
RPL1A,RPS9B,0.994
RPL1A,RSM7,0.943
RPL1A,RTC6,0.979
RPL1B,RPL20A,0.994
RPL1B,RPL20B,0.995
RPL1B,RPL21A,0.995
RPL1B,RPL21B,0.979
RPL1B,RPL22A,0.995
RPL1B,RPL22B,0.976
RPL1B,RPL23A,0.997
RPL1B,RPL23B,0.996
RPL1B,RPL24A,0.995
RPL1B,RPL24B,0.995
RPL1B,RPL25,0.998
RPL1B,RPL26A,0.996
RPL1B,RPL26B,0.997
RPL1B,RPL27A,0.995
RPL1B,RPL27B,0.97
RPL1B,RPL28,0.998
RPL1B,RPL29,0.997
RPL1B,RPL2A,0.998
RPL1B,RPL2B,0.998
RPL1B,RPL3,0.999
RPL1B,RPL30,0.998
RPL1B,RPL31A,0.995
RPL1B,RPL31B,0.964
RPL1B,RPL32,0.997
RPL1B,RPL33A,0.993
RPL1B,RPL33B,0.962
RPL1B,RPL34A,0.992
RPL1B,RPL34B,0.991
RPL1B,RPL35A,0.996
RPL1B,RPL35B,0.995
RPL1B,RPL36A,0.993
RPL1B,RPL36B,0.991
RPL1B,RPL37A,0.991
RPL1B,RPL37B,0.99
RPL1B,RPL38,0.999
RPL1B,RPL39,0.997
RPL1B,RPL40A,0.995
RPL1B,RPL40B,0.99
RPL1B,RPL42A,0.99
RPL1B,RPL42B,0.99
RPL1B,RPL43A,0.991
RPL1B,RPL43B,0.989
RPL1B,RPL4A,0.998
RPL1B,RPL4B,0.997
RPL1B,RPL5,0.999
RPL1B,RPL6A,0.996
RPL1B,RPL6B,0.995
RPL1B,RPL7A,0.997
RPL1B,RPL7B,0.995
RPL1B,RPL8A,0.995
RPL1B,RPL8B,0.996
RPL1B,RPL9A,0.997
RPL1B,RPL9B,0.997
RPL1B,RPP0,0.999
RPL1B,RPP1A,0.99
RPL1B,RPP1B,0.948
RPL1B,RPP2A,0.982
RPL1B,RPP2B,0.914
RPL1B,RPS0A,0.995
RPL1B,RPS0B,0.996
RPL1B,RPS10A,0.992
RPL1B,RPS10B,0.956
RPL1B,RPS11A,0.997
RPL1B,RPS11B,0.996
RPL1B,RPS12,0.998
RPL1B,RPS13,0.998
RPL1B,RPS14A,0.991
RPL1B,RPS14B,0.991
RPL1B,RPS15,0.998
RPL1B,RPS16A,0.992
RPL1B,RPS16B,0.995
RPL1B,RPS17A,0.994
RPL1B,RPS17B,0.993
RPL1B,RPS18A,0.997
RPL1B,RPS18B,0.996
RPL1B,RPS19A,0.994
RPL1B,RPS19B,0.995
RPL1B,RPS1A,0.994
RPL1B,RPS1B,0.995
RPL1B,RPS2,0.998
RPL1B,RPS20,0.998
RPL1B,RPS21A,0.945
RPL1B,RPS21B,0.996
RPL1B,RPS22A,0.994
RPL1B,RPS22B,0.963
RPL1B,RPS23A,0.994
RPL1B,RPS23B,0.994
RPL1B,RPS24A,0.996
RPL1B,RPS24B,0.995
RPL1B,RPS25A,0.998
RPL1B,RPS25B,0.99
RPL1B,RPS26A,0.994
RPL1B,RPS26B,0.992
RPL1B,RPS27A,0.987
RPL1B,RPS27B,0.99
RPL1B,RPS28A,0.986
RPL1B,RPS28B,0.988
RPL1B,RPS29A,0.989
RPL1B,RPS29B,0.991
RPL1B,RPS3,0.999
RPL1B,RPS30A,0.987
RPL1B,RPS30B,0.985
RPL1B,RPS31,0.997
RPL1B,RPS4A,0.995
RPL1B,RPS4B,0.996
RPL1B,RPS5,0.998
RPL1B,RPS6A,0.993
RPL1B,RPS6B,0.996
RPL1B,RPS7A,0.995
RPL1B,RPS7B,0.963
RPL1B,RPS8A,0.994
RPL1B,RPS8B,0.994
RPL1B,RPS9A,0.991
RPL1B,RPS9B,0.995
RPL1B,RSM7,0.944
RPL1B,RTC6,0.979
RPL1B,TIF11,0.905
RPL20A,RPL20B,0.961
RPL20A,RPL21A,0.999
RPL20A,RPL21B,0.995
RPL20A,RPL22A,0.99
RPL20A,RPL22B,0.947
RPL20A,RPL23A,0.997
RPL20A,RPL23B,0.997
RPL20A,RPL24A,0.998
RPL20A,RPL24B,0.997
RPL20A,RPL25,0.999
RPL20A,RPL26A,0.997
RPL20A,RPL26B,0.996
RPL20A,RPL27A,0.997
RPL20A,RPL27B,0.987
RPL20A,RPL28,0.998
RPL20A,RPL29,0.998
RPL20A,RPL2A,0.995
RPL20A,RPL2B,0.996
RPL20A,RPL3,0.999
RPL20A,RPL30,0.999
RPL20A,RPL31A,0.997
RPL20A,RPL31B,0.985
RPL20A,RPL32,0.999
RPL20A,RPL33A,0.999
RPL20A,RPL33B,0.994
RPL20A,RPL34A,0.998
RPL20A,RPL34B,0.998
RPL20A,RPL35A,0.997
RPL20A,RPL35B,0.996
RPL20A,RPL36A,0.997
RPL20A,RPL36B,0.993
RPL20A,RPL37A,0.995
RPL20A,RPL37B,0.996
RPL20A,RPL38,0.998
RPL20A,RPL39,0.998
RPL20A,RPL40A,0.996
RPL20A,RPL40B,0.997
RPL20A,RPL42A,0.991
RPL20A,RPL42B,0.991
RPL20A,RPL43A,0.995
RPL20A,RPL43B,0.994
RPL20A,RPL4A,0.998
RPL20A,RPL4B,0.997
RPL20A,RPL5,0.999
RPL20A,RPL6A,0.999
RPL20A,RPL6B,0.999
RPL20A,RPL7A,0.999
RPL20A,RPL7B,0.997
RPL20A,RPL8A,0.998
RPL20A,RPL8B,0.998
RPL20A,RPL9A,0.999
RPL20A,RPL9B,0.997
RPL20A,RPP0,0.999
RPL20A,RPP1A,0.992
RPL20A,RPP1B,0.959
RPL20A,RPP2A,0.966
RPL20A,RPP2B,0.947
RPL20A,RPS0A,0.996
RPL20A,RPS0B,0.995
RPL20A,RPS10A,0.997
RPL20A,RPS10B,0.98
RPL20A,RPS11A,0.996
RPL20A,RPS11B,0.995
RPL20A,RPS12,0.999
RPL20A,RPS13,0.999
RPL20A,RPS14A,0.995
RPL20A,RPS14B,0.992
RPL20A,RPS15,0.999
RPL20A,RPS16A,0.995
RPL20A,RPS16B,0.996
RPL20A,RPS17A,0.996
RPL20A,RPS17B,0.994
RPL20A,RPS18A,0.997
RPL20A,RPS18B,0.996
RPL20A,RPS19A,0.996
RPL20A,RPS19B,0.978
RPL20A,RPS1A,0.996
RPL20A,RPS1B,0.996
RPL20A,RPS2,0.999
RPL20A,RPS20,0.999
RPL20A,RPS21A,0.939
RPL20A,RPS21B,0.998
RPL20A,RPS22A,0.997
RPL20A,RPS22B,0.96
RPL20A,RPS23A,0.992
RPL20A,RPS23B,0.993
RPL20A,RPS24A,0.997
RPL20A,RPS24B,0.997
RPL20A,RPS25A,0.995
RPL20A,RPS25B,0.982
RPL20A,RPS26A,0.997
RPL20A,RPS26B,0.996
RPL20A,RPS27A,0.993
RPL20A,RPS27B,0.995
RPL20A,RPS28A,0.994
RPL20A,RPS28B,0.991
RPL20A,RPS29A,0.993
RPL20A,RPS29B,0.969
RPL20A,RPS3,0.999
RPL20A,RPS30A,0.99
RPL20A,RPS30B,0.992
RPL20A,RPS31,0.999
RPL20A,RPS4A,0.995
RPL20A,RPS4B,0.994
RPL20A,RPS5,0.999
RPL20A,RPS6A,0.995
RPL20A,RPS6B,0.996
RPL20A,RPS7A,0.998
RPL20A,RPS7B,0.989
RPL20A,RPS8A,0.995
RPL20A,RPS8B,0.994
RPL20A,RPS9A,0.993
RPL20A,RPS9B,0.996
RPL20A,RSM10,0.928
RPL20A,RSM7,0.939
RPL20A,SRP68,0.905
RPL20A,TEF4,0.901
RPL20A,UTP10,0.994
RPL20A,UTP22,0.995
RPL20B,RPL21A,0.999
RPL20B,RPL21B,0.995
RPL20B,RPL22A,0.99
RPL20B,RPL22B,0.944
RPL20B,RPL23A,0.997
RPL20B,RPL23B,0.998
RPL20B,RPL24A,0.997
RPL20B,RPL24B,0.997
RPL20B,RPL25,0.999
RPL20B,RPL26A,0.996
RPL20B,RPL26B,0.998
RPL20B,RPL27A,0.997
RPL20B,RPL27B,0.987
RPL20B,RPL28,0.998
RPL20B,RPL29,0.997
RPL20B,RPL2A,0.996
RPL20B,RPL2B,0.996
RPL20B,RPL3,0.998
RPL20B,RPL30,0.999
RPL20B,RPL31A,0.997
RPL20B,RPL31B,0.981
RPL20B,RPL32,0.999
RPL20B,RPL33A,0.998
RPL20B,RPL33B,0.994
RPL20B,RPL34A,0.997
RPL20B,RPL34B,0.997
RPL20B,RPL35A,0.996
RPL20B,RPL35B,0.997
RPL20B,RPL36A,0.997
RPL20B,RPL36B,0.994
RPL20B,RPL37A,0.995
RPL20B,RPL37B,0.994
RPL20B,RPL38,0.998
RPL20B,RPL39,0.998
RPL20B,RPL40A,0.996
RPL20B,RPL40B,0.996
RPL20B,RPL42A,0.991
RPL20B,RPL42B,0.991
RPL20B,RPL43A,0.995
RPL20B,RPL43B,0.994
RPL20B,RPL4A,0.998
RPL20B,RPL4B,0.996
RPL20B,RPL5,0.998
RPL20B,RPL6A,0.999
RPL20B,RPL6B,0.999
RPL20B,RPL7A,0.999
RPL20B,RPL7B,0.997
RPL20B,RPL8A,0.997
RPL20B,RPL8B,0.998
RPL20B,RPL9A,0.999
RPL20B,RPL9B,0.996
RPL20B,RPP0,0.998
RPL20B,RPP1A,0.991
RPL20B,RPP1B,0.959
RPL20B,RPP2A,0.957
RPL20B,RPP2B,0.944
RPL20B,RPS0A,0.995
RPL20B,RPS0B,0.994
RPL20B,RPS10A,0.997
RPL20B,RPS10B,0.979
RPL20B,RPS11A,0.996
RPL20B,RPS11B,0.994
RPL20B,RPS12,0.998
RPL20B,RPS13,0.998
RPL20B,RPS14A,0.993
RPL20B,RPS14B,0.99
RPL20B,RPS15,0.998
RPL20B,RPS16A,0.995
RPL20B,RPS16B,0.996
RPL20B,RPS17A,0.994
RPL20B,RPS17B,0.996
RPL20B,RPS18A,0.997
RPL20B,RPS18B,0.996
RPL20B,RPS19A,0.995
RPL20B,RPS19B,0.978
RPL20B,RPS1A,0.996
RPL20B,RPS1B,0.996
RPL20B,RPS2,0.998
RPL20B,RPS20,0.998
RPL20B,RPS21A,0.944
RPL20B,RPS21B,0.997
RPL20B,RPS22A,0.994
RPL20B,RPS22B,0.96
RPL20B,RPS23A,0.992
RPL20B,RPS23B,0.994
RPL20B,RPS24A,0.997
RPL20B,RPS24B,0.997
RPL20B,RPS25A,0.994
RPL20B,RPS25B,0.966
RPL20B,RPS26A,0.995
RPL20B,RPS26B,0.995
RPL20B,RPS27A,0.992
RPL20B,RPS27B,0.995
RPL20B,RPS28A,0.989
RPL20B,RPS28B,0.99
RPL20B,RPS29A,0.993
RPL20B,RPS29B,0.962
RPL20B,RPS3,0.998
RPL20B,RPS30A,0.988
RPL20B,RPS30B,0.992
RPL20B,RPS31,0.998
RPL20B,RPS4A,0.995
RPL20B,RPS4B,0.995
RPL20B,RPS5,0.998
RPL20B,RPS6A,0.994
RPL20B,RPS6B,0.997
RPL20B,RPS7A,0.997
RPL20B,RPS7B,0.986
RPL20B,RPS8A,0.993
RPL20B,RPS8B,0.993
RPL20B,RPS9A,0.99
RPL20B,RPS9B,0.995
RPL20B,RSM10,0.928
RPL20B,RSM7,0.939
RPL20B,SRP68,0.908
RPL21A,RPL21B,0.982
RPL21A,RPL22A,0.997
RPL21A,RPL22B,0.967
RPL21A,RPL23A,0.996
RPL21A,RPL23B,0.997
RPL21A,RPL24A,0.999
RPL21A,RPL24B,0.998
RPL21A,RPL25,0.999
RPL21A,RPL26A,0.998
RPL21A,RPL26B,0.997
RPL21A,RPL27A,0.999
RPL21A,RPL27B,0.982
RPL21A,RPL28,0.999
RPL21A,RPL29,0.999
RPL21A,RPL2A,0.997
RPL21A,RPL2B,0.996
RPL21A,RPL3,0.999
RPL21A,RPL30,0.999
RPL21A,RPL31A,0.998
RPL21A,RPL31B,0.998
RPL21A,RPL32,0.999
RPL21A,RPL33A,0.999
RPL21A,RPL33B,0.983
RPL21A,RPL34A,0.998
RPL21A,RPL34B,0.997
RPL21A,RPL35A,0.996
RPL21A,RPL35B,0.996
RPL21A,RPL36A,0.996
RPL21A,RPL36B,0.998
RPL21A,RPL37A,0.996
RPL21A,RPL37B,0.995
RPL21A,RPL38,0.999
RPL21A,RPL39,0.999
RPL21A,RPL40A,0.994
RPL21A,RPL40B,0.994
RPL21A,RPL42A,0.99
RPL21A,RPL42B,0.99
RPL21A,RPL43A,0.996
RPL21A,RPL43B,0.995
RPL21A,RPL4A,0.995
RPL21A,RPL4B,0.995
RPL21A,RPL5,0.999
RPL21A,RPL6A,0.997
RPL21A,RPL6B,0.997
RPL21A,RPL7A,0.999
RPL21A,RPL7B,0.996
RPL21A,RPL8A,0.997
RPL21A,RPL8B,0.999
RPL21A,RPL9A,0.996
RPL21A,RPL9B,0.998
RPL21A,RPP0,0.999
RPL21A,RPP1A,0.998
RPL21A,RPP1B,0.98
RPL21A,RPP2A,0.995
RPL21A,RPP2B,0.994
RPL21A,RPS0A,0.997
RPL21A,RPS0B,0.997
RPL21A,RPS10A,0.997
RPL21A,RPS10B,0.979
RPL21A,RPS11A,0.995
RPL21A,RPS11B,0.995
RPL21A,RPS12,0.999
RPL21A,RPS13,0.999
RPL21A,RPS14A,0.996
RPL21A,RPS14B,0.993
RPL21A,RPS15,0.998
RPL21A,RPS16A,0.995
RPL21A,RPS16B,0.997
RPL21A,RPS17A,0.997
RPL21A,RPS17B,0.996
RPL21A,RPS18A,0.997
RPL21A,RPS18B,0.996
RPL21A,RPS19A,0.996
RPL21A,RPS19B,0.997
RPL21A,RPS1A,0.998
RPL21A,RPS1B,0.997
RPL21A,RPS2,0.999
RPL21A,RPS20,0.999
RPL21A,RPS21A,0.962
RPL21A,RPS21B,0.999
RPL21A,RPS22A,0.997
RPL21A,RPS22B,0.959
RPL21A,RPS23A,0.995
RPL21A,RPS23B,0.995
RPL21A,RPS24A,0.996
RPL21A,RPS24B,0.996
RPL21A,RPS25A,0.996
RPL21A,RPS25B,0.981
RPL21A,RPS26A,0.996
RPL21A,RPS26B,0.995
RPL21A,RPS27A,0.993
RPL21A,RPS27B,0.996
RPL21A,RPS28A,0.992
RPL21A,RPS28B,0.993
RPL21A,RPS29A,0.995
RPL21A,RPS29B,0.993
RPL21A,RPS3,0.999
RPL21A,RPS30A,0.991
RPL21A,RPS30B,0.993
RPL21A,RPS31,0.998
RPL21A,RPS4A,0.997
RPL21A,RPS4B,0.995
RPL21A,RPS5,0.999
RPL21A,RPS6A,0.995
RPL21A,RPS6B,0.997
RPL21A,RPS7A,0.997
RPL21A,RPS7B,0.984
RPL21A,RPS8A,0.996
RPL21A,RPS8B,0.993
RPL21A,RPS9A,0.998
RPL21A,RPS9B,0.999
RPL21A,RSM10,0.943
RPL21A,RSM7,0.942
RPL21A,STT3,0.903
RPL21B,RPL22A,0.983
RPL21B,RPL22B,0.97
RPL21B,RPL23A,0.987
RPL21B,RPL23B,0.988
RPL21B,RPL24A,0.989
RPL21B,RPL24B,0.993
RPL21B,RPL25,0.995
RPL21B,RPL26A,0.99
RPL21B,RPL26B,0.988
RPL21B,RPL27A,0.981
RPL21B,RPL27B,0.982
RPL21B,RPL28,0.993
RPL21B,RPL29,0.995
RPL21B,RPL2A,0.984
RPL21B,RPL2B,0.982
RPL21B,RPL3,0.994
RPL21B,RPL30,0.996
RPL21B,RPL31A,0.992
RPL21B,RPL31B,0.991
RPL21B,RPL32,0.997
RPL21B,RPL33A,0.983
RPL21B,RPL33B,0.984
RPL21B,RPL34A,0.99
RPL21B,RPL34B,0.988
RPL21B,RPL35A,0.984
RPL21B,RPL35B,0.983
RPL21B,RPL36A,0.994
RPL21B,RPL36B,0.975
RPL21B,RPL37A,0.983
RPL21B,RPL37B,0.984
RPL21B,RPL38,0.996
RPL21B,RPL39,0.991
RPL21B,RPL40A,0.975
RPL21B,RPL40B,0.974
RPL21B,RPL42A,0.953
RPL21B,RPL42B,0.942
RPL21B,RPL43A,0.983
RPL21B,RPL43B,0.982
RPL21B,RPL4A,0.977
RPL21B,RPL4B,0.979
RPL21B,RPL5,0.996
RPL21B,RPL6A,0.987
RPL21B,RPL6B,0.987
RPL21B,RPL7A,0.991
RPL21B,RPL7B,0.986
RPL21B,RPL8A,0.985
RPL21B,RPL8B,0.988
RPL21B,RPL9A,0.984
RPL21B,RPL9B,0.973
RPL21B,RPP0,0.994
RPL21B,RPP1A,0.966
RPL21B,RPP1B,0.975
RPL21B,RPP2A,0.974
RPL21B,RPP2B,0.966
RPL21B,RPS0A,0.983
RPL21B,RPS0B,0.975
RPL21B,RPS10A,0.98
RPL21B,RPS10B,0.977
RPL21B,RPS11A,0.976
RPL21B,RPS11B,0.971
RPL21B,RPS12,0.994
RPL21B,RPS13,0.994
RPL21B,RPS14A,0.977
RPL21B,RPS14B,0.97
RPL21B,RPS15,0.992
RPL21B,RPS16A,0.974
RPL21B,RPS16B,0.978
RPL21B,RPS17A,0.988
RPL21B,RPS17B,0.981
RPL21B,RPS18A,0.977
RPL21B,RPS18B,0.979
RPL21B,RPS19A,0.98
RPL21B,RPS19B,0.984
RPL21B,RPS1A,0.977
RPL21B,RPS1B,0.984
RPL21B,RPS2,0.996
RPL21B,RPS20,0.992
RPL21B,RPS21B,0.993
RPL21B,RPS22A,0.982
RPL21B,RPS22B,0.963
RPL21B,RPS23A,0.974
RPL21B,RPS23B,0.977
RPL21B,RPS24A,0.982
RPL21B,RPS24B,0.982
RPL21B,RPS25A,0.981
RPL21B,RPS25B,0.982
RPL21B,RPS26A,0.99
RPL21B,RPS26B,0.977
RPL21B,RPS27A,0.959
RPL21B,RPS27B,0.979
RPL21B,RPS28A,0.952
RPL21B,RPS28B,0.968
RPL21B,RPS29A,0.971
RPL21B,RPS29B,0.971
RPL21B,RPS3,0.996
RPL21B,RPS30A,0.956
RPL21B,RPS30B,0.969
RPL21B,RPS31,0.994
RPL21B,RPS4A,0.982
RPL21B,RPS4B,0.975
RPL21B,RPS5,0.994
RPL21B,RPS6A,0.987
RPL21B,RPS6B,0.99
RPL21B,RPS7A,0.985
RPL21B,RPS7B,0.984
RPL21B,RPS8A,0.973
RPL21B,RPS8B,0.969
RPL21B,RPS9A,0.988
RPL21B,RPS9B,0.993
RPL21B,RSM10,0.943
RPL21B,RSM7,0.942
RPL21B,STT3,0.903
RPL22A,RPL22B,0.995
RPL22A,RPL23A,0.993
RPL22A,RPL23B,0.993
RPL22A,RPL24A,0.996
RPL22A,RPL24B,0.995
RPL22A,RPL25,0.998
RPL22A,RPL26A,0.998
RPL22A,RPL26B,0.996
RPL22A,RPL27A,0.995
RPL22A,RPL27B,0.972
RPL22A,RPL28,0.999
RPL22A,RPL29,0.998
RPL22A,RPL2A,0.992
RPL22A,RPL2B,0.992
RPL22A,RPL3,0.997
RPL22A,RPL30,0.998
RPL22A,RPL31A,0.998
RPL22A,RPL31B,0.988
RPL22A,RPL32,0.998
RPL22A,RPL33A,0.995
RPL22A,RPL33B,0.976
RPL22A,RPL34A,0.996
RPL22A,RPL34B,0.995
RPL22A,RPL35A,0.992
RPL22A,RPL35B,0.99
RPL22A,RPL36A,0.994
RPL22A,RPL36B,0.99
RPL22A,RPL37A,0.995
RPL22A,RPL37B,0.992
RPL22A,RPL38,0.999
RPL22A,RPL39,0.999
RPL22A,RPL40A,0.994
RPL22A,RPL40B,0.993
RPL22A,RPL42A,0.989
RPL22A,RPL42B,0.989
RPL22A,RPL43A,0.994
RPL22A,RPL43B,0.991
RPL22A,RPL4A,0.994
RPL22A,RPL4B,0.992
RPL22A,RPL5,0.998
RPL22A,RPL6A,0.996
RPL22A,RPL6B,0.996
RPL22A,RPL7A,0.996
RPL22A,RPL7B,0.994
RPL22A,RPL8A,0.993
RPL22A,RPL8B,0.993
RPL22A,RPL9A,0.997
RPL22A,RPL9B,0.996
RPL22A,RPP0,0.996
RPL22A,RPP1A,0.982
RPL22A,RPP1B,0.931
RPL22A,RPP2A,0.986
RPL22A,RPP2B,0.923
RPL22A,RPS0A,0.993
RPL22A,RPS0B,0.992
RPL22A,RPS10A,0.994
RPL22A,RPS10B,0.948
RPL22A,RPS11A,0.992
RPL22A,RPS11B,0.994
RPL22A,RPS12,0.998
RPL22A,RPS13,0.999
RPL22A,RPS14A,0.994
RPL22A,RPS14B,0.992
RPL22A,RPS15,0.998
RPL22A,RPS16A,0.992
RPL22A,RPS16B,0.995
RPL22A,RPS17A,0.994
RPL22A,RPS17B,0.989
RPL22A,RPS18A,0.992
RPL22A,RPS18B,0.995
RPL22A,RPS19A,0.994
RPL22A,RPS19B,0.964
RPL22A,RPS1A,0.993
RPL22A,RPS1B,0.992
RPL22A,RPS2,0.996
RPL22A,RPS20,0.998
RPL22A,RPS21A,0.969
RPL22A,RPS21B,0.998
RPL22A,RPS22A,0.995
RPL22A,RPS22B,0.953
RPL22A,RPS23A,0.994
RPL22A,RPS23B,0.991
RPL22A,RPS24A,0.996
RPL22A,RPS24B,0.994
RPL22A,RPS25A,0.997
RPL22A,RPS25B,0.986
RPL22A,RPS26A,0.989
RPL22A,RPS26B,0.99
RPL22A,RPS27A,0.994
RPL22A,RPS27B,0.996
RPL22A,RPS28A,0.985
RPL22A,RPS28B,0.992
RPL22A,RPS29A,0.994
RPL22A,RPS29B,0.961
RPL22A,RPS3,0.997
RPL22A,RPS30A,0.985
RPL22A,RPS30B,0.989
RPL22A,RPS31,0.994
RPL22A,RPS4A,0.992
RPL22A,RPS4B,0.986
RPL22A,RPS5,0.998
RPL22A,RPS6A,0.994
RPL22A,RPS6B,0.995
RPL22A,RPS7A,0.995
RPL22A,RPS7B,0.96
RPL22A,RPS8A,0.996
RPL22A,RPS8B,0.994
RPL22A,RPS9A,0.996
RPL22A,RPS9B,0.995
RPL22B,RPL23A,0.991
RPL22B,RPL23B,0.991
RPL22B,RPL24A,0.965
RPL22B,RPL24B,0.969
RPL22B,RPL25,0.991
RPL22B,RPL26A,0.979
RPL22B,RPL26B,0.977
RPL22B,RPL27A,0.959
RPL22B,RPL27B,0.96
RPL22B,RPL28,0.992
RPL22B,RPL29,0.988
RPL22B,RPL2A,0.952
RPL22B,RPL2B,0.958
RPL22B,RPL3,0.996
RPL22B,RPL30,0.994
RPL22B,RPL31A,0.996
RPL22B,RPL31B,0.987
RPL22B,RPL32,0.989
RPL22B,RPL33A,0.959
RPL22B,RPL33B,0.972
RPL22B,RPL34A,0.957
RPL22B,RPL34B,0.959
RPL22B,RPL35A,0.941
RPL22B,RPL35B,0.94
RPL22B,RPL36A,0.964
RPL22B,RPL36B,0.94
RPL22B,RPL37A,0.952
RPL22B,RPL37B,0.95
RPL22B,RPL38,0.995
RPL22B,RPL39,0.99
RPL22B,RPL40A,0.952
RPL22B,RPL40B,0.952
RPL22B,RPL42A,0.939
RPL22B,RPL42B,0.94
RPL22B,RPL43A,0.954
RPL22B,RPL43B,0.956
RPL22B,RPL4A,0.962
RPL22B,RPL4B,0.956
RPL22B,RPL5,0.989
RPL22B,RPL6A,0.96
RPL22B,RPL6B,0.956
RPL22B,RPL7A,0.968
RPL22B,RPL7B,0.966
RPL22B,RPL8A,0.954
RPL22B,RPL8B,0.95
RPL22B,RPL9A,0.979
RPL22B,RPL9B,0.975
RPL22B,RPP0,0.976
RPL22B,RPS0A,0.945
RPL22B,RPS0B,0.918
RPL22B,RPS10A,0.946
RPL22B,RPS10B,0.942
RPL22B,RPS11A,0.944
RPL22B,RPS11B,0.945
RPL22B,RPS12,0.982
RPL22B,RPS13,0.992
RPL22B,RPS14A,0.944
RPL22B,RPS14B,0.973
RPL22B,RPS15,0.988
RPL22B,RPS16A,0.956
RPL22B,RPS16B,0.963
RPL22B,RPS17A,0.931
RPL22B,RPS17B,0.954
RPL22B,RPS18A,0.936
RPL22B,RPS18B,0.941
RPL22B,RPS19A,0.942
RPL22B,RPS19B,0.945
RPL22B,RPS1A,0.931
RPL22B,RPS1B,0.936
RPL22B,RPS2,0.971
RPL22B,RPS20,0.985
RPL22B,RPS21B,0.981
RPL22B,RPS22A,0.945
RPL22B,RPS22B,0.965
RPL22B,RPS23A,0.945
RPL22B,RPS23B,0.947
RPL22B,RPS24A,0.964
RPL22B,RPS24B,0.965
RPL22B,RPS25A,0.976
RPL22B,RPS25B,0.979
RPL22B,RPS26A,0.92
RPL22B,RPS26B,0.926
RPL22B,RPS27A,0.966
RPL22B,RPS27B,0.963
RPL22B,RPS28A,0.921
RPL22B,RPS28B,0.942
RPL22B,RPS29A,0.953
RPL22B,RPS29B,0.956
RPL22B,RPS3,0.982
RPL22B,RPS30A,0.916
RPL22B,RPS30B,0.931
RPL22B,RPS31,0.965
RPL22B,RPS4A,0.937
RPL22B,RPS4B,0.929
RPL22B,RPS5,0.979
RPL22B,RPS6A,0.959
RPL22B,RPS6B,0.96
RPL22B,RPS7A,0.945
RPL22B,RPS7B,0.942
RPL22B,RPS8A,0.958
RPL22B,RPS8B,0.964
RPL22B,RPS9A,0.978
RPL22B,RPS9B,0.975
RPL23A,RPL23B,0.96
RPL23A,RPL24A,0.999
RPL23A,RPL24B,0.999
RPL23A,RPL25,0.999
RPL23A,RPL26A,0.998
RPL23A,RPL26B,0.998
RPL23A,RPL27A,0.996
RPL23A,RPL27B,0.985
RPL23A,RPL28,0.998
RPL23A,RPL29,0.997
RPL23A,RPL2A,0.997
RPL23A,RPL2B,0.997
RPL23A,RPL3,0.999
RPL23A,RPL30,0.998
RPL23A,RPL31A,0.998
RPL23A,RPL31B,0.988
RPL23A,RPL32,0.999
RPL23A,RPL33A,0.996
RPL23A,RPL33B,0.993
RPL23A,RPL34A,0.997
RPL23A,RPL34B,0.997
RPL23A,RPL35A,0.998
RPL23A,RPL35B,0.997
RPL23A,RPL36A,0.996
RPL23A,RPL36B,0.995
RPL23A,RPL37A,0.998
RPL23A,RPL37B,0.998
RPL23A,RPL38,0.998
RPL23A,RPL39,0.998
RPL23A,RPL40A,0.996
RPL23A,RPL40B,0.996
RPL23A,RPL42A,0.993
RPL23A,RPL42B,0.992
RPL23A,RPL43A,0.996
RPL23A,RPL43B,0.995
RPL23A,RPL4A,0.996
RPL23A,RPL4B,0.997
RPL23A,RPL5,0.999
RPL23A,RPL6A,0.998
RPL23A,RPL6B,0.997
RPL23A,RPL7A,0.996
RPL23A,RPL7B,0.995
RPL23A,RPL8A,0.997
RPL23A,RPL8B,0.998
RPL23A,RPL9A,0.998
RPL23A,RPL9B,0.998
RPL23A,RPP0,0.999
RPL23A,RPP1A,0.991
RPL23A,RPP1B,0.964
RPL23A,RPP2A,0.99
RPL23A,RPP2B,0.945
RPL23A,RPS0A,0.996
RPL23A,RPS0B,0.992
RPL23A,RPS10A,0.996
RPL23A,RPS10B,0.972
RPL23A,RPS11A,0.996
RPL23A,RPS11B,0.996
RPL23A,RPS12,0.998
RPL23A,RPS13,0.999
RPL23A,RPS14A,0.998
RPL23A,RPS14B,0.995
RPL23A,RPS15,0.999
RPL23A,RPS16A,0.995
RPL23A,RPS16B,0.997
RPL23A,RPS17A,0.996
RPL23A,RPS17B,0.995
RPL23A,RPS18A,0.996
RPL23A,RPS18B,0.995
RPL23A,RPS19A,0.996
RPL23A,RPS19B,0.994
RPL23A,RPS1A,0.995
RPL23A,RPS1B,0.994
RPL23A,RPS2,0.999
RPL23A,RPS20,0.998
RPL23A,RPS21A,0.958
RPL23A,RPS21B,0.998
RPL23A,RPS22A,0.997
RPL23A,RPS22B,0.977
RPL23A,RPS23A,0.995
RPL23A,RPS23B,0.995
RPL23A,RPS24A,0.996
RPL23A,RPS24B,0.995
RPL23A,RPS25A,0.995
RPL23A,RPS25B,0.977
RPL23A,RPS26A,0.996
RPL23A,RPS26B,0.996
RPL23A,RPS27A,0.994
RPL23A,RPS27B,0.995
RPL23A,RPS28A,0.99
RPL23A,RPS28B,0.99
RPL23A,RPS29A,0.994
RPL23A,RPS29B,0.993
RPL23A,RPS3,0.999
RPL23A,RPS30A,0.983
RPL23A,RPS30B,0.987
RPL23A,RPS31,0.998
RPL23A,RPS4A,0.995
RPL23A,RPS4B,0.994
RPL23A,RPS5,0.999
RPL23A,RPS6A,0.992
RPL23A,RPS6B,0.996
RPL23A,RPS7A,0.996
RPL23A,RPS7B,0.965
RPL23A,RPS8A,0.995
RPL23A,RPS8B,0.992
RPL23A,RPS9A,0.993
RPL23A,RPS9B,0.995
RPL23A,RTC6,0.98
RPL23A,SEC61,0.934
RPL23A,SRP54,0.938
RPL23A,STT3,0.901
RPL23A,TIF11,0.91
RPL23A,YML6,0.946
RPL23B,RPL24A,0.999
RPL23B,RPL24B,0.999
RPL23B,RPL25,0.999
RPL23B,RPL26A,0.998
RPL23B,RPL26B,0.999
RPL23B,RPL27A,0.997
RPL23B,RPL27B,0.989
RPL23B,RPL28,0.999
RPL23B,RPL29,0.998
RPL23B,RPL2A,0.997
RPL23B,RPL2B,0.997
RPL23B,RPL3,0.999
RPL23B,RPL30,0.999
RPL23B,RPL31A,0.998
RPL23B,RPL31B,0.99
RPL23B,RPL32,0.999
RPL23B,RPL33A,0.996
RPL23B,RPL33B,0.987
RPL23B,RPL34A,0.997
RPL23B,RPL34B,0.997
RPL23B,RPL35A,0.998
RPL23B,RPL35B,0.998
RPL23B,RPL36A,0.997
RPL23B,RPL36B,0.995
RPL23B,RPL37A,0.998
RPL23B,RPL37B,0.998
RPL23B,RPL38,0.998
RPL23B,RPL39,0.998
RPL23B,RPL40A,0.996
RPL23B,RPL40B,0.996
RPL23B,RPL42A,0.993
RPL23B,RPL42B,0.993
RPL23B,RPL43A,0.995
RPL23B,RPL43B,0.995
RPL23B,RPL4A,0.996
RPL23B,RPL4B,0.996
RPL23B,RPL5,0.999
RPL23B,RPL6A,0.998
RPL23B,RPL6B,0.997
RPL23B,RPL7A,0.996
RPL23B,RPL7B,0.995
RPL23B,RPL8A,0.997
RPL23B,RPL8B,0.998
RPL23B,RPL9A,0.998
RPL23B,RPL9B,0.998
RPL23B,RPP0,0.998
RPL23B,RPP1A,0.993
RPL23B,RPP1B,0.959
RPL23B,RPP2A,0.99
RPL23B,RPP2B,0.94
RPL23B,RPS0A,0.994
RPL23B,RPS0B,0.994
RPL23B,RPS10A,0.995
RPL23B,RPS10B,0.976
RPL23B,RPS11A,0.997
RPL23B,RPS11B,0.994
RPL23B,RPS12,0.999
RPL23B,RPS13,0.998
RPL23B,RPS14A,0.997
RPL23B,RPS14B,0.996
RPL23B,RPS15,0.998
RPL23B,RPS16A,0.996
RPL23B,RPS16B,0.997
RPL23B,RPS17A,0.997
RPL23B,RPS17B,0.997
RPL23B,RPS18A,0.997
RPL23B,RPS18B,0.996
RPL23B,RPS19A,0.995
RPL23B,RPS19B,0.995
RPL23B,RPS1A,0.994
RPL23B,RPS1B,0.996
RPL23B,RPS2,0.999
RPL23B,RPS20,0.998
RPL23B,RPS21A,0.962
RPL23B,RPS21B,0.998
RPL23B,RPS22A,0.997
RPL23B,RPS22B,0.979
RPL23B,RPS23A,0.996
RPL23B,RPS23B,0.996
RPL23B,RPS24A,0.997
RPL23B,RPS24B,0.997
RPL23B,RPS25A,0.995
RPL23B,RPS25B,0.976
RPL23B,RPS26A,0.996
RPL23B,RPS26B,0.996
RPL23B,RPS27A,0.992
RPL23B,RPS27B,0.995
RPL23B,RPS28A,0.991
RPL23B,RPS28B,0.991
RPL23B,RPS29A,0.995
RPL23B,RPS29B,0.994
RPL23B,RPS3,0.999
RPL23B,RPS30A,0.985
RPL23B,RPS30B,0.988
RPL23B,RPS31,0.998
RPL23B,RPS4A,0.995
RPL23B,RPS4B,0.995
RPL23B,RPS5,0.998
RPL23B,RPS6A,0.994
RPL23B,RPS6B,0.995
RPL23B,RPS7A,0.995
RPL23B,RPS7B,0.965
RPL23B,RPS8A,0.991
RPL23B,RPS8B,0.993
RPL23B,RPS9A,0.993
RPL23B,RPS9B,0.995
RPL23B,RTC6,0.98
RPL23B,SEC61,0.93
RPL23B,SRP54,0.938
RPL23B,STT3,0.901
RPL23B,YML6,0.948
RPL24A,RPL24B,0.997
RPL24A,RPL25,0.999
RPL24A,RPL26A,0.997
RPL24A,RPL26B,0.997
RPL24A,RPL27A,0.999
RPL24A,RPL27B,0.985
RPL24A,RPL28,0.999
RPL24A,RPL29,0.999
RPL24A,RPL2A,0.997
RPL24A,RPL2B,0.997
RPL24A,RPL3,0.999
RPL24A,RPL30,0.999
RPL24A,RPL31A,0.998
RPL24A,RPL31B,0.997
RPL24A,RPL32,0.999
RPL24A,RPL33A,0.999
RPL24A,RPL33B,0.986
RPL24A,RPL34A,0.997
RPL24A,RPL34B,0.997
RPL24A,RPL35A,0.997
RPL24A,RPL35B,0.996
RPL24A,RPL36A,0.998
RPL24A,RPL36B,0.998
RPL24A,RPL37A,0.996
RPL24A,RPL37B,0.995
RPL24A,RPL38,0.999
RPL24A,RPL39,0.999
RPL24A,RPL40A,0.997
RPL24A,RPL40B,0.997
RPL24A,RPL42A,0.994
RPL24A,RPL42B,0.993
RPL24A,RPL43A,0.996
RPL24A,RPL43B,0.995
RPL24A,RPL4A,0.994
RPL24A,RPL4B,0.993
RPL24A,RPL5,0.999
RPL24A,RPL6A,0.997
RPL24A,RPL6B,0.997
RPL24A,RPL7A,0.999
RPL24A,RPL7B,0.994
RPL24A,RPL8A,0.996
RPL24A,RPL8B,0.999
RPL24A,RPL9A,0.998
RPL24A,RPL9B,0.999
RPL24A,RPP0,0.999
RPL24A,RPP1A,0.998
RPL24A,RPP1B,0.973
RPL24A,RPP2A,0.992
RPL24A,RPP2B,0.991
RPL24A,RPS0A,0.997
RPL24A,RPS0B,0.995
RPL24A,RPS10A,0.998
RPL24A,RPS10B,0.985
RPL24A,RPS11A,0.996
RPL24A,RPS11B,0.995
RPL24A,RPS12,0.999
RPL24A,RPS13,0.999
RPL24A,RPS14A,0.995
RPL24A,RPS14B,0.992
RPL24A,RPS15,0.998
RPL24A,RPS16A,0.995
RPL24A,RPS16B,0.996
RPL24A,RPS17A,0.998
RPL24A,RPS17B,0.996
RPL24A,RPS18A,0.997
RPL24A,RPS18B,0.996
RPL24A,RPS19A,0.997
RPL24A,RPS19B,0.995
RPL24A,RPS1A,0.997
RPL24A,RPS1B,0.997
RPL24A,RPS2,0.999
RPL24A,RPS20,0.998
RPL24A,RPS21A,0.941
RPL24A,RPS21B,0.998
RPL24A,RPS22A,0.997
RPL24A,RPS22B,0.968
RPL24A,RPS23A,0.997
RPL24A,RPS23B,0.995
RPL24A,RPS24A,0.997
RPL24A,RPS24B,0.997
RPL24A,RPS25A,0.998
RPL24A,RPS25B,0.98
RPL24A,RPS26A,0.997
RPL24A,RPS26B,0.997
RPL24A,RPS27A,0.993
RPL24A,RPS27B,0.995
RPL24A,RPS28A,0.991
RPL24A,RPS28B,0.992
RPL24A,RPS29A,0.992
RPL24A,RPS29B,0.993
RPL24A,RPS3,0.999
RPL24A,RPS30A,0.989
RPL24A,RPS30B,0.991
RPL24A,RPS31,0.998
RPL24A,RPS4A,0.996
RPL24A,RPS4B,0.994
RPL24A,RPS5,0.999
RPL24A,RPS6A,0.998
RPL24A,RPS6B,0.999
RPL24A,RPS7A,0.996
RPL24A,RPS7B,0.972
RPL24A,RPS8A,0.999
RPL24A,RPS8B,0.993
RPL24A,RPS9A,0.993
RPL24A,RPS9B,0.997
RPL24A,RSM10,0.919
RPL24A,RSM7,0.933
RPL24A,SNU13,0.908
RPL24A,STT3,0.9
RPL24B,RPL25,0.999
RPL24B,RPL26A,0.997
RPL24B,RPL26B,0.997
RPL24B,RPL27A,0.996
RPL24B,RPL27B,0.986
RPL24B,RPL28,0.998
RPL24B,RPL29,0.999
RPL24B,RPL2A,0.997
RPL24B,RPL2B,0.995
RPL24B,RPL3,0.999
RPL24B,RPL30,0.999
RPL24B,RPL31A,0.997
RPL24B,RPL31B,0.989
RPL24B,RPL32,0.999
RPL24B,RPL33A,0.996
RPL24B,RPL33B,0.984
RPL24B,RPL34A,0.999
RPL24B,RPL34B,0.997
RPL24B,RPL35A,0.997
RPL24B,RPL35B,0.996
RPL24B,RPL36A,0.998
RPL24B,RPL36B,0.995
RPL24B,RPL37A,0.996
RPL24B,RPL37B,0.995
RPL24B,RPL38,0.999
RPL24B,RPL39,0.998
RPL24B,RPL40A,0.997
RPL24B,RPL40B,0.997
RPL24B,RPL42A,0.992
RPL24B,RPL42B,0.993
RPL24B,RPL43A,0.996
RPL24B,RPL43B,0.995
RPL24B,RPL4A,0.994
RPL24B,RPL4B,0.994
RPL24B,RPL5,0.999
RPL24B,RPL6A,0.997
RPL24B,RPL6B,0.998
RPL24B,RPL7A,0.996
RPL24B,RPL7B,0.995
RPL24B,RPL8A,0.997
RPL24B,RPL8B,0.998
RPL24B,RPL9A,0.997
RPL24B,RPL9B,0.995
RPL24B,RPP0,0.999
RPL24B,RPP1A,0.972
RPL24B,RPP1B,0.971
RPL24B,RPP2A,0.969
RPL24B,RPP2B,0.961
RPL24B,RPS0A,0.996
RPL24B,RPS0B,0.994
RPL24B,RPS10A,0.996
RPL24B,RPS10B,0.975
RPL24B,RPS11A,0.997
RPL24B,RPS11B,0.997
RPL24B,RPS12,0.999
RPL24B,RPS13,0.998
RPL24B,RPS14A,0.994
RPL24B,RPS14B,0.992
RPL24B,RPS15,0.998
RPL24B,RPS16A,0.993
RPL24B,RPS16B,0.995
RPL24B,RPS17A,0.996
RPL24B,RPS17B,0.996
RPL24B,RPS18A,0.995
RPL24B,RPS18B,0.996
RPL24B,RPS19A,0.995
RPL24B,RPS19B,0.995
RPL24B,RPS1A,0.994
RPL24B,RPS1B,0.996
RPL24B,RPS2,0.999
RPL24B,RPS20,0.998
RPL24B,RPS21A,0.962
RPL24B,RPS21B,0.999
RPL24B,RPS22A,0.996
RPL24B,RPS22B,0.978
RPL24B,RPS23A,0.996
RPL24B,RPS23B,0.993
RPL24B,RPS24A,0.997
RPL24B,RPS24B,0.996
RPL24B,RPS25A,0.997
RPL24B,RPS25B,0.986
RPL24B,RPS26A,0.998
RPL24B,RPS26B,0.997
RPL24B,RPS27A,0.991
RPL24B,RPS27B,0.995
RPL24B,RPS28A,0.991
RPL24B,RPS28B,0.993
RPL24B,RPS29A,0.993
RPL24B,RPS29B,0.993
RPL24B,RPS3,0.999
RPL24B,RPS30A,0.99
RPL24B,RPS30B,0.993
RPL24B,RPS31,0.998
RPL24B,RPS4A,0.996
RPL24B,RPS4B,0.994
RPL24B,RPS5,0.998
RPL24B,RPS6A,0.998
RPL24B,RPS6B,0.998
RPL24B,RPS7A,0.995
RPL24B,RPS7B,0.978
RPL24B,RPS8A,0.993
RPL24B,RPS8B,0.993
RPL24B,RPS9A,0.99
RPL24B,RPS9B,0.996
RPL24B,RSM10,0.919
RPL24B,RSM7,0.933
RPL25,RPL26A,0.999
RPL25,RPL26B,0.999
RPL25,RPL27A,0.999
RPL25,RPL27B,0.999
RPL25,RPL28,0.999
RPL25,RPL29,0.999
RPL25,RPL2A,0.999
RPL25,RPL2B,0.999
RPL25,RPL3,0.999
RPL25,RPL30,0.999
RPL25,RPL31A,0.999
RPL25,RPL31B,0.999
RPL25,RPL32,0.999
RPL25,RPL33A,0.999
RPL25,RPL33B,0.995
RPL25,RPL34A,0.999
RPL25,RPL34B,0.999
RPL25,RPL35A,0.999
RPL25,RPL35B,0.999
RPL25,RPL36A,0.999
RPL25,RPL36B,0.999
RPL25,RPL37A,0.999
RPL25,RPL37B,0.999
RPL25,RPL38,0.999
RPL25,RPL39,0.999
RPL25,RPL40A,0.998
RPL25,RPL40B,0.999
RPL25,RPL42A,0.998
RPL25,RPL42B,0.998
RPL25,RPL43A,0.999
RPL25,RPL43B,0.999
RPL25,RPL4A,0.999
RPL25,RPL4B,0.999
RPL25,RPL5,0.999
RPL25,RPL6A,0.999
RPL25,RPL6B,0.999
RPL25,RPL7A,0.999
RPL25,RPL7B,0.998
RPL25,RPL8A,0.999
RPL25,RPL8B,0.999
RPL25,RPL9A,0.999
RPL25,RPL9B,0.999
RPL25,RPO31,0.905
RPL25,RPP0,0.999
RPL25,RPP1A,0.999
RPL25,RPP1B,0.991
RPL25,RPP2A,0.998
RPL25,RPP2B,0.998
RPL25,RPS0A,0.999
RPL25,RPS0B,0.998
RPL25,RPS10A,0.999
RPL25,RPS10B,0.995
RPL25,RPS11A,0.999
RPL25,RPS11B,0.999
RPL25,RPS12,0.999
RPL25,RPS13,0.999
RPL25,RPS14A,0.999
RPL25,RPS14B,0.998
RPL25,RPS15,0.999
RPL25,RPS16A,0.998
RPL25,RPS16B,0.999
RPL25,RPS17A,0.999
RPL25,RPS17B,0.998
RPL25,RPS18A,0.999
RPL25,RPS18B,0.999
RPL25,RPS19A,0.999
RPL25,RPS19B,0.999
RPL25,RPS1A,0.999
RPL25,RPS1B,0.999
RPL25,RPS2,0.999
RPL25,RPS20,0.999
RPL25,RPS21A,0.971
RPL25,RPS21B,0.999
RPL25,RPS22A,0.999
RPL25,RPS22B,0.992
RPL25,RPS23A,0.999
RPL25,RPS23B,0.998
RPL25,RPS24A,0.999
RPL25,RPS24B,0.999
RPL25,RPS25A,0.999
RPL25,RPS25B,0.996
RPL25,RPS26A,0.999
RPL25,RPS26B,0.998
RPL25,RPS27A,0.998
RPL25,RPS27B,0.999
RPL25,RPS28A,0.998
RPL25,RPS28B,0.997
RPL25,RPS29A,0.999
RPL25,RPS29B,0.998
RPL25,RPS3,0.999
RPL25,RPS30A,0.997
RPL25,RPS30B,0.998
RPL25,RPS31,0.999
RPL25,RPS4A,0.999
RPL25,RPS4B,0.998
RPL25,RPS5,0.999
RPL25,RPS6A,0.998
RPL25,RPS6B,0.999
RPL25,RPS7A,0.999
RPL25,RPS7B,0.992
RPL25,RPS8A,0.998
RPL25,RPS8B,0.998
RPL25,RPS9A,0.998
RPL25,RPS9B,0.999
RPL25,RRN7,0.939
RPL25,RSA3,0.929
RPL25,RSM10,0.989
RPL25,RSM7,0.987
RPL25,RTC6,0.998
RPL25,SBH1,0.92
RPL25,SBH2,0.983
RPL25,SEC61,0.992
RPL25,SEC65,0.951
RPL25,SNU13,0.954
RPL25,SRP101,0.978
RPL25,SRP14,0.944
RPL25,SRP21,0.943
RPL25,SRP54,0.99
RPL25,SRP68,0.964
RPL25,SRP72,0.935
RPL25,SSH1,0.997
RPL25,SSS1,0.985
RPL25,STT3,0.933
RPL25,SUI2,0.926
RPL25,SWS2,0.98
RPL25,TEF4,0.929
RPL25,TIF11,0.982
RPL25,YML6,0.937
RPL26A,RPL26B,0.991
RPL26A,RPL27A,0.998
RPL26A,RPL27B,0.993
RPL26A,RPL28,0.999
RPL26A,RPL29,0.998
RPL26A,RPL2A,0.998
RPL26A,RPL2B,0.997
RPL26A,RPL3,0.999
RPL26A,RPL30,0.999
RPL26A,RPL31A,0.998
RPL26A,RPL31B,0.994
RPL26A,RPL32,0.999
RPL26A,RPL33A,0.998
RPL26A,RPL33B,0.99
RPL26A,RPL34A,0.998
RPL26A,RPL34B,0.991
RPL26A,RPL35A,0.999
RPL26A,RPL35B,0.999
RPL26A,RPL36A,0.998
RPL26A,RPL36B,0.995
RPL26A,RPL37A,0.999
RPL26A,RPL37B,0.99
RPL26A,RPL38,0.999
RPL26A,RPL39,0.998
RPL26A,RPL40A,0.995
RPL26A,RPL40B,0.996
RPL26A,RPL42A,0.993
RPL26A,RPL42B,0.993
RPL26A,RPL43A,0.995
RPL26A,RPL43B,0.997
RPL26A,RPL4A,0.999
RPL26A,RPL4B,0.998
RPL26A,RPL5,0.999
RPL26A,RPL6A,0.997
RPL26A,RPL6B,0.997
RPL26A,RPL7A,0.997
RPL26A,RPL7B,0.995
RPL26A,RPL8A,0.995
RPL26A,RPL8B,0.984
RPL26A,RPL9A,0.998
RPL26A,RPL9B,0.996
RPL26A,RPP0,0.999
RPL26A,RPP1A,0.989
RPL26A,RPP1B,0.967
RPL26A,RPP2A,0.988
RPL26A,RPP2B,0.938
RPL26A,RPS0A,0.996
RPL26A,RPS0B,0.993
RPL26A,RPS10A,0.997
RPL26A,RPS10B,0.984
RPL26A,RPS11A,0.996
RPL26A,RPS11B,0.997
RPL26A,RPS12,0.998
RPL26A,RPS13,0.999
RPL26A,RPS14A,0.997
RPL26A,RPS14B,0.995
RPL26A,RPS15,0.999
RPL26A,RPS16A,0.996
RPL26A,RPS16B,0.997
RPL26A,RPS17A,0.997
RPL26A,RPS17B,0.997
RPL26A,RPS18A,0.997
RPL26A,RPS18B,0.998
RPL26A,RPS19A,0.996
RPL26A,RPS19B,0.996
RPL26A,RPS1A,0.997
RPL26A,RPS1B,0.996
RPL26A,RPS2,0.999
RPL26A,RPS20,0.999
RPL26A,RPS21A,0.991
RPL26A,RPS21B,0.999
RPL26A,RPS22A,0.999
RPL26A,RPS22B,0.978
RPL26A,RPS23A,0.997
RPL26A,RPS23B,0.995
RPL26A,RPS24A,0.998
RPL26A,RPS24B,0.998
RPL26A,RPS25A,0.997
RPL26A,RPS25B,0.985
RPL26A,RPS26A,0.998
RPL26A,RPS26B,0.997
RPL26A,RPS27A,0.997
RPL26A,RPS27B,0.998
RPL26A,RPS28A,0.994
RPL26A,RPS28B,0.994
RPL26A,RPS29A,0.997
RPL26A,RPS29B,0.995
RPL26A,RPS3,0.999
RPL26A,RPS30A,0.991
RPL26A,RPS30B,0.993
RPL26A,RPS31,0.998
RPL26A,RPS4A,0.995
RPL26A,RPS4B,0.992
RPL26A,RPS5,0.999
RPL26A,RPS6A,0.992
RPL26A,RPS6B,0.995
RPL26A,RPS7A,0.997
RPL26A,RPS7B,0.975
RPL26A,RPS8A,0.996
RPL26A,RPS8B,0.993
RPL26A,RPS9A,0.994
RPL26A,RPS9B,0.996
RPL26A,RRP6,0.901
RPL26A,RSM10,0.951
RPL26A,RSM18,0.927
RPL26A,RSM23,0.925
RPL26A,RSM7,0.95
RPL26A,RTC6,0.989
RPL26A,SBH2,0.94
RPL26A,SEC61,0.957
RPL26A,SNU13,0.905
RPL26A,SRP101,0.914
RPL26A,SRP54,0.955
RPL26A,SSH1,0.995
RPL26A,SSS1,0.963
RPL26A,TIF11,0.954
RPL26B,RPL27A,0.998
RPL26B,RPL27B,0.989
RPL26B,RPL28,0.999
RPL26B,RPL29,0.998
RPL26B,RPL2A,0.998
RPL26B,RPL2B,0.998
RPL26B,RPL3,0.999
RPL26B,RPL30,0.999
RPL26B,RPL31A,0.998
RPL26B,RPL31B,0.991
RPL26B,RPL32,0.999
RPL26B,RPL33A,0.997
RPL26B,RPL33B,0.99
RPL26B,RPL34A,0.991
RPL26B,RPL34B,0.998
RPL26B,RPL35A,0.999
RPL26B,RPL35B,0.999
RPL26B,RPL36A,0.989
RPL26B,RPL36B,0.996
RPL26B,RPL37A,0.993
RPL26B,RPL37B,0.997
RPL26B,RPL38,0.997
RPL26B,RPL39,0.998
RPL26B,RPL40A,0.995
RPL26B,RPL40B,0.994
RPL26B,RPL42A,0.994
RPL26B,RPL42B,0.992
RPL26B,RPL43A,0.996
RPL26B,RPL43B,0.996
RPL26B,RPL4A,0.997
RPL26B,RPL4B,0.997
RPL26B,RPL5,0.999
RPL26B,RPL6A,0.986
RPL26B,RPL6B,0.982
RPL26B,RPL7A,0.988
RPL26B,RPL7B,0.996
RPL26B,RPL8A,0.974
RPL26B,RPL8B,0.996
RPL26B,RPL9A,0.992
RPL26B,RPL9B,0.997
RPL26B,RPP0,0.998
RPL26B,RPP1A,0.957
RPL26B,RPP1B,0.964
RPL26B,RPP2A,0.947
RPL26B,RPP2B,0.947
RPL26B,RPS0A,0.98
RPL26B,RPS0B,0.995
RPL26B,RPS10A,0.996
RPL26B,RPS10B,0.982
RPL26B,RPS11A,0.997
RPL26B,RPS11B,0.996
RPL26B,RPS12,0.998
RPL26B,RPS13,0.999
RPL26B,RPS14A,0.996
RPL26B,RPS14B,0.995
RPL26B,RPS15,0.999
RPL26B,RPS16A,0.996
RPL26B,RPS16B,0.997
RPL26B,RPS17A,0.997
RPL26B,RPS17B,0.997
RPL26B,RPS18A,0.998
RPL26B,RPS18B,0.997
RPL26B,RPS19A,0.996
RPL26B,RPS19B,0.983
RPL26B,RPS1A,0.981
RPL26B,RPS1B,0.996
RPL26B,RPS2,0.999
RPL26B,RPS20,0.998
RPL26B,RPS21A,0.955
RPL26B,RPS21B,0.998
RPL26B,RPS22A,0.998
RPL26B,RPS22B,0.98
RPL26B,RPS23A,0.996
RPL26B,RPS23B,0.998
RPL26B,RPS24A,0.997
RPL26B,RPS24B,0.999
RPL26B,RPS25A,0.996
RPL26B,RPS25B,0.983
RPL26B,RPS26A,0.996
RPL26B,RPS26B,0.996
RPL26B,RPS27A,0.996
RPL26B,RPS27B,0.997
RPL26B,RPS28A,0.993
RPL26B,RPS28B,0.993
RPL26B,RPS29A,0.982
RPL26B,RPS29B,0.981
RPL26B,RPS3,0.999
RPL26B,RPS30A,0.989
RPL26B,RPS30B,0.992
RPL26B,RPS31,0.994
RPL26B,RPS4A,0.995
RPL26B,RPS4B,0.994
RPL26B,RPS5,0.998
RPL26B,RPS6A,0.994
RPL26B,RPS6B,0.996
RPL26B,RPS7A,0.996
RPL26B,RPS7B,0.974
RPL26B,RPS8A,0.994
RPL26B,RPS8B,0.995
RPL26B,RPS9A,0.963
RPL26B,RPS9B,0.995
RPL26B,RSM10,0.951
RPL26B,RSM18,0.928
RPL26B,RSM23,0.925
RPL26B,RSM7,0.95
RPL26B,RTC6,0.989
RPL26B,SEC61,0.952
RPL26B,SRP101,0.915
RPL26B,SRP54,0.932
RPL26B,SSH1,0.952
RPL26B,STT3,0.9
RPL26B,TIF11,0.959
RPL27A,RPL27B,0.984
RPL27A,RPL28,0.999
RPL27A,RPL29,0.999
RPL27A,RPL2A,0.999
RPL27A,RPL2B,0.998
RPL27A,RPL3,0.999
RPL27A,RPL30,0.999
RPL27A,RPL31A,0.999
RPL27A,RPL31B,0.996
RPL27A,RPL32,0.999
RPL27A,RPL33A,0.999
RPL27A,RPL33B,0.989
RPL27A,RPL34A,0.998
RPL27A,RPL34B,0.997
RPL27A,RPL35A,0.999
RPL27A,RPL35B,0.998
RPL27A,RPL36A,0.997
RPL27A,RPL36B,0.999
RPL27A,RPL37A,0.998
RPL27A,RPL37B,0.997
RPL27A,RPL38,0.999
RPL27A,RPL39,0.999
RPL27A,RPL40A,0.994
RPL27A,RPL40B,0.994
RPL27A,RPL42A,0.992
RPL27A,RPL42B,0.992
RPL27A,RPL43A,0.996
RPL27A,RPL43B,0.996
RPL27A,RPL4A,0.994
RPL27A,RPL4B,0.993
RPL27A,RPL5,0.999
RPL27A,RPL6A,0.997
RPL27A,RPL6B,0.997
RPL27A,RPL7A,0.999
RPL27A,RPL7B,0.993
RPL27A,RPL8A,0.998
RPL27A,RPL8B,0.999
RPL27A,RPL9A,0.998
RPL27A,RPL9B,0.999
RPL27A,RPP0,0.999
RPL27A,RPP1A,0.998
RPL27A,RPP1B,0.949
RPL27A,RPP2A,0.988
RPL27A,RPP2B,0.985
RPL27A,RPS0A,0.997
RPL27A,RPS0B,0.996
RPL27A,RPS10A,0.998
RPL27A,RPS10B,0.985
RPL27A,RPS11A,0.996
RPL27A,RPS11B,0.995
RPL27A,RPS12,0.999
RPL27A,RPS13,0.999
RPL27A,RPS14A,0.996
RPL27A,RPS14B,0.992
RPL27A,RPS15,0.999
RPL27A,RPS16A,0.995
RPL27A,RPS16B,0.997
RPL27A,RPS17A,0.997
RPL27A,RPS17B,0.997
RPL27A,RPS18A,0.996
RPL27A,RPS18B,0.996
RPL27A,RPS19A,0.998
RPL27A,RPS19B,0.991
RPL27A,RPS1A,0.997
RPL27A,RPS1B,0.996
RPL27A,RPS2,0.998
RPL27A,RPS20,0.998
RPL27A,RPS21A,0.945
RPL27A,RPS21B,0.998
RPL27A,RPS22A,0.998
RPL27A,RPS22B,0.976
RPL27A,RPS23A,0.996
RPL27A,RPS23B,0.995
RPL27A,RPS24A,0.999
RPL27A,RPS24B,0.997
RPL27A,RPS25A,0.996
RPL27A,RPS25B,0.974
RPL27A,RPS26A,0.997
RPL27A,RPS26B,0.997
RPL27A,RPS27A,0.997
RPL27A,RPS27B,0.998
RPL27A,RPS28A,0.991
RPL27A,RPS28B,0.992
RPL27A,RPS29A,0.994
RPL27A,RPS29B,0.965
RPL27A,RPS3,0.999
RPL27A,RPS30A,0.99
RPL27A,RPS30B,0.991
RPL27A,RPS31,0.999
RPL27A,RPS4A,0.997
RPL27A,RPS4B,0.996
RPL27A,RPS5,0.999
RPL27A,RPS6A,0.996
RPL27A,RPS6B,0.996
RPL27A,RPS7A,0.998
RPL27A,RPS7B,0.98
RPL27A,RPS8A,0.994
RPL27A,RPS8B,0.992
RPL27A,RPS9A,0.995
RPL27A,RPS9B,0.996
RPL27A,RSM7,0.907
RPL27B,RPL28,0.995
RPL27B,RPL29,0.995
RPL27B,RPL2A,0.992
RPL27B,RPL2B,0.991
RPL27B,RPL3,0.994
RPL27B,RPL30,0.997
RPL27B,RPL31A,0.989
RPL27B,RPL31B,0.991
RPL27B,RPL32,0.996
RPL27B,RPL33A,0.989
RPL27B,RPL33B,0.991
RPL27B,RPL34A,0.999
RPL27B,RPL34B,0.988
RPL27B,RPL35A,0.999
RPL27B,RPL35B,0.999
RPL27B,RPL36A,0.989
RPL27B,RPL36B,0.98
RPL27B,RPL37A,0.998
RPL27B,RPL37B,0.998
RPL27B,RPL38,0.996
RPL27B,RPL39,0.995
RPL27B,RPL40A,0.969
RPL27B,RPL40B,0.971
RPL27B,RPL42A,0.963
RPL27B,RPL42B,0.96
RPL27B,RPL43A,0.984
RPL27B,RPL43B,0.98
RPL27B,RPL4A,0.976
RPL27B,RPL4B,0.972
RPL27B,RPL5,0.998
RPL27B,RPL6A,0.989
RPL27B,RPL6B,0.988
RPL27B,RPL7A,0.978
RPL27B,RPL7B,0.974
RPL27B,RPL8A,0.995
RPL27B,RPL8B,0.995
RPL27B,RPL9A,0.989
RPL27B,RPL9B,0.982
RPL27B,RPP0,0.986
RPL27B,RPP1A,0.949
RPL27B,RPP1B,0.954
RPL27B,RPP2A,0.957
RPL27B,RPP2B,0.931
RPL27B,RPS0A,0.98
RPL27B,RPS0B,0.979
RPL27B,RPS10A,0.988
RPL27B,RPS10B,0.985
RPL27B,RPS11A,0.985
RPL27B,RPS11B,0.983
RPL27B,RPS12,0.994
RPL27B,RPS13,0.996
RPL27B,RPS14A,0.978
RPL27B,RPS14B,0.969
RPL27B,RPS15,0.995
RPL27B,RPS16A,0.979
RPL27B,RPS16B,0.989
RPL27B,RPS17A,0.985
RPL27B,RPS17B,0.988
RPL27B,RPS18A,0.978
RPL27B,RPS18B,0.979
RPL27B,RPS19A,0.99
RPL27B,RPS19B,0.987
RPL27B,RPS1A,0.982
RPL27B,RPS1B,0.987
RPL27B,RPS2,0.994
RPL27B,RPS20,0.994
RPL27B,RPS21B,0.993
RPL27B,RPS22A,0.989
RPL27B,RPS22B,0.982
RPL27B,RPS23A,0.983
RPL27B,RPS23B,0.978
RPL27B,RPS24A,0.992
RPL27B,RPS24B,0.99
RPL27B,RPS25A,0.982
RPL27B,RPS25B,0.983
RPL27B,RPS26A,0.986
RPL27B,RPS26B,0.989
RPL27B,RPS27A,0.99
RPL27B,RPS27B,0.992
RPL27B,RPS28A,0.966
RPL27B,RPS28B,0.971
RPL27B,RPS29A,0.973
RPL27B,RPS29B,0.97
RPL27B,RPS3,0.994
RPL27B,RPS30A,0.944
RPL27B,RPS30B,0.96
RPL27B,RPS31,0.995
RPL27B,RPS4A,0.985
RPL27B,RPS4B,0.978
RPL27B,RPS5,0.995
RPL27B,RPS6A,0.977
RPL27B,RPS6B,0.989
RPL27B,RPS7A,0.985
RPL27B,RPS7B,0.987
RPL27B,RPS8A,0.964
RPL27B,RPS8B,0.967
RPL27B,RPS9A,0.97
RPL27B,RPS9B,0.987
RPL27B,RSA3,0.906
RPL27B,RSM7,0.906
RPL28,RPL29,0.999
RPL28,RPL2A,0.999
RPL28,RPL2B,0.999
RPL28,RPL3,0.999
RPL28,RPL30,0.999
RPL28,RPL31A,0.998
RPL28,RPL31B,0.998
RPL28,RPL32,0.999
RPL28,RPL33A,0.999
RPL28,RPL33B,0.992
RPL28,RPL34A,0.998
RPL28,RPL34B,0.998
RPL28,RPL35A,0.998
RPL28,RPL35B,0.998
RPL28,RPL36A,0.998
RPL28,RPL36B,0.999
RPL28,RPL37A,0.998
RPL28,RPL37B,0.998
RPL28,RPL38,0.999
RPL28,RPL39,0.999
RPL28,RPL40A,0.997
RPL28,RPL40B,0.997
RPL28,RPL42A,0.997
RPL28,RPL42B,0.996
RPL28,RPL43A,0.998
RPL28,RPL43B,0.997
RPL28,RPL4A,0.998
RPL28,RPL4B,0.997
RPL28,RPL5,0.999
RPL28,RPL6A,0.998
RPL28,RPL6B,0.998
RPL28,RPL7A,0.999
RPL28,RPL7B,0.998
RPL28,RPL8A,0.998
RPL28,RPL8B,0.999
RPL28,RPL9A,0.998
RPL28,RPL9B,0.999
RPL28,RPP0,0.999
RPL28,RPP1A,0.999
RPL28,RPP1B,0.989
RPL28,RPP2A,0.997
RPL28,RPP2B,0.998
RPL28,RPS0A,0.999
RPL28,RPS0B,0.998
RPL28,RPS10A,0.999
RPL28,RPS10B,0.99
RPL28,RPS11A,0.997
RPL28,RPS11B,0.997
RPL28,RPS12,0.999
RPL28,RPS13,0.999
RPL28,RPS14A,0.999
RPL28,RPS14B,0.998
RPL28,RPS15,0.999
RPL28,RPS16A,0.998
RPL28,RPS16B,0.999
RPL28,RPS17A,0.998
RPL28,RPS17B,0.998
RPL28,RPS18A,0.999
RPL28,RPS18B,0.999
RPL28,RPS19A,0.998
RPL28,RPS19B,0.998
RPL28,RPS1A,0.998
RPL28,RPS1B,0.998
RPL28,RPS2,0.999
RPL28,RPS20,0.999
RPL28,RPS21A,0.952
RPL28,RPS21B,0.999
RPL28,RPS22A,0.999
RPL28,RPS22B,0.992
RPL28,RPS23A,0.999
RPL28,RPS23B,0.998
RPL28,RPS24A,0.998
RPL28,RPS24B,0.997
RPL28,RPS25A,0.998
RPL28,RPS25B,0.993
RPL28,RPS26A,0.997
RPL28,RPS26B,0.998
RPL28,RPS27A,0.998
RPL28,RPS27B,0.998
RPL28,RPS28A,0.996
RPL28,RPS28B,0.998
RPL28,RPS29A,0.998
RPL28,RPS29B,0.997
RPL28,RPS3,0.999
RPL28,RPS30A,0.996
RPL28,RPS30B,0.997
RPL28,RPS31,0.999
RPL28,RPS4A,0.998
RPL28,RPS4B,0.997
RPL28,RPS5,0.999
RPL28,RPS6A,0.998
RPL28,RPS6B,0.998
RPL28,RPS7A,0.998
RPL28,RPS7B,0.986
RPL28,RPS8A,0.998
RPL28,RPS8B,0.998
RPL28,RPS9A,0.998
RPL28,RPS9B,0.999
RPL28,RRN7,0.93
RPL28,RSM10,0.951
RPL28,RSM18,0.941
RPL28,RSM19,0.914
RPL28,RSM23,0.945
RPL28,RSM24,0.928
RPL28,RSM7,0.982
RPL28,RTC6,0.989
RPL28,SBH1,0.909
RPL28,SBH2,0.915
RPL28,SEC61,0.981
RPL28,SEC65,0.931
RPL28,SRP101,0.944
RPL28,SRP14,0.911
RPL28,SRP21,0.932
RPL28,SRP54,0.963
RPL28,SRP68,0.932
RPL28,SRP72,0.913
RPL28,SSH1,0.954
RPL28,SSS1,0.929
RPL28,STT3,0.942
RPL28,SWS2,0.975
RPL28,TIF11,0.956
RPL29,RPL2A,0.998
RPL29,RPL2B,0.998
RPL29,RPL3,0.999
RPL29,RPL30,0.999
RPL29,RPL31A,0.999
RPL29,RPL31B,0.998
RPL29,RPL32,0.999
RPL29,RPL33A,0.999
RPL29,RPL33B,0.993
RPL29,RPL34A,0.998
RPL29,RPL34B,0.998
RPL29,RPL35A,0.998
RPL29,RPL35B,0.998
RPL29,RPL36A,0.999
RPL29,RPL36B,0.999
RPL29,RPL37A,0.999
RPL29,RPL37B,0.999
RPL29,RPL38,0.999
RPL29,RPL39,0.999
RPL29,RPL40A,0.996
RPL29,RPL40B,0.995
RPL29,RPL41A,0.946
RPL29,RPL41B,0.909
RPL29,RPL42A,0.997
RPL29,RPL42B,0.997
RPL29,RPL43A,0.998
RPL29,RPL43B,0.998
RPL29,RPL4A,0.998
RPL29,RPL4B,0.998
RPL29,RPL5,0.999
RPL29,RPL6A,0.998
RPL29,RPL6B,0.998
RPL29,RPL7A,0.999
RPL29,RPL7B,0.997
RPL29,RPL8A,0.997
RPL29,RPL8B,0.999
RPL29,RPL9A,0.998
RPL29,RPL9B,0.999
RPL29,RPP0,0.999
RPL29,RPP1A,0.999
RPL29,RPP1B,0.99
RPL29,RPP2A,0.997
RPL29,RPP2B,0.996
RPL29,RPS0A,0.998
RPL29,RPS0B,0.997
RPL29,RPS10A,0.998
RPL29,RPS10B,0.988
RPL29,RPS11A,0.997
RPL29,RPS11B,0.997
RPL29,RPS12,0.999
RPL29,RPS13,0.999
RPL29,RPS14A,0.997
RPL29,RPS14B,0.997
RPL29,RPS15,0.999
RPL29,RPS16A,0.998
RPL29,RPS16B,0.998
RPL29,RPS17A,0.998
RPL29,RPS17B,0.997
RPL29,RPS18A,0.998
RPL29,RPS18B,0.998
RPL29,RPS19A,0.998
RPL29,RPS19B,0.99
RPL29,RPS1A,0.997
RPL29,RPS1B,0.997
RPL29,RPS2,0.999
RPL29,RPS20,0.999
RPL29,RPS21A,0.959
RPL29,RPS21B,0.999
RPL29,RPS22A,0.997
RPL29,RPS22B,0.982
RPL29,RPS23A,0.997
RPL29,RPS23B,0.997
RPL29,RPS24A,0.997
RPL29,RPS24B,0.997
RPL29,RPS25A,0.999
RPL29,RPS25B,0.994
RPL29,RPS26A,0.999
RPL29,RPS26B,0.997
RPL29,RPS27A,0.997
RPL29,RPS27B,0.998
RPL29,RPS28A,0.998
RPL29,RPS28B,0.997
RPL29,RPS29A,0.999
RPL29,RPS29B,0.998
RPL29,RPS3,0.999
RPL29,RPS30A,0.998
RPL29,RPS30B,0.998
RPL29,RPS31,0.999
RPL29,RPS4A,0.996
RPL29,RPS4B,0.995
RPL29,RPS5,0.999
RPL29,RPS6A,0.997
RPL29,RPS6B,0.997
RPL29,RPS7A,0.998
RPL29,RPS7B,0.986
RPL29,RPS8A,0.998
RPL29,RPS8B,0.997
RPL29,RPS9A,0.997
RPL29,RPS9B,0.998
RPL29,RRN7,0.929
RPL29,RSM10,0.981
RPL29,RSM7,0.979
RPL29,SBH1,0.92
RPL29,SBH2,0.919
RPL29,SEC61,0.926
RPL29,SEC65,0.931
RPL29,SNU13,0.933
RPL29,SRP14,0.915
RPL29,SRP21,0.928
RPL29,SRP54,0.924
RPL29,SRP68,0.924
RPL29,SRP72,0.92
RPL29,SSS1,0.96
RPL29,SWS2,0.977
RPL2A,RPL2B,0.948
RPL2A,RPL3,0.999
RPL2A,RPL30,0.998
RPL2A,RPL31A,0.997
RPL2A,RPL31B,0.977
RPL2A,RPL32,0.999
RPL2A,RPL33A,0.997
RPL2A,RPL33B,0.983
RPL2A,RPL34A,0.998
RPL2A,RPL34B,0.998
RPL2A,RPL35A,0.996
RPL2A,RPL35B,0.994
RPL2A,RPL36A,0.996
RPL2A,RPL36B,0.996
RPL2A,RPL37A,0.998
RPL2A,RPL37B,0.997
RPL2A,RPL38,0.998
RPL2A,RPL39,0.997
RPL2A,RPL40A,0.993
RPL2A,RPL40B,0.991
RPL2A,RPL42A,0.991
RPL2A,RPL42B,0.992
RPL2A,RPL43A,0.999
RPL2A,RPL43B,0.999
RPL2A,RPL4A,0.999
RPL2A,RPL4B,0.998
RPL2A,RPL5,0.999
RPL2A,RPL6A,0.999
RPL2A,RPL6B,0.999
RPL2A,RPL7A,0.997
RPL2A,RPL7B,0.995
RPL2A,RPL8A,0.999
RPL2A,RPL8B,0.999
RPL2A,RPL9A,0.998
RPL2A,RPL9B,0.998
RPL2A,RPP0,0.999
RPL2A,RPP1A,0.992
RPL2A,RPP1B,0.963
RPL2A,RPP2A,0.995
RPL2A,RPP2B,0.972
RPL2A,RPS0A,0.998
RPL2A,RPS0B,0.996
RPL2A,RPS10A,0.996
RPL2A,RPS10B,0.967
RPL2A,RPS11A,0.997
RPL2A,RPS11B,0.997
RPL2A,RPS12,0.999
RPL2A,RPS13,0.999
RPL2A,RPS14A,0.997
RPL2A,RPS14B,0.995
RPL2A,RPS15,0.999
RPL2A,RPS16A,0.995
RPL2A,RPS16B,0.996
RPL2A,RPS17A,0.996
RPL2A,RPS17B,0.995
RPL2A,RPS18A,0.998
RPL2A,RPS18B,0.997
RPL2A,RPS19A,0.996
RPL2A,RPS19B,0.996
RPL2A,RPS1A,0.997
RPL2A,RPS1B,0.996
RPL2A,RPS2,0.999
RPL2A,RPS20,0.998
RPL2A,RPS21A,0.944
RPL2A,RPS21B,0.998
RPL2A,RPS22A,0.997
RPL2A,RPS22B,0.961
RPL2A,RPS23A,0.996
RPL2A,RPS23B,0.996
RPL2A,RPS24A,0.997
RPL2A,RPS24B,0.997
RPL2A,RPS25A,0.995
RPL2A,RPS25B,0.977
RPL2A,RPS26A,0.996
RPL2A,RPS26B,0.996
RPL2A,RPS27A,0.992
RPL2A,RPS27B,0.995
RPL2A,RPS28A,0.99
RPL2A,RPS28B,0.991
RPL2A,RPS29A,0.994
RPL2A,RPS29B,0.992
RPL2A,RPS3,0.999
RPL2A,RPS30A,0.989
RPL2A,RPS30B,0.989
RPL2A,RPS31,0.999
RPL2A,RPS4A,0.998
RPL2A,RPS4B,0.997
RPL2A,RPS5,0.999
RPL2A,RPS6A,0.994
RPL2A,RPS6B,0.996
RPL2A,RPS7A,0.997
RPL2A,RPS7B,0.971
RPL2A,RPS8A,0.995
RPL2A,RPS8B,0.994
RPL2A,RPS9A,0.993
RPL2A,RPS9B,0.996
RPL2A,RSM18,0.919
RPL2A,RSM23,0.908
RPL2A,RSM7,0.924
RPL2A,RTC6,0.98
RPL2A,SEC61,0.931
RPL2A,SRP54,0.933
RPL2A,SRP68,0.905
RPL2A,STT3,0.904
RPL2A,TEF4,0.917
RPL2A,TIF11,0.923
RPL2B,RPL3,0.999
RPL2B,RPL30,0.998
RPL2B,RPL31A,0.995
RPL2B,RPL31B,0.973
RPL2B,RPL32,0.999
RPL2B,RPL33A,0.997
RPL2B,RPL33B,0.984
RPL2B,RPL34A,0.998
RPL2B,RPL34B,0.998
RPL2B,RPL35A,0.996
RPL2B,RPL35B,0.995
RPL2B,RPL36A,0.995
RPL2B,RPL36B,0.995
RPL2B,RPL37A,0.997
RPL2B,RPL37B,0.997
RPL2B,RPL38,0.997
RPL2B,RPL39,0.997
RPL2B,RPL40A,0.993
RPL2B,RPL40B,0.992
RPL2B,RPL42A,0.991
RPL2B,RPL42B,0.992
RPL2B,RPL43A,0.999
RPL2B,RPL43B,0.999
RPL2B,RPL4A,0.998
RPL2B,RPL4B,0.998
RPL2B,RPL5,0.999
RPL2B,RPL6A,0.998
RPL2B,RPL6B,0.998
RPL2B,RPL7A,0.997
RPL2B,RPL7B,0.995
RPL2B,RPL8A,0.998
RPL2B,RPL8B,0.999
RPL2B,RPL9A,0.998
RPL2B,RPL9B,0.998
RPL2B,RPP0,0.998
RPL2B,RPP1A,0.988
RPL2B,RPP1B,0.946
RPL2B,RPP2A,0.993
RPL2B,RPP2B,0.961
RPL2B,RPS0A,0.996
RPL2B,RPS0B,0.996
RPL2B,RPS10A,0.994
RPL2B,RPS10B,0.965
RPL2B,RPS11A,0.997
RPL2B,RPS11B,0.996
RPL2B,RPS12,0.998
RPL2B,RPS13,0.999
RPL2B,RPS14A,0.996
RPL2B,RPS14B,0.995
RPL2B,RPS15,0.999
RPL2B,RPS16A,0.994
RPL2B,RPS16B,0.996
RPL2B,RPS17A,0.995
RPL2B,RPS17B,0.996
RPL2B,RPS18A,0.998
RPL2B,RPS18B,0.997
RPL2B,RPS19A,0.996
RPL2B,RPS19B,0.996
RPL2B,RPS1A,0.995
RPL2B,RPS1B,0.996
RPL2B,RPS2,0.999
RPL2B,RPS20,0.998
RPL2B,RPS21A,0.929
RPL2B,RPS21B,0.997
RPL2B,RPS22A,0.995
RPL2B,RPS22B,0.962
RPL2B,RPS23A,0.996
RPL2B,RPS23B,0.996
RPL2B,RPS24A,0.997
RPL2B,RPS24B,0.997
RPL2B,RPS25A,0.996
RPL2B,RPS25B,0.978
RPL2B,RPS26A,0.994
RPL2B,RPS26B,0.995
RPL2B,RPS27A,0.99
RPL2B,RPS27B,0.994
RPL2B,RPS28A,0.99
RPL2B,RPS28B,0.99
RPL2B,RPS29A,0.992
RPL2B,RPS29B,0.992
RPL2B,RPS3,0.999
RPL2B,RPS30A,0.988
RPL2B,RPS30B,0.989
RPL2B,RPS31,0.998
RPL2B,RPS4A,0.998
RPL2B,RPS4B,0.997
RPL2B,RPS5,0.999
RPL2B,RPS6A,0.994
RPL2B,RPS6B,0.996
RPL2B,RPS7A,0.996
RPL2B,RPS7B,0.974
RPL2B,RPS8A,0.994
RPL2B,RPS8B,0.994
RPL2B,RPS9A,0.991
RPL2B,RPS9B,0.995
RPL2B,RSM18,0.923
RPL2B,RSM23,0.908
RPL2B,RSM7,0.924
RPL2B,RTC6,0.98
RPL2B,SEC61,0.931
RPL2B,SRP54,0.932
RPL2B,SRP68,0.905
RPL2B,STT3,0.902
RPL2B,TEF4,0.918
RPL3,RPL30,0.999
RPL3,RPL31A,0.998
RPL3,RPL31B,0.998
RPL3,RPL32,0.999
RPL3,RPL33A,0.999
RPL3,RPL33B,0.992
RPL3,RPL34A,0.998
RPL3,RPL34B,0.998
RPL3,RPL35A,0.998
RPL3,RPL35B,0.998
RPL3,RPL36A,0.997
RPL3,RPL36B,0.999
RPL3,RPL37A,0.996
RPL3,RPL37B,0.996
RPL3,RPL38,0.999
RPL3,RPL39,0.999
RPL3,RPL40A,0.995
RPL3,RPL40B,0.996
RPL3,RPL42A,0.992
RPL3,RPL42B,0.992
RPL3,RPL43A,0.997
RPL3,RPL43B,0.997
RPL3,RPL4A,0.999
RPL3,RPL4B,0.999
RPL3,RPL5,0.999
RPL3,RPL6A,0.999
RPL3,RPL6B,0.999
RPL3,RPL7A,0.999
RPL3,RPL7B,0.999
RPL3,RPL8A,0.999
RPL3,RPL8B,0.999
RPL3,RPL9A,0.999
RPL3,RPL9B,0.999
RPL3,RPP0,0.999
RPL3,RPP1A,0.999
RPL3,RPP1B,0.988
RPL3,RPP2A,0.998
RPL3,RPP2B,0.998
RPL3,RPS0A,0.999
RPL3,RPS0B,0.999
RPL3,RPS10A,0.998
RPL3,RPS10B,0.983
RPL3,RPS11A,0.997
RPL3,RPS11B,0.998
RPL3,RPS12,0.999
RPL3,RPS13,0.999
RPL3,RPS14A,0.999
RPL3,RPS14B,0.998
RPL3,RPS15,0.999
RPL3,RPS16A,0.997
RPL3,RPS16B,0.998
RPL3,RPS17A,0.998
RPL3,RPS17B,0.997
RPL3,RPS18A,0.998
RPL3,RPS18B,0.998
RPL3,RPS19A,0.998
RPL3,RPS19B,0.998
RPL3,RPS1A,0.999
RPL3,RPS1B,0.998
RPL3,RPS2,0.999
RPL3,RPS20,0.999
RPL3,RPS21A,0.922
RPL3,RPS21B,0.999
RPL3,RPS22A,0.999
RPL3,RPS22B,0.99
RPL3,RPS23A,0.998
RPL3,RPS23B,0.998
RPL3,RPS24A,0.998
RPL3,RPS24B,0.998
RPL3,RPS25A,0.998
RPL3,RPS25B,0.99
RPL3,RPS26A,0.999
RPL3,RPS26B,0.999
RPL3,RPS27A,0.996
RPL3,RPS27B,0.995
RPL3,RPS28A,0.996
RPL3,RPS28B,0.997
RPL3,RPS29A,0.997
RPL3,RPS29B,0.997
RPL3,RPS3,0.999
RPL3,RPS30A,0.99
RPL3,RPS30B,0.99
RPL3,RPS31,0.999
RPL3,RPS4A,0.999
RPL3,RPS4B,0.998
RPL3,RPS5,0.999
RPL3,RPS6A,0.999
RPL3,RPS6B,0.999
RPL3,RPS7A,0.998
RPL3,RPS7B,0.989
RPL3,RPS8A,0.999
RPL3,RPS8B,0.998
RPL3,RPS9A,0.998
RPL3,RPS9B,0.999
RPL3,RSM10,0.953
RPL3,RSM18,0.937
RPL3,RSM19,0.909
RPL3,RSM23,0.937
RPL3,RSM24,0.924
RPL3,RSM7,0.98
RPL3,RTC6,0.987
RPL3,SBH1,0.903
RPL3,SBH2,0.906
RPL3,SEC61,0.985
RPL3,SEC65,0.929
RPL3,SRP101,0.947
RPL3,SRP14,0.922
RPL3,SRP21,0.932
RPL3,SRP54,0.974
RPL3,SRP68,0.964
RPL3,SRP72,0.936
RPL3,SSH1,0.956
RPL3,SSS1,0.925
RPL3,STT3,0.941
RPL3,SWS2,0.972
RPL3,TEF4,0.966
RPL3,TIF11,0.941
RPL30,RPL31A,0.999
RPL30,RPL31B,0.998
RPL30,RPL32,0.999
RPL30,RPL33A,0.999
RPL30,RPL33B,0.995
RPL30,RPL34A,0.999
RPL30,RPL34B,0.999
RPL30,RPL35A,0.998
RPL30,RPL35B,0.998
RPL30,RPL36A,0.998
RPL30,RPL36B,0.999
RPL30,RPL37A,0.998
RPL30,RPL37B,0.998
RPL30,RPL38,0.999
RPL30,RPL39,0.999
RPL30,RPL40A,0.998
RPL30,RPL40B,0.998
RPL30,RPL42A,0.997
RPL30,RPL42B,0.996
RPL30,RPL43A,0.998
RPL30,RPL43B,0.999
RPL30,RPL4A,0.998
RPL30,RPL4B,0.998
RPL30,RPL5,0.999
RPL30,RPL6A,0.998
RPL30,RPL6B,0.998
RPL30,RPL7A,0.999
RPL30,RPL7B,0.998
RPL30,RPL8A,0.998
RPL30,RPL8B,0.999
RPL30,RPL9A,0.999
RPL30,RPL9B,0.999
RPL30,RPP0,0.999
RPL30,RPP1A,0.999
RPL30,RPP1B,0.985
RPL30,RPP2A,0.996
RPL30,RPP2B,0.996
RPL30,RPS0A,0.998
RPL30,RPS0B,0.998
RPL30,RPS10A,0.999
RPL30,RPS10B,0.993
RPL30,RPS11A,0.998
RPL30,RPS11B,0.998
RPL30,RPS12,0.999
RPL30,RPS13,0.999
RPL30,RPS14A,0.999
RPL30,RPS14B,0.999
RPL30,RPS15,0.999
RPL30,RPS16A,0.998
RPL30,RPS16B,0.999
RPL30,RPS17A,0.999
RPL30,RPS17B,0.999
RPL30,RPS18A,0.999
RPL30,RPS18B,0.999
RPL30,RPS19A,0.999
RPL30,RPS19B,0.998
RPL30,RPS1A,0.998
RPL30,RPS1B,0.998
RPL30,RPS2,0.999
RPL30,RPS20,0.999
RPL30,RPS21A,0.967
RPL30,RPS21B,0.999
RPL30,RPS22A,0.999
RPL30,RPS22B,0.995
RPL30,RPS23A,0.998
RPL30,RPS23B,0.999
RPL30,RPS24A,0.998
RPL30,RPS24B,0.998
RPL30,RPS25A,0.998
RPL30,RPS25B,0.995
RPL30,RPS26A,0.999
RPL30,RPS26B,0.998
RPL30,RPS27A,0.998
RPL30,RPS27B,0.999
RPL30,RPS28A,0.997
RPL30,RPS28B,0.998
RPL30,RPS29A,0.998
RPL30,RPS29B,0.998
RPL30,RPS3,0.999
RPL30,RPS30A,0.996
RPL30,RPS30B,0.996
RPL30,RPS31,0.999
RPL30,RPS4A,0.998
RPL30,RPS4B,0.998
RPL30,RPS5,0.999
RPL30,RPS6A,0.999
RPL30,RPS6B,0.999
RPL30,RPS7A,0.999
RPL30,RPS7B,0.989
RPL30,RPS8A,0.998
RPL30,RPS8B,0.998
RPL30,RPS9A,0.999
RPL30,RPS9B,0.999
RPL30,RRN7,0.935
RPL30,RSM10,0.948
RPL30,RSM7,0.941
RPL30,SBH1,0.908
RPL30,SBH2,0.913
RPL30,SEC61,0.931
RPL30,SEC65,0.938
RPL30,SNU13,0.92
RPL30,SRP14,0.93
RPL30,SRP54,0.93
RPL30,SRP68,0.938
RPL30,SRP72,0.932
RPL30,SSS1,0.937
RPL30,STT3,0.941
RPL30,UTP22,0.995
RPL31A,RPL31B,0.979
RPL31A,RPL32,0.999
RPL31A,RPL33A,0.998
RPL31A,RPL33B,0.993
RPL31A,RPL34A,0.998
RPL31A,RPL34B,0.998
RPL31A,RPL35A,0.998
RPL31A,RPL35B,0.998
RPL31A,RPL36A,0.998
RPL31A,RPL36B,0.996
RPL31A,RPL37A,0.998
RPL31A,RPL37B,0.997
RPL31A,RPL38,0.999
RPL31A,RPL39,0.999
RPL31A,RPL40A,0.997
RPL31A,RPL40B,0.996
RPL31A,RPL42A,0.993
RPL31A,RPL42B,0.995
RPL31A,RPL43A,0.997
RPL31A,RPL43B,0.997
RPL31A,RPL4A,0.995
RPL31A,RPL4B,0.994
RPL31A,RPL5,0.999
RPL31A,RPL6A,0.998
RPL31A,RPL6B,0.997
RPL31A,RPL7A,0.997
RPL31A,RPL7B,0.994
RPL31A,RPL8A,0.996
RPL31A,RPL8B,0.996
RPL31A,RPL9A,0.998
RPL31A,RPL9B,0.996
RPL31A,RPP0,0.998
RPL31A,RPP1A,0.996
RPL31A,RPP1B,0.974
RPL31A,RPP2A,0.992
RPL31A,RPP2B,0.964
RPL31A,RPS0A,0.996
RPL31A,RPS0B,0.995
RPL31A,RPS10A,0.998
RPL31A,RPS10B,0.985
RPL31A,RPS11A,0.997
RPL31A,RPS11B,0.997
RPL31A,RPS12,0.999
RPL31A,RPS13,0.999
RPL31A,RPS14A,0.995
RPL31A,RPS14B,0.992
RPL31A,RPS15,0.999
RPL31A,RPS16A,0.995
RPL31A,RPS16B,0.997
RPL31A,RPS17A,0.998
RPL31A,RPS17B,0.998
RPL31A,RPS18A,0.996
RPL31A,RPS18B,0.996
RPL31A,RPS19A,0.998
RPL31A,RPS19B,0.997
RPL31A,RPS1A,0.996
RPL31A,RPS1B,0.996
RPL31A,RPS2,0.998
RPL31A,RPS20,0.998
RPL31A,RPS21A,0.963
RPL31A,RPS21B,0.998
RPL31A,RPS22A,0.997
RPL31A,RPS22B,0.972
RPL31A,RPS23A,0.996
RPL31A,RPS23B,0.995
RPL31A,RPS24A,0.998
RPL31A,RPS24B,0.997
RPL31A,RPS25A,0.996
RPL31A,RPS25B,0.983
RPL31A,RPS26A,0.997
RPL31A,RPS26B,0.997
RPL31A,RPS27A,0.996
RPL31A,RPS27B,0.998
RPL31A,RPS28A,0.995
RPL31A,RPS28B,0.994
RPL31A,RPS29A,0.997
RPL31A,RPS29B,0.995
RPL31A,RPS3,0.999
RPL31A,RPS30A,0.992
RPL31A,RPS30B,0.992
RPL31A,RPS31,0.999
RPL31A,RPS4A,0.996
RPL31A,RPS4B,0.993
RPL31A,RPS5,0.999
RPL31A,RPS6A,0.997
RPL31A,RPS6B,0.997
RPL31A,RPS7A,0.998
RPL31A,RPS7B,0.976
RPL31A,RPS8A,0.996
RPL31A,RPS8B,0.994
RPL31A,RPS9A,0.995
RPL31A,RPS9B,0.996
RPL31A,RSM10,0.946
RPL31A,RSM7,0.934
RPL31A,SBH2,0.945
RPL31A,SRP68,0.904
RPL31A,SSH1,0.927
RPL31A,SSS1,0.971
RPL31A,STT3,0.9
RPL31A,ZUO1,0.938
RPL31B,RPL32,0.999
RPL31B,RPL33A,0.997
RPL31B,RPL33B,0.99
RPL31B,RPL34A,0.995
RPL31B,RPL34B,0.994
RPL31B,RPL35A,0.99
RPL31B,RPL35B,0.989
RPL31B,RPL36A,0.993
RPL31B,RPL36B,0.997
RPL31B,RPL37A,0.987
RPL31B,RPL37B,0.986
RPL31B,RPL38,0.999
RPL31B,RPL39,0.999
RPL31B,RPL40A,0.966
RPL31B,RPL40B,0.971
RPL31B,RPL42A,0.958
RPL31B,RPL42B,0.958
RPL31B,RPL43A,0.974
RPL31B,RPL43B,0.984
RPL31B,RPL4A,0.975
RPL31B,RPL4B,0.972
RPL31B,RPL5,0.999
RPL31B,RPL6A,0.984
RPL31B,RPL6B,0.982
RPL31B,RPL7A,0.994
RPL31B,RPL7B,0.973
RPL31B,RPL8A,0.976
RPL31B,RPL8B,0.995
RPL31B,RPL9A,0.983
RPL31B,RPL9B,0.995
RPL31B,RPP0,0.997
RPL31B,RPP1A,0.989
RPL31B,RPP1B,0.964
RPL31B,RPP2A,0.968
RPL31B,RPP2B,0.989
RPL31B,RPS0A,0.965
RPL31B,RPS0B,0.959
RPL31B,RPS10A,0.987
RPL31B,RPS10B,0.983
RPL31B,RPS11A,0.965
RPL31B,RPS11B,0.964
RPL31B,RPS12,0.987
RPL31B,RPS13,0.992
RPL31B,RPS14A,0.962
RPL31B,RPS14B,0.961
RPL31B,RPS15,0.993
RPL31B,RPS16A,0.966
RPL31B,RPS16B,0.98
RPL31B,RPS17A,0.986
RPL31B,RPS17B,0.986
RPL31B,RPS18A,0.97
RPL31B,RPS18B,0.976
RPL31B,RPS19A,0.985
RPL31B,RPS19B,0.984
RPL31B,RPS1A,0.962
RPL31B,RPS1B,0.975
RPL31B,RPS2,0.991
RPL31B,RPS20,0.994
RPL31B,RPS21B,0.992
RPL31B,RPS22A,0.983
RPL31B,RPS22B,0.975
RPL31B,RPS23A,0.958
RPL31B,RPS23B,0.964
RPL31B,RPS24A,0.985
RPL31B,RPS24B,0.985
RPL31B,RPS25A,0.97
RPL31B,RPS25B,0.978
RPL31B,RPS26A,0.978
RPL31B,RPS26B,0.988
RPL31B,RPS27A,0.981
RPL31B,RPS27B,0.982
RPL31B,RPS28A,0.973
RPL31B,RPS28B,0.979
RPL31B,RPS29A,0.98
RPL31B,RPS29B,0.976
RPL31B,RPS3,0.992
RPL31B,RPS30A,0.957
RPL31B,RPS30B,0.966
RPL31B,RPS31,0.992
RPL31B,RPS4A,0.966
RPL31B,RPS4B,0.958
RPL31B,RPS5,0.991
RPL31B,RPS6A,0.974
RPL31B,RPS6B,0.974
RPL31B,RPS7A,0.976
RPL31B,RPS7B,0.982
RPL31B,RPS8A,0.96
RPL31B,RPS8B,0.968
RPL31B,RPS9A,0.963
RPL31B,RPS9B,0.976
RPL31B,RSM10,0.947
RPL31B,RSM7,0.934
RPL31B,SRP68,0.903
RPL31B,STT3,0.901
RPL32,RPL33A,0.999
RPL32,RPL33B,0.998
RPL32,RPL34A,0.999
RPL32,RPL34B,0.999
RPL32,RPL35A,0.999
RPL32,RPL35B,0.998
RPL32,RPL36A,0.999
RPL32,RPL36B,0.999
RPL32,RPL37A,0.999
RPL32,RPL37B,0.999
RPL32,RPL38,0.999
RPL32,RPL39,0.999
RPL32,RPL40A,0.998
RPL32,RPL40B,0.999
RPL32,RPL42A,0.998
RPL32,RPL42B,0.997
RPL32,RPL43A,0.999
RPL32,RPL43B,0.998
RPL32,RPL4A,0.999
RPL32,RPL4B,0.999
RPL32,RPL5,0.999
RPL32,RPL6A,0.999
RPL32,RPL6B,0.999
RPL32,RPL7A,0.999
RPL32,RPL7B,0.999
RPL32,RPL8A,0.999
RPL32,RPL8B,0.999
RPL32,RPL9A,0.999
RPL32,RPL9B,0.999
RPL32,RPP0,0.999
RPL32,RPP1A,0.999
RPL32,RPP1B,0.989
RPL32,RPP2A,0.997
RPL32,RPP2B,0.996
RPL32,RPS0A,0.998
RPL32,RPS0B,0.998
RPL32,RPS10A,0.999
RPL32,RPS10B,0.992
RPL32,RPS11A,0.998
RPL32,RPS11B,0.998
RPL32,RPS12,0.999
RPL32,RPS13,0.999
RPL32,RPS14A,0.999
RPL32,RPS14B,0.998
RPL32,RPS15,0.999
RPL32,RPS16A,0.998
RPL32,RPS16B,0.999
RPL32,RPS17A,0.999
RPL32,RPS17B,0.998
RPL32,RPS18A,0.999
RPL32,RPS18B,0.999
RPL32,RPS19A,0.999
RPL32,RPS19B,0.999
RPL32,RPS1A,0.999
RPL32,RPS1B,0.999
RPL32,RPS2,0.999
RPL32,RPS20,0.999
RPL32,RPS21A,0.939
RPL32,RPS21B,0.999
RPL32,RPS22A,0.999
RPL32,RPS22B,0.988
RPL32,RPS23A,0.998
RPL32,RPS23B,0.998
RPL32,RPS24A,0.999
RPL32,RPS24B,0.999
RPL32,RPS25A,0.998
RPL32,RPS25B,0.993
RPL32,RPS26A,0.999
RPL32,RPS26B,0.999
RPL32,RPS27A,0.997
RPL32,RPS27B,0.998
RPL32,RPS28A,0.998
RPL32,RPS28B,0.997
RPL32,RPS29A,0.997
RPL32,RPS29B,0.998
RPL32,RPS3,0.999
RPL32,RPS30A,0.997
RPL32,RPS30B,0.997
RPL32,RPS31,0.999
RPL32,RPS4A,0.999
RPL32,RPS4B,0.998
RPL32,RPS5,0.999
RPL32,RPS6A,0.998
RPL32,RPS6B,0.999
RPL32,RPS7A,0.999
RPL32,RPS7B,0.994
RPL32,RPS8A,0.999
RPL32,RPS8B,0.998
RPL32,RPS9A,0.998
RPL32,RPS9B,0.999
RPL32,RRN7,0.947
RPL32,RSM10,0.98
RPL32,RSM7,0.982
RPL32,SBH1,0.918
RPL32,SBH2,0.924
RPL32,SEC61,0.927
RPL32,SEC65,0.932
RPL32,SNU13,0.95
RPL32,SRP14,0.921
RPL32,SRP21,0.924
RPL32,SRP54,0.924
RPL32,SRP68,0.932
RPL32,SRP72,0.917
RPL32,SSS1,0.948
RPL32,STT3,0.944
RPL32,SWS2,0.979
RPL32,YML6,0.911
RPL33A,RPL33B,0.975
RPL33A,RPL34A,0.998
RPL33A,RPL34B,0.998
RPL33A,RPL35A,0.996
RPL33A,RPL35B,0.996
RPL33A,RPL36A,0.997
RPL33A,RPL36B,0.999
RPL33A,RPL37A,0.997
RPL33A,RPL37B,0.997
RPL33A,RPL38,0.999
RPL33A,RPL39,0.999
RPL33A,RPL40A,0.995
RPL33A,RPL40B,0.997
RPL33A,RPL42A,0.995
RPL33A,RPL42B,0.991
RPL33A,RPL43A,0.996
RPL33A,RPL43B,0.995
RPL33A,RPL4A,0.996
RPL33A,RPL4B,0.996
RPL33A,RPL5,0.999
RPL33A,RPL6A,0.999
RPL33A,RPL6B,0.999
RPL33A,RPL7A,0.999
RPL33A,RPL7B,0.996
RPL33A,RPL8A,0.996
RPL33A,RPL8B,0.999
RPL33A,RPL9A,0.997
RPL33A,RPL9B,0.999
RPL33A,RPP0,0.999
RPL33A,RPP1A,0.997
RPL33A,RPP1B,0.964
RPL33A,RPP2A,0.992
RPL33A,RPP2B,0.99
RPL33A,RPS0A,0.994
RPL33A,RPS0B,0.992
RPL33A,RPS10A,0.998
RPL33A,RPS10B,0.986
RPL33A,RPS11A,0.994
RPL33A,RPS11B,0.995
RPL33A,RPS12,0.999
RPL33A,RPS13,0.999
RPL33A,RPS14A,0.995
RPL33A,RPS14B,0.992
RPL33A,RPS15,0.999
RPL33A,RPS16A,0.994
RPL33A,RPS16B,0.995
RPL33A,RPS17A,0.998
RPL33A,RPS17B,0.996
RPL33A,RPS18A,0.995
RPL33A,RPS18B,0.995
RPL33A,RPS19A,0.996
RPL33A,RPS19B,0.983
RPL33A,RPS1A,0.995
RPL33A,RPS1B,0.995
RPL33A,RPS2,0.999
RPL33A,RPS20,0.999
RPL33A,RPS21A,0.943
RPL33A,RPS21B,0.998
RPL33A,RPS22A,0.997
RPL33A,RPS22B,0.972
RPL33A,RPS23A,0.993
RPL33A,RPS23B,0.993
RPL33A,RPS24A,0.997
RPL33A,RPS24B,0.996
RPL33A,RPS25A,0.995
RPL33A,RPS25B,0.98
RPL33A,RPS26A,0.996
RPL33A,RPS26B,0.997
RPL33A,RPS27A,0.995
RPL33A,RPS27B,0.997
RPL33A,RPS28A,0.995
RPL33A,RPS28B,0.994
RPL33A,RPS29A,0.997
RPL33A,RPS29B,0.984
RPL33A,RPS3,0.999
RPL33A,RPS30A,0.991
RPL33A,RPS30B,0.994
RPL33A,RPS31,0.998
RPL33A,RPS4A,0.993
RPL33A,RPS4B,0.991
RPL33A,RPS5,0.999
RPL33A,RPS6A,0.994
RPL33A,RPS6B,0.996
RPL33A,RPS7A,0.997
RPL33A,RPS7B,0.983
RPL33A,RPS8A,0.995
RPL33A,RPS8B,0.994
RPL33A,RPS9A,0.994
RPL33A,RPS9B,0.995
RPL33A,RSM10,0.943
RPL33A,RSM7,0.928
RPL33B,RPL34A,0.99
RPL33B,RPL34B,0.991
RPL33B,RPL35A,0.985
RPL33B,RPL35B,0.983
RPL33B,RPL36A,0.991
RPL33B,RPL36B,0.982
RPL33B,RPL37A,0.991
RPL33B,RPL37B,0.989
RPL33B,RPL38,0.994
RPL33B,RPL39,0.993
RPL33B,RPL40A,0.979
RPL33B,RPL40B,0.981
RPL33B,RPL42A,0.964
RPL33B,RPL42B,0.957
RPL33B,RPL43A,0.985
RPL33B,RPL43B,0.984
RPL33B,RPL4A,0.983
RPL33B,RPL4B,0.983
RPL33B,RPL5,0.992
RPL33B,RPL6A,0.996
RPL33B,RPL6B,0.995
RPL33B,RPL7A,0.988
RPL33B,RPL7B,0.987
RPL33B,RPL8A,0.986
RPL33B,RPL8B,0.986
RPL33B,RPL9A,0.989
RPL33B,RPL9B,0.986
RPL33B,RPP0,0.985
RPL33B,RPP1A,0.939
RPL33B,RPP1B,0.948
RPL33B,RPP2A,0.953
RPL33B,RPP2B,0.944
RPL33B,RPS0A,0.969
RPL33B,RPS0B,0.958
RPL33B,RPS10A,0.988
RPL33B,RPS10B,0.987
RPL33B,RPS11A,0.981
RPL33B,RPS11B,0.968
RPL33B,RPS12,0.991
RPL33B,RPS13,0.993
RPL33B,RPS14A,0.966
RPL33B,RPS14B,0.97
RPL33B,RPS15,0.991
RPL33B,RPS16A,0.973
RPL33B,RPS16B,0.981
RPL33B,RPS17A,0.987
RPL33B,RPS17B,0.989
RPL33B,RPS18A,0.972
RPL33B,RPS18B,0.978
RPL33B,RPS19A,0.984
RPL33B,RPS19B,0.98
RPL33B,RPS1A,0.967
RPL33B,RPS1B,0.973
RPL33B,RPS2,0.993
RPL33B,RPS20,0.991
RPL33B,RPS21B,0.993
RPL33B,RPS22A,0.982
RPL33B,RPS22B,0.981
RPL33B,RPS23A,0.973
RPL33B,RPS23B,0.967
RPL33B,RPS24A,0.988
RPL33B,RPS24B,0.984
RPL33B,RPS25A,0.978
RPL33B,RPS25B,0.98
RPL33B,RPS26A,0.979
RPL33B,RPS26B,0.988
RPL33B,RPS27A,0.984
RPL33B,RPS27B,0.985
RPL33B,RPS28A,0.974
RPL33B,RPS28B,0.978
RPL33B,RPS29A,0.985
RPL33B,RPS29B,0.981
RPL33B,RPS3,0.991
RPL33B,RPS30A,0.962
RPL33B,RPS30B,0.963
RPL33B,RPS31,0.992
RPL33B,RPS4A,0.97
RPL33B,RPS4B,0.963
RPL33B,RPS5,0.991
RPL33B,RPS6A,0.972
RPL33B,RPS6B,0.97
RPL33B,RPS7A,0.988
RPL33B,RPS7B,0.988
RPL33B,RPS8A,0.967
RPL33B,RPS8B,0.971
RPL33B,RPS9A,0.966
RPL33B,RPS9B,0.968
RPL33B,RSM10,0.943
RPL33B,RSM7,0.928
RPL34A,RPL34B,0.996
RPL34A,RPL35A,0.999
RPL34A,RPL35B,0.999
RPL34A,RPL36A,0.998
RPL34A,RPL36B,0.997
RPL34A,RPL37A,0.999
RPL34A,RPL37B,0.999
RPL34A,RPL38,0.999
RPL34A,RPL39,0.998
RPL34A,RPL40A,0.995
RPL34A,RPL40B,0.996
RPL34A,RPL42A,0.994
RPL34A,RPL42B,0.993
RPL34A,RPL43A,0.997
RPL34A,RPL43B,0.996
RPL34A,RPL4A,0.995
RPL34A,RPL4B,0.972
RPL34A,RPL5,0.998
RPL34A,RPL6A,0.998
RPL34A,RPL6B,0.998
RPL34A,RPL7A,0.995
RPL34A,RPL7B,0.994
RPL34A,RPL8A,0.996
RPL34A,RPL8B,0.989
RPL34A,RPL9A,0.997
RPL34A,RPL9B,0.996
RPL34A,RPP0,0.998
RPL34A,RPP1A,0.994
RPL34A,RPP1B,0.974
RPL34A,RPP2A,0.993
RPL34A,RPP2B,0.938
RPL34A,RPS0A,0.994
RPL34A,RPS0B,0.994
RPL34A,RPS10A,0.995
RPL34A,RPS10B,0.969
RPL34A,RPS11A,0.995
RPL34A,RPS11B,0.996
RPL34A,RPS12,0.998
RPL34A,RPS13,0.998
RPL34A,RPS14A,0.996
RPL34A,RPS14B,0.992
RPL34A,RPS15,0.998
RPL34A,RPS16A,0.994
RPL34A,RPS16B,0.996
RPL34A,RPS17A,0.994
RPL34A,RPS17B,0.992
RPL34A,RPS18A,0.993
RPL34A,RPS18B,0.995
RPL34A,RPS19A,0.995
RPL34A,RPS19B,0.979
RPL34A,RPS1A,0.994
RPL34A,RPS1B,0.996
RPL34A,RPS2,0.998
RPL34A,RPS20,0.998
RPL34A,RPS21A,0.946
RPL34A,RPS21B,0.998
RPL34A,RPS22A,0.997
RPL34A,RPS22B,0.959
RPL34A,RPS23A,0.994
RPL34A,RPS23B,0.992
RPL34A,RPS24A,0.997
RPL34A,RPS24B,0.996
RPL34A,RPS25A,0.996
RPL34A,RPS25B,0.98
RPL34A,RPS26A,0.996
RPL34A,RPS26B,0.997
RPL34A,RPS27A,0.991
RPL34A,RPS27B,0.995
RPL34A,RPS28A,0.991
RPL34A,RPS28B,0.993
RPL34A,RPS29A,0.994
RPL34A,RPS29B,0.986
RPL34A,RPS3,0.998
RPL34A,RPS30A,0.991
RPL34A,RPS30B,0.994
RPL34A,RPS31,0.998
RPL34A,RPS4A,0.995
RPL34A,RPS4B,0.99
RPL34A,RPS5,0.999
RPL34A,RPS6A,0.993
RPL34A,RPS6B,0.994
RPL34A,RPS7A,0.993
RPL34A,RPS7B,0.976
RPL34A,RPS8A,0.992
RPL34A,RPS8B,0.992
RPL34A,RPS9A,0.991
RPL34A,RPS9B,0.995
RPL34A,RSA3,0.904
RPL34A,RSM10,0.934
RPL34A,RSM7,0.943
RPL34B,RPL35A,0.998
RPL34B,RPL35B,0.997
RPL34B,RPL36A,0.998
RPL34B,RPL36B,0.997
RPL34B,RPL37A,0.996
RPL34B,RPL37B,0.998
RPL34B,RPL38,0.996
RPL34B,RPL39,0.998
RPL34B,RPL40A,0.996
RPL34B,RPL40B,0.995
RPL34B,RPL42A,0.994
RPL34B,RPL42B,0.994
RPL34B,RPL43A,0.998
RPL34B,RPL43B,0.998
RPL34B,RPL4A,0.995
RPL34B,RPL4B,0.994
RPL34B,RPL5,0.998
RPL34B,RPL6A,0.989
RPL34B,RPL6B,0.988
RPL34B,RPL7A,0.977
RPL34B,RPL7B,0.994
RPL34B,RPL8A,0.996
RPL34B,RPL8B,0.997
RPL34B,RPL9A,0.99
RPL34B,RPL9B,0.996
RPL34B,RPP0,0.997
RPL34B,RPP1A,0.966
RPL34B,RPP1B,0.973
RPL34B,RPP2A,0.955
RPL34B,RPP2B,0.937
RPL34B,RPS0A,0.974
RPL34B,RPS0B,0.996
RPL34B,RPS10A,0.995
RPL34B,RPS10B,0.971
RPL34B,RPS11A,0.996
RPL34B,RPS11B,0.993
RPL34B,RPS12,0.998
RPL34B,RPS13,0.998
RPL34B,RPS14A,0.996
RPL34B,RPS14B,0.993
RPL34B,RPS15,0.998
RPL34B,RPS16A,0.994
RPL34B,RPS16B,0.996
RPL34B,RPS17A,0.994
RPL34B,RPS17B,0.993
RPL34B,RPS18A,0.994
RPL34B,RPS18B,0.994
RPL34B,RPS19A,0.995
RPL34B,RPS19B,0.979
RPL34B,RPS1A,0.966
RPL34B,RPS1B,0.996
RPL34B,RPS2,0.998
RPL34B,RPS20,0.997
RPL34B,RPS21A,0.948
RPL34B,RPS21B,0.999
RPL34B,RPS22A,0.996
RPL34B,RPS22B,0.965
RPL34B,RPS23A,0.995
RPL34B,RPS23B,0.994
RPL34B,RPS24A,0.997
RPL34B,RPS24B,0.996
RPL34B,RPS25A,0.996
RPL34B,RPS25B,0.98
RPL34B,RPS26A,0.995
RPL34B,RPS26B,0.996
RPL34B,RPS27A,0.991
RPL34B,RPS27B,0.995
RPL34B,RPS28A,0.991
RPL34B,RPS28B,0.993
RPL34B,RPS29A,0.972
RPL34B,RPS29B,0.969
RPL34B,RPS3,0.998
RPL34B,RPS30A,0.991
RPL34B,RPS30B,0.994
RPL34B,RPS31,0.992
RPL34B,RPS4A,0.994
RPL34B,RPS4B,0.992
RPL34B,RPS5,0.998
RPL34B,RPS6A,0.993
RPL34B,RPS6B,0.994
RPL34B,RPS7A,0.994
RPL34B,RPS7B,0.964
RPL34B,RPS8A,0.993
RPL34B,RPS8B,0.992
RPL34B,RPS9A,0.961
RPL34B,RPS9B,0.995
RPL34B,RSM10,0.933
RPL34B,RSM7,0.943
RPL35A,RPL35B,0.99
RPL35A,RPL36A,0.997
RPL35A,RPL36B,0.995
RPL35A,RPL37A,0.999
RPL35A,RPL37B,0.999
RPL35A,RPL38,0.998
RPL35A,RPL39,0.999
RPL35A,RPL40A,0.992
RPL35A,RPL40B,0.992
RPL35A,RPL42A,0.992
RPL35A,RPL42B,0.992
RPL35A,RPL43A,0.996
RPL35A,RPL43B,0.995
RPL35A,RPL4A,0.996
RPL35A,RPL4B,0.996
RPL35A,RPL5,0.999
RPL35A,RPL6A,0.998
RPL35A,RPL6B,0.996
RPL35A,RPL7A,0.998
RPL35A,RPL7B,0.997
RPL35A,RPL8A,0.994
RPL35A,RPL8B,0.996
RPL35A,RPL9A,0.997
RPL35A,RPL9B,0.996
RPL35A,RPP0,0.998
RPL35A,RPP1A,0.993
RPL35A,RPP1B,0.971
RPL35A,RPP2A,0.991
RPL35A,RPP2B,0.942
RPL35A,RPS0A,0.994
RPL35A,RPS0B,0.994
RPL35A,RPS10A,0.997
RPL35A,RPS10B,0.982
RPL35A,RPS11A,0.997
RPL35A,RPS11B,0.997
RPL35A,RPS12,0.998
RPL35A,RPS13,0.998
RPL35A,RPS14A,0.996
RPL35A,RPS14B,0.995
RPL35A,RPS15,0.999
RPL35A,RPS16A,0.996
RPL35A,RPS16B,0.998
RPL35A,RPS17A,0.996
RPL35A,RPS17B,0.997
RPL35A,RPS18A,0.996
RPL35A,RPS18B,0.996
RPL35A,RPS19A,0.995
RPL35A,RPS19B,0.996
RPL35A,RPS1A,0.994
RPL35A,RPS1B,0.995
RPL35A,RPS2,0.998
RPL35A,RPS20,0.998
RPL35A,RPS21A,0.947
RPL35A,RPS21B,0.998
RPL35A,RPS22A,0.996
RPL35A,RPS22B,0.972
RPL35A,RPS23A,0.996
RPL35A,RPS23B,0.995
RPL35A,RPS24A,0.998
RPL35A,RPS24B,0.996
RPL35A,RPS25A,0.996
RPL35A,RPS25B,0.978
RPL35A,RPS26A,0.996
RPL35A,RPS26B,0.997
RPL35A,RPS27A,0.995
RPL35A,RPS27B,0.998
RPL35A,RPS28A,0.992
RPL35A,RPS28B,0.992
RPL35A,RPS29A,0.995
RPL35A,RPS29B,0.994
RPL35A,RPS3,0.999
RPL35A,RPS30A,0.99
RPL35A,RPS30B,0.995
RPL35A,RPS31,0.998
RPL35A,RPS4A,0.996
RPL35A,RPS4B,0.993
RPL35A,RPS5,0.998
RPL35A,RPS6A,0.993
RPL35A,RPS6B,0.995
RPL35A,RPS7A,0.996
RPL35A,RPS7B,0.977
RPL35A,RPS8A,0.993
RPL35A,RPS8B,0.993
RPL35A,RPS9A,0.99
RPL35A,RPS9B,0.996
RPL35A,RSA3,0.905
RPL35A,RSM10,0.955
RPL35A,RSM7,0.951
RPL35A,RTC6,0.989
RPL35A,SBH2,0.945
RPL35A,SEC61,0.966
RPL35A,SRP101,0.918
RPL35A,SRP54,0.972
RPL35A,SRP68,0.915
RPL35A,SSH1,0.993
RPL35A,SSS1,0.968
RPL35A,TIF11,0.909
RPL35B,RPL36A,0.996
RPL35B,RPL36B,0.992
RPL35B,RPL37A,0.999
RPL35B,RPL37B,0.999
RPL35B,RPL38,0.998
RPL35B,RPL39,0.999
RPL35B,RPL40A,0.991
RPL35B,RPL40B,0.99
RPL35B,RPL42A,0.988
RPL35B,RPL42B,0.989
RPL35B,RPL43A,0.995
RPL35B,RPL43B,0.993
RPL35B,RPL4A,0.996
RPL35B,RPL4B,0.996
RPL35B,RPL5,0.999
RPL35B,RPL6A,0.995
RPL35B,RPL6B,0.995
RPL35B,RPL7A,0.997
RPL35B,RPL7B,0.998
RPL35B,RPL8A,0.994
RPL35B,RPL8B,0.994
RPL35B,RPL9A,0.996
RPL35B,RPL9B,0.995
RPL35B,RPP0,0.998
RPL35B,RPP1A,0.988
RPL35B,RPP1B,0.958
RPL35B,RPP2A,0.988
RPL35B,RPP2B,0.925
RPL35B,RPS0A,0.994
RPL35B,RPS0B,0.992
RPL35B,RPS10A,0.996
RPL35B,RPS10B,0.976
RPL35B,RPS11A,0.998
RPL35B,RPS11B,0.996
RPL35B,RPS12,0.998
RPL35B,RPS13,0.998
RPL35B,RPS14A,0.996
RPL35B,RPS14B,0.994
RPL35B,RPS15,0.999
RPL35B,RPS16A,0.995
RPL35B,RPS16B,0.995
RPL35B,RPS17A,0.996
RPL35B,RPS17B,0.997
RPL35B,RPS18A,0.999
RPL35B,RPS18B,0.994
RPL35B,RPS19A,0.995
RPL35B,RPS19B,0.994
RPL35B,RPS1A,0.994
RPL35B,RPS1B,0.993
RPL35B,RPS2,0.998
RPL35B,RPS20,0.998
RPL35B,RPS21A,0.936
RPL35B,RPS21B,0.997
RPL35B,RPS22A,0.997
RPL35B,RPS22B,0.973
RPL35B,RPS23A,0.993
RPL35B,RPS23B,0.993
RPL35B,RPS24A,0.995
RPL35B,RPS24B,0.997
RPL35B,RPS25A,0.995
RPL35B,RPS25B,0.972
RPL35B,RPS26A,0.995
RPL35B,RPS26B,0.995
RPL35B,RPS27A,0.997
RPL35B,RPS27B,0.996
RPL35B,RPS28A,0.992
RPL35B,RPS28B,0.993
RPL35B,RPS29A,0.994
RPL35B,RPS29B,0.994
RPL35B,RPS3,0.999
RPL35B,RPS30A,0.991
RPL35B,RPS30B,0.994
RPL35B,RPS31,0.997
RPL35B,RPS4A,0.993
RPL35B,RPS4B,0.996
RPL35B,RPS5,0.999
RPL35B,RPS6A,0.993
RPL35B,RPS6B,0.996
RPL35B,RPS7A,0.996
RPL35B,RPS7B,0.978
RPL35B,RPS8A,0.994
RPL35B,RPS8B,0.993
RPL35B,RPS9A,0.993
RPL35B,RPS9B,0.993
RPL35B,RSA3,0.905
RPL35B,RSM10,0.955
RPL35B,RSM7,0.955
RPL35B,RTC6,0.989
RPL35B,SBH2,0.943
RPL35B,SEC61,0.966
RPL35B,SRP101,0.918
RPL35B,SRP54,0.971
RPL35B,SRP68,0.914
RPL35B,SSH1,0.993
RPL35B,SSS1,0.967
RPL35B,TIF11,0.951
RPL36A,RPL36B,0.976
RPL36A,RPL37A,0.997
RPL36A,RPL37B,0.992
RPL36A,RPL38,0.999
RPL36A,RPL39,0.999
RPL36A,RPL40A,0.993
RPL36A,RPL40B,0.995
RPL36A,RPL42A,0.995
RPL36A,RPL42B,0.994
RPL36A,RPL43A,0.995
RPL36A,RPL43B,0.996
RPL36A,RPL4A,0.99
RPL36A,RPL4B,0.954
RPL36A,RPL5,0.998
RPL36A,RPL6A,0.998
RPL36A,RPL6B,0.998
RPL36A,RPL7A,0.997
RPL36A,RPL7B,0.996
RPL36A,RPL8A,0.998
RPL36A,RPL8B,0.986
RPL36A,RPL9A,0.996
RPL36A,RPL9B,0.994
RPL36A,RPP0,0.997
RPL36A,RPP1A,0.994
RPL36A,RPP1B,0.984
RPL36A,RPP2A,0.993
RPL36A,RPP2B,0.963
RPL36A,RPS0A,0.994
RPL36A,RPS0B,0.992
RPL36A,RPS10A,0.997
RPL36A,RPS10B,0.978
RPL36A,RPS11A,0.994
RPL36A,RPS11B,0.994
RPL36A,RPS12,0.998
RPL36A,RPS13,0.999
RPL36A,RPS14A,0.996
RPL36A,RPS14B,0.995
RPL36A,RPS15,0.999
RPL36A,RPS16A,0.995
RPL36A,RPS16B,0.996
RPL36A,RPS17A,0.997
RPL36A,RPS17B,0.996
RPL36A,RPS18A,0.997
RPL36A,RPS18B,0.995
RPL36A,RPS19A,0.996
RPL36A,RPS19B,0.978
RPL36A,RPS1A,0.996
RPL36A,RPS1B,0.995
RPL36A,RPS2,0.999
RPL36A,RPS20,0.998
RPL36A,RPS21A,0.953
RPL36A,RPS21B,0.999
RPL36A,RPS22A,0.997
RPL36A,RPS22B,0.969
RPL36A,RPS23A,0.993
RPL36A,RPS23B,0.993
RPL36A,RPS24A,0.997
RPL36A,RPS24B,0.996
RPL36A,RPS25A,0.997
RPL36A,RPS25B,0.986
RPL36A,RPS26A,0.996
RPL36A,RPS26B,0.996
RPL36A,RPS27A,0.997
RPL36A,RPS27B,0.996
RPL36A,RPS28A,0.994
RPL36A,RPS28B,0.993
RPL36A,RPS29A,0.995
RPL36A,RPS29B,0.975
RPL36A,RPS3,0.999
RPL36A,RPS30A,0.995
RPL36A,RPS30B,0.995
RPL36A,RPS31,0.999
RPL36A,RPS4A,0.992
RPL36A,RPS4B,0.99
RPL36A,RPS5,0.999
RPL36A,RPS6A,0.993
RPL36A,RPS6B,0.995
RPL36A,RPS7A,0.997
RPL36A,RPS7B,0.983
RPL36A,RPS8A,0.994
RPL36A,RPS8B,0.993
RPL36A,RPS9A,0.994
RPL36A,RPS9B,0.996
RPL36A,RSM10,0.93
RPL36A,RSM7,0.917
RPL36A,SNU13,0.909
RPL36A,SRP68,0.903
RPL36A,STT3,0.903
RPL36B,RPL37A,0.996
RPL36B,RPL37B,0.996
RPL36B,RPL38,0.999
RPL36B,RPL39,0.999
RPL36B,RPL40A,0.99
RPL36B,RPL40B,0.99
RPL36B,RPL42A,0.992
RPL36B,RPL42B,0.992
RPL36B,RPL43A,0.994
RPL36B,RPL43B,0.996
RPL36B,RPL4A,0.99
RPL36B,RPL4B,0.99
RPL36B,RPL5,0.999
RPL36B,RPL6A,0.996
RPL36B,RPL6B,0.983
RPL36B,RPL7A,0.999
RPL36B,RPL7B,0.994
RPL36B,RPL8A,0.994
RPL36B,RPL8B,0.999
RPL36B,RPL9A,0.993
RPL36B,RPL9B,0.998
RPL36B,RPP0,0.999
RPL36B,RPP1A,0.99
RPL36B,RPP1B,0.969
RPL36B,RPP2A,0.954
RPL36B,RPP2B,0.991
RPL36B,RPS0A,0.967
RPL36B,RPS0B,0.991
RPL36B,RPS10A,0.994
RPL36B,RPS10B,0.966
RPL36B,RPS11A,0.992
RPL36B,RPS11B,0.992
RPL36B,RPS12,0.998
RPL36B,RPS13,0.998
RPL36B,RPS14A,0.995
RPL36B,RPS14B,0.994
RPL36B,RPS15,0.998
RPL36B,RPS16A,0.996
RPL36B,RPS16B,0.995
RPL36B,RPS17A,0.994
RPL36B,RPS17B,0.993
RPL36B,RPS18A,0.993
RPL36B,RPS18B,0.992
RPL36B,RPS19A,0.996
RPL36B,RPS19B,0.978
RPL36B,RPS1A,0.958
RPL36B,RPS1B,0.992
RPL36B,RPS2,0.998
RPL36B,RPS20,0.997
RPL36B,RPS21A,0.901
RPL36B,RPS21B,0.998
RPL36B,RPS22A,0.995
RPL36B,RPS22B,0.951
RPL36B,RPS23A,0.993
RPL36B,RPS23B,0.991
RPL36B,RPS24A,0.995
RPL36B,RPS24B,0.993
RPL36B,RPS25A,0.996
RPL36B,RPS25B,0.98
RPL36B,RPS26A,0.994
RPL36B,RPS26B,0.994
RPL36B,RPS27A,0.994
RPL36B,RPS27B,0.994
RPL36B,RPS28A,0.992
RPL36B,RPS28B,0.99
RPL36B,RPS29A,0.968
RPL36B,RPS29B,0.96
RPL36B,RPS3,0.997
RPL36B,RPS30A,0.992
RPL36B,RPS30B,0.994
RPL36B,RPS31,0.993
RPL36B,RPS4A,0.991
RPL36B,RPS4B,0.989
RPL36B,RPS5,0.998
RPL36B,RPS6A,0.993
RPL36B,RPS6B,0.993
RPL36B,RPS7A,0.993
RPL36B,RPS7B,0.957
RPL36B,RPS8A,0.992
RPL36B,RPS8B,0.992
RPL36B,RPS9A,0.958
RPL36B,RPS9B,0.994
RPL36B,RSM10,0.93
RPL36B,RSM7,0.925
RPL36B,SRP68,0.901
RPL36B,STT3,0.9
RPL37A,RPL37B,0.986
RPL37A,RPL38,0.999
RPL37A,RPL39,0.998
RPL37A,RPL40A,0.994
RPL37A,RPL40B,0.994
RPL37A,RPL42A,0.992
RPL37A,RPL42B,0.992
RPL37A,RPL43A,0.997
RPL37A,RPL43B,0.997
RPL37A,RPL4A,0.997
RPL37A,RPL4B,0.993
RPL37A,RPL5,0.997
RPL37A,RPL6A,0.997
RPL37A,RPL6B,0.998
RPL37A,RPL7A,0.993
RPL37A,RPL7B,0.993
RPL37A,RPL8A,0.995
RPL37A,RPL8B,0.976
RPL37A,RPL9A,0.997
RPL37A,RPL9B,0.996
RPL37A,RPP0,0.994
RPL37A,RPP1A,0.99
RPL37A,RPP1B,0.969
RPL37A,RPP2A,0.987
RPL37A,RPP2B,0.938
RPL37A,RPS0A,0.994
RPL37A,RPS0B,0.99
RPL37A,RPS10A,0.994
RPL37A,RPS10B,0.964
RPL37A,RPS11A,0.992
RPL37A,RPS11B,0.994
RPL37A,RPS12,0.998
RPL37A,RPS13,0.999
RPL37A,RPS14A,0.997
RPL37A,RPS14B,0.995
RPL37A,RPS15,0.998
RPL37A,RPS16A,0.993
RPL37A,RPS16B,0.995
RPL37A,RPS17A,0.996
RPL37A,RPS17B,0.994
RPL37A,RPS18A,0.995
RPL37A,RPS18B,0.996
RPL37A,RPS19A,0.995
RPL37A,RPS19B,0.995
RPL37A,RPS1A,0.993
RPL37A,RPS1B,0.992
RPL37A,RPS2,0.998
RPL37A,RPS20,0.999
RPL37A,RPS21A,0.992
RPL37A,RPS21B,0.999
RPL37A,RPS22A,0.996
RPL37A,RPS22B,0.966
RPL37A,RPS23A,0.994
RPL37A,RPS23B,0.993
RPL37A,RPS24A,0.997
RPL37A,RPS24B,0.993
RPL37A,RPS25A,0.996
RPL37A,RPS25B,0.976
RPL37A,RPS26A,0.996
RPL37A,RPS26B,0.996
RPL37A,RPS27A,0.995
RPL37A,RPS27B,0.996
RPL37A,RPS28A,0.994
RPL37A,RPS28B,0.995
RPL37A,RPS29A,0.995
RPL37A,RPS29B,0.994
RPL37A,RPS3,0.998
RPL37A,RPS30A,0.989
RPL37A,RPS30B,0.991
RPL37A,RPS31,0.998
RPL37A,RPS4A,0.996
RPL37A,RPS4B,0.992
RPL37A,RPS5,0.999
RPL37A,RPS6A,0.993
RPL37A,RPS6B,0.994
RPL37A,RPS7A,0.996
RPL37A,RPS7B,0.976
RPL37A,RPS8A,0.993
RPL37A,RPS8B,0.992
RPL37A,RPS9A,0.993
RPL37A,RPS9B,0.995
RPL37A,RSA3,0.903
RPL37A,RSM10,0.905
RPL37A,RSM7,0.912
RPL37B,RPL38,0.996
RPL37B,RPL39,0.999
RPL37B,RPL40A,0.992
RPL37B,RPL40B,0.991
RPL37B,RPL42A,0.991
RPL37B,RPL42B,0.992
RPL37B,RPL43A,0.996
RPL37B,RPL43B,0.996
RPL37B,RPL4A,0.994
RPL37B,RPL4B,0.993
RPL37B,RPL5,0.997
RPL37B,RPL6A,0.983
RPL37B,RPL6B,0.981
RPL37B,RPL7A,0.962
RPL37B,RPL7B,0.991
RPL37B,RPL8A,0.973
RPL37B,RPL8B,0.994
RPL37B,RPL9A,0.986
RPL37B,RPL9B,0.996
RPL37B,RPP0,0.994
RPL37B,RPP1A,0.944
RPL37B,RPP1B,0.957
RPL37B,RPP2A,0.941
RPL37B,RPP2B,0.93
RPL37B,RPS0A,0.946
RPL37B,RPS0B,0.985
RPL37B,RPS10A,0.992
RPL37B,RPS10B,0.959
RPL37B,RPS11A,0.992
RPL37B,RPS11B,0.99
RPL37B,RPS12,0.998
RPL37B,RPS13,0.998
RPL37B,RPS14A,0.995
RPL37B,RPS14B,0.995
RPL37B,RPS15,0.998
RPL37B,RPS16A,0.992
RPL37B,RPS16B,0.994
RPL37B,RPS17A,0.994
RPL37B,RPS17B,0.992
RPL37B,RPS18A,0.994
RPL37B,RPS18B,0.992
RPL37B,RPS19A,0.995
RPL37B,RPS19B,0.975
RPL37B,RPS1A,0.936
RPL37B,RPS1B,0.989
RPL37B,RPS2,0.998
RPL37B,RPS20,0.998
RPL37B,RPS21A,0.967
RPL37B,RPS21B,0.998
RPL37B,RPS22A,0.995
RPL37B,RPS22B,0.963
RPL37B,RPS23A,0.991
RPL37B,RPS23B,0.992
RPL37B,RPS24A,0.995
RPL37B,RPS24B,0.993
RPL37B,RPS25A,0.995
RPL37B,RPS25B,0.976
RPL37B,RPS26A,0.994
RPL37B,RPS26B,0.994
RPL37B,RPS27A,0.993
RPL37B,RPS27B,0.995
RPL37B,RPS28A,0.998
RPL37B,RPS28B,0.994
RPL37B,RPS29A,0.967
RPL37B,RPS29B,0.97
RPL37B,RPS3,0.998
RPL37B,RPS30A,0.989
RPL37B,RPS30B,0.991
RPL37B,RPS31,0.992
RPL37B,RPS4A,0.993
RPL37B,RPS4B,0.99
RPL37B,RPS5,0.997
RPL37B,RPS6A,0.993
RPL37B,RPS6B,0.991
RPL37B,RPS7A,0.994
RPL37B,RPS7B,0.968
RPL37B,RPS8A,0.989
RPL37B,RPS8B,0.991
RPL37B,RPS9A,0.951
RPL37B,RPS9B,0.994
RPL37B,RSA3,0.903
RPL37B,RSM10,0.905
RPL37B,RSM7,0.912
RPL38,RPL39,0.999
RPL38,RPL40A,0.998
RPL38,RPL40B,0.998
RPL38,RPL42A,0.996
RPL38,RPL42B,0.996
RPL38,RPL43A,0.998
RPL38,RPL43B,0.998
RPL38,RPL4A,0.996
RPL38,RPL4B,0.983
RPL38,RPL5,0.999
RPL38,RPL6A,0.998
RPL38,RPL6B,0.998
RPL38,RPL7A,0.999
RPL38,RPL7B,0.997
RPL38,RPL8A,0.998
RPL38,RPL8B,0.998
RPL38,RPL9A,0.998
RPL38,RPL9B,0.999
RPL38,RPP0,0.999
RPL38,RPP1A,0.999
RPL38,RPP1B,0.988
RPL38,RPP2A,0.998
RPL38,RPP2B,0.997
RPL38,RPS0A,0.998
RPL38,RPS0B,0.997
RPL38,RPS10A,0.999
RPL38,RPS10B,0.991
RPL38,RPS11A,0.997
RPL38,RPS11B,0.997
RPL38,RPS12,0.999
RPL38,RPS13,0.999
RPL38,RPS14A,0.998
RPL38,RPS14B,0.998
RPL38,RPS15,0.999
RPL38,RPS16A,0.998
RPL38,RPS16B,0.999
RPL38,RPS17A,0.998
RPL38,RPS17B,0.997
RPL38,RPS18A,0.998
RPL38,RPS18B,0.998
RPL38,RPS19A,0.999
RPL38,RPS19B,0.995
RPL38,RPS1A,0.998
RPL38,RPS1B,0.998
RPL38,RPS2,0.999
RPL38,RPS20,0.999
RPL38,RPS21A,0.967
RPL38,RPS21B,0.999
RPL38,RPS22A,0.999
RPL38,RPS22B,0.991
RPL38,RPS23A,0.997
RPL38,RPS23B,0.998
RPL38,RPS24A,0.999
RPL38,RPS24B,0.999
RPL38,RPS25A,0.999
RPL38,RPS25B,0.998
RPL38,RPS26A,0.999
RPL38,RPS26B,0.999
RPL38,RPS27A,0.999
RPL38,RPS27B,0.998
RPL38,RPS28A,0.998
RPL38,RPS28B,0.998
RPL38,RPS29A,0.999
RPL38,RPS29B,0.991
RPL38,RPS3,0.999
RPL38,RPS30A,0.998
RPL38,RPS30B,0.998
RPL38,RPS31,0.999
RPL38,RPS4A,0.997
RPL38,RPS4B,0.996
RPL38,RPS5,0.999
RPL38,RPS6A,0.998
RPL38,RPS6B,0.998
RPL38,RPS7A,0.998
RPL38,RPS7B,0.991
RPL38,RPS8A,0.998
RPL38,RPS8B,0.998
RPL38,RPS9A,0.997
RPL38,RPS9B,0.998
RPL38,RRN7,0.94
RPL38,RSM10,0.98
RPL38,RSM7,0.976
RPL38,SBH1,0.922
RPL38,SBH2,0.922
RPL38,SEC61,0.922
RPL38,SEC65,0.936
RPL38,SRP102,0.901
RPL38,SRP14,0.931
RPL38,SRP21,0.933
RPL38,SRP54,0.933
RPL38,SRP68,0.943
RPL38,SRP72,0.92
RPL38,SSS1,0.945
RPL38,STT3,0.939
RPL38,SWS2,0.972
RPL39,RPL40A,0.993
RPL39,RPL40B,0.994
RPL39,RPL41A,0.975
RPL39,RPL41B,0.943
RPL39,RPL42A,0.996
RPL39,RPL42B,0.996
RPL39,RPL43A,0.998
RPL39,RPL43B,0.998
RPL39,RPL4A,0.998
RPL39,RPL4B,0.997
RPL39,RPL5,0.999
RPL39,RPL6A,0.998
RPL39,RPL6B,0.998
RPL39,RPL7A,0.999
RPL39,RPL7B,0.997
RPL39,RPL8A,0.997
RPL39,RPL8B,0.999
RPL39,RPL9A,0.999
RPL39,RPL9B,0.999
RPL39,RPP0,0.999
RPL39,RPP1A,0.999
RPL39,RPP1B,0.986
RPL39,RPP2A,0.996
RPL39,RPP2B,0.996
RPL39,RPS0A,0.996
RPL39,RPS0B,0.996
RPL39,RPS10A,0.997
RPL39,RPS10B,0.987
RPL39,RPS11A,0.998
RPL39,RPS11B,0.998
RPL39,RPS12,0.999
RPL39,RPS13,0.999
RPL39,RPS14A,0.997
RPL39,RPS14B,0.998
RPL39,RPS15,0.999
RPL39,RPS16A,0.998
RPL39,RPS16B,0.998
RPL39,RPS17A,0.997
RPL39,RPS17B,0.997
RPL39,RPS18A,0.997
RPL39,RPS18B,0.997
RPL39,RPS19A,0.997
RPL39,RPS19B,0.997
RPL39,RPS1A,0.997
RPL39,RPS1B,0.997
RPL39,RPS2,0.999
RPL39,RPS20,0.999
RPL39,RPS21A,0.944
RPL39,RPS21B,0.999
RPL39,RPS22A,0.998
RPL39,RPS22B,0.985
RPL39,RPS23A,0.998
RPL39,RPS23B,0.998
RPL39,RPS24A,0.998
RPL39,RPS24B,0.998
RPL39,RPS25A,0.998
RPL39,RPS25B,0.993
RPL39,RPS26A,0.997
RPL39,RPS26B,0.997
RPL39,RPS27A,0.997
RPL39,RPS27B,0.998
RPL39,RPS28A,0.997
RPL39,RPS28B,0.997
RPL39,RPS29A,0.999
RPL39,RPS29B,0.999
RPL39,RPS3,0.999
RPL39,RPS30A,0.998
RPL39,RPS30B,0.998
RPL39,RPS31,0.999
RPL39,RPS4A,0.997
RPL39,RPS4B,0.996
RPL39,RPS5,0.999
RPL39,RPS6A,0.997
RPL39,RPS6B,0.997
RPL39,RPS7A,0.997
RPL39,RPS7B,0.983
RPL39,RPS8A,0.997
RPL39,RPS8B,0.997
RPL39,RPS9A,0.997
RPL39,RPS9B,0.998
RPL39,RRN7,0.907
RPL39,RSM7,0.979
RPL39,SBH1,0.926
RPL39,SBH2,0.982
RPL39,SEC61,0.934
RPL39,SEC65,0.908
RPL39,SRP14,0.92
RPL39,SRP21,0.912
RPL39,SRP54,0.944
RPL39,SRP68,0.922
RPL39,SRP72,0.926
RPL39,SSH1,0.969
RPL39,SSS1,0.99
RPL39,SWS2,0.972
RPL40A,RPL40B,0.978
RPL40A,RPL42A,0.993
RPL40A,RPL42B,0.993
RPL40A,RPL43A,0.995
RPL40A,RPL43B,0.993
RPL40A,RPL4A,0.99
RPL40A,RPL4B,0.99
RPL40A,RPL5,0.997
RPL40A,RPL6A,0.996
RPL40A,RPL6B,0.993
RPL40A,RPL7A,0.994
RPL40A,RPL7B,0.991
RPL40A,RPL8A,0.991
RPL40A,RPL8B,0.993
RPL40A,RPL9A,0.998
RPL40A,RPL9B,0.995
RPL40A,RPN1,0.959
RPL40A,RPN10,0.974
RPL40A,RPN11,0.953
RPL40A,RPN13,0.967
RPL40A,RPP0,0.995
RPL40A,RPP1A,0.985
RPL40A,RPP1B,0.927
RPL40A,RPP2A,0.984
RPL40A,RPS0A,0.992
RPL40A,RPS0B,0.99
RPL40A,RPS10A,0.995
RPL40A,RPS10B,0.97
RPL40A,RPS11A,0.996
RPL40A,RPS11B,0.994
RPL40A,RPS12,0.997
RPL40A,RPS13,0.998
RPL40A,RPS14A,0.99
RPL40A,RPS14B,0.988
RPL40A,RPS15,0.998
RPL40A,RPS16A,0.993
RPL40A,RPS16B,0.994
RPL40A,RPS17A,0.995
RPL40A,RPS17B,0.994
RPL40A,RPS18A,0.992
RPL40A,RPS18B,0.993
RPL40A,RPS19A,0.994
RPL40A,RPS19B,0.973
RPL40A,RPS1A,0.991
RPL40A,RPS1B,0.994
RPL40A,RPS2,0.997
RPL40A,RPS20,0.996
RPL40A,RPS21A,0.95
RPL40A,RPS21B,0.997
RPL40A,RPS22A,0.992
RPL40A,RPS22B,0.939
RPL40A,RPS23A,0.992
RPL40A,RPS23B,0.991
RPL40A,RPS24A,0.994
RPL40A,RPS24B,0.993
RPL40A,RPS25A,0.997
RPL40A,RPS25B,0.972
RPL40A,RPS26A,0.995
RPL40A,RPS26B,0.995
RPL40A,RPS27A,0.985
RPL40A,RPS27B,0.993
RPL40A,RPS28A,0.981
RPL40A,RPS28B,0.982
RPL40A,RPS29A,0.992
RPL40A,RPS29B,0.988
RPL40A,RPS3,0.998
RPL40A,RPS30A,0.986
RPL40A,RPS30B,0.988
RPL40A,RPS31,0.999
RPL40A,RPS4A,0.994
RPL40A,RPS4B,0.993
RPL40A,RPS5,0.999
RPL40A,RPS6A,0.994
RPL40A,RPS6B,0.995
RPL40A,RPS7A,0.991
RPL40A,RPS7B,0.93
RPL40A,RPS8A,0.991
RPL40A,RPS8B,0.989
RPL40A,RPS9A,0.986
RPL40A,RPS9B,0.993
RPL40A,RPT4,0.95
RPL40A,RSP5,0.973
RPL40A,SDC1,0.931
RPL40A,SET1,0.934
RPL40A,SLA1,0.912
RPL40A,STP22,0.971
RPL40A,SWD1,0.975
RPL40A,UBC13,0.99
RPL40A,UBP6,0.97
RPL40A,UBP8,0.961
RPL40A,UFD1,0.93
RPL40A,VPS27,0.932
RPL40B,RPL42A,0.993
RPL40B,RPL42B,0.991
RPL40B,RPL43A,0.995
RPL40B,RPL43B,0.994
RPL40B,RPL4A,0.991
RPL40B,RPL4B,0.991
RPL40B,RPL5,0.997
RPL40B,RPL6A,0.995
RPL40B,RPL6B,0.995
RPL40B,RPL7A,0.994
RPL40B,RPL7B,0.993
RPL40B,RPL8A,0.99
RPL40B,RPL8B,0.994
RPL40B,RPL9A,0.997
RPL40B,RPL9B,0.995
RPL40B,RPN1,0.93
RPL40B,RPN10,0.973
RPL40B,RPN11,0.951
RPL40B,RPN13,0.951
RPL40B,RPP0,0.994
RPL40B,RPP1A,0.982
RPL40B,RPP1B,0.907
RPL40B,RPP2A,0.984
RPL40B,RPS0A,0.992
RPL40B,RPS0B,0.991
RPL40B,RPS10A,0.995
RPL40B,RPS10B,0.975
RPL40B,RPS11A,0.996
RPL40B,RPS11B,0.995
RPL40B,RPS12,0.997
RPL40B,RPS13,0.998
RPL40B,RPS14A,0.992
RPL40B,RPS14B,0.987
RPL40B,RPS15,0.998
RPL40B,RPS16A,0.993
RPL40B,RPS16B,0.995
RPL40B,RPS17A,0.994
RPL40B,RPS17B,0.994
RPL40B,RPS18A,0.992
RPL40B,RPS18B,0.995
RPL40B,RPS19A,0.994
RPL40B,RPS19B,0.978
RPL40B,RPS1A,0.994
RPL40B,RPS1B,0.996
RPL40B,RPS2,0.997
RPL40B,RPS20,0.998
RPL40B,RPS21A,0.955
RPL40B,RPS21B,0.997
RPL40B,RPS22A,0.993
RPL40B,RPS22B,0.949
RPL40B,RPS23A,0.99
RPL40B,RPS23B,0.99
RPL40B,RPS24A,0.994
RPL40B,RPS24B,0.992
RPL40B,RPS25A,0.995
RPL40B,RPS25B,0.975
RPL40B,RPS26A,0.993
RPL40B,RPS26B,0.996
RPL40B,RPS27A,0.987
RPL40B,RPS27B,0.993
RPL40B,RPS28A,0.981
RPL40B,RPS28B,0.983
RPL40B,RPS29A,0.993
RPL40B,RPS29B,0.971
RPL40B,RPS3,0.998
RPL40B,RPS30A,0.985
RPL40B,RPS30B,0.99
RPL40B,RPS31,0.999
RPL40B,RPS4A,0.995
RPL40B,RPS4B,0.991
RPL40B,RPS5,0.997
RPL40B,RPS6A,0.994
RPL40B,RPS6B,0.995
RPL40B,RPS7A,0.991
RPL40B,RPS7B,0.96
RPL40B,RPS8A,0.989
RPL40B,RPS8B,0.99
RPL40B,RPS9A,0.986
RPL40B,RPS9B,0.994
RPL40B,RSP5,0.972
RPL40B,SDC1,0.931
RPL40B,SET1,0.934
RPL40B,SLA1,0.906
RPL40B,STP22,0.961
RPL40B,SWD1,0.974
RPL40B,UBC13,0.982
RPL40B,UBP6,0.97
RPL40B,UBP8,0.961
RPL40B,UFD1,0.905
RPL40B,VPS27,0.905
RPL41A,RPL41B,0.995
RPL41A,RPS17A,0.922
RPL41A,RPS17B,0.922
RPL41A,RPS29A,0.953
RPL41A,RPS29B,0.951
RPL41A,RPS30A,0.904
RPL41A,RPS30B,0.912
RPL41B,RPS29A,0.925
RPL41B,RPS29B,0.943
RPL41B,RPS5,0.929
RPL42A,RPL42B,0.936
RPL42A,RPL43A,0.992
RPL42A,RPL43B,0.991
RPL42A,RPL4A,0.978
RPL42A,RPL4B,0.979
RPL42A,RPL5,0.997
RPL42A,RPL6A,0.991
RPL42A,RPL6B,0.99
RPL42A,RPL7A,0.987
RPL42A,RPL7B,0.981
RPL42A,RPL8A,0.986
RPL42A,RPL8B,0.991
RPL42A,RPL9A,0.993
RPL42A,RPL9B,0.99
RPL42A,RPP0,0.993
RPL42A,RPP1A,0.976
RPL42A,RPP1B,0.924
RPL42A,RPP2A,0.981
RPL42A,RPP2B,0.9
RPL42A,RPS0A,0.984
RPL42A,RPS0B,0.979
RPL42A,RPS10A,0.993
RPL42A,RPS10B,0.956
RPL42A,RPS11A,0.986
RPL42A,RPS11B,0.981
RPL42A,RPS12,0.996
RPL42A,RPS13,0.995
RPL42A,RPS14A,0.983
RPL42A,RPS14B,0.975
RPL42A,RPS15,0.997
RPL42A,RPS16A,0.989
RPL42A,RPS16B,0.988
RPL42A,RPS17A,0.991
RPL42A,RPS17B,0.991
RPL42A,RPS18A,0.992
RPL42A,RPS18B,0.991
RPL42A,RPS19A,0.991
RPL42A,RPS19B,0.992
RPL42A,RPS1A,0.99
RPL42A,RPS1B,0.99
RPL42A,RPS2,0.995
RPL42A,RPS20,0.993
RPL42A,RPS21A,0.964
RPL42A,RPS21B,0.995
RPL42A,RPS22A,0.988
RPL42A,RPS22B,0.911
RPL42A,RPS23A,0.987
RPL42A,RPS23B,0.991
RPL42A,RPS24A,0.994
RPL42A,RPS24B,0.994
RPL42A,RPS25A,0.991
RPL42A,RPS25B,0.958
RPL42A,RPS26A,0.99
RPL42A,RPS26B,0.991
RPL42A,RPS27A,0.981
RPL42A,RPS27B,0.99
RPL42A,RPS28A,0.98
RPL42A,RPS28B,0.982
RPL42A,RPS29A,0.984
RPL42A,RPS29B,0.977
RPL42A,RPS3,0.996
RPL42A,RPS30A,0.98
RPL42A,RPS30B,0.982
RPL42A,RPS31,0.996
RPL42A,RPS4A,0.988
RPL42A,RPS4B,0.982
RPL42A,RPS5,0.996
RPL42A,RPS6A,0.992
RPL42A,RPS6B,0.993
RPL42A,RPS7A,0.986
RPL42A,RPS7B,0.904
RPL42A,RPS8A,0.986
RPL42A,RPS8B,0.98
RPL42A,RPS9A,0.974
RPL42A,RPS9B,0.987
RPL42B,RPL43A,0.991
RPL42B,RPL43B,0.992
RPL42B,RPL4A,0.98
RPL42B,RPL4B,0.976
RPL42B,RPL5,0.997
RPL42B,RPL6A,0.991
RPL42B,RPL6B,0.989
RPL42B,RPL7A,0.988
RPL42B,RPL7B,0.984
RPL42B,RPL8A,0.992
RPL42B,RPL8B,0.991
RPL42B,RPL9A,0.993
RPL42B,RPL9B,0.988
RPL42B,RPP0,0.993
RPL42B,RPP1A,0.98
RPL42B,RPP1B,0.91
RPL42B,RPP2A,0.982
RPL42B,RPP2B,0.904
RPL42B,RPS0A,0.988
RPL42B,RPS0B,0.982
RPL42B,RPS10A,0.994
RPL42B,RPS10B,0.954
RPL42B,RPS11A,0.986
RPL42B,RPS11B,0.981
RPL42B,RPS12,0.997
RPL42B,RPS13,0.994
RPL42B,RPS14A,0.985
RPL42B,RPS14B,0.979
RPL42B,RPS15,0.998
RPL42B,RPS16A,0.987
RPL42B,RPS16B,0.988
RPL42B,RPS17A,0.993
RPL42B,RPS17B,0.991
RPL42B,RPS18A,0.993
RPL42B,RPS18B,0.99
RPL42B,RPS19A,0.993
RPL42B,RPS19B,0.991
RPL42B,RPS1A,0.993
RPL42B,RPS1B,0.99
RPL42B,RPS2,0.996
RPL42B,RPS20,0.995
RPL42B,RPS21A,0.96
RPL42B,RPS21B,0.994
RPL42B,RPS22A,0.991
RPL42B,RPS22B,0.909
RPL42B,RPS23A,0.985
RPL42B,RPS23B,0.991
RPL42B,RPS24A,0.994
RPL42B,RPS24B,0.992
RPL42B,RPS25A,0.989
RPL42B,RPS25B,0.942
RPL42B,RPS26A,0.99
RPL42B,RPS26B,0.992
RPL42B,RPS27A,0.985
RPL42B,RPS27B,0.988
RPL42B,RPS28A,0.98
RPL42B,RPS28B,0.981
RPL42B,RPS29A,0.984
RPL42B,RPS29B,0.977
RPL42B,RPS3,0.997
RPL42B,RPS30A,0.983
RPL42B,RPS30B,0.983
RPL42B,RPS31,0.996
RPL42B,RPS4A,0.989
RPL42B,RPS4B,0.986
RPL42B,RPS5,0.998
RPL42B,RPS6A,0.992
RPL42B,RPS6B,0.994
RPL42B,RPS7A,0.988
RPL42B,RPS8A,0.989
RPL42B,RPS8B,0.982
RPL42B,RPS9A,0.983
RPL42B,RPS9B,0.987
RPL43A,RPL4A,0.997
RPL43A,RPL4B,0.995
RPL43A,RPL5,0.999
RPL43A,RPL6A,0.996
RPL43A,RPL6B,0.995
RPL43A,RPL7A,0.995
RPL43A,RPL7B,0.993
RPL43A,RPL8A,0.993
RPL43A,RPL8B,0.996
RPL43A,RPL9A,0.995
RPL43A,RPL9B,0.994
RPL43A,RPP0,0.997
RPL43A,RPP1A,0.995
RPL43A,RPP1B,0.981
RPL43A,RPP2A,0.995
RPL43A,RPP2B,0.961
RPL43A,RPS0A,0.992
RPL43A,RPS0B,0.993
RPL43A,RPS10A,0.994
RPL43A,RPS10B,0.964
RPL43A,RPS11A,0.997
RPL43A,RPS11B,0.996
RPL43A,RPS12,0.998
RPL43A,RPS13,0.998
RPL43A,RPS14A,0.995
RPL43A,RPS14B,0.991
RPL43A,RPS15,0.998
RPL43A,RPS16A,0.994
RPL43A,RPS16B,0.996
RPL43A,RPS17A,0.995
RPL43A,RPS17B,0.994
RPL43A,RPS18A,0.994
RPL43A,RPS18B,0.995
RPL43A,RPS19A,0.996
RPL43A,RPS19B,0.997
RPL43A,RPS1A,0.992
RPL43A,RPS1B,0.995
RPL43A,RPS2,0.998
RPL43A,RPS20,0.997
RPL43A,RPS21A,0.956
RPL43A,RPS21B,0.998
RPL43A,RPS22A,0.993
RPL43A,RPS22B,0.956
RPL43A,RPS23A,0.994
RPL43A,RPS23B,0.993
RPL43A,RPS24A,0.995
RPL43A,RPS24B,0.994
RPL43A,RPS25A,0.996
RPL43A,RPS25B,0.972
RPL43A,RPS26A,0.993
RPL43A,RPS26B,0.993
RPL43A,RPS27A,0.989
RPL43A,RPS27B,0.996
RPL43A,RPS28A,0.992
RPL43A,RPS28B,0.992
RPL43A,RPS29A,0.992
RPL43A,RPS29B,0.994
RPL43A,RPS3,0.998
RPL43A,RPS30A,0.993
RPL43A,RPS30B,0.992
RPL43A,RPS31,0.998
RPL43A,RPS4A,0.997
RPL43A,RPS4B,0.995
RPL43A,RPS5,0.997
RPL43A,RPS6A,0.994
RPL43A,RPS6B,0.993
RPL43A,RPS7A,0.993
RPL43A,RPS7B,0.962
RPL43A,RPS8A,0.992
RPL43A,RPS8B,0.991
RPL43A,RPS9A,0.989
RPL43A,RPS9B,0.995
RPL43A,RSM10,0.945
RPL43A,RSM7,0.926
RPL43B,RPL4A,0.997
RPL43B,RPL4B,0.994
RPL43B,RPL5,0.998
RPL43B,RPL6A,0.993
RPL43B,RPL6B,0.992
RPL43B,RPL7A,0.994
RPL43B,RPL7B,0.991
RPL43B,RPL8A,0.992
RPL43B,RPL8B,0.993
RPL43B,RPL9A,0.995
RPL43B,RPL9B,0.993
RPL43B,RPP0,0.996
RPL43B,RPP1A,0.993
RPL43B,RPP1B,0.977
RPL43B,RPP2A,0.991
RPL43B,RPP2B,0.955
RPL43B,RPS0A,0.992
RPL43B,RPS0B,0.991
RPL43B,RPS10A,0.995
RPL43B,RPS10B,0.972
RPL43B,RPS11A,0.996
RPL43B,RPS11B,0.995
RPL43B,RPS12,0.998
RPL43B,RPS13,0.998
RPL43B,RPS14A,0.993
RPL43B,RPS14B,0.991
RPL43B,RPS15,0.998
RPL43B,RPS16A,0.995
RPL43B,RPS16B,0.995
RPL43B,RPS17A,0.996
RPL43B,RPS17B,0.996
RPL43B,RPS18A,0.995
RPL43B,RPS18B,0.995
RPL43B,RPS19A,0.998
RPL43B,RPS19B,0.997
RPL43B,RPS1A,0.992
RPL43B,RPS1B,0.992
RPL43B,RPS2,0.998
RPL43B,RPS20,0.998
RPL43B,RPS21A,0.967
RPL43B,RPS21B,0.999
RPL43B,RPS22A,0.994
RPL43B,RPS22B,0.956
RPL43B,RPS23A,0.992
RPL43B,RPS23B,0.992
RPL43B,RPS24A,0.994
RPL43B,RPS24B,0.993
RPL43B,RPS25A,0.991
RPL43B,RPS25B,0.969
RPL43B,RPS26A,0.99
RPL43B,RPS26B,0.991
RPL43B,RPS27A,0.992
RPL43B,RPS27B,0.995
RPL43B,RPS28A,0.99
RPL43B,RPS28B,0.991
RPL43B,RPS29A,0.994
RPL43B,RPS29B,0.99
RPL43B,RPS3,0.998
RPL43B,RPS30A,0.994
RPL43B,RPS30B,0.988
RPL43B,RPS31,0.998
RPL43B,RPS4A,0.996
RPL43B,RPS4B,0.994
RPL43B,RPS5,0.999
RPL43B,RPS6A,0.992
RPL43B,RPS6B,0.994
RPL43B,RPS7A,0.995
RPL43B,RPS7B,0.949
RPL43B,RPS8A,0.992
RPL43B,RPS8B,0.988
RPL43B,RPS9A,0.99
RPL43B,RPS9B,0.994
RPL43B,RSM10,0.945
RPL43B,RSM7,0.926
RPL4A,RPL4B,0.994
RPL4A,RPL5,0.999
RPL4A,RPL6A,0.998
RPL4A,RPL6B,0.998
RPL4A,RPL7A,0.999
RPL4A,RPL7B,0.996
RPL4A,RPL8A,0.998
RPL4A,RPL8B,0.998
RPL4A,RPL9A,0.998
RPL4A,RPL9B,0.997
RPL4A,RPP0,0.999
RPL4A,RPP1A,0.99
RPL4A,RPP1B,0.947
RPL4A,RPP2A,0.989
RPL4A,RPP2B,0.949
RPL4A,RPS0A,0.996
RPL4A,RPS0B,0.994
RPL4A,RPS10A,0.993
RPL4A,RPS10B,0.955
RPL4A,RPS11A,0.995
RPL4A,RPS11B,0.995
RPL4A,RPS12,0.998
RPL4A,RPS13,0.998
RPL4A,RPS14A,0.997
RPL4A,RPS14B,0.995
RPL4A,RPS15,0.999
RPL4A,RPS16A,0.994
RPL4A,RPS16B,0.995
RPL4A,RPS17A,0.994
RPL4A,RPS17B,0.992
RPL4A,RPS18A,0.996
RPL4A,RPS18B,0.995
RPL4A,RPS19A,0.994
RPL4A,RPS19B,0.993
RPL4A,RPS1A,0.995
RPL4A,RPS1B,0.994
RPL4A,RPS2,0.999
RPL4A,RPS20,0.999
RPL4A,RPS21B,0.996
RPL4A,RPS22A,0.994
RPL4A,RPS22B,0.95
RPL4A,RPS23A,0.994
RPL4A,RPS23B,0.993
RPL4A,RPS24A,0.992
RPL4A,RPS24B,0.99
RPL4A,RPS25A,0.991
RPL4A,RPS25B,0.958
RPL4A,RPS26A,0.995
RPL4A,RPS26B,0.995
RPL4A,RPS27A,0.992
RPL4A,RPS27B,0.99
RPL4A,RPS28A,0.987
RPL4A,RPS28B,0.988
RPL4A,RPS29A,0.992
RPL4A,RPS29B,0.991
RPL4A,RPS3,0.999
RPL4A,RPS30A,0.986
RPL4A,RPS30B,0.986
RPL4A,RPS31,0.998
RPL4A,RPS4A,0.996
RPL4A,RPS4B,0.994
RPL4A,RPS5,0.999
RPL4A,RPS6A,0.993
RPL4A,RPS6B,0.995
RPL4A,RPS7A,0.996
RPL4A,RPS7B,0.974
RPL4A,RPS8A,0.994
RPL4A,RPS8B,0.992
RPL4A,RPS9A,0.994
RPL4A,RPS9B,0.995
RPL4A,RRP7,0.997
RPL4A,RSM7,0.911
RPL4A,RTC6,0.918
RPL4A,SEC61,0.929
RPL4A,SRP54,0.928
RPL4A,SRP68,0.903
RPL4A,STT3,0.904
RPL4A,TEF4,0.943
RPL4A,TIF11,0.959
RPL4A,UTP10,0.997
RPL4A,UTP6,0.997
RPL4B,RPL5,0.999
RPL4B,RPL6A,0.992
RPL4B,RPL6B,0.992
RPL4B,RPL7A,0.997
RPL4B,RPL7B,0.996
RPL4B,RPL8A,0.998
RPL4B,RPL8B,0.998
RPL4B,RPL9A,0.997
RPL4B,RPL9B,0.996
RPL4B,RPP0,0.999
RPL4B,RPP1A,0.951
RPL4B,RPP1B,0.947
RPL4B,RPP2A,0.95
RPL4B,RPP2B,0.941
RPL4B,RPS0A,0.994
RPL4B,RPS0B,0.994
RPL4B,RPS10A,0.99
RPL4B,RPS10B,0.95
RPL4B,RPS11A,0.995
RPL4B,RPS11B,0.995
RPL4B,RPS12,0.997
RPL4B,RPS13,0.998
RPL4B,RPS14A,0.996
RPL4B,RPS14B,0.995
RPL4B,RPS15,0.998
RPL4B,RPS16A,0.994
RPL4B,RPS16B,0.996
RPL4B,RPS17A,0.992
RPL4B,RPS17B,0.993
RPL4B,RPS18A,0.995
RPL4B,RPS18B,0.995
RPL4B,RPS19A,0.994
RPL4B,RPS19B,0.993
RPL4B,RPS1A,0.965
RPL4B,RPS1B,0.993
RPL4B,RPS2,0.999
RPL4B,RPS20,0.998
RPL4B,RPS21B,0.996
RPL4B,RPS22A,0.992
RPL4B,RPS22B,0.95
RPL4B,RPS23A,0.993
RPL4B,RPS23B,0.993
RPL4B,RPS24A,0.991
RPL4B,RPS24B,0.991
RPL4B,RPS25A,0.99
RPL4B,RPS25B,0.956
RPL4B,RPS26A,0.994
RPL4B,RPS26B,0.995
RPL4B,RPS27A,0.989
RPL4B,RPS27B,0.99
RPL4B,RPS28A,0.986
RPL4B,RPS28B,0.988
RPL4B,RPS29A,0.96
RPL4B,RPS29B,0.991
RPL4B,RPS3,0.999
RPL4B,RPS30A,0.986
RPL4B,RPS30B,0.986
RPL4B,RPS31,0.988
RPL4B,RPS4A,0.996
RPL4B,RPS4B,0.995
RPL4B,RPS5,0.998
RPL4B,RPS6A,0.993
RPL4B,RPS6B,0.993
RPL4B,RPS7A,0.994
RPL4B,RPS7B,0.972
RPL4B,RPS8A,0.993
RPL4B,RPS8B,0.991
RPL4B,RPS9A,0.991
RPL4B,RPS9B,0.992
RPL4B,RRP7,0.997
RPL4B,RSM7,0.911
RPL4B,RTC6,0.916
RPL4B,SBH2,0.937
RPL4B,SEC61,0.927
RPL4B,SRP54,0.928
RPL4B,SRP68,0.901
RPL4B,SSH1,0.967
RPL4B,SSS1,0.962
RPL4B,STT3,0.903
RPL4B,TEF4,0.923
RPL4B,TIF11,0.958
RPL5,RPL6A,0.999
RPL5,RPL6B,0.999
RPL5,RPL7A,0.999
RPL5,RPL7B,0.998
RPL5,RPL8A,0.999
RPL5,RPL8B,0.999
RPL5,RPL9A,0.999
RPL5,RPL9B,0.999
RPL5,RPO26,0.922
RPL5,RPO31,0.909
RPL5,RPP0,0.999
RPL5,RPP1A,0.999
RPL5,RPP1B,0.992
RPL5,RPP2A,0.998
RPL5,RPP2B,0.997
RPL5,RPS0A,0.999
RPL5,RPS0B,0.999
RPL5,RPS10A,0.999
RPL5,RPS10B,0.994
RPL5,RPS11A,0.999
RPL5,RPS11B,0.999
RPL5,RPS12,0.999
RPL5,RPS13,0.999
RPL5,RPS14A,0.999
RPL5,RPS14B,0.998
RPL5,RPS15,0.999
RPL5,RPS16A,0.998
RPL5,RPS16B,0.999
RPL5,RPS17A,0.999
RPL5,RPS17B,0.999
RPL5,RPS18A,0.999
RPL5,RPS18B,0.999
RPL5,RPS19A,0.999
RPL5,RPS19B,0.999
RPL5,RPS1A,0.999
RPL5,RPS1B,0.999
RPL5,RPS2,0.999
RPL5,RPS20,0.999
RPL5,RPS21A,0.92
RPL5,RPS21B,0.999
RPL5,RPS22A,0.999
RPL5,RPS22B,0.991
RPL5,RPS23A,0.998
RPL5,RPS23B,0.998
RPL5,RPS24A,0.999
RPL5,RPS24B,0.999
RPL5,RPS25A,0.998
RPL5,RPS25B,0.994
RPL5,RPS26A,0.999
RPL5,RPS26B,0.999
RPL5,RPS27A,0.998
RPL5,RPS27B,0.998
RPL5,RPS28A,0.998
RPL5,RPS28B,0.998
RPL5,RPS29A,0.998
RPL5,RPS29B,0.998
RPL5,RPS3,0.999
RPL5,RPS30A,0.996
RPL5,RPS30B,0.996
RPL5,RPS31,0.999
RPL5,RPS4A,0.999
RPL5,RPS4B,0.999
RPL5,RPS5,0.999
RPL5,RPS6A,0.999
RPL5,RPS6B,0.999
RPL5,RPS7A,0.999
RPL5,RPS7B,0.993
RPL5,RPS8A,0.999
RPL5,RPS8B,0.998
RPL5,RPS9A,0.998
RPL5,RPS9B,0.999
RPL5,RRN7,0.91
RPL5,RSM10,0.988
RPL5,RSM7,0.987
RPL5,RTC6,0.998
RPL5,SBH1,0.919
RPL5,SBH2,0.919
RPL5,SEC61,0.991
RPL5,SEC65,0.936
RPL5,SNU13,0.934
RPL5,SRP101,0.976
RPL5,SRP102,0.902
RPL5,SRP14,0.918
RPL5,SRP21,0.936
RPL5,SRP54,0.981
RPL5,SRP68,0.94
RPL5,SRP72,0.927
RPL5,SSH1,0.989
RPL5,SSS1,0.935
RPL5,STT3,0.944
RPL5,SWS2,0.979
RPL5,TEF1,0.913
RPL5,TEF4,0.979
RPL5,TIF11,0.976
RPL5,YML6,0.916
RPL6A,RPL6B,0.985
RPL6A,RPL7A,0.998
RPL6A,RPL7B,0.997
RPL6A,RPL8A,0.999
RPL6A,RPL8B,0.997
RPL6A,RPL9A,0.999
RPL6A,RPL9B,0.998
RPL6A,RPP0,0.998
RPL6A,RPP1A,0.995
RPL6A,RPP1B,0.972
RPL6A,RPP2A,0.993
RPL6A,RPP2B,0.958
RPL6A,RPS0A,0.997
RPL6A,RPS0B,0.996
RPL6A,RPS10A,0.997
RPL6A,RPS10B,0.98
RPL6A,RPS11A,0.996
RPL6A,RPS11B,0.997
RPL6A,RPS12,0.999
RPL6A,RPS13,0.999
RPL6A,RPS14A,0.997
RPL6A,RPS14B,0.993
RPL6A,RPS15,0.999
RPL6A,RPS16A,0.995
RPL6A,RPS16B,0.999
RPL6A,RPS17A,0.998
RPL6A,RPS17B,0.995
RPL6A,RPS18A,0.996
RPL6A,RPS18B,0.996
RPL6A,RPS19A,0.997
RPL6A,RPS19B,0.987
RPL6A,RPS1A,0.998
RPL6A,RPS1B,0.999
RPL6A,RPS2,0.999
RPL6A,RPS20,0.998
RPL6A,RPS21A,0.931
RPL6A,RPS21B,0.998
RPL6A,RPS22A,0.998
RPL6A,RPS22B,0.972
RPL6A,RPS23A,0.996
RPL6A,RPS23B,0.995
RPL6A,RPS24A,0.999
RPL6A,RPS24B,0.996
RPL6A,RPS25A,0.997
RPL6A,RPS25B,0.984
RPL6A,RPS26A,0.996
RPL6A,RPS26B,0.997
RPL6A,RPS27A,0.994
RPL6A,RPS27B,0.996
RPL6A,RPS28A,0.989
RPL6A,RPS28B,0.992
RPL6A,RPS29A,0.995
RPL6A,RPS29B,0.983
RPL6A,RPS3,0.999
RPL6A,RPS30A,0.992
RPL6A,RPS30B,0.993
RPL6A,RPS31,0.998
RPL6A,RPS4A,0.999
RPL6A,RPS4B,0.996
RPL6A,RPS5,0.999
RPL6A,RPS6A,0.996
RPL6A,RPS6B,0.998
RPL6A,RPS7A,0.999
RPL6A,RPS7B,0.995
RPL6A,RPS8A,0.996
RPL6A,RPS8B,0.994
RPL6A,RPS9A,0.995
RPL6A,RPS9B,0.998
RPL6A,RSM7,0.928
RPL6A,TEF4,0.943
RPL6B,RPL7A,0.998
RPL6B,RPL7B,0.998
RPL6B,RPL8A,0.999
RPL6B,RPL8B,0.996
RPL6B,RPL9A,0.999
RPL6B,RPL9B,0.992
RPL6B,RPP0,0.998
RPL6B,RPP1A,0.972
RPL6B,RPP1B,0.972
RPL6B,RPP2A,0.97
RPL6B,RPP2B,0.952
RPL6B,RPS0A,0.997
RPL6B,RPS0B,0.992
RPL6B,RPS10A,0.996
RPL6B,RPS10B,0.976
RPL6B,RPS11A,0.996
RPL6B,RPS11B,0.999
RPL6B,RPS12,0.998
RPL6B,RPS13,0.999
RPL6B,RPS14A,0.996
RPL6B,RPS14B,0.993
RPL6B,RPS15,0.998
RPL6B,RPS16A,0.994
RPL6B,RPS16B,0.997
RPL6B,RPS17A,0.995
RPL6B,RPS17B,0.994
RPL6B,RPS18A,0.994
RPL6B,RPS18B,0.997
RPL6B,RPS19A,0.995
RPL6B,RPS19B,0.983
RPL6B,RPS1A,0.997
RPL6B,RPS1B,0.987
RPL6B,RPS2,0.998
RPL6B,RPS20,0.998
RPL6B,RPS21A,0.946
RPL6B,RPS21B,0.998
RPL6B,RPS22A,0.997
RPL6B,RPS22B,0.975
RPL6B,RPS23A,0.996
RPL6B,RPS23B,0.993
RPL6B,RPS24A,0.997
RPL6B,RPS24B,0.996
RPL6B,RPS25A,0.996
RPL6B,RPS25B,0.979
RPL6B,RPS26A,0.995
RPL6B,RPS26B,0.997
RPL6B,RPS27A,0.993
RPL6B,RPS27B,0.996
RPL6B,RPS28A,0.988
RPL6B,RPS28B,0.993
RPL6B,RPS29A,0.995
RPL6B,RPS29B,0.973
RPL6B,RPS3,0.998
RPL6B,RPS30A,0.992
RPL6B,RPS30B,0.993
RPL6B,RPS31,0.998
RPL6B,RPS4A,0.998
RPL6B,RPS4B,0.996
RPL6B,RPS5,0.999
RPL6B,RPS6A,0.996
RPL6B,RPS6B,0.996
RPL6B,RPS7A,0.999
RPL6B,RPS7B,0.996
RPL6B,RPS8A,0.994
RPL6B,RPS8B,0.994
RPL6B,RPS9A,0.994
RPL6B,RPS9B,0.983
RPL6B,RSM7,0.928
RPL6B,STT3,0.9
RPL6B,TEF4,0.96
RPL7A,RPL7B,0.967
RPL7A,RPL8A,0.998
RPL7A,RPL8B,0.998
RPL7A,RPL9A,0.998
RPL7A,RPL9B,0.996
RPL7A,RPP0,0.999
RPL7A,RPP1A,0.998
RPL7A,RPP1B,0.945
RPL7A,RPP2A,0.988
RPL7A,RPP2B,0.989
RPL7A,RPS0A,0.996
RPL7A,RPS0B,0.98
RPL7A,RPS10A,0.995
RPL7A,RPS10B,0.969
RPL7A,RPS11A,0.997
RPL7A,RPS11B,0.997
RPL7A,RPS12,0.998
RPL7A,RPS13,0.999
RPL7A,RPS14A,0.995
RPL7A,RPS14B,0.993
RPL7A,RPS15,0.998
RPL7A,RPS16A,0.994
RPL7A,RPS16B,0.996
RPL7A,RPS17A,0.996
RPL7A,RPS17B,0.996
RPL7A,RPS18A,0.995
RPL7A,RPS18B,0.997
RPL7A,RPS19A,0.996
RPL7A,RPS19B,0.997
RPL7A,RPS1A,0.994
RPL7A,RPS1B,0.976
RPL7A,RPS2,0.999
RPL7A,RPS20,0.998
RPL7A,RPS21A,0.926
RPL7A,RPS21B,0.997
RPL7A,RPS22A,0.996
RPL7A,RPS22B,0.97
RPL7A,RPS23A,0.993
RPL7A,RPS23B,0.994
RPL7A,RPS24A,0.996
RPL7A,RPS24B,0.995
RPL7A,RPS25A,0.996
RPL7A,RPS25B,0.979
RPL7A,RPS26A,0.994
RPL7A,RPS26B,0.995
RPL7A,RPS27A,0.991
RPL7A,RPS27B,0.994
RPL7A,RPS28A,0.99
RPL7A,RPS28B,0.992
RPL7A,RPS29A,0.993
RPL7A,RPS29B,0.992
RPL7A,RPS3,0.999
RPL7A,RPS30A,0.989
RPL7A,RPS30B,0.989
RPL7A,RPS31,0.997
RPL7A,RPS4A,0.996
RPL7A,RPS4B,0.997
RPL7A,RPS5,0.999
RPL7A,RPS6A,0.996
RPL7A,RPS6B,0.994
RPL7A,RPS7A,0.997
RPL7A,RPS7B,0.974
RPL7A,RPS8A,0.994
RPL7A,RPS8B,0.994
RPL7A,RPS9A,0.996
RPL7A,RPS9B,0.988
RPL7A,RTC6,0.98
RPL7A,SEC61,0.928
RPL7A,SRP54,0.914
RPL7A,STT3,0.907
RPL7A,TEF4,0.925
RPL7A,TIF11,0.922
RPL7B,RPL8A,0.998
RPL7B,RPL8B,0.998
RPL7B,RPL9A,0.997
RPL7B,RPL9B,0.997
RPL7B,RPP0,0.998
RPL7B,RPP1A,0.91
RPL7B,RPP1B,0.916
RPL7B,RPP2A,0.918
RPL7B,RPP2B,0.901
RPL7B,RPS0A,0.992
RPL7B,RPS0B,0.994
RPL7B,RPS10A,0.993
RPL7B,RPS10B,0.958
RPL7B,RPS11A,0.995
RPL7B,RPS11B,0.995
RPL7B,RPS12,0.997
RPL7B,RPS13,0.998
RPL7B,RPS14A,0.993
RPL7B,RPS14B,0.994
RPL7B,RPS15,0.998
RPL7B,RPS16A,0.993
RPL7B,RPS16B,0.994
RPL7B,RPS17A,0.993
RPL7B,RPS17B,0.994
RPL7B,RPS18A,0.994
RPL7B,RPS18B,0.995
RPL7B,RPS19A,0.991
RPL7B,RPS19B,0.967
RPL7B,RPS1A,0.991
RPL7B,RPS1B,0.992
RPL7B,RPS2,0.998
RPL7B,RPS20,0.997
RPL7B,RPS21A,0.901
RPL7B,RPS21B,0.996
RPL7B,RPS22A,0.993
RPL7B,RPS22B,0.975
RPL7B,RPS23A,0.992
RPL7B,RPS23B,0.99
RPL7B,RPS24A,0.993
RPL7B,RPS24B,0.992
RPL7B,RPS25A,0.993
RPL7B,RPS25B,0.976
RPL7B,RPS26A,0.992
RPL7B,RPS26B,0.993
RPL7B,RPS27A,0.992
RPL7B,RPS27B,0.99
RPL7B,RPS28A,0.99
RPL7B,RPS28B,0.993
RPL7B,RPS29A,0.992
RPL7B,RPS29B,0.957
RPL7B,RPS3,0.998
RPL7B,RPS30A,0.985
RPL7B,RPS30B,0.989
RPL7B,RPS31,0.997
RPL7B,RPS4A,0.993
RPL7B,RPS4B,0.994
RPL7B,RPS5,0.997
RPL7B,RPS6A,0.993
RPL7B,RPS6B,0.993
RPL7B,RPS7A,0.995
RPL7B,RPS7B,0.975
RPL7B,RPS8A,0.993
RPL7B,RPS8B,0.993
RPL7B,RPS9A,0.996
RPL7B,RPS9B,0.993
RPL7B,RTC6,0.98
RPL7B,SEC61,0.933
RPL7B,SRP54,0.922
RPL7B,STT3,0.905
RPL7B,TEF4,0.92
RPL8A,RPL8B,0.982
RPL8A,RPL9A,0.997
RPL8A,RPL9B,0.997
RPL8A,RPP0,0.998
RPL8A,RPP1A,0.989
RPL8A,RPP1B,0.957
RPL8A,RPP2A,0.992
RPL8A,RPP2B,0.957
RPL8A,RPS0A,0.997
RPL8A,RPS0B,0.996
RPL8A,RPS10A,0.995
RPL8A,RPS10B,0.964
RPL8A,RPS11A,0.996
RPL8A,RPS11B,0.996
RPL8A,RPS12,0.998
RPL8A,RPS13,0.998
RPL8A,RPS14A,0.995
RPL8A,RPS14B,0.993
RPL8A,RPS15,0.999
RPL8A,RPS16A,0.993
RPL8A,RPS16B,0.996
RPL8A,RPS17A,0.995
RPL8A,RPS17B,0.995
RPL8A,RPS18A,0.994
RPL8A,RPS18B,0.993
RPL8A,RPS19A,0.997
RPL8A,RPS19B,0.996
RPL8A,RPS1A,0.999
RPL8A,RPS1B,0.999
RPL8A,RPS2,0.999
RPL8A,RPS20,0.998
RPL8A,RPS21A,0.915
RPL8A,RPS21B,0.997
RPL8A,RPS22A,0.997
RPL8A,RPS22B,0.97
RPL8A,RPS23A,0.993
RPL8A,RPS23B,0.991
RPL8A,RPS24A,0.997
RPL8A,RPS24B,0.996
RPL8A,RPS25A,0.993
RPL8A,RPS25B,0.971
RPL8A,RPS26A,0.993
RPL8A,RPS26B,0.996
RPL8A,RPS27A,0.989
RPL8A,RPS27B,0.988
RPL8A,RPS28A,0.988
RPL8A,RPS28B,0.992
RPL8A,RPS29A,0.992
RPL8A,RPS29B,0.99
RPL8A,RPS3,0.999
RPL8A,RPS30A,0.987
RPL8A,RPS30B,0.988
RPL8A,RPS31,0.999
RPL8A,RPS4A,0.997
RPL8A,RPS4B,0.995
RPL8A,RPS5,0.999
RPL8A,RPS6A,0.996
RPL8A,RPS6B,0.997
RPL8A,RPS7A,0.998
RPL8A,RPS7B,0.984
RPL8A,RPS8A,0.993
RPL8A,RPS8B,0.992
RPL8A,RPS9A,0.995
RPL8A,RPS9B,0.995
RPL8A,RSM7,0.938
RPL8A,SKI2,0.914
RPL8A,SRP68,0.903
RPL8A,STT3,0.901
RPL8B,RPL9A,0.993
RPL8B,RPL9B,0.999
RPL8B,RPP0,0.999
RPL8B,RPP1A,0.994
RPL8B,RPP1B,0.971
RPL8B,RPP2A,0.98
RPL8B,RPP2B,0.99
RPL8B,RPS0A,0.982
RPL8B,RPS0B,0.996
RPL8B,RPS10A,0.996
RPL8B,RPS10B,0.975
RPL8B,RPS11A,0.997
RPL8B,RPS11B,0.998
RPL8B,RPS12,0.999
RPL8B,RPS13,0.999
RPL8B,RPS14A,0.996
RPL8B,RPS14B,0.993
RPL8B,RPS15,0.999
RPL8B,RPS16A,0.996
RPL8B,RPS16B,0.997
RPL8B,RPS17A,0.997
RPL8B,RPS17B,0.995
RPL8B,RPS18A,0.995
RPL8B,RPS18B,0.996
RPL8B,RPS19A,0.997
RPL8B,RPS19B,0.986
RPL8B,RPS1A,0.997
RPL8B,RPS1B,0.999
RPL8B,RPS2,0.999
RPL8B,RPS20,0.998
RPL8B,RPS21A,0.915
RPL8B,RPS21B,0.997
RPL8B,RPS22A,0.997
RPL8B,RPS22B,0.969
RPL8B,RPS23A,0.995
RPL8B,RPS23B,0.993
RPL8B,RPS24A,0.997
RPL8B,RPS24B,0.997
RPL8B,RPS25A,0.996
RPL8B,RPS25B,0.978
RPL8B,RPS26A,0.995
RPL8B,RPS26B,0.997
RPL8B,RPS27A,0.986
RPL8B,RPS27B,0.991
RPL8B,RPS28A,0.99
RPL8B,RPS28B,0.993
RPL8B,RPS29A,0.964
RPL8B,RPS29B,0.97
RPL8B,RPS3,0.999
RPL8B,RPS30A,0.988
RPL8B,RPS30B,0.989
RPL8B,RPS31,0.997
RPL8B,RPS4A,0.998
RPL8B,RPS4B,0.996
RPL8B,RPS5,0.999
RPL8B,RPS6A,0.996
RPL8B,RPS6B,0.997
RPL8B,RPS7A,0.997
RPL8B,RPS7B,0.99
RPL8B,RPS8A,0.991
RPL8B,RPS8B,0.993
RPL8B,RPS9A,0.962
RPL8B,RPS9B,0.997
RPL8B,RSM7,0.938
RPL8B,SRP68,0.905
RPL8B,STT3,0.901
RPL8B,TIF11,0.929
RPL9A,RPL9B,0.985
RPL9A,RPO26,0.914
RPL9A,RPP0,0.999
RPL9A,RPP1A,0.993
RPL9A,RPP1B,0.95
RPL9A,RPP2A,0.99
RPL9A,RPP2B,0.954
RPL9A,RPS0A,0.997
RPL9A,RPS0B,0.979
RPL9A,RPS10A,0.997
RPL9A,RPS10B,0.98
RPL9A,RPS11A,0.996
RPL9A,RPS11B,0.997
RPL9A,RPS12,0.999
RPL9A,RPS13,0.999
RPL9A,RPS14A,0.997
RPL9A,RPS14B,0.996
RPL9A,RPS15,0.999
RPL9A,RPS16A,0.996
RPL9A,RPS16B,0.997
RPL9A,RPS17A,0.997
RPL9A,RPS17B,0.996
RPL9A,RPS18A,0.996
RPL9A,RPS18B,0.996
RPL9A,RPS19A,0.996
RPL9A,RPS19B,0.995
RPL9A,RPS1A,0.996
RPL9A,RPS1B,0.987
RPL9A,RPS2,0.999
RPL9A,RPS20,0.999
RPL9A,RPS21A,0.946
RPL9A,RPS21B,0.998
RPL9A,RPS22A,0.998
RPL9A,RPS22B,0.978
RPL9A,RPS23A,0.997
RPL9A,RPS23B,0.997
RPL9A,RPS24A,0.997
RPL9A,RPS24B,0.995
RPL9A,RPS25A,0.998
RPL9A,RPS25B,0.983
RPL9A,RPS26A,0.996
RPL9A,RPS26B,0.996
RPL9A,RPS27A,0.995
RPL9A,RPS27B,0.995
RPL9A,RPS28A,0.993
RPL9A,RPS28B,0.996
RPL9A,RPS29A,0.996
RPL9A,RPS29B,0.996
RPL9A,RPS3,0.999
RPL9A,RPS30A,0.988
RPL9A,RPS30B,0.991
RPL9A,RPS31,0.998
RPL9A,RPS4A,0.996
RPL9A,RPS4B,0.995
RPL9A,RPS5,0.999
RPL9A,RPS6A,0.996
RPL9A,RPS6B,0.997
RPL9A,RPS7A,0.997
RPL9A,RPS7B,0.985
RPL9A,RPS8A,0.995
RPL9A,RPS8B,0.995
RPL9A,RPS9A,0.997
RPL9A,RPS9B,0.985
RPL9A,RSM10,0.902
RPL9A,RSM7,0.923
RPL9A,RTC6,0.979
RPL9A,SEC61,0.935
RPL9A,SRP54,0.929
RPL9A,STT3,0.903
RPL9B,RPO26,0.908
RPL9B,RPP0,0.999
RPL9B,RPP1A,0.989
RPL9B,RPP1B,0.939
RPL9B,RPP2A,0.942
RPL9B,RPP2B,0.986
RPL9B,RPS0A,0.985
RPL9B,RPS0B,0.995
RPL9B,RPS10A,0.995
RPL9B,RPS10B,0.963
RPL9B,RPS11A,0.993
RPL9B,RPS11B,0.994
RPL9B,RPS12,0.998
RPL9B,RPS13,0.999
RPL9B,RPS14A,0.994
RPL9B,RPS14B,0.996
RPL9B,RPS15,0.999
RPL9B,RPS16A,0.995
RPL9B,RPS16B,0.996
RPL9B,RPS17A,0.994
RPL9B,RPS17B,0.994
RPL9B,RPS18A,0.994
RPL9B,RPS18B,0.995
RPL9B,RPS19A,0.993
RPL9B,RPS19B,0.969
RPL9B,RPS1A,0.976
RPL9B,RPS1B,0.994
RPL9B,RPS2,0.998
RPL9B,RPS20,0.998
RPL9B,RPS21A,0.942
RPL9B,RPS21B,0.998
RPL9B,RPS22A,0.996
RPL9B,RPS22B,0.981
RPL9B,RPS23A,0.997
RPL9B,RPS23B,0.995
RPL9B,RPS24A,0.996
RPL9B,RPS24B,0.994
RPL9B,RPS25A,0.996
RPL9B,RPS25B,0.982
RPL9B,RPS26A,0.994
RPL9B,RPS26B,0.995
RPL9B,RPS27A,0.992
RPL9B,RPS27B,0.993
RPL9B,RPS28A,0.99
RPL9B,RPS28B,0.995
RPL9B,RPS29A,0.996
RPL9B,RPS29B,0.98
RPL9B,RPS3,0.998
RPL9B,RPS30A,0.99
RPL9B,RPS30B,0.99
RPL9B,RPS31,0.997
RPL9B,RPS4A,0.995
RPL9B,RPS4B,0.993
RPL9B,RPS5,0.999
RPL9B,RPS6A,0.995
RPL9B,RPS6B,0.995
RPL9B,RPS7A,0.997
RPL9B,RPS7B,0.978
RPL9B,RPS8A,0.992
RPL9B,RPS8B,0.993
RPL9B,RPS9A,0.979
RPL9B,RPS9B,0.995
RPL9B,RSM7,0.923
RPL9B,RTC6,0.98
RPL9B,SEC61,0.931
RPL9B,SRP54,0.93
RPL9B,STT3,0.903
RPL9B,TIF11,0.906
RPN1,RPN10,0.999
RPN1,RPN11,0.999
RPN1,RPN12,0.999
RPN1,RPN13,0.999
RPN1,RPN2,0.999
RPN1,RPN3,0.999
RPN1,RPN5,0.999
RPN1,RPN6,0.999
RPN1,RPN7,0.999
RPN1,RPN8,0.999
RPN1,RPN9,0.999
RPN1,RPS31,0.991
RPN1,RPT1,0.999
RPN1,RPT2,0.999
RPN1,RPT3,0.999
RPN1,RPT4,0.999
RPN1,RPT5,0.999
RPN1,RPT6,0.999
RPN1,SCL1,0.999
RPN1,SEM1,0.999
RPN1,SLD2,0.968
RPN1,UBP6,0.999
RPN10,RPN11,0.999
RPN10,RPN12,0.999
RPN10,RPN13,0.999
RPN10,RPN2,0.999
RPN10,RPN3,0.999
RPN10,RPN5,0.999
RPN10,RPN6,0.999
RPN10,RPN7,0.999
RPN10,RPN8,0.999
RPN10,RPN9,0.999
RPN10,RPS31,0.996
RPN10,RPT1,0.999
RPN10,RPT2,0.999
RPN10,RPT3,0.999
RPN10,RPT4,0.999
RPN10,RPT5,0.999
RPN10,RPT6,0.999
RPN10,RRI1,0.952
RPN10,RSP5,0.956
RPN10,SCL1,0.999
RPN10,SEM1,0.999
RPN10,SLD2,0.98
RPN10,UBP6,0.999
RPN11,RPN12,0.999
RPN11,RPN13,0.999
RPN11,RPN2,0.999
RPN11,RPN3,0.999
RPN11,RPN5,0.999
RPN11,RPN6,0.999
RPN11,RPN7,0.999
RPN11,RPN8,0.999
RPN11,RPN9,0.999
RPN11,RPS31,0.966
RPN11,RPT1,0.999
RPN11,RPT2,0.999
RPN11,RPT3,0.999
RPN11,RPT4,0.999
RPN11,RPT5,0.999
RPN11,RPT6,0.999
RPN11,SCL1,0.999
RPN11,SEM1,0.999
RPN11,SUI2,0.976
RPN11,TOR1,0.924
RPN11,TOR2,0.917
RPN11,UBP6,0.999
RPN12,RPN13,0.999
RPN12,RPN2,0.999
RPN12,RPN3,0.999
RPN12,RPN5,0.999
RPN12,RPN6,0.999
RPN12,RPN7,0.999
RPN12,RPN8,0.999
RPN12,RPN9,0.999
RPN12,RPS31,0.929
RPN12,RPT1,0.999
RPN12,RPT2,0.999
RPN12,RPT3,0.999
RPN12,RPT4,0.999
RPN12,RPT5,0.999
RPN12,RPT6,0.999
RPN12,RRI1,0.928
RPN12,SCL1,0.999
RPN12,SEM1,0.999
RPN12,SLD2,0.971
RPN12,UBP6,0.999
RPN13,RPN2,0.999
RPN13,RPN3,0.999
RPN13,RPN5,0.999
RPN13,RPN6,0.999
RPN13,RPN7,0.999
RPN13,RPN8,0.999
RPN13,RPN9,0.999
RPN13,RPS31,0.993
RPN13,RPT1,0.999
RPN13,RPT2,0.999
RPN13,RPT3,0.999
RPN13,RPT4,0.999
RPN13,RPT5,0.999
RPN13,RPT6,0.999
RPN13,SCL1,0.914
RPN13,SEM1,0.998
RPN13,UBP6,0.999
RPN2,RPN3,0.999
RPN2,RPN5,0.999
RPN2,RPN6,0.999
RPN2,RPN7,0.999
RPN2,RPN8,0.999
RPN2,RPN9,0.999
RPN2,RPS31,0.953
RPN2,RPT1,0.999
RPN2,RPT2,0.999
RPN2,RPT3,0.999
RPN2,RPT4,0.999
RPN2,RPT5,0.999
RPN2,RPT6,0.999
RPN2,RRI1,0.922
RPN2,SCL1,0.999
RPN2,SEM1,0.999
RPN2,SLD2,0.981
RPN2,UBP6,0.999
RPN3,RPN5,0.999
RPN3,RPN6,0.999
RPN3,RPN7,0.999
RPN3,RPN8,0.999
RPN3,RPN9,0.999
RPN3,RPS31,0.936
RPN3,RPT1,0.999
RPN3,RPT2,0.999
RPN3,RPT3,0.999
RPN3,RPT4,0.999
RPN3,RPT5,0.999
RPN3,RPT6,0.999
RPN3,RRI1,0.956
RPN3,SCL1,0.999
RPN3,SEM1,0.999
RPN3,SLD2,0.97
RPN3,UBP6,0.999
RPN5,RPN6,0.999
RPN5,RPN7,0.999
RPN5,RPN8,0.999
RPN5,RPN9,0.999
RPN5,RPS31,0.938
RPN5,RPT1,0.999
RPN5,RPT2,0.999
RPN5,RPT3,0.999
RPN5,RPT4,0.999
RPN5,RPT5,0.999
RPN5,RPT6,0.999
RPN5,RRI1,0.999
RPN5,RRI2,0.99
RPN5,SCL1,0.999
RPN5,SEM1,0.999
RPN5,UBP6,0.999
RPN6,RPN7,0.999
RPN6,RPN8,0.999
RPN6,RPN9,0.999
RPN6,RPS31,0.942
RPN6,RPT1,0.999
RPN6,RPT2,0.999
RPN6,RPT3,0.999
RPN6,RPT4,0.999
RPN6,RPT5,0.999
RPN6,RPT6,0.999
RPN6,RRI1,0.937
RPN6,SCL1,0.999
RPN6,SEM1,0.999
RPN6,SLD2,0.98
RPN6,UBP6,0.999
RPN7,RPN8,0.999
RPN7,RPN9,0.999
RPN7,RPS31,0.934
RPN7,RPT1,0.999
RPN7,RPT2,0.999
RPN7,RPT3,0.999
RPN7,RPT4,0.999
RPN7,RPT5,0.999
RPN7,RPT6,0.999
RPN7,RRI1,0.964
RPN7,SCL1,0.999
RPN7,SEM1,0.999
RPN7,SLD2,0.982
RPN7,UBP6,0.999
RPN8,RPN9,0.999
RPN8,RPS31,0.929
RPN8,RPT1,0.999
RPN8,RPT2,0.999
RPN8,RPT3,0.999
RPN8,RPT4,0.999
RPN8,RPT5,0.999
RPN8,RPT6,0.999
RPN8,RRI1,0.951
RPN8,SCL1,0.999
RPN8,SEM1,0.999
RPN8,SLD2,0.911
RPN8,UBP6,0.999
RPN9,RPS31,0.936
RPN9,RPT1,0.999
RPN9,RPT2,0.999
RPN9,RPT3,0.999
RPN9,RPT4,0.999
RPN9,RPT5,0.999
RPN9,RPT6,0.999
RPN9,RRI1,0.956
RPN9,SCL1,0.999
RPN9,SEM1,0.999
RPN9,SLD2,0.963
RPN9,UBP6,0.999
RPO21,RPO26,0.999
RPO21,RSP5,0.967
RPO21,RTF1,0.992
RPO21,RTT103,0.999
RPO21,SET1,0.956
RPO21,SGV1,0.994
RPO21,SOH1,0.995
RPO21,SPT15,0.999
RPO21,SPT16,0.996
RPO21,SPT4,0.999
RPO21,SPT5,0.999
RPO21,SRB2,0.986
RPO21,SRB4,0.997
RPO21,SRB5,0.991
RPO21,SRB6,0.963
RPO21,SRB7,0.957
RPO21,SSL1,0.987
RPO21,SSL2,0.998
RPO21,SSN3,0.995
RPO21,SSN8,0.957
RPO21,SSU72,0.997
RPO21,STH1,0.907
RPO21,TAF1,0.921
RPO21,TAF10,0.948
RPO21,TAF11,0.959
RPO21,TAF14,0.979
RPO21,TFA1,0.999
RPO21,TFA2,0.995
RPO21,TFB1,0.995
RPO21,TFB2,0.993
RPO21,TFB3,0.995
RPO21,TFB4,0.993
RPO21,TFB5,0.911
RPO21,TFG1,0.999
RPO21,TFG2,0.999
RPO21,TOA1,0.978
RPO21,TOA2,0.994
RPO26,RPO31,0.999
RPO26,RPS0A,0.901
RPO26,RRN7,0.947
RPO26,RTF1,0.939
RPO26,SOH1,0.988
RPO26,SPT15,0.989
RPO26,SPT4,0.998
RPO26,SPT5,0.999
RPO26,SRB2,0.918
RPO26,SRB4,0.993
RPO26,SRB7,0.99
RPO26,SSL1,0.971
RPO26,SSL2,0.989
RPO26,TAF14,0.923
RPO26,TFA1,0.997
RPO26,TFA2,0.991
RPO26,TFB1,0.992
RPO26,TFB2,0.975
RPO26,TFB3,0.975
RPO26,TFB4,0.979
RPO26,TFG1,0.997
RPO26,TFG2,0.994
RPO26,TOA1,0.965
RPO26,TOA2,0.975
RPO31,RPS15,0.917
RPO31,RPS2,0.912
RPO31,RPS3,0.929
RPO31,SPT15,0.974
RPO31,TFC4,0.939
RPP0,RPP1A,0.999
RPP0,RPP1B,0.998
RPP0,RPP2A,0.999
RPP0,RPP2B,0.999
RPP0,RPS0A,0.999
RPP0,RPS0B,0.999
RPP0,RPS10A,0.998
RPP0,RPS10B,0.987
RPP0,RPS11A,0.999
RPP0,RPS11B,0.999
RPP0,RPS12,0.999
RPP0,RPS13,0.999
RPP0,RPS14A,0.999
RPP0,RPS14B,0.998
RPP0,RPS15,0.999
RPP0,RPS16A,0.999
RPP0,RPS16B,0.999
RPP0,RPS17A,0.997
RPP0,RPS17B,0.996
RPP0,RPS18A,0.998
RPP0,RPS18B,0.998
RPP0,RPS19A,0.998
RPP0,RPS19B,0.998
RPP0,RPS1A,0.999
RPP0,RPS1B,0.999
RPP0,RPS2,0.999
RPP0,RPS20,0.999
RPP0,RPS21A,0.936
RPP0,RPS21B,0.999
RPP0,RPS22A,0.998
RPP0,RPS22B,0.984
RPP0,RPS23A,0.997
RPP0,RPS23B,0.997
RPP0,RPS24A,0.998
RPP0,RPS24B,0.997
RPP0,RPS25A,0.998
RPP0,RPS25B,0.991
RPP0,RPS26A,0.999
RPP0,RPS26B,0.999
RPP0,RPS27A,0.997
RPP0,RPS27B,0.997
RPP0,RPS28A,0.996
RPP0,RPS28B,0.996
RPP0,RPS29A,0.997
RPP0,RPS29B,0.997
RPP0,RPS3,0.999
RPP0,RPS30A,0.997
RPP0,RPS30B,0.997
RPP0,RPS31,0.999
RPP0,RPS4A,0.999
RPP0,RPS4B,0.999
RPP0,RPS5,0.999
RPP0,RPS6A,0.999
RPP0,RPS6B,0.999
RPP0,RPS7A,0.999
RPP0,RPS7B,0.987
RPP0,RPS8A,0.999
RPP0,RPS8B,0.999
RPP0,RPS9A,0.999
RPP0,RPS9B,0.999
RPP0,RRN7,0.909
RPP0,RSM10,0.954
RPP0,RSM7,0.981
RPP0,RTC6,0.987
RPP0,SEC61,0.938
RPP0,SEC65,0.917
RPP0,SNU13,0.91
RPP0,SRP101,0.931
RPP0,SRP14,0.91
RPP0,SRP21,0.913
RPP0,SRP54,0.93
RPP0,SRP68,0.924
RPP0,SSH1,0.912
RPP0,STT3,0.946
RPP0,SWS2,0.974
RPP0,TEF1,0.917
RPP0,TEF2,0.921
RPP0,TEF4,0.987
RPP0,TIF11,0.924
RPP0,UTP6,0.998
RPP1,RPR2,0.999
RPP1,RPS12,0.96
RPP1,SEN15,0.903
RPP1,SEN2,0.913
RPP1,SEN34,0.91
RPP1,SEN54,0.903
RPP1,SNM1,0.999
RPP1,SNU13,0.994
RPP1A,RPP1B,0.967
RPP1A,RPP2A,0.998
RPP1A,RPP2B,0.999
RPP1A,RPS0A,0.991
RPP1A,RPS0B,0.973
RPP1A,RPS10A,0.991
RPP1A,RPS10B,0.946
RPP1A,RPS11A,0.992
RPP1A,RPS11B,0.996
RPP1A,RPS12,0.998
RPP1A,RPS13,0.997
RPP1A,RPS14A,0.991
RPP1A,RPS14B,0.919
RPP1A,RPS15,0.998
RPP1A,RPS16A,0.991
RPP1A,RPS16B,0.997
RPP1A,RPS17A,0.993
RPP1A,RPS17B,0.951
RPP1A,RPS18A,0.985
RPP1A,RPS18B,0.991
RPP1A,RPS19A,0.995
RPP1A,RPS19B,0.983
RPP1A,RPS1A,0.992
RPP1A,RPS1B,0.966
RPP1A,RPS2,0.998
RPP1A,RPS20,0.997
RPP1A,RPS21A,0.94
RPP1A,RPS21B,0.998
RPP1A,RPS22A,0.991
RPP1A,RPS22B,0.922
RPP1A,RPS23A,0.992
RPP1A,RPS23B,0.991
RPP1A,RPS24A,0.994
RPP1A,RPS24B,0.991
RPP1A,RPS25A,0.995
RPP1A,RPS25B,0.969
RPP1A,RPS26A,0.993
RPP1A,RPS26B,0.994
RPP1A,RPS27A,0.98
RPP1A,RPS27B,0.994
RPP1A,RPS28A,0.986
RPP1A,RPS28B,0.955
RPP1A,RPS29A,0.987
RPP1A,RPS29B,0.936
RPP1A,RPS3,0.998
RPP1A,RPS30A,0.99
RPP1A,RPS30B,0.986
RPP1A,RPS31,0.997
RPP1A,RPS4A,0.993
RPP1A,RPS4B,0.986
RPP1A,RPS5,0.995
RPP1A,RPS6A,0.991
RPP1A,RPS6B,0.991
RPP1A,RPS7A,0.993
RPP1A,RPS7B,0.957
RPP1A,RPS8A,0.992
RPP1A,RPS8B,0.99
RPP1A,RPS9A,0.984
RPP1A,RPS9B,0.968
RPP1A,RSM10,0.908
RPP1A,TEF4,0.915
RPP1B,RPP2A,0.999
RPP1B,RPP2B,0.995
RPP1B,RPS0A,0.962
RPP1B,RPS0B,0.953
RPP1B,RPS10A,0.955
RPP1B,RPS10B,0.966
RPP1B,RPS11A,0.951
RPP1B,RPS11B,0.971
RPP1B,RPS12,0.993
RPP1B,RPS13,0.994
RPP1B,RPS14A,0.961
RPP1B,RPS14B,0.932
RPP1B,RPS15,0.992
RPP1B,RPS16A,0.967
RPP1B,RPS16B,0.979
RPP1B,RPS17A,0.966
RPP1B,RPS17B,0.975
RPP1B,RPS18A,0.95
RPP1B,RPS18B,0.95
RPP1B,RPS19A,0.975
RPP1B,RPS19B,0.975
RPP1B,RPS1A,0.959
RPP1B,RPS1B,0.962
RPP1B,RPS2,0.992
RPP1B,RPS20,0.987
RPP1B,RPS21B,0.994
RPP1B,RPS22A,0.961
RPP1B,RPS22B,0.923
RPP1B,RPS23A,0.97
RPP1B,RPS23B,0.959
RPP1B,RPS24A,0.977
RPP1B,RPS24B,0.972
RPP1B,RPS25A,0.976
RPP1B,RPS25B,0.974
RPP1B,RPS26A,0.969
RPP1B,RPS26B,0.971
RPP1B,RPS27A,0.913
RPP1B,RPS27B,0.966
RPP1B,RPS28A,0.952
RPP1B,RPS28B,0.957
RPP1B,RPS29A,0.942
RPP1B,RPS29B,0.939
RPP1B,RPS3,0.992
RPP1B,RPS30A,0.929
RPP1B,RPS30B,0.934
RPP1B,RPS31,0.986
RPP1B,RPS4A,0.967
RPP1B,RPS4B,0.941
RPP1B,RPS5,0.969
RPP1B,RPS6A,0.954
RPP1B,RPS6B,0.963
RPP1B,RPS7A,0.96
RPP1B,RPS7B,0.952
RPP1B,RPS8A,0.97
RPP1B,RPS8B,0.961
RPP1B,RPS9A,0.927
RPP1B,RPS9B,0.97
RPP1B,RSM10,0.908
RPP1B,TEF4,0.919
RPP2A,RPP2B,0.998
RPP2A,RPS0A,0.992
RPP2A,RPS0B,0.964
RPP2A,RPS10A,0.957
RPP2A,RPS10B,0.95
RPP2A,RPS11A,0.989
RPP2A,RPS11B,0.993
RPP2A,RPS12,0.993
RPP2A,RPS13,0.997
RPP2A,RPS14A,0.991
RPP2A,RPS14B,0.939
RPP2A,RPS15,0.999
RPP2A,RPS16A,0.991
RPP2A,RPS16B,0.994
RPP2A,RPS17A,0.992
RPP2A,RPS17B,0.948
RPP2A,RPS18A,0.986
RPP2A,RPS18B,0.988
RPP2A,RPS19A,0.993
RPP2A,RPS19B,0.977
RPP2A,RPS1A,0.961
RPP2A,RPS1B,0.972
RPP2A,RPS2,0.998
RPP2A,RPS20,0.997
RPP2A,RPS21A,0.908
RPP2A,RPS21B,0.997
RPP2A,RPS22A,0.992
RPP2A,RPS22B,0.918
RPP2A,RPS23A,0.991
RPP2A,RPS23B,0.991
RPP2A,RPS24A,0.993
RPP2A,RPS24B,0.992
RPP2A,RPS25A,0.995
RPP2A,RPS25B,0.973
RPP2A,RPS26A,0.965
RPP2A,RPS26B,0.973
RPP2A,RPS27A,0.985
RPP2A,RPS27B,0.989
RPP2A,RPS28A,0.988
RPP2A,RPS28B,0.956
RPP2A,RPS29A,0.986
RPP2A,RPS29B,0.937
RPP2A,RPS3,0.998
RPP2A,RPS30A,0.986
RPP2A,RPS30B,0.988
RPP2A,RPS31,0.991
RPP2A,RPS4A,0.993
RPP2A,RPS4B,0.986
RPP2A,RPS5,0.996
RPP2A,RPS6A,0.964
RPP2A,RPS6B,0.965
RPP2A,RPS7A,0.959
RPP2A,RPS7B,0.972
RPP2A,RPS8A,0.96
RPP2A,RPS8B,0.957
RPP2A,RPS9A,0.986
RPP2A,RPS9B,0.977
RPP2B,RPS0A,0.951
RPP2B,RPS0B,0.955
RPP2B,RPS10A,0.947
RPP2B,RPS10B,0.926
RPP2B,RPS11A,0.945
RPP2B,RPS11B,0.95
RPP2B,RPS12,0.993
RPP2B,RPS13,0.989
RPP2B,RPS14A,0.951
RPP2B,RPS14B,0.92
RPP2B,RPS15,0.994
RPP2B,RPS16A,0.958
RPP2B,RPS16B,0.974
RPP2B,RPS17A,0.947
RPP2B,RPS17B,0.947
RPP2B,RPS18A,0.919
RPP2B,RPS18B,0.927
RPP2B,RPS19A,0.969
RPP2B,RPS19B,0.987
RPP2B,RPS1A,0.95
RPP2B,RPS1B,0.95
RPP2B,RPS2,0.992
RPP2B,RPS20,0.986
RPP2B,RPS21B,0.989
RPP2B,RPS22A,0.948
RPP2B,RPS22B,0.933
RPP2B,RPS23A,0.957
RPP2B,RPS23B,0.95
RPP2B,RPS24A,0.969
RPP2B,RPS24B,0.957
RPP2B,RPS25A,0.967
RPP2B,RPS25B,0.974
RPP2B,RPS26A,0.954
RPP2B,RPS26B,0.962
RPP2B,RPS27A,0.913
RPP2B,RPS27B,0.962
RPP2B,RPS28A,0.941
RPP2B,RPS28B,0.939
RPP2B,RPS29A,0.921
RPP2B,RPS29B,0.909
RPP2B,RPS3,0.992
RPP2B,RPS30A,0.929
RPP2B,RPS30B,0.926
RPP2B,RPS31,0.988
RPP2B,RPS4A,0.96
RPP2B,RPS4B,0.935
RPP2B,RPS5,0.983
RPP2B,RPS6A,0.963
RPP2B,RPS6B,0.962
RPP2B,RPS7A,0.967
RPP2B,RPS7B,0.937
RPP2B,RPS8A,0.949
RPP2B,RPS8B,0.949
RPP2B,RPS9A,0.907
RPP2B,RPS9B,0.962
RPR2,RPS12,0.935
RPR2,SEN15,0.949
RPR2,SEN2,0.942
RPR2,SEN34,0.9
RPR2,SEN54,0.9
RPR2,SNU13,0.914
RPS0A,RPS0B,0.991
RPS0A,RPS10A,0.999
RPS0A,RPS10B,0.998
RPS0A,RPS11A,0.999
RPS0A,RPS11B,0.999
RPS0A,RPS12,0.999
RPS0A,RPS13,0.999
RPS0A,RPS14A,0.999
RPS0A,RPS14B,0.999
RPS0A,RPS15,0.999
RPS0A,RPS16A,0.999
RPS0A,RPS16B,0.999
RPS0A,RPS17A,0.999
RPS0A,RPS17B,0.999
RPS0A,RPS18A,0.999
RPS0A,RPS18B,0.999
RPS0A,RPS19A,0.999
RPS0A,RPS19B,0.999
RPS0A,RPS1A,0.999
RPS0A,RPS1B,0.999
RPS0A,RPS2,0.999
RPS0A,RPS20,0.999
RPS0A,RPS21A,0.998
RPS0A,RPS21B,0.999
RPS0A,RPS22A,0.999
RPS0A,RPS22B,0.997
RPS0A,RPS23A,0.999
RPS0A,RPS23B,0.999
RPS0A,RPS24A,0.999
RPS0A,RPS24B,0.999
RPS0A,RPS25A,0.999
RPS0A,RPS25B,0.999
RPS0A,RPS26A,0.999
RPS0A,RPS26B,0.999
RPS0A,RPS27A,0.999
RPS0A,RPS27B,0.999
RPS0A,RPS28A,0.999
RPS0A,RPS28B,0.999
RPS0A,RPS29A,0.999
RPS0A,RPS29B,0.999
RPS0A,RPS3,0.999
RPS0A,RPS30A,0.999
RPS0A,RPS30B,0.999
RPS0A,RPS31,0.999
RPS0A,RPS4A,0.999
RPS0A,RPS4B,0.999
RPS0A,RPS5,0.999
RPS0A,RPS6A,0.999
RPS0A,RPS6B,0.999
RPS0A,RPS7A,0.999
RPS0A,RPS7B,0.997
RPS0A,RPS8A,0.999
RPS0A,RPS8B,0.999
RPS0A,RPS9A,0.999
RPS0A,RPS9B,0.999
RPS0A,RSM18,0.937
RPS0A,RSM23,0.935
RPS0A,RSM24,0.935
RPS0A,RSM7,0.927
RPS0A,RTC6,0.98
RPS0A,SRP54,0.918
RPS0A,SUI1,0.97
RPS0A,SUI2,0.991
RPS0A,SUI3,0.985
RPS0A,TEF4,0.962
RPS0A,TIF11,0.995
RPS0A,TIF34,0.992
RPS0A,TIF35,0.989
RPS0A,TIF5,0.981
RPS0B,RPS10A,0.999
RPS0B,RPS10B,0.997
RPS0B,RPS11A,0.999
RPS0B,RPS11B,0.999
RPS0B,RPS12,0.999
RPS0B,RPS13,0.999
RPS0B,RPS14A,0.999
RPS0B,RPS14B,0.999
RPS0B,RPS15,0.999
RPS0B,RPS16A,0.999
RPS0B,RPS16B,0.999
RPS0B,RPS17A,0.999
RPS0B,RPS17B,0.999
RPS0B,RPS18A,0.999
RPS0B,RPS18B,0.999
RPS0B,RPS19A,0.999
RPS0B,RPS19B,0.998
RPS0B,RPS1A,0.999
RPS0B,RPS1B,0.999
RPS0B,RPS2,0.999
RPS0B,RPS20,0.999
RPS0B,RPS21A,0.991
RPS0B,RPS21B,0.999
RPS0B,RPS22A,0.999
RPS0B,RPS22B,0.996
RPS0B,RPS23A,0.999
RPS0B,RPS23B,0.999
RPS0B,RPS24A,0.999
RPS0B,RPS24B,0.999
RPS0B,RPS25A,0.999
RPS0B,RPS25B,0.996
RPS0B,RPS26A,0.999
RPS0B,RPS26B,0.999
RPS0B,RPS27A,0.998
RPS0B,RPS27B,0.999
RPS0B,RPS28A,0.999
RPS0B,RPS28B,0.999
RPS0B,RPS29A,0.999
RPS0B,RPS29B,0.995
RPS0B,RPS3,0.999
RPS0B,RPS30A,0.999
RPS0B,RPS30B,0.999
RPS0B,RPS31,0.999
RPS0B,RPS4A,0.999
RPS0B,RPS4B,0.999
RPS0B,RPS5,0.999
RPS0B,RPS6A,0.999
RPS0B,RPS6B,0.999
RPS0B,RPS7A,0.999
RPS0B,RPS7B,0.997
RPS0B,RPS8A,0.999
RPS0B,RPS8B,0.999
RPS0B,RPS9A,0.995
RPS0B,RPS9B,0.999
RPS0B,RSM18,0.938
RPS0B,RSM23,0.913
RPS0B,RSM24,0.913
RPS0B,RSM7,0.927
RPS0B,RTC6,0.976
RPS0B,SUI1,0.958
RPS0B,SUI2,0.985
RPS0B,SUI3,0.972
RPS0B,TEF4,0.965
RPS0B,TIF11,0.994
RPS0B,TIF34,0.971
RPS0B,TIF35,0.955
RPS10A,RPS10B,0.986
RPS10A,RPS11A,0.999
RPS10A,RPS11B,0.999
RPS10A,RPS12,0.999
RPS10A,RPS13,0.999
RPS10A,RPS14A,0.999
RPS10A,RPS14B,0.999
RPS10A,RPS15,0.999
RPS10A,RPS16A,0.999
RPS10A,RPS16B,0.999
RPS10A,RPS17A,0.999
RPS10A,RPS17B,0.999
RPS10A,RPS18A,0.999
RPS10A,RPS18B,0.999
RPS10A,RPS19A,0.999
RPS10A,RPS19B,0.999
RPS10A,RPS1A,0.999
RPS10A,RPS1B,0.999
RPS10A,RPS2,0.999
RPS10A,RPS20,0.999
RPS10A,RPS21A,0.996
RPS10A,RPS21B,0.999
RPS10A,RPS22A,0.999
RPS10A,RPS22B,0.997
RPS10A,RPS23A,0.999
RPS10A,RPS23B,0.999
RPS10A,RPS24A,0.999
RPS10A,RPS24B,0.999
RPS10A,RPS25A,0.999
RPS10A,RPS25B,0.999
RPS10A,RPS26A,0.999
RPS10A,RPS26B,0.999
RPS10A,RPS27A,0.999
RPS10A,RPS27B,0.999
RPS10A,RPS28A,0.999
RPS10A,RPS28B,0.999
RPS10A,RPS29A,0.999
RPS10A,RPS29B,0.999
RPS10A,RPS3,0.999
RPS10A,RPS30A,0.999
RPS10A,RPS30B,0.999
RPS10A,RPS31,0.999
RPS10A,RPS4A,0.999
RPS10A,RPS4B,0.999
RPS10A,RPS5,0.999
RPS10A,RPS6A,0.999
RPS10A,RPS6B,0.999
RPS10A,RPS7A,0.999
RPS10A,RPS7B,0.999
RPS10A,RPS8A,0.999
RPS10A,RPS8B,0.999
RPS10A,RPS9A,0.999
RPS10A,RPS9B,0.999
RPS10A,RSM10,0.925
RPS10A,RSM7,0.922
RPS10A,SKI2,0.951
RPS10A,SUI1,0.969
RPS10A,SUI2,0.994
RPS10A,SUI3,0.991
RPS10A,TEF4,0.931
RPS10A,TIF11,0.992
RPS10A,TIF34,0.977
RPS10A,TIF35,0.96
RPS10A,TIF5,0.909
RPS10B,RPS11A,0.998
RPS10B,RPS11B,0.998
RPS10B,RPS12,0.999
RPS10B,RPS13,0.999
RPS10B,RPS14A,0.997
RPS10B,RPS14B,0.997
RPS10B,RPS15,0.999
RPS10B,RPS16A,0.998
RPS10B,RPS16B,0.999
RPS10B,RPS17A,0.999
RPS10B,RPS17B,0.999
RPS10B,RPS18A,0.999
RPS10B,RPS18B,0.999
RPS10B,RPS19A,0.999
RPS10B,RPS19B,0.999
RPS10B,RPS1A,0.998
RPS10B,RPS1B,0.998
RPS10B,RPS2,0.999
RPS10B,RPS20,0.999
RPS10B,RPS21A,0.973
RPS10B,RPS21B,0.999
RPS10B,RPS22A,0.998
RPS10B,RPS22B,0.997
RPS10B,RPS23A,0.998
RPS10B,RPS23B,0.998
RPS10B,RPS24A,0.999
RPS10B,RPS24B,0.998
RPS10B,RPS25A,0.998
RPS10B,RPS25B,0.998
RPS10B,RPS26A,0.999
RPS10B,RPS26B,0.999
RPS10B,RPS27A,0.996
RPS10B,RPS27B,0.998
RPS10B,RPS28A,0.998
RPS10B,RPS28B,0.997
RPS10B,RPS29A,0.999
RPS10B,RPS29B,0.999
RPS10B,RPS3,0.999
RPS10B,RPS30A,0.997
RPS10B,RPS30B,0.998
RPS10B,RPS31,0.999
RPS10B,RPS4A,0.998
RPS10B,RPS4B,0.997
RPS10B,RPS5,0.999
RPS10B,RPS6A,0.998
RPS10B,RPS6B,0.998
RPS10B,RPS7A,0.999
RPS10B,RPS7B,0.999
RPS10B,RPS8A,0.998
RPS10B,RPS8B,0.998
RPS10B,RPS9A,0.994
RPS10B,RPS9B,0.997
RPS10B,RSM10,0.925
RPS10B,RSM7,0.922
RPS10B,SUI2,0.969
RPS10B,SUI3,0.954
RPS10B,TIF11,0.952
RPS11A,RPS11B,0.994
RPS11A,RPS12,0.999
RPS11A,RPS13,0.999
RPS11A,RPS14A,0.999
RPS11A,RPS14B,0.999
RPS11A,RPS15,0.999
RPS11A,RPS16A,0.999
RPS11A,RPS16B,0.999
RPS11A,RPS17A,0.999
RPS11A,RPS17B,0.999
RPS11A,RPS18A,0.999
RPS11A,RPS18B,0.999
RPS11A,RPS19A,0.999
RPS11A,RPS19B,0.999
RPS11A,RPS1A,0.999
RPS11A,RPS1B,0.999
RPS11A,RPS2,0.999
RPS11A,RPS20,0.999
RPS11A,RPS21A,0.994
RPS11A,RPS21B,0.999
RPS11A,RPS22A,0.999
RPS11A,RPS22B,0.999
RPS11A,RPS23A,0.999
RPS11A,RPS23B,0.999
RPS11A,RPS24A,0.999
RPS11A,RPS24B,0.999
RPS11A,RPS25A,0.999
RPS11A,RPS25B,0.999
RPS11A,RPS26A,0.999
RPS11A,RPS26B,0.999
RPS11A,RPS27A,0.999
RPS11A,RPS27B,0.999
RPS11A,RPS28A,0.998
RPS11A,RPS28B,0.999
RPS11A,RPS29A,0.999
RPS11A,RPS29B,0.999
RPS11A,RPS3,0.999
RPS11A,RPS30A,0.999
RPS11A,RPS30B,0.999
RPS11A,RPS31,0.999
RPS11A,RPS4A,0.999
RPS11A,RPS4B,0.999
RPS11A,RPS5,0.999
RPS11A,RPS6A,0.999
RPS11A,RPS6B,0.999
RPS11A,RPS7A,0.999
RPS11A,RPS7B,0.998
RPS11A,RPS8A,0.999
RPS11A,RPS8B,0.999
RPS11A,RPS9A,0.999
RPS11A,RPS9B,0.999
RPS11A,RRP7,0.994
RPS11A,RSM23,0.905
RPS11A,RSM7,0.941
RPS11A,RTC6,0.984
RPS11A,SNU13,0.992
RPS11A,SUI1,0.972
RPS11A,SUI2,0.989
RPS11A,SUI3,0.972
RPS11A,TIF11,0.996
RPS11A,TIF34,0.971
RPS11A,TIF35,0.954
RPS11A,TIF5,0.904
RPS11A,UTP10,0.994
RPS11A,UTP13,0.994
RPS11A,UTP15,0.994
RPS11A,UTP18,0.994
RPS11A,UTP21,0.994
RPS11A,UTP22,0.994
RPS11A,UTP4,0.994
RPS11A,UTP6,0.994
RPS11A,UTP8,0.966
RPS11A,UTP9,0.978
RPS11B,RPS12,0.999
RPS11B,RPS13,0.999
RPS11B,RPS14A,0.999
RPS11B,RPS14B,0.999
RPS11B,RPS15,0.999
RPS11B,RPS16A,0.999
RPS11B,RPS16B,0.999
RPS11B,RPS17A,0.999
RPS11B,RPS17B,0.999
RPS11B,RPS18A,0.999
RPS11B,RPS18B,0.999
RPS11B,RPS19A,0.999
RPS11B,RPS19B,0.999
RPS11B,RPS1A,0.999
RPS11B,RPS1B,0.999
RPS11B,RPS2,0.999
RPS11B,RPS20,0.999
RPS11B,RPS21A,0.996
RPS11B,RPS21B,0.999
RPS11B,RPS22A,0.999
RPS11B,RPS22B,0.999
RPS11B,RPS23A,0.999
RPS11B,RPS23B,0.999
RPS11B,RPS24A,0.999
RPS11B,RPS24B,0.999
RPS11B,RPS25A,0.999
RPS11B,RPS25B,0.999
RPS11B,RPS26A,0.999
RPS11B,RPS26B,0.999
RPS11B,RPS27A,0.999
RPS11B,RPS27B,0.999
RPS11B,RPS28A,0.998
RPS11B,RPS28B,0.999
RPS11B,RPS29A,0.999
RPS11B,RPS29B,0.999
RPS11B,RPS3,0.999
RPS11B,RPS30A,0.999
RPS11B,RPS30B,0.999
RPS11B,RPS31,0.999
RPS11B,RPS4A,0.999
RPS11B,RPS4B,0.999
RPS11B,RPS5,0.999
RPS11B,RPS6A,0.999
RPS11B,RPS6B,0.999
RPS11B,RPS7A,0.999
RPS11B,RPS7B,0.998
RPS11B,RPS8A,0.999
RPS11B,RPS8B,0.999
RPS11B,RPS9A,0.999
RPS11B,RPS9B,0.999
RPS11B,RRP7,0.994
RPS11B,RSM23,0.905
RPS11B,RSM7,0.944
RPS11B,RTC6,0.986
RPS11B,SNU13,0.991
RPS11B,SUI1,0.971
RPS11B,SUI2,0.994
RPS11B,SUI3,0.985
RPS11B,TIF11,0.996
RPS11B,TIF34,0.968
RPS11B,TIF35,0.958
RPS11B,TIF5,0.955
RPS11B,UTP10,0.994
RPS11B,UTP13,0.994
RPS11B,UTP15,0.994
RPS11B,UTP18,0.994
RPS11B,UTP21,0.994
RPS11B,UTP22,0.999
RPS11B,UTP4,0.994
RPS11B,UTP6,0.994
RPS11B,UTP8,0.963
RPS11B,UTP9,0.999
RPS12,RPS13,0.999
RPS12,RPS14A,0.999
RPS12,RPS14B,0.999
RPS12,RPS15,0.999
RPS12,RPS16A,0.999
RPS12,RPS16B,0.999
RPS12,RPS17A,0.999
RPS12,RPS17B,0.999
RPS12,RPS18A,0.999
RPS12,RPS18B,0.999
RPS12,RPS19A,0.999
RPS12,RPS19B,0.999
RPS12,RPS1A,0.999
RPS12,RPS1B,0.999
RPS12,RPS2,0.999
RPS12,RPS20,0.999
RPS12,RPS21A,0.997
RPS12,RPS21B,0.999
RPS12,RPS22A,0.999
RPS12,RPS22B,0.999
RPS12,RPS23A,0.999
RPS12,RPS23B,0.999
RPS12,RPS24A,0.999
RPS12,RPS24B,0.999
RPS12,RPS25A,0.999
RPS12,RPS25B,0.999
RPS12,RPS26A,0.999
RPS12,RPS26B,0.999
RPS12,RPS27A,0.999
RPS12,RPS27B,0.999
RPS12,RPS28A,0.999
RPS12,RPS28B,0.999
RPS12,RPS29A,0.999
RPS12,RPS29B,0.998
RPS12,RPS3,0.999
RPS12,RPS30A,0.999
RPS12,RPS30B,0.999
RPS12,RPS31,0.999
RPS12,RPS4A,0.999
RPS12,RPS4B,0.999
RPS12,RPS5,0.999
RPS12,RPS6A,0.999
RPS12,RPS6B,0.999
RPS12,RPS7A,0.999
RPS12,RPS7B,0.999
RPS12,RPS8A,0.999
RPS12,RPS8B,0.999
RPS12,RPS9A,0.999
RPS12,RPS9B,0.999
RPS12,RRN7,0.911
RPS12,RRP7,0.948
RPS12,RSM7,0.974
RPS12,SNU13,0.976
RPS12,SUI1,0.986
RPS12,SUI2,0.997
RPS12,SUI3,0.996
RPS12,SWS2,0.968
RPS12,TIF11,0.996
RPS12,TIF34,0.985
RPS12,TIF35,0.962
RPS12,TIF5,0.965
RPS12,UTP10,0.962
RPS12,UTP13,0.956
RPS12,UTP15,0.963
RPS12,UTP18,0.951
RPS12,UTP21,0.951
RPS12,UTP22,0.947
RPS12,UTP4,0.951
RPS12,UTP6,0.95
RPS12,UTP9,0.91
RPS13,RPS14A,0.999
RPS13,RPS14B,0.999
RPS13,RPS15,0.999
RPS13,RPS16A,0.999
RPS13,RPS16B,0.999
RPS13,RPS17A,0.999
RPS13,RPS17B,0.999
RPS13,RPS18A,0.999
RPS13,RPS18B,0.999
RPS13,RPS19A,0.999
RPS13,RPS19B,0.999
RPS13,RPS1A,0.999
RPS13,RPS1B,0.999
RPS13,RPS2,0.999
RPS13,RPS20,0.999
RPS13,RPS21A,0.996
RPS13,RPS21B,0.999
RPS13,RPS22A,0.999
RPS13,RPS22B,0.999
RPS13,RPS23A,0.999
RPS13,RPS23B,0.999
RPS13,RPS24A,0.999
RPS13,RPS24B,0.999
RPS13,RPS25A,0.999
RPS13,RPS25B,0.999
RPS13,RPS26A,0.999
RPS13,RPS26B,0.999
RPS13,RPS27A,0.999
RPS13,RPS27B,0.999
RPS13,RPS28A,0.999
RPS13,RPS28B,0.999
RPS13,RPS29A,0.999
RPS13,RPS29B,0.999
RPS13,RPS3,0.999
RPS13,RPS30A,0.999
RPS13,RPS30B,0.999
RPS13,RPS31,0.999
RPS13,RPS4A,0.999
RPS13,RPS4B,0.999
RPS13,RPS5,0.999
RPS13,RPS6A,0.999
RPS13,RPS6B,0.999
RPS13,RPS7A,0.999
RPS13,RPS7B,0.999
RPS13,RPS8A,0.999
RPS13,RPS8B,0.999
RPS13,RPS9A,0.999
RPS13,RPS9B,0.999
RPS13,RRN7,0.945
RPS13,RRP6,0.942
RPS13,RRP7,0.997
RPS13,RSM10,0.95
RPS13,RSM18,0.943
RPS13,RSM19,0.939
RPS13,RSM23,0.94
RPS13,RSM24,0.945
RPS13,RSM7,0.98
RPS13,RTC6,0.974
RPS13,SNU13,0.997
RPS13,SRP54,0.958
RPS13,SRP68,0.933
RPS13,SUI1,0.989
RPS13,SUI2,0.998
RPS13,SUI3,0.996
RPS13,SWS2,0.975
RPS13,TEF4,0.912
RPS13,TIF11,0.997
RPS13,TIF34,0.994
RPS13,TIF35,0.972
RPS13,TIF5,0.981
RPS13,UTP10,0.999
RPS13,UTP13,0.996
RPS13,UTP15,0.998
RPS13,UTP18,0.996
RPS13,UTP21,0.996
RPS13,UTP22,0.999
RPS13,UTP4,0.997
RPS13,UTP6,0.997
RPS13,UTP8,0.96
RPS13,UTP9,0.999
RPS14A,RPS14B,0.993
RPS14A,RPS15,0.999
RPS14A,RPS16A,0.999
RPS14A,RPS16B,0.999
RPS14A,RPS17A,0.999
RPS14A,RPS17B,0.999
RPS14A,RPS18A,0.999
RPS14A,RPS18B,0.999
RPS14A,RPS19A,0.999
RPS14A,RPS19B,0.999
RPS14A,RPS1A,0.999
RPS14A,RPS1B,0.999
RPS14A,RPS2,0.999
RPS14A,RPS20,0.999
RPS14A,RPS21A,0.996
RPS14A,RPS21B,0.999
RPS14A,RPS22A,0.999
RPS14A,RPS22B,0.999
RPS14A,RPS23A,0.999
RPS14A,RPS23B,0.999
RPS14A,RPS24A,0.999
RPS14A,RPS24B,0.999
RPS14A,RPS25A,0.999
RPS14A,RPS25B,0.998
RPS14A,RPS26A,0.999
RPS14A,RPS26B,0.999
RPS14A,RPS27A,0.999
RPS14A,RPS27B,0.999
RPS14A,RPS28A,0.999
RPS14A,RPS28B,0.999
RPS14A,RPS29A,0.999
RPS14A,RPS29B,0.999
RPS14A,RPS3,0.999
RPS14A,RPS30A,0.999
RPS14A,RPS30B,0.999
RPS14A,RPS31,0.999
RPS14A,RPS4A,0.999
RPS14A,RPS4B,0.999
RPS14A,RPS5,0.999
RPS14A,RPS6A,0.999
RPS14A,RPS6B,0.999
RPS14A,RPS7A,0.999
RPS14A,RPS7B,0.997
RPS14A,RPS8A,0.999
RPS14A,RPS8B,0.999
RPS14A,RPS9A,0.999
RPS14A,RPS9B,0.999
RPS14A,RRP6,0.901
RPS14A,RRP7,0.991
RPS14A,RSM18,0.934
RPS14A,RSM24,0.921
RPS14A,RTC6,0.98
RPS14A,SEC61,0.91
RPS14A,SNU13,0.999
RPS14A,SUI1,0.965
RPS14A,SUI2,0.996
RPS14A,SUI3,0.984
RPS14A,TIF11,0.997
RPS14A,TIF34,0.972
RPS14A,TIF35,0.931
RPS14A,TIF5,0.968
RPS14A,UTP10,0.997
RPS14A,UTP13,0.996
RPS14A,UTP15,0.996
RPS14A,UTP18,0.997
RPS14A,UTP21,0.996
RPS14A,UTP22,0.997
RPS14A,UTP4,0.997
RPS14A,UTP6,0.997
RPS14A,UTP8,0.987
RPS14A,UTP9,0.993
RPS14B,RPS15,0.999
RPS14B,RPS16A,0.999
RPS14B,RPS16B,0.999
RPS14B,RPS17A,0.999
RPS14B,RPS17B,0.999
RPS14B,RPS18A,0.999
RPS14B,RPS18B,0.999
RPS14B,RPS19A,0.999
RPS14B,RPS19B,0.999
RPS14B,RPS1A,0.999
RPS14B,RPS1B,0.999
RPS14B,RPS2,0.999
RPS14B,RPS20,0.999
RPS14B,RPS21A,0.993
RPS14B,RPS21B,0.999
RPS14B,RPS22A,0.999
RPS14B,RPS22B,0.998
RPS14B,RPS23A,0.999
RPS14B,RPS23B,0.999
RPS14B,RPS24A,0.999
RPS14B,RPS24B,0.999
RPS14B,RPS25A,0.999
RPS14B,RPS25B,0.998
RPS14B,RPS26A,0.999
RPS14B,RPS26B,0.999
RPS14B,RPS27A,0.999
RPS14B,RPS27B,0.999
RPS14B,RPS28A,0.999
RPS14B,RPS28B,0.999
RPS14B,RPS29A,0.999
RPS14B,RPS29B,0.999
RPS14B,RPS3,0.999
RPS14B,RPS30A,0.999
RPS14B,RPS30B,0.999
RPS14B,RPS31,0.999
RPS14B,RPS4A,0.999
RPS14B,RPS4B,0.999
RPS14B,RPS5,0.999
RPS14B,RPS6A,0.999
RPS14B,RPS6B,0.999
RPS14B,RPS7A,0.999
RPS14B,RPS7B,0.997
RPS14B,RPS8A,0.999
RPS14B,RPS8B,0.999
RPS14B,RPS9A,0.999
RPS14B,RPS9B,0.999
RPS14B,RRP7,0.984
RPS14B,RSM18,0.933
RPS14B,RTC6,0.98
RPS14B,SEC61,0.906
RPS14B,SNU13,0.999
RPS14B,SUI1,0.964
RPS14B,SUI2,0.994
RPS14B,SUI3,0.983
RPS14B,TIF11,0.996
RPS14B,TIF34,0.959
RPS14B,TIF35,0.922
RPS14B,UTP10,0.997
RPS14B,UTP13,0.996
RPS14B,UTP15,0.996
RPS14B,UTP18,0.996
RPS14B,UTP21,0.996
RPS14B,UTP22,0.996
RPS14B,UTP4,0.996
RPS14B,UTP6,0.996
RPS14B,UTP8,0.982
RPS14B,UTP9,0.991
RPS15,RPS16A,0.999
RPS15,RPS16B,0.999
RPS15,RPS17A,0.999
RPS15,RPS17B,0.999
RPS15,RPS18A,0.999
RPS15,RPS18B,0.999
RPS15,RPS19A,0.999
RPS15,RPS19B,0.999
RPS15,RPS1A,0.999
RPS15,RPS1B,0.999
RPS15,RPS2,0.999
RPS15,RPS20,0.999
RPS15,RPS21A,0.999
RPS15,RPS21B,0.999
RPS15,RPS22A,0.999
RPS15,RPS22B,0.999
RPS15,RPS23A,0.999
RPS15,RPS23B,0.999
RPS15,RPS24A,0.999
RPS15,RPS24B,0.999
RPS15,RPS25A,0.999
RPS15,RPS25B,0.999
RPS15,RPS26A,0.999
RPS15,RPS26B,0.999
RPS15,RPS27A,0.999
RPS15,RPS27B,0.999
RPS15,RPS28A,0.999
RPS15,RPS28B,0.999
RPS15,RPS29A,0.999
RPS15,RPS29B,0.999
RPS15,RPS3,0.999
RPS15,RPS30A,0.999
RPS15,RPS30B,0.999
RPS15,RPS31,0.999
RPS15,RPS4A,0.999
RPS15,RPS4B,0.999
RPS15,RPS5,0.999
RPS15,RPS6A,0.999
RPS15,RPS6B,0.999
RPS15,RPS7A,0.999
RPS15,RPS7B,0.999
RPS15,RPS8A,0.999
RPS15,RPS8B,0.999
RPS15,RPS9A,0.999
RPS15,RPS9B,0.999
RPS15,RRN7,0.94
RPS15,RSM10,0.989
RPS15,RSM7,0.987
RPS15,RTC6,0.998
RPS15,SEC61,0.989
RPS15,SNU13,0.953
RPS15,SRP54,0.979
RPS15,SSH1,0.988
RPS15,SUI1,0.986
RPS15,SUI2,0.998
RPS15,SUI3,0.998
RPS15,SWS2,0.978
RPS15,TEF4,0.942
RPS15,TIF11,0.999
RPS15,TIF34,0.986
RPS15,TIF35,0.973
RPS15,TIF5,0.984
RPS15,YML6,0.939
RPS16A,RPS16B,0.995
RPS16A,RPS17A,0.999
RPS16A,RPS17B,0.999
RPS16A,RPS18A,0.999
RPS16A,RPS18B,0.999
RPS16A,RPS19A,0.999
RPS16A,RPS19B,0.999
RPS16A,RPS1A,0.999
RPS16A,RPS1B,0.999
RPS16A,RPS2,0.999
RPS16A,RPS20,0.999
RPS16A,RPS21A,0.992
RPS16A,RPS21B,0.999
RPS16A,RPS22A,0.999
RPS16A,RPS22B,0.999
RPS16A,RPS23A,0.999
RPS16A,RPS23B,0.999
RPS16A,RPS24A,0.999
RPS16A,RPS24B,0.999
RPS16A,RPS25A,0.999
RPS16A,RPS25B,0.999
RPS16A,RPS26A,0.999
RPS16A,RPS26B,0.999
RPS16A,RPS27A,0.999
RPS16A,RPS27B,0.999
RPS16A,RPS28A,0.999
RPS16A,RPS28B,0.999
RPS16A,RPS29A,0.999
RPS16A,RPS29B,0.999
RPS16A,RPS3,0.999
RPS16A,RPS30A,0.999
RPS16A,RPS30B,0.999
RPS16A,RPS31,0.999
RPS16A,RPS4A,0.999
RPS16A,RPS4B,0.999
RPS16A,RPS5,0.999
RPS16A,RPS6A,0.999
RPS16A,RPS6B,0.999
RPS16A,RPS7A,0.999
RPS16A,RPS7B,0.997
RPS16A,RPS8A,0.999
RPS16A,RPS8B,0.999
RPS16A,RPS9A,0.999
RPS16A,RPS9B,0.999
RPS16A,RRP6,0.915
RPS16A,RRP7,0.994
RPS16A,RSM7,0.917
RPS16A,RTC6,0.917
RPS16A,SNU13,0.99
RPS16A,SUI1,0.966
RPS16A,SUI2,0.99
RPS16A,SUI3,0.987
RPS16A,TIF11,0.996
RPS16A,TIF34,0.974
RPS16A,TIF35,0.959
RPS16A,TIF5,0.934
RPS16A,UTP10,0.993
RPS16A,UTP13,0.994
RPS16A,UTP15,0.994
RPS16A,UTP18,0.993
RPS16A,UTP21,0.994
RPS16A,UTP22,0.995
RPS16A,UTP4,0.994
RPS16A,UTP6,0.994
RPS16A,UTP8,0.953
RPS16A,UTP9,0.979
RPS16B,RPS17A,0.999
RPS16B,RPS17B,0.999
RPS16B,RPS18A,0.999
RPS16B,RPS18B,0.999
RPS16B,RPS19A,0.999
RPS16B,RPS19B,0.999
RPS16B,RPS1A,0.999
RPS16B,RPS1B,0.999
RPS16B,RPS2,0.999
RPS16B,RPS20,0.999
RPS16B,RPS21A,0.997
RPS16B,RPS21B,0.999
RPS16B,RPS22A,0.999
RPS16B,RPS22B,0.999
RPS16B,RPS23A,0.999
RPS16B,RPS23B,0.999
RPS16B,RPS24A,0.999
RPS16B,RPS24B,0.999
RPS16B,RPS25A,0.999
RPS16B,RPS25B,0.999
RPS16B,RPS26A,0.999
RPS16B,RPS26B,0.999
RPS16B,RPS27A,0.999
RPS16B,RPS27B,0.999
RPS16B,RPS28A,0.999
RPS16B,RPS28B,0.999
RPS16B,RPS29A,0.999
RPS16B,RPS29B,0.999
RPS16B,RPS3,0.999
RPS16B,RPS30A,0.999
RPS16B,RPS30B,0.999
RPS16B,RPS31,0.999
RPS16B,RPS4A,0.999
RPS16B,RPS4B,0.999
RPS16B,RPS5,0.999
RPS16B,RPS6A,0.999
RPS16B,RPS6B,0.999
RPS16B,RPS7A,0.999
RPS16B,RPS7B,0.998
RPS16B,RPS8A,0.999
RPS16B,RPS8B,0.999
RPS16B,RPS9A,0.999
RPS16B,RPS9B,0.999
RPS16B,RRP6,0.917
RPS16B,RRP7,0.994
RPS16B,RSM7,0.917
RPS16B,RTC6,0.933
RPS16B,SNU13,0.992
RPS16B,SUI1,0.966
RPS16B,SUI2,0.995
RPS16B,SUI3,0.993
RPS16B,TIF11,0.996
RPS16B,TIF34,0.978
RPS16B,TIF35,0.96
RPS16B,TIF5,0.978
RPS16B,UTP10,0.994
RPS16B,UTP13,0.995
RPS16B,UTP15,0.994
RPS16B,UTP18,0.994
RPS16B,UTP21,0.994
RPS16B,UTP22,0.995
RPS16B,UTP4,0.994
RPS16B,UTP6,0.994
RPS16B,UTP8,0.957
RPS16B,UTP9,0.98
RPS17A,RPS17B,0.998
RPS17A,RPS18A,0.999
RPS17A,RPS18B,0.999
RPS17A,RPS19A,0.999
RPS17A,RPS19B,0.999
RPS17A,RPS1A,0.999
RPS17A,RPS1B,0.999
RPS17A,RPS2,0.999
RPS17A,RPS20,0.999
RPS17A,RPS21A,0.997
RPS17A,RPS21B,0.999
RPS17A,RPS22A,0.999
RPS17A,RPS22B,0.996
RPS17A,RPS23A,0.999
RPS17A,RPS23B,0.999
RPS17A,RPS24A,0.999
RPS17A,RPS24B,0.999
RPS17A,RPS25A,0.999
RPS17A,RPS25B,0.999
RPS17A,RPS26A,0.999
RPS17A,RPS26B,0.999
RPS17A,RPS27A,0.999
RPS17A,RPS27B,0.999
RPS17A,RPS28A,0.999
RPS17A,RPS28B,0.999
RPS17A,RPS29A,0.999
RPS17A,RPS29B,0.999
RPS17A,RPS3,0.999
RPS17A,RPS30A,0.999
RPS17A,RPS30B,0.999
RPS17A,RPS31,0.999
RPS17A,RPS4A,0.999
RPS17A,RPS4B,0.999
RPS17A,RPS5,0.999
RPS17A,RPS6A,0.999
RPS17A,RPS6B,0.999
RPS17A,RPS7A,0.999
RPS17A,RPS7B,0.998
RPS17A,RPS8A,0.999
RPS17A,RPS8B,0.999
RPS17A,RPS9A,0.999
RPS17A,RPS9B,0.999
RPS17A,RSM10,0.927
RPS17A,RSM7,0.942
RPS17A,SUI1,0.977
RPS17A,SUI2,0.994
RPS17A,SUI3,0.99
RPS17A,TIF11,0.989
RPS17A,TIF34,0.966
RPS17A,TIF35,0.957
RPS17A,TIF5,0.939
RPS17A,UTP10,0.996
RPS17A,UTP22,0.996
RPS17B,RPS18A,0.999
RPS17B,RPS18B,0.999
RPS17B,RPS19A,0.999
RPS17B,RPS19B,0.999
RPS17B,RPS1A,0.999
RPS17B,RPS1B,0.999
RPS17B,RPS2,0.999
RPS17B,RPS20,0.999
RPS17B,RPS21A,0.994
RPS17B,RPS21B,0.999
RPS17B,RPS22A,0.999
RPS17B,RPS22B,0.997
RPS17B,RPS23A,0.999
RPS17B,RPS23B,0.999
RPS17B,RPS24A,0.999
RPS17B,RPS24B,0.999
RPS17B,RPS25A,0.999
RPS17B,RPS25B,0.999
RPS17B,RPS26A,0.999
RPS17B,RPS26B,0.999
RPS17B,RPS27A,0.999
RPS17B,RPS27B,0.999
RPS17B,RPS28A,0.999
RPS17B,RPS28B,0.999
RPS17B,RPS29A,0.999
RPS17B,RPS29B,0.999
RPS17B,RPS3,0.999
RPS17B,RPS30A,0.999
RPS17B,RPS30B,0.999
RPS17B,RPS31,0.999
RPS17B,RPS4A,0.999
RPS17B,RPS4B,0.999
RPS17B,RPS5,0.999
RPS17B,RPS6A,0.999
RPS17B,RPS6B,0.999
RPS17B,RPS7A,0.999
RPS17B,RPS7B,0.998
RPS17B,RPS8A,0.999
RPS17B,RPS8B,0.999
RPS17B,RPS9A,0.999
RPS17B,RPS9B,0.999
RPS17B,RSM10,0.927
RPS17B,RSM7,0.942
RPS17B,SUI1,0.975
RPS17B,SUI2,0.992
RPS17B,SUI3,0.988
RPS17B,TIF11,0.989
RPS17B,TIF34,0.949
RPS17B,TIF35,0.93
RPS17B,TIF5,0.941
RPS17B,UTP10,0.996
RPS17B,UTP22,0.996
RPS18A,RPS18B,0.993
RPS18A,RPS19A,0.999
RPS18A,RPS19B,0.999
RPS18A,RPS1A,0.999
RPS18A,RPS1B,0.999
RPS18A,RPS2,0.999
RPS18A,RPS20,0.999
RPS18A,RPS21A,0.997
RPS18A,RPS21B,0.999
RPS18A,RPS22A,0.999
RPS18A,RPS22B,0.999
RPS18A,RPS23A,0.999
RPS18A,RPS23B,0.999
RPS18A,RPS24A,0.999
RPS18A,RPS24B,0.999
RPS18A,RPS25A,0.999
RPS18A,RPS25B,0.999
RPS18A,RPS26A,0.999
RPS18A,RPS26B,0.999
RPS18A,RPS27A,0.999
RPS18A,RPS27B,0.999
RPS18A,RPS28A,0.999
RPS18A,RPS28B,0.999
RPS18A,RPS29A,0.999
RPS18A,RPS29B,0.999
RPS18A,RPS3,0.999
RPS18A,RPS30A,0.999
RPS18A,RPS30B,0.999
RPS18A,RPS31,0.999
RPS18A,RPS4A,0.999
RPS18A,RPS4B,0.999
RPS18A,RPS5,0.999
RPS18A,RPS6A,0.999
RPS18A,RPS6B,0.999
RPS18A,RPS7A,0.999
RPS18A,RPS7B,0.997
RPS18A,RPS8A,0.999
RPS18A,RPS8B,0.999
RPS18A,RPS9A,0.999
RPS18A,RPS9B,0.999
RPS18A,RRP6,0.916
RPS18A,RRP7,0.984
RPS18A,RTC6,0.987
RPS18A,SNU13,0.993
RPS18A,SUI1,0.953
RPS18A,SUI2,0.992
RPS18A,SUI3,0.995
RPS18A,TIF11,0.997
RPS18A,TIF34,0.978
RPS18A,TIF35,0.965
RPS18A,TIF5,0.953
RPS18A,UTP10,0.982
RPS18A,UTP13,0.98
RPS18A,UTP15,0.98
RPS18A,UTP18,0.979
RPS18A,UTP21,0.984
RPS18A,UTP22,0.984
RPS18A,UTP4,0.979
RPS18A,UTP6,0.985
RPS18A,UTP9,0.925
RPS18A,YML6,0.958
RPS18B,RPS19A,0.999
RPS18B,RPS19B,0.999
RPS18B,RPS1A,0.999
RPS18B,RPS1B,0.999
RPS18B,RPS2,0.999
RPS18B,RPS20,0.999
RPS18B,RPS21A,0.999
RPS18B,RPS21B,0.999
RPS18B,RPS22A,0.999
RPS18B,RPS22B,0.999
RPS18B,RPS23A,0.999
RPS18B,RPS23B,0.999
RPS18B,RPS24A,0.999
RPS18B,RPS24B,0.999
RPS18B,RPS25A,0.999
RPS18B,RPS25B,0.999
RPS18B,RPS26A,0.999
RPS18B,RPS26B,0.999
RPS18B,RPS27A,0.999
RPS18B,RPS27B,0.999
RPS18B,RPS28A,0.999
RPS18B,RPS28B,0.999
RPS18B,RPS29A,0.999
RPS18B,RPS29B,0.999
RPS18B,RPS3,0.999
RPS18B,RPS30A,0.999
RPS18B,RPS30B,0.999
RPS18B,RPS31,0.999
RPS18B,RPS4A,0.999
RPS18B,RPS4B,0.999
RPS18B,RPS5,0.999
RPS18B,RPS6A,0.999
RPS18B,RPS6B,0.999
RPS18B,RPS7A,0.999
RPS18B,RPS7B,0.997
RPS18B,RPS8A,0.999
RPS18B,RPS8B,0.999
RPS18B,RPS9A,0.999
RPS18B,RPS9B,0.999
RPS18B,RRP7,0.978
RPS18B,RTC6,0.979
RPS18B,SNU13,0.991
RPS18B,SUI1,0.948
RPS18B,SUI2,0.98
RPS18B,SUI3,0.985
RPS18B,TIF11,0.997
RPS18B,TIF34,0.972
RPS18B,TIF35,0.952
RPS18B,TIF5,0.912
RPS18B,UTP10,0.98
RPS18B,UTP13,0.981
RPS18B,UTP15,0.98
RPS18B,UTP18,0.979
RPS18B,UTP21,0.98
RPS18B,UTP22,0.98
RPS18B,UTP4,0.98
RPS18B,UTP6,0.979
RPS18B,UTP9,0.926
RPS18B,YML6,0.944
RPS19A,RPS19B,0.997
RPS19A,RPS1A,0.999
RPS19A,RPS1B,0.999
RPS19A,RPS2,0.999
RPS19A,RPS20,0.999
RPS19A,RPS21A,0.996
RPS19A,RPS21B,0.999
RPS19A,RPS22A,0.999
RPS19A,RPS22B,0.999
RPS19A,RPS23A,0.999
RPS19A,RPS23B,0.999
RPS19A,RPS24A,0.999
RPS19A,RPS24B,0.999
RPS19A,RPS25A,0.999
RPS19A,RPS25B,0.999
RPS19A,RPS26A,0.999
RPS19A,RPS26B,0.999
RPS19A,RPS27A,0.999
RPS19A,RPS27B,0.999
RPS19A,RPS28A,0.999
RPS19A,RPS28B,0.999
RPS19A,RPS29A,0.999
RPS19A,RPS29B,0.999
RPS19A,RPS3,0.999
RPS19A,RPS30A,0.999
RPS19A,RPS30B,0.999
RPS19A,RPS31,0.999
RPS19A,RPS4A,0.999
RPS19A,RPS4B,0.999
RPS19A,RPS5,0.999
RPS19A,RPS6A,0.999
RPS19A,RPS6B,0.999
RPS19A,RPS7A,0.999
RPS19A,RPS7B,0.997
RPS19A,RPS8A,0.999
RPS19A,RPS8B,0.999
RPS19A,RPS9A,0.999
RPS19A,RPS9B,0.999
RPS19A,RRP6,0.917
RPS19A,RRP7,0.984
RPS19A,RSM10,0.943
RPS19A,RSM7,0.947
RPS19A,SKI3,0.925
RPS19A,SNU13,0.995
RPS19A,SUI1,0.967
RPS19A,SUI2,0.995
RPS19A,SUI3,0.993
RPS19A,TEF4,0.905
RPS19A,TIF11,0.986
RPS19A,TIF34,0.973
RPS19A,TIF35,0.947
RPS19A,TIF5,0.97
RPS19A,UTP10,0.984
RPS19A,UTP13,0.98
RPS19A,UTP15,0.98
RPS19A,UTP18,0.979
RPS19A,UTP21,0.985
RPS19A,UTP22,0.985
RPS19A,UTP4,0.98
RPS19A,UTP6,0.985
RPS19A,UTP9,0.941
RPS19B,RPS1A,0.999
RPS19B,RPS1B,0.998
RPS19B,RPS2,0.999
RPS19B,RPS20,0.999
RPS19B,RPS21A,0.995
RPS19B,RPS21B,0.999
RPS19B,RPS22A,0.999
RPS19B,RPS22B,0.997
RPS19B,RPS23A,0.999
RPS19B,RPS23B,0.999
RPS19B,RPS24A,0.999
RPS19B,RPS24B,0.999
RPS19B,RPS25A,0.999
RPS19B,RPS25B,0.998
RPS19B,RPS26A,0.999
RPS19B,RPS26B,0.999
RPS19B,RPS27A,0.999
RPS19B,RPS27B,0.999
RPS19B,RPS28A,0.999
RPS19B,RPS28B,0.999
RPS19B,RPS29A,0.999
RPS19B,RPS29B,0.999
RPS19B,RPS3,0.999
RPS19B,RPS30A,0.999
RPS19B,RPS30B,0.999
RPS19B,RPS31,0.999
RPS19B,RPS4A,0.999
RPS19B,RPS4B,0.999
RPS19B,RPS5,0.999
RPS19B,RPS6A,0.999
RPS19B,RPS6B,0.999
RPS19B,RPS7A,0.999
RPS19B,RPS7B,0.997
RPS19B,RPS8A,0.999
RPS19B,RPS8B,0.999
RPS19B,RPS9A,0.999
RPS19B,RPS9B,0.998
RPS19B,RRP7,0.903
RPS19B,RSM10,0.943
RPS19B,RSM7,0.947
RPS19B,SNU13,0.965
RPS19B,SUI2,0.972
RPS19B,SUI3,0.959
RPS19B,TIF11,0.941
RPS19B,UTP10,0.915
RPS19B,UTP13,0.905
RPS19B,UTP15,0.904
RPS19B,UTP18,0.906
RPS19B,UTP21,0.903
RPS19B,UTP22,0.915
RPS19B,UTP4,0.916
RPS19B,UTP6,0.9
RPS1A,RPS1B,0.995
RPS1A,RPS2,0.999
RPS1A,RPS20,0.999
RPS1A,RPS21A,0.996
RPS1A,RPS21B,0.999
RPS1A,RPS22A,0.999
RPS1A,RPS22B,0.999
RPS1A,RPS23A,0.999
RPS1A,RPS23B,0.999
RPS1A,RPS24A,0.999
RPS1A,RPS24B,0.999
RPS1A,RPS25A,0.999
RPS1A,RPS25B,0.997
RPS1A,RPS26A,0.999
RPS1A,RPS26B,0.999
RPS1A,RPS27A,0.999
RPS1A,RPS27B,0.999
RPS1A,RPS28A,0.999
RPS1A,RPS28B,0.999
RPS1A,RPS29A,0.999
RPS1A,RPS29B,0.997
RPS1A,RPS3,0.999
RPS1A,RPS30A,0.999
RPS1A,RPS30B,0.999
RPS1A,RPS31,0.999
RPS1A,RPS4A,0.999
RPS1A,RPS4B,0.999
RPS1A,RPS5,0.999
RPS1A,RPS6A,0.999
RPS1A,RPS6B,0.999
RPS1A,RPS7A,0.999
RPS1A,RPS7B,0.998
RPS1A,RPS8A,0.999
RPS1A,RPS8B,0.999
RPS1A,RPS9A,0.999
RPS1A,RPS9B,0.998
RPS1A,RRP6,0.918
RPS1A,RRP7,0.996
RPS1A,RSM10,0.942
RPS1A,RSM7,0.945
RPS1A,SNU13,0.993
RPS1A,SUI1,0.964
RPS1A,SUI2,0.986
RPS1A,SUI3,0.965
RPS1A,TEF4,0.907
RPS1A,TIF11,0.99
RPS1A,TIF34,0.983
RPS1A,TIF35,0.958
RPS1A,TIF5,0.955
RPS1A,UTP10,0.999
RPS1A,UTP13,0.995
RPS1A,UTP15,0.995
RPS1A,UTP18,0.995
RPS1A,UTP21,0.996
RPS1A,UTP22,0.996
RPS1A,UTP4,0.995
RPS1A,UTP6,0.999
RPS1A,UTP8,0.969
RPS1A,UTP9,0.999
RPS1A,YML6,0.907
RPS1B,RPS2,0.999
RPS1B,RPS20,0.999
RPS1B,RPS21A,0.994
RPS1B,RPS21B,0.999
RPS1B,RPS22A,0.999
RPS1B,RPS22B,0.997
RPS1B,RPS23A,0.999
RPS1B,RPS23B,0.999
RPS1B,RPS24A,0.999
RPS1B,RPS24B,0.999
RPS1B,RPS25A,0.999
RPS1B,RPS25B,0.997
RPS1B,RPS26A,0.999
RPS1B,RPS26B,0.999
RPS1B,RPS27A,0.999
RPS1B,RPS27B,0.999
RPS1B,RPS28A,0.999
RPS1B,RPS28B,0.999
RPS1B,RPS29A,0.999
RPS1B,RPS29B,0.999
RPS1B,RPS3,0.999
RPS1B,RPS30A,0.999
RPS1B,RPS30B,0.999
RPS1B,RPS31,0.999
RPS1B,RPS4A,0.999
RPS1B,RPS4B,0.999
RPS1B,RPS5,0.999
RPS1B,RPS6A,0.999
RPS1B,RPS6B,0.999
RPS1B,RPS7A,0.999
RPS1B,RPS7B,0.998
RPS1B,RPS8A,0.999
RPS1B,RPS8B,0.999
RPS1B,RPS9A,0.999
RPS1B,RPS9B,0.999
RPS1B,RRP7,0.978
RPS1B,RSM10,0.946
RPS1B,RSM7,0.949
RPS1B,SNU13,0.964
RPS1B,SUI1,0.97
RPS1B,SUI2,0.998
RPS1B,SUI3,0.992
RPS1B,TEF4,0.915
RPS1B,TIF11,0.991
RPS1B,TIF34,0.98
RPS1B,TIF35,0.954
RPS1B,TIF5,0.979
RPS1B,UTP10,0.98
RPS1B,UTP13,0.975
RPS1B,UTP15,0.974
RPS1B,UTP18,0.97
RPS1B,UTP21,0.976
RPS1B,UTP22,0.999
RPS1B,UTP4,0.984
RPS1B,UTP6,0.972
RPS1B,UTP9,0.999
RPS2,RPS20,0.999
RPS2,RPS21A,0.998
RPS2,RPS21B,0.999
RPS2,RPS22A,0.999
RPS2,RPS22B,0.999
RPS2,RPS23A,0.999
RPS2,RPS23B,0.999
RPS2,RPS24A,0.999
RPS2,RPS24B,0.999
RPS2,RPS25A,0.999
RPS2,RPS25B,0.999
RPS2,RPS26A,0.999
RPS2,RPS26B,0.999
RPS2,RPS27A,0.999
RPS2,RPS27B,0.999
RPS2,RPS28A,0.999
RPS2,RPS28B,0.999
RPS2,RPS29A,0.999
RPS2,RPS29B,0.999
RPS2,RPS3,0.999
RPS2,RPS30A,0.999
RPS2,RPS30B,0.999
RPS2,RPS31,0.999
RPS2,RPS4A,0.999
RPS2,RPS4B,0.999
RPS2,RPS5,0.999
RPS2,RPS6A,0.999
RPS2,RPS6B,0.999
RPS2,RPS7A,0.999
RPS2,RPS7B,0.999
RPS2,RPS8A,0.999
RPS2,RPS8B,0.999
RPS2,RPS9A,0.999
RPS2,RPS9B,0.999
RPS2,RRN7,0.915
RPS2,RSM10,0.95
RPS2,RSM18,0.929
RPS2,RSM19,0.906
RPS2,RSM23,0.946
RPS2,RSM24,0.959
RPS2,RSM7,0.982
RPS2,RTC6,0.989
RPS2,SEC61,0.951
RPS2,SNU13,0.991
RPS2,SRP54,0.969
RPS2,SSH1,0.931
RPS2,SUI1,0.986
RPS2,SUI2,0.999
RPS2,SUI3,0.997
RPS2,SUP45,0.918
RPS2,SWS2,0.977
RPS2,TEF1,0.953
RPS2,TEF2,0.949
RPS2,TEF4,0.983
RPS2,TIF11,0.999
RPS2,TIF34,0.996
RPS2,TIF35,0.99
RPS2,TIF5,0.982
RPS2,UTP10,0.941
RPS2,UTP13,0.917
RPS2,UTP15,0.918
RPS2,UTP18,0.914
RPS2,UTP21,0.92
RPS2,UTP22,0.961
RPS2,UTP4,0.909
RPS2,UTP6,0.934
RPS2,UTP8,0.945
RPS2,UTP9,0.937
RPS2,YML6,0.915
RPS20,RPS21A,0.994
RPS20,RPS21B,0.999
RPS20,RPS22A,0.999
RPS20,RPS22B,0.998
RPS20,RPS23A,0.999
RPS20,RPS23B,0.999
RPS20,RPS24A,0.999
RPS20,RPS24B,0.999
RPS20,RPS25A,0.999
RPS20,RPS25B,0.999
RPS20,RPS26A,0.999
RPS20,RPS26B,0.999
RPS20,RPS27A,0.999
RPS20,RPS27B,0.999
RPS20,RPS28A,0.999
RPS20,RPS28B,0.999
RPS20,RPS29A,0.999
RPS20,RPS29B,0.999
RPS20,RPS3,0.999
RPS20,RPS30A,0.999
RPS20,RPS30B,0.999
RPS20,RPS31,0.999
RPS20,RPS4A,0.999
RPS20,RPS4B,0.999
RPS20,RPS5,0.999
RPS20,RPS6A,0.999
RPS20,RPS6B,0.999
RPS20,RPS7A,0.999
RPS20,RPS7B,0.999
RPS20,RPS8A,0.999
RPS20,RPS8B,0.999
RPS20,RPS9A,0.999
RPS20,RPS9B,0.999
RPS20,RRN7,0.927
RPS20,RSM18,0.929
RPS20,RSM23,0.938
RPS20,RSM24,0.946
RPS20,RSM7,0.983
RPS20,RTC6,0.987
RPS20,SEC61,0.937
RPS20,SKI2,0.954
RPS20,SNU13,0.912
RPS20,SRP54,0.928
RPS20,SSH1,0.915
RPS20,SUI1,0.988
RPS20,SUI2,0.998
RPS20,SUI3,0.996
RPS20,SWS2,0.977
RPS20,TEF4,0.942
RPS20,TIF11,0.999
RPS20,TIF34,0.997
RPS20,TIF35,0.999
RPS20,TIF5,0.985
RPS20,YML6,0.905
RPS21A,RPS21B,0.997
RPS21A,RPS22A,0.999
RPS21A,RPS22B,0.982
RPS21A,RPS23A,0.995
RPS21A,RPS23B,0.995
RPS21A,RPS24A,0.997
RPS21A,RPS24B,0.997
RPS21A,RPS25A,0.998
RPS21A,RPS25B,0.998
RPS21A,RPS26A,0.994
RPS21A,RPS26B,0.995
RPS21A,RPS27A,0.997
RPS21A,RPS27B,0.998
RPS21A,RPS28A,0.993
RPS21A,RPS28B,0.995
RPS21A,RPS29A,0.996
RPS21A,RPS29B,0.992
RPS21A,RPS3,0.997
RPS21A,RPS30A,0.993
RPS21A,RPS30B,0.994
RPS21A,RPS31,0.994
RPS21A,RPS4A,0.994
RPS21A,RPS4B,0.992
RPS21A,RPS5,0.998
RPS21A,RPS6A,0.994
RPS21A,RPS6B,0.996
RPS21A,RPS7A,0.996
RPS21A,RPS7B,0.963
RPS21A,RPS8A,0.994
RPS21A,RPS8B,0.99
RPS21A,RPS9A,0.995
RPS21A,RPS9B,0.994
RPS21A,TIF11,0.904
RPS21B,RPS22A,0.999
RPS21B,RPS22B,0.998
RPS21B,RPS23A,0.999
RPS21B,RPS23B,0.999
RPS21B,RPS24A,0.999
RPS21B,RPS24B,0.999
RPS21B,RPS25A,0.999
RPS21B,RPS25B,0.999
RPS21B,RPS26A,0.999
RPS21B,RPS26B,0.999
RPS21B,RPS27A,0.999
RPS21B,RPS27B,0.999
RPS21B,RPS28A,0.999
RPS21B,RPS28B,0.999
RPS21B,RPS29A,0.999
RPS21B,RPS29B,0.999
RPS21B,RPS3,0.999
RPS21B,RPS30A,0.999
RPS21B,RPS30B,0.999
RPS21B,RPS31,0.999
RPS21B,RPS4A,0.999
RPS21B,RPS4B,0.999
RPS21B,RPS5,0.999
RPS21B,RPS6A,0.999
RPS21B,RPS6B,0.999
RPS21B,RPS7A,0.999
RPS21B,RPS7B,0.998
RPS21B,RPS8A,0.999
RPS21B,RPS8B,0.999
RPS21B,RPS9A,0.999
RPS21B,RPS9B,0.999
RPS21B,RRN7,0.932
RPS21B,RSM10,0.981
RPS21B,RSM7,0.983
RPS21B,SUI1,0.975
RPS21B,SUI2,0.995
RPS21B,SUI3,0.993
RPS21B,SWS2,0.971
RPS21B,TIF11,0.991
RPS21B,TIF34,0.956
RPS21B,TIF35,0.955
RPS21B,TIF5,0.96
RPS22A,RPS22B,0.978
RPS22A,RPS23A,0.999
RPS22A,RPS23B,0.999
RPS22A,RPS24A,0.999
RPS22A,RPS24B,0.999
RPS22A,RPS25A,0.999
RPS22A,RPS25B,0.999
RPS22A,RPS26A,0.999
RPS22A,RPS26B,0.999
RPS22A,RPS27A,0.999
RPS22A,RPS27B,0.999
RPS22A,RPS28A,0.999
RPS22A,RPS28B,0.999
RPS22A,RPS29A,0.999
RPS22A,RPS29B,0.999
RPS22A,RPS3,0.999
RPS22A,RPS30A,0.998
RPS22A,RPS30B,0.998
RPS22A,RPS31,0.999
RPS22A,RPS4A,0.999
RPS22A,RPS4B,0.999
RPS22A,RPS5,0.999
RPS22A,RPS6A,0.999
RPS22A,RPS6B,0.999
RPS22A,RPS7A,0.999
RPS22A,RPS7B,0.998
RPS22A,RPS8A,0.999
RPS22A,RPS8B,0.999
RPS22A,RPS9A,0.999
RPS22A,RPS9B,0.999
RPS22A,RRP7,0.96
RPS22A,RTC6,0.987
RPS22A,SNU13,0.991
RPS22A,SUI1,0.95
RPS22A,SUI2,0.988
RPS22A,SUI3,0.977
RPS22A,TIF11,0.996
RPS22A,TIF34,0.959
RPS22A,TIF35,0.944
RPS22A,TIF5,0.955
RPS22A,UTP10,0.999
RPS22A,UTP13,0.97
RPS22A,UTP15,0.965
RPS22A,UTP18,0.97
RPS22A,UTP21,0.974
RPS22A,UTP22,0.999
RPS22A,UTP4,0.972
RPS22A,UTP6,0.972
RPS22A,UTP9,0.928
RPS22A,YML6,0.912
RPS22B,RPS23A,0.999
RPS22B,RPS23B,0.999
RPS22B,RPS24A,0.999
RPS22B,RPS24B,0.999
RPS22B,RPS25A,0.997
RPS22B,RPS25B,0.998
RPS22B,RPS26A,0.995
RPS22B,RPS26B,0.996
RPS22B,RPS27A,0.999
RPS22B,RPS27B,0.999
RPS22B,RPS28A,0.999
RPS22B,RPS28B,0.998
RPS22B,RPS29A,0.998
RPS22B,RPS29B,0.997
RPS22B,RPS3,0.999
RPS22B,RPS30A,0.993
RPS22B,RPS30B,0.994
RPS22B,RPS31,0.998
RPS22B,RPS4A,0.999
RPS22B,RPS4B,0.999
RPS22B,RPS5,0.999
RPS22B,RPS6A,0.999
RPS22B,RPS6B,0.999
RPS22B,RPS7A,0.999
RPS22B,RPS7B,0.997
RPS22B,RPS8A,0.999
RPS22B,RPS8B,0.999
RPS22B,RPS9A,0.999
RPS22B,RPS9B,0.997
RPS22B,RRP7,0.959
RPS22B,RTC6,0.984
RPS22B,SNU13,0.985
RPS22B,SUI2,0.906
RPS22B,TIF11,0.985
RPS22B,UTP10,0.964
RPS22B,UTP13,0.961
RPS22B,UTP15,0.96
RPS22B,UTP18,0.959
RPS22B,UTP21,0.96
RPS22B,UTP22,0.96
RPS22B,UTP4,0.959
RPS22B,UTP6,0.96
RPS22B,UTP9,0.922
RPS23A,RPS23B,0.995
RPS23A,RPS24A,0.999
RPS23A,RPS24B,0.999
RPS23A,RPS25A,0.999
RPS23A,RPS25B,0.999
RPS23A,RPS26A,0.999
RPS23A,RPS26B,0.999
RPS23A,RPS27A,0.999
RPS23A,RPS27B,0.999
RPS23A,RPS28A,0.999
RPS23A,RPS28B,0.999
RPS23A,RPS29A,0.999
RPS23A,RPS29B,0.999
RPS23A,RPS3,0.999
RPS23A,RPS30A,0.999
RPS23A,RPS30B,0.999
RPS23A,RPS31,0.999
RPS23A,RPS4A,0.999
RPS23A,RPS4B,0.999
RPS23A,RPS5,0.999
RPS23A,RPS6A,0.999
RPS23A,RPS6B,0.999
RPS23A,RPS7A,0.999
RPS23A,RPS7B,0.997
RPS23A,RPS8A,0.999
RPS23A,RPS8B,0.999
RPS23A,RPS9A,0.999
RPS23A,RPS9B,0.999
RPS23A,RRP7,0.981
RPS23A,RSM18,0.934
RPS23A,RSM23,0.905
RPS23A,RSM24,0.9
RPS23A,RSM7,0.921
RPS23A,RTC6,0.988
RPS23A,SNU13,0.992
RPS23A,SUI1,0.965
RPS23A,SUI2,0.995
RPS23A,SUI3,0.992
RPS23A,TIF11,0.998
RPS23A,TIF34,0.986
RPS23A,TIF35,0.992
RPS23A,TIF5,0.961
RPS23A,UTP10,0.983
RPS23A,UTP13,0.981
RPS23A,UTP15,0.982
RPS23A,UTP18,0.981
RPS23A,UTP21,0.981
RPS23A,UTP22,0.979
RPS23A,UTP4,0.982
RPS23A,UTP6,0.981
RPS23A,UTP9,0.93
RPS23B,RPS24A,0.999
RPS23B,RPS24B,0.999
RPS23B,RPS25A,0.999
RPS23B,RPS25B,0.999
RPS23B,RPS26A,0.999
RPS23B,RPS26B,0.999
RPS23B,RPS27A,0.999
RPS23B,RPS27B,0.999
RPS23B,RPS28A,0.999
RPS23B,RPS28B,0.999
RPS23B,RPS29A,0.999
RPS23B,RPS29B,0.999
RPS23B,RPS3,0.999
RPS23B,RPS30A,0.999
RPS23B,RPS30B,0.999
RPS23B,RPS31,0.999
RPS23B,RPS4A,0.999
RPS23B,RPS4B,0.999
RPS23B,RPS5,0.999
RPS23B,RPS6A,0.999
RPS23B,RPS6B,0.999
RPS23B,RPS7A,0.999
RPS23B,RPS7B,0.996
RPS23B,RPS8A,0.999
RPS23B,RPS8B,0.999
RPS23B,RPS9A,0.999
RPS23B,RPS9B,0.999
RPS23B,RRP7,0.98
RPS23B,RSM18,0.932
RPS23B,RSM23,0.905
RPS23B,RSM24,0.9
RPS23B,RSM7,0.92
RPS23B,RTC6,0.979
RPS23B,SNU13,0.992
RPS23B,SUI1,0.966
RPS23B,SUI2,0.989
RPS23B,SUI3,0.986
RPS23B,TIF11,0.998
RPS23B,TIF34,0.985
RPS23B,TIF35,0.991
RPS23B,TIF5,0.92
RPS23B,UTP10,0.98
RPS23B,UTP13,0.981
RPS23B,UTP15,0.982
RPS23B,UTP18,0.98
RPS23B,UTP21,0.981
RPS23B,UTP22,0.979
RPS23B,UTP4,0.981
RPS23B,UTP6,0.981
RPS23B,UTP9,0.929
RPS24A,RPS24B,0.992
RPS24A,RPS25A,0.999
RPS24A,RPS25B,0.999
RPS24A,RPS26A,0.999
RPS24A,RPS26B,0.999
RPS24A,RPS27A,0.999
RPS24A,RPS27B,0.999
RPS24A,RPS28A,0.999
RPS24A,RPS28B,0.999
RPS24A,RPS29A,0.999
RPS24A,RPS29B,0.999
RPS24A,RPS3,0.999
RPS24A,RPS30A,0.999
RPS24A,RPS30B,0.999
RPS24A,RPS31,0.999
RPS24A,RPS4A,0.999
RPS24A,RPS4B,0.999
RPS24A,RPS5,0.999
RPS24A,RPS6A,0.999
RPS24A,RPS6B,0.999
RPS24A,RPS7A,0.999
RPS24A,RPS7B,0.999
RPS24A,RPS8A,0.999
RPS24A,RPS8B,0.999
RPS24A,RPS9A,0.999
RPS24A,RPS9B,0.999
RPS24A,RRP6,0.904
RPS24A,RRP7,0.979
RPS24A,RSM10,0.946
RPS24A,RSM7,0.941
RPS24A,SNU13,0.993
RPS24A,SUI1,0.971
RPS24A,SUI2,0.995
RPS24A,SUI3,0.992
RPS24A,TIF11,0.989
RPS24A,TIF34,0.978
RPS24A,TIF35,0.945
RPS24A,TIF5,0.975
RPS24A,UTP10,0.982
RPS24A,UTP13,0.98
RPS24A,UTP15,0.98
RPS24A,UTP18,0.979
RPS24A,UTP21,0.98
RPS24A,UTP22,0.999
RPS24A,UTP4,0.979
RPS24A,UTP6,0.98
RPS24A,UTP9,0.944
RPS24B,RPS25A,0.999
RPS24B,RPS25B,0.999
RPS24B,RPS26A,0.999
RPS24B,RPS26B,0.999
RPS24B,RPS27A,0.999
RPS24B,RPS27B,0.999
RPS24B,RPS28A,0.999
RPS24B,RPS28B,0.999
RPS24B,RPS29A,0.999
RPS24B,RPS29B,0.999
RPS24B,RPS3,0.999
RPS24B,RPS30A,0.999
RPS24B,RPS30B,0.999
RPS24B,RPS31,0.999
RPS24B,RPS4A,0.999
RPS24B,RPS4B,0.999
RPS24B,RPS5,0.999
RPS24B,RPS6A,0.999
RPS24B,RPS6B,0.999
RPS24B,RPS7A,0.999
RPS24B,RPS7B,0.999
RPS24B,RPS8A,0.999
RPS24B,RPS8B,0.999
RPS24B,RPS9A,0.999
RPS24B,RPS9B,0.999
RPS24B,RRP6,0.906
RPS24B,RRP7,0.979
RPS24B,RSM10,0.946
RPS24B,RSM7,0.941
RPS24B,SNU13,0.994
RPS24B,SUI1,0.97
RPS24B,SUI2,0.99
RPS24B,SUI3,0.984
RPS24B,TIF11,0.987
RPS24B,TIF34,0.978
RPS24B,TIF35,0.936
RPS24B,TIF5,0.937
RPS24B,UTP10,0.98
RPS24B,UTP13,0.981
RPS24B,UTP15,0.98
RPS24B,UTP18,0.979
RPS24B,UTP21,0.98
RPS24B,UTP22,0.98
RPS24B,UTP4,0.98
RPS24B,UTP6,0.98
RPS24B,UTP9,0.943
RPS25A,RPS25B,0.995
RPS25A,RPS26A,0.999
RPS25A,RPS26B,0.999
RPS25A,RPS27A,0.999
RPS25A,RPS27B,0.999
RPS25A,RPS28A,0.999
RPS25A,RPS28B,0.999
RPS25A,RPS29A,0.999
RPS25A,RPS29B,0.999
RPS25A,RPS3,0.999
RPS25A,RPS30A,0.999
RPS25A,RPS30B,0.999
RPS25A,RPS31,0.999
RPS25A,RPS4A,0.999
RPS25A,RPS4B,0.999
RPS25A,RPS5,0.999
RPS25A,RPS6A,0.999
RPS25A,RPS6B,0.999
RPS25A,RPS7A,0.999
RPS25A,RPS7B,0.998
RPS25A,RPS8A,0.999
RPS25A,RPS8B,0.999
RPS25A,RPS9A,0.999
RPS25A,RPS9B,0.999
RPS25A,RSM10,0.939
RPS25A,RSM7,0.923
RPS25A,SUI1,0.969
RPS25A,SUI2,0.994
RPS25A,SUI3,0.992
RPS25A,TIF11,0.993
RPS25A,TIF34,0.959
RPS25A,TIF35,0.932
RPS25A,TIF5,0.969
RPS25B,RPS26A,0.999
RPS25B,RPS26B,0.999
RPS25B,RPS27A,0.999
RPS25B,RPS27B,0.999
RPS25B,RPS28A,0.999
RPS25B,RPS28B,0.999
RPS25B,RPS29A,0.999
RPS25B,RPS29B,0.997
RPS25B,RPS3,0.999
RPS25B,RPS30A,0.999
RPS25B,RPS30B,0.999
RPS25B,RPS31,0.999
RPS25B,RPS4A,0.999
RPS25B,RPS4B,0.999
RPS25B,RPS5,0.999
RPS25B,RPS6A,0.999
RPS25B,RPS6B,0.999
RPS25B,RPS7A,0.999
RPS25B,RPS7B,0.998
RPS25B,RPS8A,0.999
RPS25B,RPS8B,0.999
RPS25B,RPS9A,0.999
RPS25B,RPS9B,0.998
RPS25B,RSM10,0.939
RPS25B,RSM7,0.923
RPS25B,SUI2,0.97
RPS25B,SUI3,0.963
RPS25B,TIF11,0.951
RPS26A,RPS26B,0.996
RPS26A,RPS27A,0.999
RPS26A,RPS27B,0.999
RPS26A,RPS28A,0.999
RPS26A,RPS28B,0.999
RPS26A,RPS29A,0.999
RPS26A,RPS29B,0.999
RPS26A,RPS3,0.999
RPS26A,RPS30A,0.999
RPS26A,RPS30B,0.999
RPS26A,RPS31,0.999
RPS26A,RPS4A,0.999
RPS26A,RPS4B,0.999
RPS26A,RPS5,0.999
RPS26A,RPS6A,0.999
RPS26A,RPS6B,0.999
RPS26A,RPS7A,0.999
RPS26A,RPS7B,0.997
RPS26A,RPS8A,0.999
RPS26A,RPS8B,0.999
RPS26A,RPS9A,0.999
RPS26A,RPS9B,0.999
RPS26A,RSM10,0.915
RPS26A,RSM7,0.91
RPS26A,SUI1,0.957
RPS26A,SUI2,0.997
RPS26A,SUI3,0.994
RPS26A,TIF11,0.988
RPS26A,TIF34,0.974
RPS26A,TIF35,0.954
RPS26A,TIF5,0.976
RPS26B,RPS27A,0.999
RPS26B,RPS27B,0.999
RPS26B,RPS28A,0.999
RPS26B,RPS28B,0.999
RPS26B,RPS29A,0.999
RPS26B,RPS29B,0.999
RPS26B,RPS3,0.999
RPS26B,RPS30A,0.999
RPS26B,RPS30B,0.999
RPS26B,RPS31,0.999
RPS26B,RPS4A,0.999
RPS26B,RPS4B,0.999
RPS26B,RPS5,0.999
RPS26B,RPS6A,0.999
RPS26B,RPS6B,0.999
RPS26B,RPS7A,0.999
RPS26B,RPS7B,0.999
RPS26B,RPS8A,0.999
RPS26B,RPS8B,0.999
RPS26B,RPS9A,0.999
RPS26B,RPS9B,0.999
RPS26B,RSM10,0.915
RPS26B,RSM7,0.91
RPS26B,SUI1,0.955
RPS26B,SUI2,0.996
RPS26B,SUI3,0.993
RPS26B,TIF11,0.988
RPS26B,TIF34,0.974
RPS26B,TIF35,0.955
RPS27A,RPS27B,0.989
RPS27A,RPS28A,0.999
RPS27A,RPS28B,0.999
RPS27A,RPS29A,0.999
RPS27A,RPS29B,0.999
RPS27A,RPS3,0.999
RPS27A,RPS30A,0.999
RPS27A,RPS30B,0.999
RPS27A,RPS31,0.999
RPS27A,RPS4A,0.999
RPS27A,RPS4B,0.999
RPS27A,RPS5,0.999
RPS27A,RPS6A,0.999
RPS27A,RPS6B,0.999
RPS27A,RPS7A,0.999
RPS27A,RPS7B,0.999
RPS27A,RPS8A,0.999
RPS27A,RPS8B,0.999
RPS27A,RPS9A,0.999
RPS27A,RPS9B,0.998
RPS27A,RRP6,0.902
RPS27A,RRP7,0.981
RPS27A,RSM10,0.929
RPS27A,RSM7,0.905
RPS27A,SNU13,0.987
RPS27A,SUI1,0.97
RPS27A,SUI2,0.994
RPS27A,SUI3,0.991
RPS27A,TIF11,0.985
RPS27A,TIF34,0.977
RPS27A,TIF35,0.94
RPS27A,TIF5,0.974
RPS27A,UTP10,0.979
RPS27A,UTP13,0.967
RPS27A,UTP15,0.968
RPS27A,UTP18,0.968
RPS27A,UTP21,0.967
RPS27A,UTP22,0.975
RPS27A,UTP4,0.967
RPS27A,UTP6,0.977
RPS27A,UTP9,0.932
RPS27B,RPS28A,0.999
RPS27B,RPS28B,0.999
RPS27B,RPS29A,0.999
RPS27B,RPS29B,0.999
RPS27B,RPS3,0.999
RPS27B,RPS30A,0.999
RPS27B,RPS30B,0.999
RPS27B,RPS31,0.999
RPS27B,RPS4A,0.999
RPS27B,RPS4B,0.999
RPS27B,RPS5,0.999
RPS27B,RPS6A,0.999
RPS27B,RPS6B,0.999
RPS27B,RPS7A,0.999
RPS27B,RPS7B,0.999
RPS27B,RPS8A,0.999
RPS27B,RPS8B,0.999
RPS27B,RPS9A,0.998
RPS27B,RPS9B,0.999
RPS27B,RRP7,0.974
RPS27B,RSM10,0.916
RPS27B,RSM7,0.905
RPS27B,SNU13,0.984
RPS27B,SUI1,0.969
RPS27B,SUI2,0.992
RPS27B,SUI3,0.987
RPS27B,TIF11,0.987
RPS27B,TIF34,0.963
RPS27B,TIF35,0.919
RPS27B,TIF5,0.969
RPS27B,UTP10,0.988
RPS27B,UTP13,0.967
RPS27B,UTP15,0.968
RPS27B,UTP18,0.967
RPS27B,UTP21,0.966
RPS27B,UTP22,0.966
RPS27B,UTP4,0.966
RPS27B,UTP6,0.967
RPS27B,UTP9,0.934
RPS28A,RPS28B,0.994
RPS28A,RPS29A,0.999
RPS28A,RPS29B,0.999
RPS28A,RPS3,0.999
RPS28A,RPS30A,0.999
RPS28A,RPS30B,0.999
RPS28A,RPS31,0.999
RPS28A,RPS4A,0.999
RPS28A,RPS4B,0.999
RPS28A,RPS5,0.999
RPS28A,RPS6A,0.999
RPS28A,RPS6B,0.999
RPS28A,RPS7A,0.999
RPS28A,RPS7B,0.997
RPS28A,RPS8A,0.999
RPS28A,RPS8B,0.999
RPS28A,RPS9A,0.999
RPS28A,RPS9B,0.999
RPS28A,RRP7,0.978
RPS28A,RSM10,0.942
RPS28A,RSM7,0.941
RPS28A,SNU13,0.995
RPS28A,SUI1,0.972
RPS28A,SUI2,0.996
RPS28A,SUI3,0.988
RPS28A,TIF11,0.987
RPS28A,TIF34,0.97
RPS28A,TIF35,0.954
RPS28A,TIF5,0.967
RPS28A,UTP10,0.982
RPS28A,UTP13,0.98
RPS28A,UTP15,0.978
RPS28A,UTP18,0.978
RPS28A,UTP21,0.979
RPS28A,UTP22,0.979
RPS28A,UTP4,0.978
RPS28A,UTP6,0.979
RPS28A,UTP9,0.932
RPS28B,RPS29A,0.999
RPS28B,RPS29B,0.999
RPS28B,RPS3,0.999
RPS28B,RPS30A,0.999
RPS28B,RPS30B,0.999
RPS28B,RPS31,0.999
RPS28B,RPS4A,0.999
RPS28B,RPS4B,0.998
RPS28B,RPS5,0.999
RPS28B,RPS6A,0.999
RPS28B,RPS6B,0.999
RPS28B,RPS7A,0.999
RPS28B,RPS7B,0.998
RPS28B,RPS8A,0.999
RPS28B,RPS8B,0.999
RPS28B,RPS9A,0.999
RPS28B,RPS9B,0.999
RPS28B,RRP7,0.979
RPS28B,RSM10,0.942
RPS28B,RSM7,0.94
RPS28B,SNU13,0.993
RPS28B,SUI1,0.966
RPS28B,SUI2,0.996
RPS28B,SUI3,0.988
RPS28B,TIF11,0.987
RPS28B,TIF34,0.975
RPS28B,TIF35,0.934
RPS28B,TIF5,0.956
RPS28B,UTP10,0.979
RPS28B,UTP13,0.979
RPS28B,UTP15,0.98
RPS28B,UTP18,0.979
RPS28B,UTP21,0.979
RPS28B,UTP22,0.983
RPS28B,UTP4,0.979
RPS28B,UTP6,0.979
RPS28B,UTP9,0.936
RPS29A,RPS29B,0.991
RPS29A,RPS3,0.999
RPS29A,RPS30A,0.999
RPS29A,RPS30B,0.999
RPS29A,RPS31,0.999
RPS29A,RPS4A,0.999
RPS29A,RPS4B,0.999
RPS29A,RPS5,0.999
RPS29A,RPS6A,0.999
RPS29A,RPS6B,0.999
RPS29A,RPS7A,0.999
RPS29A,RPS7B,0.997
RPS29A,RPS8A,0.999
RPS29A,RPS8B,0.999
RPS29A,RPS9A,0.999
RPS29A,RPS9B,0.999
RPS29A,RSM10,0.91
RPS29A,RSM18,0.941
RPS29A,RSM24,0.915
RPS29A,RSM7,0.918
RPS29A,RTC6,0.98
RPS29A,SUI1,0.969
RPS29A,SUI2,0.959
RPS29A,SUI3,0.906
RPS29A,TIF11,0.996
RPS29A,TIF34,0.947
RPS29A,TIF35,0.929
RPS29A,TIF5,0.936
RPS29B,RPS3,0.999
RPS29B,RPS30A,0.999
RPS29B,RPS30B,0.999
RPS29B,RPS31,0.999
RPS29B,RPS4A,0.999
RPS29B,RPS4B,0.998
RPS29B,RPS5,0.999
RPS29B,RPS6A,0.999
RPS29B,RPS6B,0.999
RPS29B,RPS7A,0.999
RPS29B,RPS7B,0.998
RPS29B,RPS8A,0.999
RPS29B,RPS8B,0.999
RPS29B,RPS9A,0.999
RPS29B,RPS9B,0.997
RPS29B,RSM10,0.911
RPS29B,RSM18,0.942
RPS29B,RSM19,0.9
RPS29B,RSM24,0.915
RPS29B,RSM7,0.918
RPS29B,RTC6,0.98
RPS29B,SUI1,0.97
RPS29B,SUI2,0.989
RPS29B,SUI3,0.978
RPS29B,TIF11,0.996
RPS29B,TIF34,0.944
RPS29B,TIF35,0.925
RPS3,RPS30A,0.999
RPS3,RPS30B,0.999
RPS3,RPS31,0.999
RPS3,RPS4A,0.999
RPS3,RPS4B,0.999
RPS3,RPS5,0.999
RPS3,RPS6A,0.999
RPS3,RPS6B,0.999
RPS3,RPS7A,0.999
RPS3,RPS7B,0.999
RPS3,RPS8A,0.999
RPS3,RPS8B,0.999
RPS3,RPS9A,0.999
RPS3,RPS9B,0.999
RPS3,RRN7,0.935
RPS3,RSM10,0.986
RPS3,RSM7,0.987
RPS3,RTC6,0.998
RPS3,SEC61,0.99
RPS3,SKI2,0.959
RPS3,SNU13,0.968
RPS3,SRP54,0.981
RPS3,SSH1,0.988
RPS3,SUI1,0.992
RPS3,SUI2,0.999
RPS3,SUI3,0.998
RPS3,SUP35,0.91
RPS3,SUP45,0.903
RPS3,SWS2,0.979
RPS3,TEF1,0.946
RPS3,TEF2,0.949
RPS3,TEF4,0.982
RPS3,TIF11,0.999
RPS3,TIF34,0.998
RPS3,TIF35,0.999
RPS3,TIF5,0.994
RPS3,UTP10,0.946
RPS3,YML6,0.937
RPS30A,RPS30B,0.995
RPS30A,RPS31,0.999
RPS30A,RPS4A,0.999
RPS30A,RPS4B,0.999
RPS30A,RPS5,0.999
RPS30A,RPS6A,0.999
RPS30A,RPS6B,0.999
RPS30A,RPS7A,0.999
RPS30A,RPS7B,0.996
RPS30A,RPS8A,0.999
RPS30A,RPS8B,0.999
RPS30A,RPS9A,0.999
RPS30A,RPS9B,0.998
RPS30A,RSM10,0.918
RPS30A,RSM7,0.913
RPS30A,SNU13,0.956
RPS30A,SUI1,0.963
RPS30A,SUI2,0.989
RPS30A,SUI3,0.99
RPS30A,TIF11,0.992
RPS30A,TIF34,0.948
RPS30A,TIF35,0.942
RPS30A,TIF5,0.917
RPS30B,RPS31,0.999
RPS30B,RPS4A,0.999
RPS30B,RPS4B,0.999
RPS30B,RPS5,0.999
RPS30B,RPS6A,0.999
RPS30B,RPS6B,0.999
RPS30B,RPS7A,0.999
RPS30B,RPS7B,0.997
RPS30B,RPS8A,0.999
RPS30B,RPS8B,0.999
RPS30B,RPS9A,0.999
RPS30B,RPS9B,0.998
RPS30B,RSM10,0.918
RPS30B,RSM7,0.911
RPS30B,SNU13,0.961
RPS30B,SUI1,0.965
RPS30B,SUI2,0.982
RPS30B,SUI3,0.985
RPS30B,TIF11,0.992
RPS30B,TIF34,0.94
RPS30B,TIF35,0.932
RPS30B,TIF5,0.924
RPS31,RPS4A,0.999
RPS31,RPS4B,0.999
RPS31,RPS5,0.999
RPS31,RPS6A,0.999
RPS31,RPS6B,0.999
RPS31,RPS7A,0.999
RPS31,RPS7B,0.999
RPS31,RPS8A,0.999
RPS31,RPS8B,0.999
RPS31,RPS9A,0.999
RPS31,RPS9B,0.999
RPS31,RPT1,0.976
RPS31,RPT2,0.93
RPS31,RPT3,0.927
RPS31,RPT4,0.934
RPS31,RPT5,0.963
RPS31,RPT6,0.939
RPS31,RRN7,0.94
RPS31,RRP7,0.926
RPS31,RSM7,0.951
RPS31,RSP5,0.995
RPS31,SCL1,0.973
RPS31,SDC1,0.98
RPS31,SET1,0.93
RPS31,SLA1,0.913
RPS31,SNU13,0.957
RPS31,STP22,0.993
RPS31,SUI1,0.986
RPS31,SUI2,0.995
RPS31,SUI3,0.992
RPS31,SUP45,0.922
RPS31,SUS1,0.902
RPS31,SWD1,0.994
RPS31,SWD3,0.921
RPS31,SWS2,0.969
RPS31,TIF11,0.997
RPS31,TIF34,0.967
RPS31,TIF35,0.94
RPS31,UBC13,0.996
RPS31,UBP6,0.992
RPS31,UBP8,0.988
RPS31,UFD1,0.928
RPS31,UTP10,0.933
RPS31,UTP13,0.925
RPS31,UTP18,0.922
RPS31,UTP21,0.925
RPS31,UTP22,0.925
RPS31,VPS27,0.958
RPS31,VPS36,0.949
RPS4A,RPS4B,0.995
RPS4A,RPS5,0.999
RPS4A,RPS6A,0.999
RPS4A,RPS6B,0.999
RPS4A,RPS7A,0.999
RPS4A,RPS7B,0.999
RPS4A,RPS8A,0.999
RPS4A,RPS8B,0.999
RPS4A,RPS9A,0.999
RPS4A,RPS9B,0.999
RPS4A,RRP7,0.988
RPS4A,RSM10,0.933
RPS4A,RSM7,0.936
RPS4A,SNU13,0.989
RPS4A,SUI1,0.966
RPS4A,SUI2,0.987
RPS4A,SUI3,0.972
RPS4A,TEF4,0.927
RPS4A,TIF11,0.99
RPS4A,TIF34,0.977
RPS4A,TIF35,0.941
RPS4A,TIF5,0.93
RPS4A,UTP10,0.988
RPS4A,UTP13,0.989
RPS4A,UTP15,0.989
RPS4A,UTP18,0.988
RPS4A,UTP21,0.989
RPS4A,UTP22,0.99
RPS4A,UTP4,0.989
RPS4A,UTP6,0.988
RPS4A,UTP8,0.953
RPS4A,UTP9,0.979
RPS4B,RPS5,0.999
RPS4B,RPS6A,0.999
RPS4B,RPS6B,0.999
RPS4B,RPS7A,0.999
RPS4B,RPS7B,0.997
RPS4B,RPS8A,0.999
RPS4B,RPS8B,0.999
RPS4B,RPS9A,0.999
RPS4B,RPS9B,0.999
RPS4B,RRP7,0.988
RPS4B,RSM10,0.933
RPS4B,RSM7,0.936
RPS4B,SNU13,0.987
RPS4B,SUI1,0.965
RPS4B,SUI2,0.993
RPS4B,SUI3,0.984
RPS4B,TEF4,0.928
RPS4B,TIF11,0.99
RPS4B,TIF34,0.976
RPS4B,TIF35,0.934
RPS4B,TIF5,0.967
RPS4B,UTP10,0.999
RPS4B,UTP13,0.988
RPS4B,UTP15,0.989
RPS4B,UTP18,0.988
RPS4B,UTP21,0.988
RPS4B,UTP22,0.999
RPS4B,UTP4,0.988
RPS4B,UTP6,0.988
RPS4B,UTP8,0.949
RPS4B,UTP9,0.999
RPS5,RPS6A,0.999
RPS5,RPS6B,0.999
RPS5,RPS7A,0.999
RPS5,RPS7B,0.999
RPS5,RPS8A,0.999
RPS5,RPS8B,0.999
RPS5,RPS9A,0.999
RPS5,RPS9B,0.999
RPS5,RRN7,0.924
RPS5,RRP6,0.924
RPS5,RRP7,0.997
RPS5,RSM10,0.98
RPS5,RSM18,0.958
RPS5,RSM19,0.942
RPS5,RSM23,0.955
RPS5,RSM24,0.946
RPS5,RTC6,0.989
RPS5,SEC61,0.951
RPS5,SNU13,0.997
RPS5,SRP54,0.937
RPS5,SSH1,0.93
RPS5,SUI1,0.977
RPS5,SUI2,0.999
RPS5,SUI3,0.994
RPS5,TEF4,0.919
RPS5,TIF11,0.998
RPS5,TIF34,0.99
RPS5,TIF35,0.988
RPS5,TIF5,0.991
RPS5,UTP10,0.997
RPS5,UTP13,0.996
RPS5,UTP15,0.997
RPS5,UTP18,0.996
RPS5,UTP21,0.997
RPS5,UTP22,0.999
RPS5,UTP4,0.996
RPS5,UTP6,0.997
RPS5,UTP8,0.954
RPS5,UTP9,0.999
RPS5,YML6,0.964
RPS6A,RPS6B,0.991
RPS6A,RPS7A,0.999
RPS6A,RPS7B,0.999
RPS6A,RPS8A,0.999
RPS6A,RPS8B,0.999
RPS6A,RPS9A,0.999
RPS6A,RPS9B,0.999
RPS6A,RRP6,0.919
RPS6A,RRP7,0.996
RPS6A,RSM10,0.937
RPS6A,RSM7,0.947
RPS6A,SNU13,0.999
RPS6A,SUI1,0.967
RPS6A,SUI2,0.991
RPS6A,SUI3,0.985
RPS6A,TIF11,0.987
RPS6A,TIF34,0.972
RPS6A,TIF35,0.944
RPS6A,TIF5,0.952
RPS6A,UTP10,0.998
RPS6A,UTP13,0.998
RPS6A,UTP15,0.997
RPS6A,UTP18,0.997
RPS6A,UTP21,0.998
RPS6A,UTP22,0.998
RPS6A,UTP4,0.998
RPS6A,UTP6,0.997
RPS6A,UTP8,0.983
RPS6A,UTP9,0.993
RPS6B,RPS7A,0.999
RPS6B,RPS7B,0.999
RPS6B,RPS8A,0.999
RPS6B,RPS8B,0.999
RPS6B,RPS9A,0.999
RPS6B,RPS9B,0.999
RPS6B,RRP4,0.911
RPS6B,RRP6,0.963
RPS6B,RRP7,0.997
RPS6B,RSM10,0.937
RPS6B,RSM7,0.947
RPS6B,SKI2,0.909
RPS6B,SNU13,0.999
RPS6B,SUI1,0.967
RPS6B,SUI2,0.996
RPS6B,SUI3,0.994
RPS6B,TIF11,0.986
RPS6B,TIF34,0.982
RPS6B,TIF35,0.976
RPS6B,TIF5,0.979
RPS6B,UTP10,0.998
RPS6B,UTP13,0.998
RPS6B,UTP15,0.998
RPS6B,UTP18,0.998
RPS6B,UTP21,0.998
RPS6B,UTP22,0.998
RPS6B,UTP4,0.998
RPS6B,UTP6,0.998
RPS6B,UTP8,0.987
RPS6B,UTP9,0.995
RPS6B,YML6,0.916
RPS7A,RPS7B,0.985
RPS7A,RPS8A,0.999
RPS7A,RPS8B,0.999
RPS7A,RPS9A,0.999
RPS7A,RPS9B,0.999
RPS7A,RRP4,0.91
RPS7A,RRP6,0.951
RPS7A,RRP7,0.994
RPS7A,RSM10,0.936
RPS7A,RSM7,0.938
RPS7A,SKI2,0.908
RPS7A,SNU13,0.999
RPS7A,SUI1,0.968
RPS7A,SUI2,0.995
RPS7A,SUI3,0.994
RPS7A,TEF4,0.904
RPS7A,TIF11,0.984
RPS7A,TIF34,0.976
RPS7A,TIF35,0.974
RPS7A,TIF5,0.976
RPS7A,UTP10,0.998
RPS7A,UTP13,0.997
RPS7A,UTP15,0.998
RPS7A,UTP18,0.998
RPS7A,UTP21,0.998
RPS7A,UTP22,0.999
RPS7A,UTP4,0.998
RPS7A,UTP6,0.998
RPS7A,UTP8,0.987
RPS7A,UTP9,0.999
RPS7B,RPS8A,0.997
RPS7B,RPS8B,0.998
RPS7B,RPS9A,0.996
RPS7B,RPS9B,0.998
RPS7B,RRP7,0.916
RPS7B,RSM10,0.936
RPS7B,RSM7,0.937
RPS7B,SNU13,0.996
RPS7B,SUI2,0.97
RPS7B,SUI3,0.957
RPS7B,TEF4,0.915
RPS7B,TIF11,0.94
RPS7B,UTP10,0.991
RPS7B,UTP13,0.99
RPS7B,UTP15,0.989
RPS7B,UTP18,0.989
RPS7B,UTP21,0.99
RPS7B,UTP22,0.991
RPS7B,UTP4,0.989
RPS7B,UTP6,0.99
RPS7B,UTP8,0.921
RPS7B,UTP9,0.967
RPS8A,RPS8B,0.988
RPS8A,RPS9A,0.999
RPS8A,RPS9B,0.999
RPS8A,RRP6,0.928
RPS8A,RRP7,0.993
RPS8A,RSM10,0.931
RPS8A,RSM7,0.94
RPS8A,SNU13,0.993
RPS8A,SUI1,0.961
RPS8A,SUI2,0.995
RPS8A,SUI3,0.994
RPS8A,TEF4,0.914
RPS8A,TIF11,0.984
RPS8A,TIF34,0.983
RPS8A,TIF35,0.969
RPS8A,TIF5,0.964
RPS8A,UTP10,0.996
RPS8A,UTP13,0.994
RPS8A,UTP15,0.995
RPS8A,UTP18,0.996
RPS8A,UTP21,0.994
RPS8A,UTP22,0.997
RPS8A,UTP4,0.993
RPS8A,UTP6,0.999
RPS8A,UTP8,0.961
RPS8A,UTP9,0.999
RPS8B,RPS9A,0.999
RPS8B,RPS9B,0.999
RPS8B,RRP7,0.993
RPS8B,RSM10,0.931
RPS8B,RSM7,0.94
RPS8B,SNU13,0.992
RPS8B,SUI1,0.962
RPS8B,SUI2,0.988
RPS8B,SUI3,0.986
RPS8B,TEF4,0.926
RPS8B,TIF11,0.984
RPS8B,TIF34,0.977
RPS8B,TIF35,0.949
RPS8B,TIF5,0.927
RPS8B,UTP10,0.993
RPS8B,UTP13,0.994
RPS8B,UTP15,0.994
RPS8B,UTP18,0.993
RPS8B,UTP21,0.993
RPS8B,UTP22,0.995
RPS8B,UTP4,0.993
RPS8B,UTP6,0.993
RPS8B,UTP8,0.948
RPS8B,UTP9,0.98
RPS9A,RPS9B,0.999
RPS9A,RRP6,0.942
RPS9A,RRP7,0.996
RPS9A,RTC6,0.961
RPS9A,SKI2,0.901
RPS9A,SNU13,0.999
RPS9A,SUI1,0.945
RPS9A,SUI2,0.981
RPS9A,SUI3,0.974
RPS9A,TIF11,0.992
RPS9A,TIF34,0.983
RPS9A,TIF35,0.945
RPS9A,UTP10,0.998
RPS9A,UTP13,0.998
RPS9A,UTP15,0.998
RPS9A,UTP18,0.998
RPS9A,UTP21,0.998
RPS9A,UTP22,0.999
RPS9A,UTP4,0.998
RPS9A,UTP6,0.998
RPS9A,UTP8,0.983
RPS9A,UTP9,0.991
RPS9B,RRP7,0.979
RPS9B,RTC6,0.951
RPS9B,SNU13,0.996
RPS9B,SUI1,0.947
RPS9B,SUI2,0.978
RPS9B,SUI3,0.973
RPS9B,TIF11,0.994
RPS9B,TIF34,0.98
RPS9B,TIF35,0.934
RPS9B,UTP10,0.991
RPS9B,UTP13,0.993
RPS9B,UTP15,0.992
RPS9B,UTP18,0.99
RPS9B,UTP21,0.991
RPS9B,UTP22,0.999
RPS9B,UTP4,0.991
RPS9B,UTP6,0.991
RPS9B,UTP8,0.926
RPS9B,UTP9,0.999
RPT1,RPT2,0.999
RPT1,RPT3,0.999
RPT1,RPT4,0.999
RPT1,RPT5,0.999
RPT1,RPT6,0.999
RPT1,SCL1,0.999
RPT1,SEM1,0.999
RPT1,SLD2,0.965
RPT1,UBP6,0.999
RPT2,RPT3,0.999
RPT2,RPT4,0.999
RPT2,RPT5,0.999
RPT2,RPT6,0.999
RPT2,SCL1,0.999
RPT2,SEM1,0.999
RPT2,SLD2,0.978
RPT2,UBP6,0.999
RPT3,RPT4,0.999
RPT3,RPT5,0.999
RPT3,RPT6,0.999
RPT3,SCL1,0.999
RPT3,SEM1,0.999
RPT3,SLD2,0.939
RPT3,UBP6,0.999
RPT4,RPT5,0.999
RPT4,RPT6,0.999
RPT4,SCL1,0.999
RPT4,SEM1,0.999
RPT4,SLD2,0.926
RPT4,TOR1,0.911
RPT4,TOR2,0.911
RPT4,UBP6,0.999
RPT5,RPT6,0.999
RPT5,SCL1,0.999
RPT5,SEM1,0.999
RPT5,SLD2,0.979
RPT5,UBP6,0.999
RPT6,SCL1,0.999
RPT6,SEM1,0.999
RPT6,SLD2,0.971
RPT6,TOR1,0.916
RPT6,TOR2,0.915
RPT6,UBP6,0.999
RRD1,RRD2,0.972
RRD1,SIT4,0.995
RRD1,TAP42,0.983
RRD1,TPD3,0.974
RRD2,SIT4,0.99
RRD2,TAP42,0.958
RRD2,TPD3,0.998
RRI1,RRI2,0.999
RRI1,SKP1,0.958
RRI1,UBA3,0.926
RRI1,UBP6,0.911
RRN10,RRN11,0.983
RRN10,RRN5,0.999
RRN10,RRN6,0.987
RRN10,RRN7,0.987
RRN10,RRN9,0.999
RRN10,SPT15,0.982
RRN10,UAF30,0.999
RRN11,RRN5,0.983
RRN11,RRN6,0.999
RRN11,RRN7,0.999
RRN11,RRN9,0.99
RRN11,SPT15,0.956
RRN11,UAF30,0.979
RRN5,RRN6,0.992
RRN5,RRN7,0.993
RRN5,RRN9,0.999
RRN5,SPT15,0.958
RRN5,UAF30,0.999
RRN6,RRN7,0.999
RRN6,RRN9,0.99
RRN6,SPT15,0.964
RRN6,UAF30,0.983
RRN7,RRN9,0.995
RRN7,SPT15,0.996
RRN7,UAF30,0.98
RRN9,SPT15,0.991
RRN9,UAF30,0.999
RRP4,RRP40,0.999
RRP4,RRP42,0.999
RRP4,RRP43,0.999
RRP4,RRP45,0.999
RRP4,RRP46,0.999
RRP4,RRP6,0.999
RRP4,RRP7,0.93
RRP4,SKI2,0.914
RRP4,SKI6,0.999
RRP4,SNU13,0.917
RRP4,SUV3,0.901
RRP4,UTP10,0.912
RRP4,UTP13,0.931
RRP4,UTP15,0.927
RRP4,UTP18,0.913
RRP4,UTP21,0.915
RRP4,UTP22,0.915
RRP4,UTP4,0.917
RRP4,UTP6,0.92
RRP4,UTP9,0.922
RRP40,RRP42,0.999
RRP40,RRP43,0.999
RRP40,RRP45,0.999
RRP40,RRP46,0.999
RRP40,RRP6,0.999
RRP40,RRP7,0.905
RRP40,SKI2,0.937
RRP40,SKI6,0.999
RRP40,SUV3,0.9
RRP40,UTP10,0.901
RRP40,UTP15,0.906
RRP40,UTP18,0.918
RRP40,UTP21,0.905
RRP40,UTP4,0.902
RRP40,UTP6,0.903
RRP42,RRP43,0.999
RRP42,RRP45,0.999
RRP42,RRP46,0.999
RRP42,RRP6,0.999
RRP42,RRP7,0.902
RRP42,SKI2,0.931
RRP42,SKI6,0.999
RRP42,SNU13,0.923
RRP42,SUV3,0.91
RRP42,UTP10,0.918
RRP42,UTP13,0.938
RRP42,UTP15,0.902
RRP42,UTP18,0.922
RRP42,UTP21,0.911
RRP42,UTP4,0.905
RRP43,RRP45,0.999
RRP43,RRP46,0.999
RRP43,RRP6,0.999
RRP43,RRP7,0.902
RRP43,SKI2,0.931
RRP43,SKI6,0.999
RRP43,SNU13,0.924
RRP43,SUV3,0.903
RRP43,UTP10,0.92
RRP43,UTP13,0.903
RRP43,UTP18,0.913
RRP43,UTP21,0.902
RRP43,UTP22,0.911
RRP43,UTP4,0.922
RRP43,UTP6,0.914
RRP45,RRP46,0.999
RRP45,RRP6,0.999
RRP45,RRP7,0.937
RRP45,SKI2,0.977
RRP45,SKI3,0.953
RRP45,SKI6,0.999
RRP45,SUV3,0.9
RRP45,UTP10,0.978
RRP45,UTP13,0.911
RRP45,UTP15,0.911
RRP45,UTP18,0.918
RRP45,UTP21,0.919
RRP45,UTP22,0.974
RRP45,UTP4,0.924
RRP45,UTP6,0.935
RRP45,UTP9,0.902
RRP46,RRP6,0.999
RRP46,SKI2,0.921
RRP46,SKI6,0.999
RRP46,SNU13,0.911
RRP46,SUV3,0.912
RRP46,UTP10,0.911
RRP46,UTP13,0.926
RRP46,UTP15,0.906
RRP46,UTP18,0.925
RRP46,UTP22,0.939
RRP46,UTP4,0.909
RRP46,UTP6,0.916
RRP6,RRP7,0.976
RRP6,SKI2,0.953
RRP6,SKI3,0.922
RRP6,SKI6,0.999
RRP6,SNU13,0.956
RRP6,SUB2,0.905
RRP6,SUV3,0.914
RRP6,UTP10,0.983
RRP6,UTP13,0.982
RRP6,UTP15,0.968
RRP6,UTP18,0.992
RRP6,UTP21,0.984
RRP6,UTP22,0.979
RRP6,UTP4,0.982
RRP6,UTP6,0.98
RRP6,UTP8,0.919
RRP6,UTP9,0.956
RRP7,SKI6,0.903
RRP7,SNU13,0.993
RRP7,UTP10,0.999
RRP7,UTP13,0.999
RRP7,UTP15,0.998
RRP7,UTP18,0.999
RRP7,UTP21,0.999
RRP7,UTP22,0.999
RRP7,UTP4,0.999
RRP7,UTP6,0.999
RRP7,UTP8,0.999
RRP7,UTP9,0.999
RSA3,URB1,0.99
RSA3,URB2,0.994
RSC1,RSC2,0.997
RSC1,RSC3,0.997
RSC1,RSC30,0.997
RSC1,RSC4,0.999
RSC1,RSC58,0.999
RSC1,RSC6,0.998
RSC1,RSC8,0.999
RSC1,RSC9,0.998
RSC1,RTT102,0.99
RSC1,SFH1,0.996
RSC1,SNF5,0.926
RSC1,STH1,0.999
RSC2,RSC3,0.999
RSC2,RSC30,0.999
RSC2,RSC4,0.999
RSC2,RSC58,0.999
RSC2,RSC6,0.999
RSC2,RSC8,0.999
RSC2,RSC9,0.999
RSC2,RTT102,0.999
RSC2,SFH1,0.999
RSC2,SNF5,0.921
RSC2,STH1,0.999
RSC3,RSC30,0.999
RSC3,RSC4,0.999
RSC3,RSC58,0.999
RSC3,RSC6,0.999
RSC3,RSC8,0.999
RSC3,RSC9,0.999
RSC3,RTT102,0.995
RSC3,SFH1,0.998
RSC3,STH1,0.999
RSC30,RSC4,0.998
RSC30,RSC58,0.999
RSC30,RSC6,0.995
RSC30,RSC8,0.999
RSC30,RSC9,0.998
RSC30,RTT102,0.997
RSC30,SFH1,0.987
RSC30,STH1,0.998
RSC4,RSC58,0.999
RSC4,RSC6,0.999
RSC4,RSC8,0.999
RSC4,RSC9,0.999
RSC4,RTT102,0.998
RSC4,SFH1,0.999
RSC4,STH1,0.999
RSC58,RSC6,0.999
RSC58,RSC8,0.999
RSC58,RSC9,0.999
RSC58,RTT102,0.999
RSC58,SFH1,0.997
RSC58,STH1,0.999
RSC6,RSC8,0.999
RSC6,RSC9,0.999
RSC6,RTT102,0.999
RSC6,SFH1,0.999
RSC6,SNF2,0.962
RSC6,SNF5,0.959
RSC6,SNZ1,0.92
RSC6,STH1,0.999
RSC6,SWI3,0.944
RSC8,RSC9,0.999
RSC8,RTT102,0.998
RSC8,SFH1,0.999
RSC8,SNF12,0.962
RSC8,SNF2,0.987
RSC8,SNF5,0.97
RSC8,STH1,0.999
RSC9,RTT102,0.995
RSC9,SFH1,0.999
RSC9,STH1,0.999
RSE1,SMB1,0.999
RSE1,SMD1,0.999
RSE1,SMD2,0.999
RSE1,SMD3,0.996
RSE1,SME1,0.999
RSE1,SMX2,0.999
RSE1,SMX3,0.999
RSE1,SNP1,0.994
RSE1,SNU114,0.999
RSE1,SNU13,0.951
RSE1,SNU23,0.943
RSE1,SNU56,0.999
RSE1,SNU66,0.999
RSE1,SNU71,0.999
RSE1,SPP381,0.972
RSE1,SPT3,0.962
RSE1,STO1,0.964
RSE1,SYF1,0.998
RSE1,SYF2,0.984
RSE1,TAF10,0.939
RSE1,TAF9,0.93
RSE1,TRA1,0.92
RSE1,YHC1,0.997
RSE1,YSF3,0.999
RSM10,RSM18,0.999
RSM10,RSM19,0.999
RSM10,RSM22,0.999
RSM10,RSM23,0.999
RSM10,RSM24,0.999
RSM10,RSM25,0.998
RSM10,RSM26,0.998
RSM10,RSM27,0.999
RSM10,RSM7,0.999
RSM10,RTC6,0.998
RSM10,SEC61,0.911
RSM10,SRP54,0.927
RSM10,SSH1,0.911
RSM10,SUI2,0.953
RSM10,SWS2,0.998
RSM10,TIF11,0.986
RSM10,VAR1,0.996
RSM10,YML6,0.997
RSM18,RSM19,0.999
RSM18,RSM22,0.998
RSM18,RSM23,0.999
RSM18,RSM24,0.999
RSM18,RSM25,0.999
RSM18,RSM26,0.999
RSM18,RSM27,0.999
RSM18,RSM7,0.999
RSM18,RTC6,0.998
RSM18,SWS2,0.998
RSM18,VAR1,0.985
RSM18,YML6,0.996
RSM19,RSM22,0.994
RSM19,RSM23,0.998
RSM19,RSM24,0.998
RSM19,RSM25,0.995
RSM19,RSM26,0.996
RSM19,RSM27,0.999
RSM19,RSM7,0.999
RSM19,RTC6,0.996
RSM19,SWS2,0.999
RSM19,VAR1,0.979
RSM19,YML6,0.991
RSM22,RSM23,0.999
RSM22,RSM24,0.998
RSM22,RSM25,0.992
RSM22,RSM26,0.99
RSM22,RSM27,0.996
RSM22,RSM7,0.999
RSM22,SWS2,0.98
RSM22,VAR1,0.989
RSM23,RSM24,0.999
RSM23,RSM25,0.998
RSM23,RSM26,0.999
RSM23,RSM27,0.999
RSM23,RSM7,0.999
RSM23,RTC6,0.992
RSM23,SWS2,0.996
RSM23,VAR1,0.987
RSM23,YML6,0.996
RSM24,RSM25,0.999
RSM24,RSM26,0.998
RSM24,RSM27,0.999
RSM24,RSM7,0.999
RSM24,RTC6,0.994
RSM24,SWS2,0.993
RSM24,VAR1,0.995
RSM24,YML6,0.998
RSM25,RSM26,0.999
RSM25,RSM27,0.998
RSM25,RSM7,0.999
RSM25,RTC6,0.93
RSM25,SWS2,0.997
RSM25,VAR1,0.988
RSM25,YML6,0.946
RSM26,RSM27,0.997
RSM26,RSM7,0.996
RSM26,RTC6,0.926
RSM26,SOD1,0.949
RSM26,SWS2,0.995
RSM26,VAR1,0.982
RSM26,YML6,0.966
RSM27,RSM7,0.998
RSM27,RTC6,0.993
RSM27,SWS2,0.994
RSM27,VAR1,0.994
RSM27,YML6,0.988
RSM7,RTC6,0.998
RSM7,SEC61,0.927
RSM7,SRP54,0.938
RSM7,SSH1,0.927
RSM7,SUI2,0.927
RSM7,SWS2,0.998
RSM7,TIF11,0.987
RSM7,VAR1,0.992
RSM7,YML6,0.997
RSP5,RVS167,0.918
RSP5,UBP3,0.912
RSP5,VPS27,0.914
RTC6,SEC61,0.916
RTC6,SRP54,0.952
RTC6,SSH1,0.916
RTC6,SWS2,0.995
RTC6,TIF11,0.968
RTC6,YML6,0.998
RTF1,SET1,0.926
RTF1,SKI8,0.993
RTF1,SPT16,0.999
RTF1,SPT4,0.998
RTF1,SPT5,0.999
RTG1,RTG2,0.994
RTG1,RTG3,0.999
RTG2,RTG3,0.946
RTS1,SIT4,0.922
RTS1,TPD3,0.999
RTT102,SFH1,0.996
RTT102,SNF11,0.983
RTT102,SNF12,0.994
RTT102,SNF2,0.998
RTT102,SNF5,0.993
RTT102,SNF6,0.999
RTT102,STH1,0.999
RTT102,SWI1,0.997
RTT102,SWI3,0.996
RTT102,SWP82,0.998
RTT102,TAF14,0.973
RTT103,SSU72,0.927
RTT109,VPS75,0.999
RVB1,RVB2,0.999
RVB1,SAS2,0.9
RVB1,SHQ1,0.919
RVB1,SWC3,0.991
RVB1,SWC4,0.999
RVB1,SWC5,0.998
RVB1,SWC7,0.997
RVB1,SWR1,0.999
RVB1,TAF14,0.996
RVB1,TRA1,0.993
RVB1,VPS71,0.999
RVB1,VPS72,0.999
RVB1,YAF9,0.999
RVB1,YNG2,0.912
RVB2,SWC3,0.986
RVB2,SWC4,0.999
RVB2,SWC5,0.997
RVB2,SWC7,0.996
RVB2,SWR1,0.999
RVB2,TAF14,0.995
RVB2,TRA1,0.989
RVB2,VPS71,0.999
RVB2,VPS72,0.999
RVB2,YAF9,0.998
RVS161,RVS167,0.999
RVS161,SLA1,0.927
RVS167,SLA1,0.976
RXT2,RXT3,0.999
RXT2,SAP30,0.996
RXT2,SDS3,0.999
RXT2,SET3,0.904
RXT2,SIN3,0.99
RXT2,UME1,0.999
RXT2,UME6,0.98
RXT3,SAP30,0.987
RXT3,SDS3,0.996
RXT3,SIN3,0.994
RXT3,UME1,0.997
RXT3,UME6,0.988
SAC3,SEM1,0.999
SAC3,SUB2,0.915
SAC3,SUS1,0.999
SAC3,THO2,0.917
SAC3,THP1,0.999
SAC3,YJR084W,0.913
SAC3,YRA1,0.918
SAM35,SAM37,0.999
SAM35,SAM50,0.999
SAM35,TOM20,0.984
SAM35,TOM22,0.998
SAM35,TOM40,0.999
SAM35,TOM5,0.995
SAM35,TOM6,0.982
SAM35,TOM7,0.988
SAM35,TOM70,0.982
SAM37,SAM50,0.999
SAM37,TIM8,0.91
SAM37,TOM20,0.996
SAM37,TOM22,0.999
SAM37,TOM40,0.999
SAM37,TOM5,0.998
SAM37,TOM6,0.997
SAM37,TOM7,0.996
SAM37,TOM70,0.996
SAM50,TOM20,0.993
SAM50,TOM22,0.999
SAM50,TOM40,0.999
SAM50,TOM5,0.996
SAM50,TOM6,0.989
SAM50,TOM7,0.993
SAM50,TOM70,0.995
SAP155,SAP185,0.934
SAP155,SAP190,0.942
SAP155,SIT4,0.999
SAP185,SAP190,0.961
SAP185,SIT4,0.999
SAP190,SIT4,0.999
SAP30,SDS3,0.997
SAP30,SIN3,0.998
SAP30,UME1,0.995
SAP30,UME6,0.969
SAR1,SEC13,0.999
SAR1,SEC16,0.989
SAR1,SEC23,0.999
SAR1,SEC24,0.999
SAR1,SEC31,0.999
SAR1,SFB3,0.983
SAS2,SAS4,0.999
SAS2,SAS5,0.999
SAS2,SIR2,0.971
SAS2,SIR3,0.954
SAS2,SIR4,0.902
SAS2,SWC4,0.979
SAS2,TRA1,0.969
SAS2,YAF9,0.958
SAS2,YNG2,0.977
SAS3,TAF14,0.996
SAS3,YNG1,0.998
SAS4,SAS5,0.999
SAS4,SWC4,0.923
SAS4,TRA1,0.9
SAS4,YAF9,0.9
SAS4,YNG2,0.92
SAS5,SWC4,0.98
SAS5,TRA1,0.939
SAS5,YAF9,0.999
SAS5,YNG2,0.927
SBH1,SBH2,0.999
SBH1,SEC61,0.999
SBH1,SEC62,0.999
SBH1,SEC63,0.998
SBH1,SEC66,0.999
SBH1,SEC72,0.999
SBH1,SSH1,0.999
SBH1,SSS1,0.999
SBH1,STT3,0.998
SBH1,WBP1,0.998
SBH2,SEC61,0.999
SBH2,SEC62,0.969
SBH2,SEC66,0.923
SBH2,SEC72,0.924
SBH2,SSH1,0.999
SBH2,SSS1,0.999
SBH2,STT3,0.998
SBH2,WBP1,0.998
SCC2,SCC4,0.998
SCC2,SMC1,0.999
SCC2,SMC3,0.999
SCC2,SMC5,0.916
SCC4,SMC3,0.943
SCL1,SEM1,0.966
SCL1,SLD2,0.939
SCL1,UBP6,0.996
SDC1,SET1,0.999
SDC1,SHG1,0.999
SDC1,SPP1,0.999
SDC1,SWD1,0.999
SDC1,SWD2,0.999
SDC1,SWD3,0.999
SDH1,SDH2,0.999
SDH1,SDH3,0.998
SDH1,SDH4,0.999
SDH1,TIM18,0.944
SDH2,SDH3,0.999
SDH2,SDH4,0.999
SDH2,TIM18,0.994
SDH3,SDH4,0.999
SDH3,TIM10,0.957
SDH3,TIM12,0.994
SDH3,TIM18,0.999
SDH3,TIM22,0.989
SDH3,TIM54,0.998
SDH3,TIM9,0.986
SDS3,SIN3,0.999
SDS3,UME1,0.998
SDS3,UME6,0.989
SEC10,SEC15,0.999
SEC10,SEC3,0.999
SEC10,SEC4,0.984
SEC10,SEC5,0.999
SEC10,SEC6,0.999
SEC10,SEC8,0.999
SEC10,SEC9,0.974
SEC11,SPC1,0.999
SEC11,SPC2,0.999
SEC11,SPC3,0.999
SEC13,SEC16,0.999
SEC13,SEC21,0.92
SEC13,SEC23,0.999
SEC13,SEC24,0.999
SEC13,SEC28,0.948
SEC13,SEC31,0.999
SEC13,SEH1,0.999
SEC13,SFB3,0.999
SEC15,SEC3,0.999
SEC15,SEC4,0.999
SEC15,SEC5,0.999
SEC15,SEC6,0.999
SEC15,SEC8,0.999
SEC15,SEC9,0.986
SEC15,SRO7,0.962
SEC16,SEC23,0.998
SEC16,SEC24,0.998
SEC16,SEC31,0.998
SEC16,SFB3,0.986
SEC20,SEC39,0.998
SEC20,SEC9,0.955
SEC20,SNC1,0.946
SEC20,SSO1,0.932
SEC20,TIP20,0.999
SEC20,UFE1,0.999
SEC20,USE1,0.999
SEC20,VAM3,0.944
SEC21,SEC23,0.928
SEC21,SEC26,0.999
SEC21,SEC27,0.999
SEC21,SEC28,0.999
SEC23,SEC24,0.999
SEC23,SEC31,0.999
SEC23,SEC61,0.904
SEC23,SFB3,0.999
SEC23,TRS33,0.905
SEC24,SEC31,0.999
SEC24,SFB3,0.993
SEC26,SEC27,0.999
SEC26,SEC28,0.999
SEC26,SEC31,0.903
SEC27,SEC28,0.999
SEC3,SEC4,0.989
SEC3,SEC5,0.999
SEC3,SEC6,0.999
SEC3,SEC8,0.999
SEC3,SEC9,0.975
SEC3,SRO7,0.933
SEC31,SFB3,0.998
SEC39,TIP20,0.999
SEC39,UFE1,0.998
SEC39,USE1,0.995
SEC4,SEC5,0.985
SEC4,SEC6,0.993
SEC4,SEC8,0.986
SEC4,SEC9,0.993
SEC4,SRO7,0.988
SEC4,SSO1,0.954
SEC4,VPS16,0.995
SEC5,SEC6,0.999
SEC5,SEC8,0.999
SEC5,SEC9,0.952
SEC6,SEC8,0.999
SEC6,SEC9,0.999
SEC6,SNC1,0.926
SEC61,SEC62,0.999
SEC61,SEC63,0.999
SEC61,SEC66,0.999
SEC61,SEC72,0.999
SEC61,SRP101,0.962
SEC61,SRP102,0.911
SEC61,SRP54,0.942
SEC61,SSH1,0.999
SEC61,SSS1,0.999
SEC61,STT3,0.999
SEC61,SWP1,0.999
SEC61,WBP1,0.999
SEC62,SEC63,0.999
SEC62,SEC66,0.999
SEC62,SEC72,0.999
SEC62,SSS1,0.999
SEC63,SEC66,0.999
SEC63,SEC72,0.999
SEC63,SSS1,0.999
SEC65,SRP101,0.991
SEC65,SRP102,0.976
SEC65,SRP14,0.999
SEC65,SRP21,0.999
SEC65,SRP54,0.999
SEC65,SRP68,0.999
SEC65,SRP72,0.999
SEC66,SEC72,0.999
SEC66,SSS1,0.999
SEC72,SSS1,0.999
SEC8,SEC9,0.98
SEC8,SRO7,0.943
SEC9,SNC1,0.999
SEC9,SRO7,0.999
SEC9,SSO1,0.999
SEC9,UFE1,0.985
SEC9,USE1,0.966
SEC9,VAM3,0.985
SEC9,VAM7,0.933
SEM1,SUS1,0.996
SEM1,THP1,0.999
SEM1,UBP6,0.997
SEM1,YJR084W,0.999
SEN15,SEN2,0.998
SEN15,SEN34,0.999
SEN15,SEN54,0.999
SEN2,SEN34,0.999
SEN2,SEN54,0.999
SEN34,SEN54,0.999
SET1,SHG1,0.998
SET1,SIR2,0.954
SET1,SPP1,0.999
SET1,SWD1,0.999
SET1,SWD2,0.999
SET1,SWD3,0.999
SET3,SIF2,0.999
SET3,SNT1,0.999
SFH1,STH1,0.999
SGF11,SGF29,0.999
SGF11,SGF73,0.999
SGF11,SPT20,0.997
SGF11,SPT3,0.995
SGF11,SPT7,0.999
SGF11,SPT8,0.999
SGF11,SUS1,0.999
SGF11,TAF10,0.999
SGF11,TAF12,0.999
SGF11,TAF5,0.999
SGF11,TAF6,0.999
SGF11,TAF9,0.999
SGF11,TRA1,0.998
SGF11,UBP8,0.999
SGF29,SGF73,0.999
SGF29,SPT20,0.996
SGF29,SPT3,0.999
SGF29,SPT7,0.999
SGF29,SPT8,0.998
SGF29,SUS1,0.999
SGF29,TAF10,0.999
SGF29,TAF12,0.999
SGF29,TAF5,0.999
SGF29,TAF6,0.999
SGF29,TAF9,0.999
SGF29,TRA1,0.999
SGF29,TRM8,0.92
SGF29,UBP8,0.999
SGF29,ZUO1,0.912
SGF73,SPT15,0.952
SGF73,SPT20,0.999
SGF73,SPT3,0.999
SGF73,SPT7,0.999
SGF73,SPT8,0.998
SGF73,SUS1,0.999
SGF73,TAF10,0.999
SGF73,TAF12,0.999
SGF73,TAF5,0.999
SGF73,TAF6,0.999
SGF73,TAF9,0.999
SGF73,TRA1,0.999
SGF73,UBP8,0.999
SGS1,SLX1,0.988
SGS1,SLX4,0.989
SGS1,SLX5,0.966
SGS1,SLX8,0.966
SGS1,SMC5,0.982
SGS1,SMC6,0.981
SGS1,SPO11,0.951
SGS1,TOF1,0.98
SGS1,TOP3,0.999
SGS1,YKU70,0.995
SGS1,YKU80,0.952
SGT1,SKP1,0.997
SGV1,SPT4,0.97
SGV1,SPT5,0.997
SHG1,SPP1,0.999
SHG1,SWD1,0.999
SHG1,SWD2,0.999
SHG1,SWD3,0.999
SIF2,SNT1,0.999
SIF2,SUM1,0.936
SIN3,TOR1,0.913
SIN3,TOR2,0.913
SIN3,UME1,0.998
SIN3,UME6,0.999
SIN4,SOH1,0.996
SIN4,SRB2,0.992
SIN4,SRB4,0.997
SIN4,SRB5,0.997
SIN4,SRB6,0.994
SIN4,SRB7,0.997
SIN4,SRB8,0.995
SIN4,SSN2,0.995
SIN4,SSN3,0.977
SIN4,SSN8,0.999
SIN4,TAF14,0.97
SIP1,SIP2,0.998
SIP1,SNF1,0.999
SIP1,SNF4,0.999
SIP2,SNF1,0.999
SIP2,SNF4,0.999
SIR2,SIR3,0.999
SIR2,SIR4,0.999
SIR2,SUM1,0.984
SIR2,YKU70,0.932
SIR3,SIR4,0.999
SIR3,SUM1,0.934
SIR3,YKU70,0.943
SIR3,YKU80,0.945
SIR4,YKU70,0.997
SIR4,YKU80,0.999
SIT4,SNF1,0.91
SIT4,TAP42,0.999
SIT4,TPD3,0.997
SKI2,SKI3,0.999
SKI2,SKI6,0.966
SKI2,SKI8,0.999
SKI3,SKI6,0.93
SKI3,SKI8,0.999
SKI6,SNU13,0.915
SKI6,SUV3,0.9
SKI6,UTP10,0.956
SKI6,UTP13,0.931
SKI6,UTP15,0.916
SKI6,UTP18,0.905
SKI6,UTP21,0.9
SKI6,UTP4,0.914
SKI6,UTP6,0.902
SKI8,SPO11,0.992
SKI8,SPT5,0.972
SKO1,TUP1,0.997
SLD2,SLD5,0.992
SLD5,SPT16,0.983
SLD5,TOF1,0.999
SLM1,SLM2,0.996
SLM1,TOR2,0.994
SLM1,TSC11,0.997
SLX1,SLX4,0.999
SLX1,TOP3,0.946
SLX5,SLX8,0.999
SLX5,SWM1,0.903
SLX8,SWM1,0.904
SMB1,SMD1,0.999
SMB1,SMD2,0.999
SMB1,SMD3,0.999
SMB1,SME1,0.999
SMB1,SMX2,0.999
SMB1,SMX3,0.999
SMB1,SNP1,0.999
SMB1,SNT309,0.999
SMB1,SNU114,0.999
SMB1,SNU13,0.996
SMB1,SNU23,0.998
SMB1,SNU56,0.999
SMB1,SNU66,0.999
SMB1,SNU71,0.999
SMB1,SPP381,0.998
SMB1,SPP382,0.966
SMB1,STO1,0.999
SMB1,SYF1,0.999
SMB1,SYF2,0.996
SMB1,YHC1,0.999
SMB1,YSF3,0.997
SMC1,SMC3,0.999
SMC1,YCG1,0.982
SMC1,YCS4,0.982
SMC2,SMC3,0.923
SMC2,SMC4,0.999
SMC2,YCG1,0.999
SMC2,YCS4,0.999
SMC3,SMC4,0.917
SMC3,SMC5,0.979
SMC3,SMC6,0.985
SMC3,SPO11,0.906
SMC3,YCG1,0.989
SMC3,YCS4,0.987
SMC4,SMC5,0.925
SMC4,SMC6,0.943
SMC4,YCG1,0.999
SMC4,YCS4,0.999
SMC5,SMC6,0.999
SMC5,TOP3,0.944
SMC5,YCS4,0.924
SMC6,TOP3,0.949
SMC6,YCS4,0.918
SMD1,SMD2,0.999
SMD1,SMD3,0.999
SMD1,SME1,0.999
SMD1,SMX2,0.999
SMD1,SMX3,0.999
SMD1,SNP1,0.999
SMD1,SNU114,0.999
SMD1,SNU13,0.994
SMD1,SNU23,0.992
SMD1,SNU56,0.998
SMD1,SNU66,0.999
SMD1,SNU71,0.997
SMD1,SPP381,0.981
SMD1,STO1,0.997
SMD1,SYF1,0.999
SMD1,SYF2,0.994
SMD1,YHC1,0.999
SMD1,YSF3,0.996
SMD2,SMD3,0.999
SMD2,SME1,0.999
SMD2,SMX2,0.999
SMD2,SMX3,0.999
SMD2,SNP1,0.999
SMD2,SNT309,0.999
SMD2,SNU114,0.999
SMD2,SNU13,0.995
SMD2,SNU23,0.994
SMD2,SNU56,0.992
SMD2,SNU66,0.999
SMD2,SNU71,0.996
SMD2,SPP381,0.982
SMD2,STO1,0.998
SMD2,SYF1,0.999
SMD2,SYF2,0.993
SMD2,YHC1,0.999
SMD2,YSF3,0.997
SMD3,SME1,0.999
SMD3,SMX2,0.999
SMD3,SMX3,0.999
SMD3,SNP1,0.999
SMD3,SNT309,0.999
SMD3,SNU114,0.999
SMD3,SNU13,0.999
SMD3,SNU23,0.999
SMD3,SNU56,0.998
SMD3,SNU66,0.999
SMD3,SNU71,0.998
SMD3,SPP381,0.98
SMD3,STO1,0.996
SMD3,SYF1,0.999
SMD3,SYF2,0.992
SMD3,TOR1,0.9
SMD3,TOR2,0.9
SMD3,YHC1,0.999
SMD3,YSF3,0.987
SME1,SMX2,0.999
SME1,SMX3,0.999
SME1,SNP1,0.999
SME1,SNU114,0.999
SME1,SNU13,0.995
SME1,SNU23,0.994
SME1,SNU56,0.986
SME1,SNU66,0.999
SME1,SNU71,0.99
SME1,SPP381,0.989
SME1,STO1,0.981
SME1,SYF1,0.999
SME1,SYF2,0.997
SME1,YHC1,0.999
SME1,YSF3,0.997
SMX2,SMX3,0.999
SMX2,SNP1,0.999
SMX2,SNT309,0.999
SMX2,SNU114,0.999
SMX2,SNU13,0.995
SMX2,SNU23,0.992
SMX2,SNU56,0.995
SMX2,SNU66,0.999
SMX2,SNU71,0.996
SMX2,SPP381,0.981
SMX2,SPP382,0.939
SMX2,STO1,0.984
SMX2,SYF1,0.999
SMX2,SYF2,0.996
SMX2,YHC1,0.999
SMX2,YSF3,0.997
SMX3,SNP1,0.999
SMX3,SNT309,0.999
SMX3,SNU114,0.999
SMX3,SNU13,0.996
SMX3,SNU23,0.994
SMX3,SNU56,0.993
SMX3,SNU66,0.999
SMX3,SNU71,0.996
SMX3,SPP381,0.98
SMX3,SPP382,0.96
SMX3,STO1,0.985
SMX3,SYF1,0.992
SMX3,SYF2,0.947
SMX3,YHC1,0.999
SMX3,YSF3,0.999
SNC1,SNX4,0.987
SNC1,SSO1,0.999
SNC1,UFE1,0.968
SNC1,USE1,0.945
SNC1,VAM3,0.976
SNF1,SNF4,0.999
SNF11,SNF12,0.998
SNF11,SNF2,0.999
SNF11,SNF5,0.998
SNF11,SNF6,0.999
SNF11,SWI1,0.996
SNF11,SWI3,0.997
SNF11,SWP82,0.996
SNF11,TAF14,0.996
SNF12,SNF2,0.999
SNF12,SNF5,0.999
SNF12,SNF6,0.999
SNF12,SNZ1,0.921
SNF12,STH1,0.956
SNF12,SWI1,0.999
SNF12,SWI3,0.999
SNF12,SWP82,0.999
SNF12,TAF14,0.998
SNF2,SNF5,0.999
SNF2,SNF6,0.999
SNF2,SWI1,0.999
SNF2,SWI3,0.999
SNF2,SWP82,0.999
SNF2,TAF14,0.998
SNF4,TOR1,0.934
SNF4,TOR2,0.917
SNF5,SNF6,0.999
SNF5,STH1,0.967
SNF5,SWI1,0.999
SNF5,SWI3,0.999
SNF5,SWP82,0.999
SNF5,TAF14,0.999
SNF6,SWD1,0.935
SNF6,SWI1,0.999
SNF6,SWI3,0.999
SNF6,SWP82,0.999
SNF6,TAF14,0.999
SNF7,SNF8,0.999
SNF7,SRN2,0.986
SNF7,STP22,0.998
SNF7,VPS20,0.999
SNF7,VPS24,0.999
SNF7,VPS25,0.999
SNF7,VPS27,0.987
SNF7,VPS28,0.999
SNF7,VPS36,0.999
SNF8,SRN2,0.986
SNF8,STP22,0.997
SNF8,VPS20,0.999
SNF8,VPS24,0.998
SNF8,VPS25,0.999
SNF8,VPS27,0.952
SNF8,VPS28,0.999
SNF8,VPS36,0.999
SNO1,SNZ1,0.999
SNP1,SNU114,0.95
SNP1,SNU56,0.999
SNP1,SNU66,0.998
SNP1,SNU71,0.999
SNP1,STO1,0.995
SNP1,SYF1,0.952
SNP1,SYF2,0.904
SNP1,YHC1,0.999
SNP1,YSF3,0.924
SNT1,SUM1,0.913
SNT309,SNU114,0.999
SNT309,SYF1,0.999
SNT309,SYF2,0.999
SNU114,SNU13,0.998
SNU114,SNU23,0.998
SNU114,SNU66,0.999
SNU114,SPP381,0.998
SNU114,SPP382,0.996
SNU114,SYF1,0.999
SNU114,SYF2,0.999
SNU114,YHC1,0.943
SNU114,YSF3,0.949
SNU13,SNU23,0.996
SNU13,SNU66,0.999
SNU13,SPP381,0.985
SNU13,UTP10,0.999
SNU13,UTP13,0.999
SNU13,UTP15,0.999
SNU13,UTP18,0.999
SNU13,UTP21,0.999
SNU13,UTP22,0.999
SNU13,UTP4,0.999
SNU13,UTP6,0.999
SNU13,UTP8,0.992
SNU13,UTP9,0.998
SNU13,YSF3,0.926
SNU23,SNU66,0.999
SNU23,SPP381,0.999
SNU23,YSF3,0.936
SNU56,SNU66,0.995
SNU56,SNU71,0.999
SNU56,STO1,0.993
SNU56,SYF1,0.911
SNU56,SYF2,0.932
SNU56,YHC1,0.999
SNU66,SNU71,0.999
SNU66,SPP381,0.999
SNU66,STO1,0.995
SNU66,YSF3,0.999
SNU71,STO1,0.988
SNU71,SYF1,0.941
SNU71,SYF2,0.9
SNU71,YHC1,0.999
SNX4,SNX41,0.999
SNX4,VPS17,0.948
SNX4,VPS29,0.917
SNX4,VPS35,0.976
SNX41,VPS35,0.903
SOH1,SPT15,0.955
SOH1,SRB2,0.999
SOH1,SRB4,0.999
SOH1,SRB5,0.999
SOH1,SRB6,0.998
SOH1,SRB7,0.999
SOH1,SRB8,0.968
SOH1,SSL1,0.948
SOH1,SSL2,0.95
SOH1,SSN2,0.958
SOH1,SSN3,0.991
SOH1,SSN8,0.965
SOH1,TAF14,0.929
SOH1,TFA1,0.95
SOH1,TFA2,0.953
SOH1,TFB2,0.95
SOH1,TFB3,0.971
SOH1,TFB4,0.95
SOH1,TFG1,0.96
SOH1,TFG2,0.95
SOH1,TOA1,0.944
SOH1,TOA2,0.951
SPC1,SPC2,0.999
SPC1,SPC3,0.999
SPC110,SPC29,0.978
SPC110,SPC42,0.99
SPC110,SPC72,0.99
SPC110,SPC97,0.999
SPC110,SPC98,0.999
SPC110,TUB4,0.999
SPC19,SPC34,0.999
SPC2,SPC3,0.999
SPC24,SPC25,0.999
SPC29,SPC42,0.993
SPC42,SPC72,0.974
SPC42,SPC97,0.935
SPC42,SPC98,0.974
SPC72,SPC97,0.999
SPC72,SPC98,0.999
SPC72,TUB4,0.998
SPC97,SPC98,0.999
SPC97,TUB4,0.999
SPC98,TUB4,0.999
SPO11,ZIP1,0.913
SPP1,SWD1,0.999
SPP1,SWD2,0.999
SPP1,SWD3,0.999
SPP382,SYF1,0.997
SPP382,SYF2,0.987
SPT15,SPT20,0.937
SPT15,SPT3,0.998
SPT15,SPT7,0.974
SPT15,SPT8,0.998
SPT15,SRB2,0.942
SPT15,SRB4,0.992
SPT15,SRB5,0.931
SPT15,SRB7,0.931
SPT15,SSL1,0.969
SPT15,SSL2,0.99
SPT15,TAF1,0.999
SPT15,TAF10,0.999
SPT15,TAF11,0.999
SPT15,TAF12,0.999
SPT15,TAF13,0.999
SPT15,TAF14,0.999
SPT15,TAF2,0.999
SPT15,TAF3,0.999
SPT15,TAF4,0.999
SPT15,TAF5,0.999
SPT15,TAF6,0.999
SPT15,TAF7,0.999
SPT15,TAF8,0.999
SPT15,TAF9,0.999
SPT15,TFA1,0.998
SPT15,TFA2,0.995
SPT15,TFB1,0.974
SPT15,TFB2,0.991
SPT15,TFB3,0.981
SPT15,TFB4,0.989
SPT15,TFB5,0.905
SPT15,TFC1,0.972
SPT15,TFC3,0.977
SPT15,TFC4,0.992
SPT15,TFC6,0.971
SPT15,TFC7,0.937
SPT15,TFC8,0.985
SPT15,TFG1,0.998
SPT15,TFG2,0.999
SPT15,TOA1,0.999
SPT15,TOA2,0.999
SPT15,TRA1,0.928
SPT15,UAF30,0.924
SPT16,SPT4,0.999
SPT16,SPT5,0.999
SPT16,TOF1,0.967
SPT20,SPT3,0.999
SPT20,SPT7,0.999
SPT20,SPT8,0.999
SPT20,SUS1,0.993
SPT20,TAF10,0.999
SPT20,TAF12,0.999
SPT20,TAF5,0.999
SPT20,TAF6,0.999
SPT20,TAF9,0.999
SPT20,TRA1,0.999
SPT20,UBP8,0.995
SPT3,SPT7,0.999
SPT3,SPT8,0.999
SPT3,SUS1,0.998
SPT3,TAF10,0.999
SPT3,TAF12,0.999
SPT3,TAF5,0.999
SPT3,TAF6,0.999
SPT3,TAF9,0.999
SPT3,TRA1,0.999
SPT3,UBP8,0.999
SPT3,YSF3,0.952
SPT4,SPT5,0.999
SPT5,TFG2,0.942
SPT7,SPT8,0.999
SPT7,SUS1,0.999
SPT7,TAF10,0.999
SPT7,TAF12,0.999
SPT7,TAF5,0.999
SPT7,TAF6,0.999
SPT7,TAF9,0.999
SPT7,TRA1,0.999
SPT7,UBP8,0.999
SPT8,SUS1,0.995
SPT8,TAF10,0.999
SPT8,TAF12,0.999
SPT8,TAF5,0.999
SPT8,TAF6,0.999
SPT8,TAF9,0.999
SPT8,TRA1,0.999
SPT8,UBP8,0.999
SRB2,SRB4,0.999
SRB2,SRB5,0.999
SRB2,SRB6,0.999
SRB2,SRB7,0.997
SRB2,SSN2,0.906
SRB2,TAF14,0.951
SRB2,TFB4,0.919
SRB4,SRB5,0.999
SRB4,SRB6,0.999
SRB4,SRB7,0.999
SRB4,SSL1,0.951
SRB4,SSL2,0.957
SRB4,SSN2,0.968
SRB4,SSN3,0.997
SRB4,SSN8,0.982
SRB4,TAF14,0.983
SRB4,TFA1,0.971
SRB4,TFA2,0.967
SRB4,TFB2,0.959
SRB4,TFB3,0.965
SRB4,TFB4,0.98
SRB4,TFG1,0.986
SRB4,TFG2,0.986
SRB4,TOA1,0.949
SRB4,TOA2,0.963
SRB5,SRB6,0.999
SRB5,SRB7,0.998
SRB5,SSN2,0.947
SRB5,SSN3,0.921
SRB5,TAF14,0.956
SRB5,TFB4,0.919
SRB5,TFG2,0.93
SRB6,SRB7,0.999
SRB6,SRB8,0.9
SRB6,SSN3,0.929
SRB6,SSN8,0.926
SRB6,TAF14,0.941
SRB6,TFB4,0.919
SRB7,SRB8,0.98
SRB7,SSL1,0.951
SRB7,SSL2,0.953
SRB7,SSN2,0.968
SRB7,SSN3,0.996
SRB7,SSN8,0.991
SRB7,TAF14,0.989
SRB7,TFA1,0.984
SRB7,TFA2,0.963
SRB7,TFB2,0.981
SRB7,TFB3,0.969
SRB7,TFB4,0.952
SRB7,TFG1,0.985
SRB7,TFG2,0.95
SRB7,TOA1,0.937
SRB7,TOA2,0.957
SRB8,SSN2,0.999
SRB8,SSN3,0.999
SRB8,SSN8,0.999
SRB8,TAF14,0.917
SRN2,STP22,0.999
SRN2,VPS20,0.995
SRN2,VPS24,0.989
SRN2,VPS25,0.989
SRN2,VPS27,0.953
SRN2,VPS28,0.999
SRN2,VPS36,0.992
SRO7,SSO1,0.966
SRO9,TIF4631,0.913
SRP101,SRP102,0.999
SRP101,SRP14,0.956
SRP101,SRP21,0.977
SRP101,SRP54,0.996
SRP101,SRP68,0.991
SRP101,SRP72,0.994
SRP102,SRP14,0.963
SRP102,SRP21,0.965
SRP102,SRP54,0.994
SRP102,SRP68,0.993
SRP102,SRP72,0.985
SRP14,SRP21,0.999
SRP14,SRP54,0.999
SRP14,SRP68,0.999
SRP14,SRP72,0.999
SRP21,SRP54,0.999
SRP21,SRP68,0.999
SRP21,SRP72,0.999
SRP54,SRP68,0.999
SRP54,SRP72,0.999
SRP68,SRP72,0.999
SSA3,YDJ1,0.991
SSC1,TIM17,0.999
SSC1,TIM21,0.99
SSC1,TIM23,0.999
SSC1,TIM44,0.999
SSC1,TIM50,0.996
SSC1,TOM22,0.914
SSC1,TOM40,0.907
SSH1,SSS1,0.999
SSL1,SSL2,0.999
SSL1,TFA1,0.999
SSL1,TFA2,0.999
SSL1,TFB1,0.999
SSL1,TFB2,0.999
SSL1,TFB3,0.999
SSL1,TFB4,0.999
SSL1,TFB5,0.996
SSL1,TFG1,0.988
SSL1,TFG2,0.987
SSL1,TOA1,0.984
SSL1,TOA2,0.989
SSL2,TFA1,0.999
SSL2,TFA2,0.999
SSL2,TFB1,0.999
SSL2,TFB2,0.999
SSL2,TFB3,0.999
SSL2,TFB4,0.999
SSL2,TFB5,0.998
SSL2,TFG1,0.996
SSL2,TFG2,0.997
SSL2,TOA1,0.971
SSL2,TOA2,0.985
SSN2,SSN3,0.999
SSN2,SSN8,0.999
SSN2,TAF14,0.915
SSN3,SSN8,0.999
SSN3,TAF14,0.91
SSN8,TAF14,0.917
SSO1,UFE1,0.973
SSO1,USE1,0.938
SSO1,VAM3,0.989
SSO1,VAM7,0.941
SSS1,SWP1,0.998
SSS1,WBP1,0.999
SSU72,SWD2,0.999
SSU72,SYC1,0.999
SSU72,YSH1,0.999
SSU72,YTH1,0.999
SSZ1,YDJ1,0.962
SSZ1,ZUO1,0.999
STE11,STE12,0.988
STE11,STE18,0.967
STE11,STE20,0.996
STE11,STE4,0.994
STE11,STE5,0.999
STE11,STE7,0.999
STE12,STE18,0.924
STE12,STE20,0.964
STE12,STE4,0.964
STE12,STE5,0.929
STE12,STE7,0.983
STE18,STE20,0.997
STE18,STE4,0.999
STE18,STE5,0.999
STE18,STE7,0.986
STE20,STE4,0.999
STE20,STE5,0.995
STE4,STE5,0.999
STE4,STE7,0.994
STE5,STE7,0.999
STF1,STF2,0.914
STH1,SWI3,0.905
STH1,TAF14,0.99
STO1,TCO89,0.944
STO1,THO2,0.947
STO1,TIF4631,0.984
STO1,UPF3,0.92
STO1,YHC1,0.996
STO1,YRA1,0.982
STP22,VPS20,0.997
STP22,VPS24,0.995
STP22,VPS25,0.997
STP22,VPS27,0.999
STP22,VPS28,0.999
STP22,VPS36,0.999
STT3,SWP1,0.999
STT3,WBP1,0.999
STV1,VMA1,0.999
STV1,VMA10,0.999
STV1,VMA11,0.999
STV1,VMA13,0.999
STV1,VMA2,0.999
STV1,VMA3,0.999
STV1,VMA4,0.999
STV1,VMA5,0.999
STV1,VMA6,0.999
STV1,VMA7,0.999
STV1,VMA8,0.999
STV1,VPH1,0.996
SUB2,SUS1,0.949
SUB2,TEX1,0.994
SUB2,THO2,0.999
SUB2,THP2,0.999
SUB2,YRA1,0.999
SUI1,SUI2,0.999
SUI1,SUI3,0.999
SUI1,TIF11,0.999
SUI1,TIF34,0.999
SUI1,TIF35,0.999
SUI1,TIF5,0.999
SUI2,SUI3,0.999
SUI2,TIF1,0.957
SUI2,TIF11,0.999
SUI2,TIF34,0.999
SUI2,TIF35,0.998
SUI2,TIF5,0.999
SUI2,TOR1,0.914
SUI3,TIF11,0.999
SUI3,TIF34,0.999
SUI3,TIF35,0.999
SUI3,TIF5,0.999
SUP35,SUP45,0.999
SUP35,SWI1,0.93
SUP35,UPF3,0.976
SUP35,YDJ1,0.978
SUP45,TEF1,0.983
SUP45,TEF2,0.986
SUP45,TRM112,0.907
SUP45,UPF3,0.949
SUS1,TAF10,0.998
SUS1,TAF12,0.998
SUS1,TAF5,0.998
SUS1,TAF6,0.998
SUS1,TAF9,0.999
SUS1,THP1,0.995
SUS1,TRA1,0.999
SUS1,UBP8,0.999
SUS1,YRA1,0.947
SWC3,SWC4,0.986
SWC3,SWC5,0.996
SWC3,SWC7,0.989
SWC3,SWR1,0.992
SWC3,TAF14,0.928
SWC3,VPS71,0.997
SWC3,VPS72,0.997
SWC3,YAF9,0.984
SWC4,SWC5,0.999
SWC4,SWC7,0.999
SWC4,SWR1,0.999
SWC4,TAF14,0.975
SWC4,TRA1,0.999
SWC4,VPS71,0.999
SWC4,VPS72,0.999
SWC4,YAF9,0.999
SWC4,YNG2,0.999
SWC5,SWC7,0.999
SWC5,SWR1,0.996
SWC5,TAF14,0.932
SWC5,VPS71,0.999
SWC5,VPS72,0.999
SWC5,YAF9,0.999
SWC7,SWR1,0.997
SWC7,TAF14,0.906
SWC7,VPS71,0.998
SWC7,VPS72,0.998
SWC7,YAF9,0.998
SWD1,SWD2,0.999
SWD1,SWD3,0.999
SWD2,SWD3,0.999
SWD2,SYC1,0.999
SWD2,YSH1,0.999
SWD2,YTH1,0.999
SWI1,SWI3,0.999
SWI1,SWP82,0.999
SWI1,TAF14,0.997
SWI3,SWP82,0.999
SWI3,TAF14,0.997
SWI4,SWI6,0.999
SWP1,WBP1,0.999
SWP82,TAF14,0.997
SWR1,TAF14,0.946
SWR1,VPS71,0.999
SWR1,VPS72,0.998
SWR1,YAF9,0.998
SWS2,TIF11,0.979
SWS2,VAR1,0.981
SWS2,YML6,0.988
SYC1,YSH1,0.929
SYC1,YTH1,0.982
SYF1,SYF2,0.999
SYF1,YHC1,0.961
SYF1,YSF3,0.924
SYF2,YHC1,0.959
TAF1,TAF10,0.999
TAF1,TAF11,0.999
TAF1,TAF12,0.999
TAF1,TAF13,0.999
TAF1,TAF14,0.999
TAF1,TAF2,0.999
TAF1,TAF3,0.999
TAF1,TAF4,0.999
TAF1,TAF5,0.999
TAF1,TAF6,0.999
TAF1,TAF7,0.999
TAF1,TAF8,0.999
TAF1,TAF9,0.999
TAF1,TFG1,0.971
TAF1,TOA2,0.959
TAF10,TAF11,0.999
TAF10,TAF12,0.999
TAF10,TAF13,0.999
TAF10,TAF14,0.999
TAF10,TAF2,0.999
TAF10,TAF3,0.999
TAF10,TAF4,0.999
TAF10,TAF5,0.999
TAF10,TAF6,0.999
TAF10,TAF7,0.999
TAF10,TAF8,0.999
TAF10,TAF9,0.999
TAF10,TRA1,0.999
TAF10,UBP8,0.999
TAF10,YSF3,0.943
TAF11,TAF12,0.999
TAF11,TAF13,0.999
TAF11,TAF14,0.989
TAF11,TAF2,0.999
TAF11,TAF3,0.992
TAF11,TAF4,0.999
TAF11,TAF5,0.999
TAF11,TAF6,0.999
TAF11,TAF7,0.999
TAF11,TAF8,0.999
TAF11,TAF9,0.999
TAF11,TFA1,0.971
TAF11,TFG1,0.965
TAF11,TOA2,0.95
TAF12,TAF13,0.999
TAF12,TAF14,0.984
TAF12,TAF2,0.999
TAF12,TAF3,0.999
TAF12,TAF4,0.999
TAF12,TAF5,0.999
TAF12,TAF6,0.999
TAF12,TAF7,0.999
TAF12,TAF8,0.999
TAF12,TAF9,0.999
TAF12,TRA1,0.999
TAF12,UBP8,0.999
TAF12,YSF3,0.956
TAF13,TAF14,0.988
TAF13,TAF2,0.999
TAF13,TAF3,0.992
TAF13,TAF4,0.999
TAF13,TAF5,0.999
TAF13,TAF6,0.999
TAF13,TAF7,0.999
TAF13,TAF8,0.999
TAF13,TAF9,0.999
TAF13,TFA2,0.908
TAF14,TAF2,0.999
TAF14,TAF3,0.999
TAF14,TAF4,0.971
TAF14,TAF5,0.982
TAF14,TAF6,0.999
TAF14,TAF7,0.999
TAF14,TAF8,0.999
TAF14,TAF9,0.975
TAF14,TFG1,0.999
TAF14,TFG2,0.999
TAF14,VPS71,0.956
TAF14,VPS72,0.961
TAF14,YAF9,0.965
TAF14,YNG1,0.996
TAF2,TAF3,0.999
TAF2,TAF4,0.999
TAF2,TAF5,0.999
TAF2,TAF6,0.999
TAF2,TAF7,0.999
TAF2,TAF8,0.999
TAF2,TAF9,0.999
TAF2,TFB4,0.918
TAF2,TFG1,0.988
TAF2,TFG2,0.968
TAF3,TAF4,0.999
TAF3,TAF5,0.999
TAF3,TAF6,0.999
TAF3,TAF7,0.999
TAF3,TAF8,0.999
TAF3,TAF9,0.987
TAF4,TAF5,0.999
TAF4,TAF6,0.999
TAF4,TAF7,0.999
TAF4,TAF8,0.999
TAF4,TAF9,0.999
TAF4,TFA2,0.912
TAF4,TFG2,0.901
TAF4,TOA1,0.937
TAF4,TOA2,0.959
TAF5,TAF6,0.999
TAF5,TAF7,0.999
TAF5,TAF8,0.999
TAF5,TAF9,0.999
TAF5,TOA2,0.934
TAF5,TRA1,0.999
TAF5,UBP8,0.999
TAF6,TAF7,0.999
TAF6,TAF8,0.999
TAF6,TAF9,0.999
TAF6,TFA1,0.964
TAF6,TRA1,0.999
TAF6,UBP8,0.999
TAF7,TAF8,0.999
TAF7,TAF9,0.999
TAF7,TFA1,0.914
TAF7,TFG2,0.926
TAF8,TAF9,0.999
TAF9,TOA2,0.922
TAF9,TRA1,0.999
TAF9,UBP8,0.999
TAF9,YSF3,0.945
TAP42,TOR1,0.995
TAP42,TOR2,0.994
TAP42,TPD3,0.944
TCO89,TOR1,0.999
TCO89,TOR2,0.999
TCO89,TSC11,0.94
TCP1,TUB2,0.938
TCP1,YKE2,0.91
TEF1,TEF4,0.992
TEF2,TEF4,0.997
TEF2,TUB2,0.903
TEX1,THO2,0.999
TEX1,THP2,0.999
TEX1,YRA1,0.96
TFA1,TFA2,0.999
TFA1,TFB1,0.999
TFA1,TFB2,0.999
TFA1,TFB3,0.999
TFA1,TFB4,0.999
TFA1,TFB5,0.999
TFA1,TFG1,0.999
TFA1,TFG2,0.999
TFA1,TOA1,0.993
TFA1,TOA2,0.992
TFA2,TFB1,0.999
TFA2,TFB2,0.999
TFA2,TFB3,0.999
TFA2,TFB4,0.999
TFA2,TFB5,0.999
TFA2,TFG1,0.999
TFA2,TFG2,0.999
TFA2,TOA1,0.989
TFA2,TOA2,0.997
TFB1,TFB2,0.999
TFB1,TFB3,0.999
TFB1,TFB4,0.999
TFB1,TFB5,0.995
TFB1,TFG1,0.993
TFB1,TFG2,0.977
TFB1,TOA1,0.962
TFB1,TOA2,0.977
TFB2,TFB3,0.999
TFB2,TFB4,0.999
TFB2,TFB5,0.999
TFB2,TFG1,0.995
TFB2,TFG2,0.984
TFB2,TOA1,0.972
TFB2,TOA2,0.974
TFB3,TFB4,0.999
TFB3,TFB5,0.995
TFB3,TFG1,0.988
TFB3,TFG2,0.989
TFB3,TOA1,0.976
TFB3,TOA2,0.976
TFB4,TFB5,0.999
TFB4,TFG1,0.996
TFB4,TFG2,0.989
TFB4,TOA1,0.96
TFB4,TOA2,0.98
TFC1,TFC3,0.999
TFC1,TFC4,0.999
TFC1,TFC6,0.999
TFC1,TFC7,0.999
TFC1,TFC8,0.999
TFC3,TFC4,0.999
TFC3,TFC6,0.999
TFC3,TFC7,0.999
TFC3,TFC8,0.999
TFC4,TFC6,0.999
TFC4,TFC7,0.999
TFC4,TFC8,0.999
TFC4,YSH1,0.995
TFC6,TFC7,0.999
TFC6,TFC8,0.999
TFC7,TFC8,0.998
TFG1,TFG2,0.999
TFG1,TOA1,0.985
TFG1,TOA2,0.993
TFG2,TOA1,0.99
TFG2,TOA2,0.996
THO2,THP2,0.999
THO2,YRA1,0.999
THP2,YRA1,0.999
TIF1,TIF34,0.979
TIF1,TIF35,0.927
TIF1,TIF4631,0.999
TIF1,TIF5,0.992
TIF11,TIF34,0.994
TIF11,TIF35,0.996
TIF11,TIF5,0.999
TIF11,YML6,0.916
TIF34,TIF35,0.999
TIF34,TIF5,0.999
TIF35,TIF5,0.999
TIF4631,TIF5,0.961
TIM10,TIM12,0.999
TIM10,TIM13,0.999
TIM10,TIM17,0.966
TIM10,TIM18,0.996
TIM10,TIM22,0.997
TIM10,TIM23,0.924
TIM10,TIM54,0.998
TIM10,TIM8,0.999
TIM10,TIM9,0.999
TIM10,TOM22,0.908
TIM10,TOM40,0.968
TIM12,TIM13,0.992
TIM12,TIM18,0.999
TIM12,TIM22,0.999
TIM12,TIM54,0.999
TIM12,TIM8,0.992
TIM12,TIM9,0.999
TIM13,TIM17,0.911
TIM13,TIM23,0.971
TIM13,TIM8,0.999
TIM13,TIM9,0.999
TIM13,TOM40,0.968
TIM17,TIM21,0.999
TIM17,TIM23,0.999
TIM17,TIM44,0.999
TIM17,TIM50,0.999
TIM17,TIM54,0.944
TIM17,TIM8,0.94
TIM17,TIM9,0.955
TIM17,TOM20,0.949
TIM17,TOM22,0.974
TIM17,TOM40,0.975
TIM18,TIM22,0.999
TIM18,TIM54,0.999
TIM18,TIM9,0.999
TIM21,TIM23,0.998
TIM21,TIM44,0.998
TIM21,TIM50,0.999
TIM21,TIM54,0.907
TIM21,TOM22,0.992
TIM21,TOM40,0.944
TIM22,TIM23,0.979
TIM22,TIM54,0.999
TIM22,TIM9,0.999
TIM23,TIM44,0.999
TIM23,TIM50,0.999
TIM23,TIM54,0.953
TIM23,TIM8,0.964
TIM23,TIM9,0.944
TIM23,TOM22,0.973
TIM23,TOM40,0.967
TIM44,TIM50,0.999
TIM44,TIM54,0.956
TIM44,TOM20,0.933
TIM44,TOM22,0.975
TIM44,TOM40,0.958
TIM44,TOM70,0.928
TIM50,TIM54,0.941
TIM50,TOM20,0.955
TIM50,TOM22,0.981
TIM50,TOM40,0.991
TIM50,TOM70,0.952
TIM54,TIM8,0.929
TIM54,TIM9,0.999
TIM54,TOM70,0.91
TIM8,TIM9,0.999
TIM8,TOM22,0.943
TIM8,TOM40,0.965
TIM8,TOM7,0.917
TIM9,TOM22,0.957
TIM9,TOM40,0.945
TIM9,TOM7,0.93
TIP20,UFE1,0.999
TIP20,USE1,0.997
TOA1,TOA2,0.999
TOM20,TOM22,0.999
TOM20,TOM40,0.999
TOM20,TOM5,0.997
TOM20,TOM6,0.995
TOM20,TOM7,0.999
TOM20,TOM70,0.999
TOM22,TOM40,0.999
TOM22,TOM5,0.999
TOM22,TOM6,0.999
TOM22,TOM7,0.999
TOM22,TOM70,0.999
TOM40,TOM5,0.999
TOM40,TOM6,0.999
TOM40,TOM7,0.999
TOM40,TOM70,0.999
TOM40,VAM6,0.943
TOM5,TOM6,0.999
TOM5,TOM7,0.999
TOM5,TOM70,0.993
TOM6,TOM7,0.999
TOM6,TOM70,0.987
TOM7,TOM70,0.999
TOR1,TOR2,0.996
TOR1,TSC11,0.997
TOR1,UME6,0.937
TOR2,TSC11,0.999
TOR2,UME6,0.913
TPK1,TPK2,0.999
TPK1,TPK3,0.998
TPK2,TPK3,0.998
TPS1,TPS2,0.999
TPS1,TPS3,0.999
TPS1,TSL1,0.999
TPS2,TPS3,0.999
TPS2,TSL1,0.998
TPS3,TSL1,0.999
TRA1,UBP8,0.999
TRA1,YAF9,0.998
TRA1,YNG2,0.999
TRA1,YSF3,0.942
TRM11,TRM112,0.999
TRM11,TRM8,0.985
TRM11,TRM82,0.988
TRM112,TRM8,0.973
TRM112,TRM82,0.963
TRM8,TRM82,0.999
TRP2,TRP3,0.999
TRS120,TRS130,0.999
TRS120,TRS20,0.999
TRS120,TRS23,0.999
TRS120,TRS31,0.999
TRS120,TRS33,0.999
TRS120,TRS65,0.999
TRS120,TRS85,0.998
TRS130,TRS20,0.999
TRS130,TRS23,0.999
TRS130,TRS31,0.999
TRS130,TRS33,0.999
TRS130,TRS65,0.999
TRS130,TRS85,0.998
TRS20,TRS23,0.999
TRS20,TRS31,0.999
TRS20,TRS33,0.999
TRS20,TRS65,0.999
TRS20,TRS85,0.999
TRS23,TRS31,0.999
TRS23,TRS33,0.999
TRS23,TRS65,0.998
TRS23,TRS85,0.999
TRS31,TRS33,0.999
TRS31,TRS65,0.999
TRS31,TRS85,0.999
TRS33,TRS65,0.999
TRS33,TRS85,0.999
TRS65,TRS85,0.996
TUB1,TUB2,0.999
UBA3,ULA1,0.999
UFD1,USA1,0.982
UFD1,YOS9,0.971
UFE1,USE1,0.999
UFE1,VAM3,0.967
UME1,UME6,0.988
UPF3,YRA1,0.953
URB1,URB2,0.996
URB1,UTP10,0.956
USA1,YOS9,0.999
USE1,VAM3,0.959
UTP10,UTP13,0.999
UTP10,UTP15,0.999
UTP10,UTP18,0.999
UTP10,UTP21,0.999
UTP10,UTP22,0.999
UTP10,UTP4,0.999
UTP10,UTP6,0.999
UTP10,UTP8,0.999
UTP10,UTP9,0.999
UTP13,UTP15,0.999
UTP13,UTP18,0.999
UTP13,UTP21,0.999
UTP13,UTP22,0.999
UTP13,UTP4,0.999
UTP13,UTP6,0.999
UTP13,UTP8,0.999
UTP13,UTP9,0.999
UTP15,UTP18,0.999
UTP15,UTP21,0.999
UTP15,UTP22,0.999
UTP15,UTP4,0.999
UTP15,UTP6,0.999
UTP15,UTP8,0.999
UTP15,UTP9,0.999
UTP18,UTP21,0.999
UTP18,UTP22,0.999
UTP18,UTP4,0.999
UTP18,UTP6,0.999
UTP18,UTP8,0.999
UTP18,UTP9,0.999
UTP21,UTP22,0.999
UTP21,UTP4,0.999
UTP21,UTP6,0.999
UTP21,UTP8,0.999
UTP21,UTP9,0.999
UTP22,UTP4,0.999
UTP22,UTP6,0.999
UTP22,UTP8,0.999
UTP22,UTP9,0.999
UTP4,UTP6,0.999
UTP4,UTP8,0.999
UTP4,UTP9,0.999
UTP6,UTP8,0.999
UTP6,UTP9,0.999
UTP8,UTP9,0.999
VAC14,VPS15,0.916
VAC14,VPS30,0.938
VAC14,VPS34,0.95
VAC14,VPS38,0.901
VAM3,VAM6,0.999
VAM3,VAM7,0.999
VAM3,VPS16,0.999
VAM3,VPS33,0.999
VAM3,VPS41,0.999
VAM6,VAM7,0.999
VAM6,VPS16,0.999
VAM6,VPS3,0.999
VAM6,VPS33,0.999
VAM6,VPS41,0.999
VAM6,VPS8,0.999
VAM7,VPS16,0.999
VAM7,VPS33,0.999
VAM7,VPS41,0.999
VID24,VID28,0.999
VID24,VID30,0.999
VID24,YDL176W,0.963
VID28,VID30,0.999
VID28,YDL176W,0.979
VID30,YDL176W,0.982
VMA1,VMA10,0.999
VMA1,VMA11,0.999
VMA1,VMA13,0.999
VMA1,VMA2,0.999
VMA1,VMA3,0.999
VMA1,VMA4,0.999
VMA1,VMA5,0.999
VMA1,VMA6,0.999
VMA1,VMA7,0.999
VMA1,VMA8,0.999
VMA1,VPH1,0.999
VMA1,VPS41,0.927
VMA10,VMA11,0.999
VMA10,VMA13,0.999
VMA10,VMA2,0.999
VMA10,VMA3,0.999
VMA10,VMA4,0.999
VMA10,VMA5,0.999
VMA10,VMA6,0.999
VMA10,VMA7,0.999
VMA10,VMA8,0.999
VMA10,VPH1,0.999
VMA11,VMA13,0.999
VMA11,VMA2,0.999
VMA11,VMA22,0.953
VMA11,VMA3,0.998
VMA11,VMA4,0.999
VMA11,VMA5,0.999
VMA11,VMA6,0.999
VMA11,VMA7,0.999
VMA11,VMA8,0.999
VMA11,VPH1,0.999
VMA11,VPH2,0.939
VMA13,VMA2,0.999
VMA13,VMA3,0.999
VMA13,VMA4,0.999
VMA13,VMA5,0.999
VMA13,VMA6,0.999
VMA13,VMA7,0.999
VMA13,VMA8,0.999
VMA13,VPH1,0.999
VMA2,VMA3,0.999
VMA2,VMA4,0.999
VMA2,VMA5,0.999
VMA2,VMA6,0.999
VMA2,VMA7,0.999
VMA2,VMA8,0.999
VMA2,VPH1,0.999
VMA22,VMA3,0.929
VMA22,VMA6,0.995
VMA22,VMA7,0.994
VMA22,VPH1,0.997
VMA22,VPH2,0.999
VMA3,VMA4,0.999
VMA3,VMA5,0.999
VMA3,VMA6,0.999
VMA3,VMA7,0.999
VMA3,VMA8,0.999
VMA3,VPH1,0.999
VMA3,VPH2,0.939
VMA4,VMA5,0.999
VMA4,VMA6,0.999
VMA4,VMA7,0.999
VMA4,VMA8,0.999
VMA4,VPH1,0.999
VMA5,VMA6,0.999
VMA5,VMA7,0.999
VMA5,VMA8,0.999
VMA5,VPH1,0.999
VMA6,VMA7,0.999
VMA6,VMA8,0.999
VMA6,VPH1,0.999
VMA6,VPH2,0.981
VMA7,VMA8,0.999
VMA7,VPH1,0.999
VMA7,VPH2,0.96
VMA8,VPH1,0.999
VPH1,VPH2,0.999
VPS15,VPS30,0.999
VPS15,VPS34,0.999
VPS15,VPS38,0.999
VPS16,VPS3,0.999
VPS16,VPS33,0.999
VPS16,VPS41,0.999
VPS16,VPS8,0.999
VPS17,VPS29,0.999
VPS17,VPS35,0.999
VPS17,VPS5,0.999
VPS20,VPS24,0.999
VPS20,VPS25,0.999
VPS20,VPS27,0.986
VPS20,VPS28,0.999
VPS20,VPS36,0.999
VPS24,VPS25,0.999
VPS24,VPS27,0.983
VPS24,VPS28,0.999
VPS24,VPS36,0.998
VPS25,VPS27,0.987
VPS25,VPS28,0.999
VPS25,VPS36,0.999
VPS27,VPS28,0.99
VPS27,VPS36,0.993
VPS27,VPS5,0.987
VPS28,VPS36,0.999
VPS29,VPS35,0.999
VPS29,VPS5,0.999
VPS3,VPS33,0.999
VPS3,VPS41,0.999
VPS3,VPS8,0.999
VPS30,VPS34,0.999
VPS30,VPS38,0.999
VPS33,VPS41,0.999
VPS33,VPS8,0.999
VPS34,VPS38,0.999
VPS35,VPS5,0.999
VPS41,VPS8,0.987
VPS51,VPS52,0.998
VPS51,VPS53,0.999
VPS51,VPS54,0.998
VPS52,VPS53,0.999
VPS52,VPS54,0.999
VPS53,VPS54,0.999
VPS71,VPS72,0.999
VPS71,YAF9,0.999
VPS72,YAF9,0.999
VTC1,VTC2,0.976
VTC1,VTC3,0.99
VTC1,VTC4,0.99
VTC2,VTC3,0.904
VTC2,VTC4,0.973
VTC3,VTC4,0.999
YAF9,YNG2,0.999
YCG1,YCS4,0.999
YDJ1,ZUO1,0.987
YHC1,YSF3,0.955
YKU70,YKU80,0.999
YSH1,YTH1,0.999
ZIP1,ZIP2,0.991
