source,target,score
A1CF,APOBEC1,0.998
A2M,ALB,0.98
A2M,APOA1,0.998
A2M,APOE,0.975
A2M,APP,0.905
A2M,HP,0.997
A2M,HSPA5,0.972
A2M,IL1B,0.984
A2M,IL6,0.95
A2M,KLK3,0.967
A2M,LRP1,0.998
A2M,MMP2,0.953
A2M,SERPINA1,0.98
A2M,SERPINA3,0.929
A2M,SERPINC1,0.927
A2M,TGFB1,0.91
A2M,TTR,0.905
AAAS,NDC1,0.994
AAAS,NUP107,0.98
AAAS,NUP133,0.957
AAAS,NUP153,0.94
AAAS,NUP155,0.989
AAAS,NUP160,0.951
AAAS,NUP188,0.981
AAAS,NUP205,0.986
AAAS,NUP210,0.98
AAAS,NUP214,0.992
AAAS,NUP35,0.987
AAAS,NUP37,0.955
AAAS,NUP42,0.943
AAAS,NUP43,0.98
AAAS,NUP50,0.922
AAAS,NUP54,0.968
AAAS,NUP58,0.942
AAAS,NUP62,0.944
AAAS,NUP85,0.985
AAAS,NUP88,0.994
AAAS,NUP93,0.983
AAAS,NUP98,0.96
AAAS,RAE1,0.924
AAAS,RANBP2,0.995
AAAS,SEC13,0.952
AAAS,SEH1L,0.994
AAAS,TPR,0.937
AATF,DDX56,0.958
AATF,DNTTIP2,0.997
AATF,EBNA1BP2,0.905
AATF,FBL,0.981
AATF,FTSJ3,0.906
AATF,IMP3,0.994
AATF,IMP4,0.997
AATF,MAGED1,0.938
AATF,MPHOSPH10,0.997
AATF,NCOA6,0.926
AATF,NGDN,0.999
AATF,NOL10,0.999
AATF,NOP56,0.996
AATF,NOP58,0.998
AATF,RPS11,0.988
AATF,RPS12,0.962
AATF,RPS13,0.992
AATF,RPS14,0.965
AATF,RPS15A,0.952
AATF,RPS16,0.988
AATF,RPS18,0.983
AATF,RPS19,0.901
AATF,RPS23,0.988
AATF,RPS24,0.989
AATF,RPS27,0.966
AATF,RPS28,0.988
AATF,RPS3A,0.99
AATF,RPS4X,0.951
AATF,RPS5,0.991
AATF,RPS6,0.991
AATF,RPS7,0.988
AATF,RPS8,0.99
AATF,RPS9,0.989
AATF,RSL1D1,0.986
AATF,SNU13,0.993
AATF,TBL3,0.998
AATF,UTP4,0.997
AATF,WDR43,0.998
ABAT,ALDH2,0.945
ABAT,ALDH5A1,0.994
ABCA1,APOA1,0.999
ABCA1,APOE,0.98
ABCA1,NR1H2,0.991
ABCA1,NR1H3,0.967
ABCA1,RXRA,0.916
ABCA1,SREBF1,0.905
ABCA1,SREBF2,0.94
ABCB1,CYP3A5,0.92
ABCB11,NR0B2,0.948
ABCB11,NR1H4,0.964
ABCB11,SLC10A1,0.918
ABCC8,GCK,0.949
ABCC8,INS,0.909
ABCC8,KCNJ11,0.999
ABCC8,KCNJ8,0.999
ABCC8,PRKACA,0.935
ABCC8,PRKACB,0.937
ABCC8,RAPGEF4,0.99
ABCC8,TRPM4,0.992
ABCC9,KCNJ11,0.999
ABCC9,KCNJ8,0.999
ABCD4,ABCG5,0.941
ABCD4,ABCG8,0.94
ABCD4,LMBRD1,0.99
ABCE1,ABCF2,0.921
ABCE1,EIF1,0.983
ABCE1,EIF1AX,0.941
ABCE1,EIF2S1,0.977
ABCE1,EIF2S2,0.953
ABCE1,EIF2S3,0.964
ABCE1,EIF3A,0.995
ABCE1,EIF3B,0.995
ABCE1,EIF3C,0.988
ABCE1,EIF3D,0.94
ABCE1,EIF3E,0.956
ABCE1,EIF3F,0.918
ABCE1,EIF3G,0.939
ABCE1,EIF3H,0.936
ABCE1,EIF3I,0.982
ABCE1,EIF3J,0.996
ABCE1,EIF3L,0.926
ABCE1,EIF3M,0.971
ABCE1,ETF1,0.999
ABCE1,FAU,0.993
ABCE1,HBS1L,0.959
ABCE1,LTO1,0.913
ABCE1,PELO,0.95
ABCE1,RACK1,0.988
ABCE1,RNASEL,0.994
ABCE1,RPL12,0.919
ABCE1,RPL21,0.916
ABCE1,RPL23,0.909
ABCE1,RPL4,0.968
ABCE1,RPL5,0.909
ABCE1,RPL7,0.914
ABCE1,RPL7A,0.937
ABCE1,RPL9,0.947
ABCE1,RPLP0,0.992
ABCE1,RPS10,0.958
ABCE1,RPS11,0.971
ABCE1,RPS12,0.984
ABCE1,RPS13,0.978
ABCE1,RPS14,0.968
ABCE1,RPS15,0.976
ABCE1,RPS15A,0.936
ABCE1,RPS16,0.977
ABCE1,RPS17,0.969
ABCE1,RPS18,0.97
ABCE1,RPS19,0.973
ABCE1,RPS2,0.973
ABCE1,RPS20,0.987
ABCE1,RPS21,0.965
ABCE1,RPS23,0.994
ABCE1,RPS24,0.989
ABCE1,RPS25,0.98
ABCE1,RPS26,0.972
ABCE1,RPS27,0.954
ABCE1,RPS27A,0.964
ABCE1,RPS28,0.989
ABCE1,RPS29,0.973
ABCE1,RPS3,0.99
ABCE1,RPS3A,0.983
ABCE1,RPS4X,0.949
ABCE1,RPS5,0.972
ABCE1,RPS6,0.99
ABCE1,RPS7,0.978
ABCE1,RPS8,0.975
ABCE1,RPS9,0.93
ABCE1,RPSA,0.968
ABCE1,YAE1,0.913
ABCG1,APOA1,0.997
ABCG1,APOE,0.928
ABCG1,NR1H3,0.932
ABCG5,ABCG8,0.999
ABCG5,NPC1L1,0.906
ABCG5,NR1H3,0.912
ABCG5,SREBF2,0.921
ABCG8,NR1H3,0.903
ABCG8,SREBF2,0.914
ABI1,ABI2,0.996
ABI1,ABL1,0.998
ABI1,ARF1,0.947
ABI1,BAIAP2,0.984
ABI1,BRK1,0.999
ABI1,CYFIP1,0.999
ABI1,EPS8,0.999
ABI1,NCK1,0.947
ABI1,NCKAP1,0.999
ABI1,SOS1,0.998
ABI1,SRA1,0.901
ABI1,WASF1,0.999
ABI1,WASF2,0.999
ABI1,WASF3,0.997
ABI1,WASL,0.98
ABI2,ABL1,0.981
ABI2,BAIAP2,0.97
ABI2,BRK1,0.999
ABI2,CYFIP1,0.999
ABI2,NCKAP1,0.999
ABI2,RAC1,0.966
ABI2,RAC2,0.947
ABI2,SRA1,0.9
ABI2,WASF1,0.999
ABI2,WASF2,0.999
ABI2,WASF3,0.995
ABI2,WASL,0.949
ABI3,BRK1,0.965
ABI3,CYFIP1,0.991
ABI3,NCKAP1,0.988
ABI3,WASF1,0.958
ABI3,WASF2,0.965
ABI3,WASF3,0.933
ABL1,ABL2,0.981
ABL1,ATM,0.988
ABL1,BCR,0.996
ABL1,BRCA1,0.956
ABL1,CBL,0.996
ABL1,CDK5,0.9
ABL1,CRK,0.999
ABL1,CRKL,0.998
ABL1,CTNNB1,0.949
ABL1,DOK1,0.934
ABL1,ENAH,0.963
ABL1,EPHA1,0.945
ABL1,EPHA2,0.951
ABL1,EPHA4,0.945
ABL1,EPHA8,0.94
ABL1,EPHB1,0.94
ABL1,EPHB2,0.958
ABL1,ETV6,0.932
ABL1,FN1,0.963
ABL1,FYN,0.949
ABL1,GRB2,0.999
ABL1,HSP90AA1,0.983
ABL1,HSP90AB1,0.93
ABL1,NTRK1,0.958
ABL1,NTRK2,0.91
ABL1,NTRK3,0.915
ABL1,NUP214,0.907
ABL1,PIK3C3,0.947
ABL1,PRDX1,0.927
ABL1,RAC2,0.94
ABL1,RAD51,0.915
ABL1,RB1,0.98
ABL1,RIN1,0.997
ABL1,SHC1,0.991
ABL1,SHC2,0.908
ABL1,SHC3,0.912
ABL1,STAT5A,0.98
ABL1,STAT5B,0.983
ABL1,TP53,0.909
ABL1,TP73,0.909
ABL2,CRK,0.99
ABL2,CRKL,0.962
ABL2,RAC2,0.926
ABL2,RIN1,0.984
ABRAXAS1,BABAM1,0.999
ABRAXAS1,BABAM2,0.999
ABRAXAS1,BARD1,0.999
ABRAXAS1,BRCA1,0.999
ABRAXAS1,BRCC3,0.999
ABRAXAS1,MDC1,0.923
ABRAXAS1,UIMC1,0.999
ABRAXAS2,BABAM1,0.999
ABRAXAS2,BABAM2,0.999
ABRAXAS2,BRCC3,0.999
ABRAXAS2,SHMT2,0.999
ACAD8,DBT,0.944
ACAD8,HADHA,0.961
ACD,CTC1,0.906
ACD,POT1,0.999
ACD,STN1,0.927
ACD,TERF1,0.999
ACD,TERF2,0.999
ACD,TERF2IP,0.999
ACD,TERT,0.982
ACD,TINF2,0.999
ACE,ACE2,0.956
ACE,AGT,0.999
ACE,AGTR1,0.974
ACE,AGTR2,0.948
ACE,ALB,0.912
ACE,BDKRB2,0.917
ACE,REN,0.987
ACE2,AGT,0.999
ACE2,AGTR1,0.996
ACE2,AGTR2,0.954
ACE2,BSG,0.968
ACE2,CLEC4M,0.983
ACE2,DPP4,0.999
ACE2,FURIN,0.904
ACE2,HSPA5,0.948
ACE2,IL2,0.963
ACE2,ITGB1,0.905
ACE2,MEP1A,0.961
ACE2,MEP1B,0.957
ACE2,REN,0.96
ACE2,SLC6A19,0.999
ACE2,TMPRSS2,0.999
ACHE,APP,0.937
ACHE,COLQ,0.989
ACHE,MAOB,0.91
ACIN1,ALYREF,0.92
ACIN1,EIF4A3,0.959
ACIN1,MAGOH,0.95
ACIN1,PNN,0.978
ACIN1,RNPS1,0.999
ACIN1,SAP18,0.999
ACIN1,SRRM2,0.942
ACKR3,ARRB2,0.967
ACKR3,CXCL12,0.999
ACKR3,CXCR4,0.996
ACLY,CS,0.998
ACLY,DLAT,0.988
ACLY,HADHB,0.915
ACLY,IDH1,0.935
ACLY,IDH2,0.9
ACLY,OGDH,0.915
ACLY,SDHA,0.964
ACLY,SDHB,0.953
ACLY,SDHC,0.95
ACLY,SUCLG1,0.991
ACSL1,CPT1A,0.975
ACTA1,ACTA2,0.91
ACTA1,ACTB,0.901
ACTA1,ACTG1,0.92
ACTA1,ACTG2,0.96
ACTA1,ACTN2,0.905
ACTA1,ACTR2,0.976
ACTA1,ACTR3,0.931
ACTA1,ARPC1B,0.939
ACTA1,ARPC2,0.939
ACTA1,ARPC3,0.945
ACTA1,ARPC4,0.933
ACTA1,CAP1,0.957
ACTA1,CAPZA1,0.932
ACTA1,CAPZB,0.942
ACTA1,CFL1,0.978
ACTA1,COBL,0.914
ACTA1,CTNNA1,0.912
ACTA1,EIF2S1,0.908
ACTA1,FLNA,0.948
ACTA1,GSN,0.986
ACTA1,MRTFA,0.917
ACTA1,PFN1,0.976
ACTA1,PPP1CA,0.95
ACTA1,TMOD1,0.929
ACTA1,TNNC1,0.964
ACTA1,TNNC2,0.984
ACTA1,TNNI3,0.945
ACTA1,TNNT2,0.966
ACTA1,TPM1,0.976
ACTA1,TPM2,0.939
ACTA1,TPM3,0.986
ACTA1,UTRN,0.922
ACTA1,VASP,0.998
ACTA1,VCL,0.942
ACTA1,WAS,0.961
ACTA1,WASF2,0.919
ACTA1,WASL,0.963
ACTA1,WIPF1,0.924
ACTA2,ACTG2,0.988
ACTA2,COL1A1,0.928
ACTA2,MYH10,0.959
ACTA2,MYH9,0.953
ACTA2,MYL6,0.944
ACTB,ACTG1,0.999
ACTB,ACTL6A,0.999
ACTB,ACTL6B,0.95
ACTB,ACTN1,0.985
ACTB,ACTN2,0.974
ACTB,ACTN4,0.971
ACTB,ACTR10,0.987
ACTB,ACTR1A,0.977
ACTB,ACTR2,0.968
ACTB,ACTR3,0.957
ACTB,ACTR8,0.902
ACTB,AFDN,0.958
ACTB,AKT1,0.923
ACTB,ARHGAP10,0.903
ACTB,ARID1A,0.995
ACTB,ARID1B,0.947
ACTB,ARID2,0.983
ACTB,ARPC1B,0.958
ACTB,ARPC2,0.962
ACTB,ARPC3,0.968
ACTB,ARPC4,0.961
ACTB,ARPC5,0.952
ACTB,BAIAP2,0.951
ACTB,BRD7,0.985
ACTB,BRD8,0.927
ACTB,CAPZA1,0.964
ACTB,CAPZB,0.976
ACTB,CASP3,0.989
ACTB,CASP7,0.967
ACTB,CCT2,0.905
ACTB,CDC42,0.975
ACTB,CFL1,0.999
ACTB,CTNNA1,0.957
ACTB,DCTN1,0.971
ACTB,DCTN2,0.95
ACTB,DCTN4,0.945
ACTB,DCTN5,0.922
ACTB,DCTN6,0.916
ACTB,DIAPH1,0.934
ACTB,DMAP1,0.968
ACTB,DMD,0.952
ACTB,DYNC1H1,0.938
ACTB,EEF1A1,0.95
ACTB,ENAH,0.932
ACTB,EP400,0.965
ACTB,EPC1,0.947
ACTB,ERBB2,0.932
ACTB,ESR1,0.947
ACTB,EZR,0.983
ACTB,GAPDH,0.975
ACTB,H2BC21,0.943
ACTB,H2BC4,0.903
ACTB,H3-3B,0.962
ACTB,H3C1,0.906
ACTB,H4C2,0.9
ACTB,HCLS1,0.947
ACTB,HSP90AA1,0.967
ACTB,HSP90AB1,0.911
ACTB,HSPA8,0.955
ACTB,IGF2BP1,0.968
ACTB,ILK,0.951
ACTB,ING3,0.93
ACTB,INO80C,0.901
ACTB,IQGAP1,0.985
ACTB,ITGA2B,0.937
ACTB,ITGB1,0.984
ACTB,ITGB3,0.949
ACTB,ITGB4,0.936
ACTB,ITGB5,0.931
ACTB,ITGB6,0.928
ACTB,ITGB7,0.92
ACTB,ITGB8,0.923
ACTB,KAT5,0.979
ACTB,KAT8,0.93
ACTB,MBTD1,0.926
ACTB,MEAF6,0.931
ACTB,MORF4L1,0.942
ACTB,MSL1,0.91
ACTB,MSL2,0.908
ACTB,MSL3,0.912
ACTB,MSN,0.975
ACTB,MYH10,0.957
ACTB,MYH9,0.991
ACTB,MYL12A,0.951
ACTB,MYL12B,0.962
ACTB,MYL6,0.973
ACTB,MYO1C,0.97
ACTB,PARVA,0.957
ACTB,PARVB,0.915
ACTB,PBRM1,0.984
ACTB,PFN1,0.999
ACTB,PHF10,0.98
ACTB,PIP5K1B,0.911
ACTB,PPARG,0.971
ACTB,PRKCA,0.955
ACTB,RDX,0.945
ACTB,RHOA,0.978
ACTB,RUVBL1,0.993
ACTB,RUVBL2,0.995
ACTB,SMARCA4,0.999
ACTB,SMARCB1,0.977
ACTB,SMARCC2,0.983
ACTB,SMARCD1,0.986
ACTB,SMARCD3,0.903
ACTB,SMARCE1,0.996
ACTB,SPTBN2,0.954
ACTB,SYNPO,0.951
ACTB,TBP,0.905
ACTB,THRA,0.92
ACTB,TJP1,0.985
ACTB,TLN1,0.96
ACTB,TMSB4X,0.961
ACTB,TRRAP,0.96
ACTB,TUBGCP6,0.915
ACTB,VASP,0.955
ACTB,VCL,0.984
ACTB,VPS72,0.901
ACTB,WAS,0.954
ACTB,WASF1,0.924
ACTB,WASF2,0.941
ACTB,WASF3,0.921
ACTB,WASL,0.979
ACTB,WHAMM,0.911
ACTB,YEATS4,0.942
ACTB,YWHAB,0.908
ACTB,YY1,0.916
ACTB,ZYX,0.942
ACTG1,ACTL6A,0.939
ACTG1,ACTL6B,0.914
ACTG1,ACTN1,0.972
ACTG1,ACTN4,0.97
ACTG1,ACTR2,0.949
ACTG1,ACTR3,0.936
ACTG1,AFDN,0.915
ACTG1,ARHGAP10,0.902
ACTG1,ARPC1B,0.962
ACTG1,ARPC2,0.966
ACTG1,ARPC3,0.964
ACTG1,ARPC4,0.939
ACTG1,ARPC5,0.953
ACTG1,BAIAP2,0.923
ACTG1,CASP3,0.922
ACTG1,CASP7,0.915
ACTG1,CCT3,0.94
ACTG1,CCT6A,0.934
ACTG1,CCT7,0.947
ACTG1,CCT8,0.939
ACTG1,CDC42,0.957
ACTG1,CFL1,0.998
ACTG1,CTNNA1,0.953
ACTG1,DIAPH1,0.936
ACTG1,DMD,0.966
ACTG1,ENAH,0.927
ACTG1,EZR,0.962
ACTG1,HCLS1,0.958
ACTG1,ILK,0.928
ACTG1,IQGAP1,0.943
ACTG1,ITGA2B,0.904
ACTG1,ITGB1,0.955
ACTG1,ITGB3,0.913
ACTG1,ITGB4,0.915
ACTG1,ITGB5,0.914
ACTG1,ITGB6,0.914
ACTG1,ITGB7,0.911
ACTG1,ITGB8,0.912
ACTG1,MSN,0.959
ACTG1,MYH10,0.959
ACTG1,MYH9,0.978
ACTG1,MYL12A,0.937
ACTG1,MYL12B,0.942
ACTG1,MYL6,0.956
ACTG1,MYO1A,0.926
ACTG1,PARVA,0.918
ACTG1,PARVB,0.912
ACTG1,PFN1,0.992
ACTG1,PIP5K1B,0.905
ACTG1,PPARG,0.906
ACTG1,PRKCA,0.918
ACTG1,RDX,0.925
ACTG1,RHOA,0.944
ACTG1,SMARCE1,0.915
ACTG1,SYNPO,0.92
ACTG1,TCP1,0.943
ACTG1,THRA,0.903
ACTG1,TJP1,0.913
ACTG1,TLN1,0.976
ACTG1,TMSB4X,0.977
ACTG1,VASP,0.974
ACTG1,VCL,0.99
ACTG1,WAS,0.949
ACTG1,WASF1,0.934
ACTG1,WASF2,0.953
ACTG1,WASF3,0.922
ACTG1,WASL,0.978
ACTG1,WHAMM,0.922
ACTG1,ZYX,0.931
ACTG2,CNN1,0.93
ACTG2,MYH10,0.941
ACTG2,MYH9,0.944
ACTG2,MYL6,0.94
ACTL6A,ACTL6B,0.961
ACTL6A,ACTR5,0.986
ACTL6A,ACTR8,0.995
ACTL6A,ANP32E,0.937
ACTL6A,ARID1A,0.999
ACTL6A,ARID1B,0.995
ACTL6A,ARID2,0.997
ACTL6A,BANF1,0.959
ACTL6A,BCL7A,0.994
ACTL6A,BCL7C,0.987
ACTL6A,BICRAL,0.975
ACTL6A,BRD7,0.999
ACTL6A,BRD8,0.993
ACTL6A,BRD9,0.997
ACTL6A,DMAP1,0.999
ACTL6A,DPF2,0.986
ACTL6A,EP400,0.999
ACTL6A,EPC1,0.99
ACTL6A,EPC2,0.983
ACTL6A,H2AZ1,0.938
ACTL6A,H3-3B,0.911
ACTL6A,ING3,0.993
ACTL6A,INO80,0.986
ACTL6A,INO80B,0.963
ACTL6A,INO80C,0.984
ACTL6A,INO80D,0.914
ACTL6A,INO80E,0.975
ACTL6A,KAT5,0.997
ACTL6A,KAT8,0.962
ACTL6A,MBTD1,0.935
ACTL6A,MCRS1,0.956
ACTL6A,MEAF6,0.995
ACTL6A,MORF4L1,0.995
ACTL6A,MORF4L2,0.976
ACTL6A,MRGBP,0.985
ACTL6A,MSL1,0.91
ACTL6A,MSL2,0.902
ACTL6A,MSL3,0.931
ACTL6A,NFRKB,0.952
ACTL6A,PBRM1,0.999
ACTL6A,PHF10,0.999
ACTL6A,PPARG,0.905
ACTL6A,RUVBL1,0.999
ACTL6A,RUVBL2,0.999
ACTL6A,SMARCA2,0.999
ACTL6A,SMARCA4,0.999
ACTL6A,SMARCB1,0.999
ACTL6A,SMARCC1,0.999
ACTL6A,SMARCC2,0.999
ACTL6A,SMARCD1,0.999
ACTL6A,SMARCD2,0.997
ACTL6A,SMARCD3,0.993
ACTL6A,SMARCE1,0.999
ACTL6A,SRCAP,0.959
ACTL6A,SS18,0.991
ACTL6A,TRRAP,0.999
ACTL6A,VPS72,0.975
ACTL6A,YEATS4,0.994
ACTL6A,YY1,0.977
ACTL6A,ZNHIT1,0.973
ACTL6B,ACTR8,0.9
ACTL6B,ARID1A,0.978
ACTL6B,ARID1B,0.964
ACTL6B,ARID2,0.968
ACTL6B,BANF1,0.939
ACTL6B,BCL7A,0.945
ACTL6B,BCL7C,0.925
ACTL6B,BRD7,0.96
ACTL6B,BRD9,0.933
ACTL6B,DMAP1,0.959
ACTL6B,DPF2,0.977
ACTL6B,EP400,0.937
ACTL6B,EPC1,0.91
ACTL6B,EPC2,0.905
ACTL6B,MEAF6,0.927
ACTL6B,PBRM1,0.958
ACTL6B,PHF10,0.992
ACTL6B,PPARG,0.901
ACTL6B,RUVBL1,0.907
ACTL6B,RUVBL2,0.916
ACTL6B,SMARCA2,0.982
ACTL6B,SMARCA4,0.98
ACTL6B,SMARCB1,0.989
ACTL6B,SMARCC1,0.976
ACTL6B,SMARCC2,0.991
ACTL6B,SMARCD1,0.99
ACTL6B,SMARCD2,0.951
ACTL6B,SMARCD3,0.967
ACTL6B,SMARCE1,0.982
ACTL6B,SS18,0.953
ACTL6B,SS18L1,0.928
ACTL6B,TRRAP,0.938
ACTL6B,YEATS4,0.909
ACTN1,ACTN4,0.998
ACTN1,CACNA1C,0.94
ACTN1,CFL1,0.915
ACTN1,CTNNA1,0.974
ACTN1,ITGA5,0.965
ACTN1,ITGB1,0.974
ACTN1,LMO7,0.914
ACTN1,MAGI1,0.917
ACTN1,MICALL2,0.953
ACTN1,PARVB,0.955
ACTN1,PDLIM1,0.972
ACTN1,PIKFYVE,0.9
ACTN1,PIP5K1B,0.907
ACTN1,TTN,0.906
ACTN1,VCL,0.999
ACTN1,ZYX,0.989
ACTN2,CAMK2A,0.961
ACTN2,GRIN2B,0.943
ACTN2,LDB3,0.973
ACTN2,MYOZ2,0.987
ACTN2,PDLIM1,0.94
ACTN2,TCAP,0.969
ACTN2,TNNT2,0.913
ACTN2,TPM1,0.904
ACTN2,TTN,0.999
ACTN4,CD2AP,0.94
ACTN4,CTNNA1,0.94
ACTN4,ITGA5,0.922
ACTN4,ITGB1,0.96
ACTN4,LMO7,0.957
ACTN4,MAGI1,0.993
ACTN4,MICALL2,0.969
ACTN4,MYH9,0.926
ACTN4,NPHS1,0.993
ACTN4,NPHS2,0.971
ACTN4,PDLIM1,0.97
ACTN4,PIKFYVE,0.903
ACTN4,PIP5K1B,0.904
ACTN4,SYNPO,0.981
ACTN4,TJP1,0.91
ACTN4,TRIM3,0.953
ACTN4,TRPC6,0.905
ACTN4,VCL,0.999
ACTN4,ZYX,0.978
ACTR10,ACTR1A,0.999
ACTR10,ACTR1B,0.995
ACTR10,CAPZA1,0.99
ACTR10,CAPZA2,0.98
ACTR10,CAPZB,0.975
ACTR10,DCTN1,0.999
ACTR10,DCTN2,0.999
ACTR10,DCTN3,0.996
ACTR10,DCTN4,0.999
ACTR10,DCTN5,0.999
ACTR10,DCTN6,0.999
ACTR10,DYNC1H1,0.95
ACTR10,DYNC1I2,0.97
ACTR1A,ACTR1B,0.992
ACTR1A,CAPZA1,0.992
ACTR1A,CAPZA2,0.969
ACTR1A,CAPZB,0.99
ACTR1A,DCTN1,0.999
ACTR1A,DCTN2,0.999
ACTR1A,DCTN3,0.998
ACTR1A,DCTN4,0.999
ACTR1A,DCTN5,0.999
ACTR1A,DCTN6,0.999
ACTR1A,DYNC1H1,0.995
ACTR1A,DYNC1I2,0.982
ACTR1B,CAPZB,0.903
ACTR1B,DCTN1,0.997
ACTR1B,DCTN2,0.998
ACTR1B,DCTN3,0.992
ACTR1B,DCTN4,0.998
ACTR1B,DCTN5,0.993
ACTR1B,DCTN6,0.993
ACTR2,ACTR3,0.999
ACTR2,ARPC1B,0.999
ACTR2,ARPC2,0.999
ACTR2,ARPC3,0.999
ACTR2,ARPC4,0.999
ACTR2,ARPC5,0.999
ACTR2,CDC42,0.95
ACTR2,CFL1,0.963
ACTR2,CTTN,0.973
ACTR2,HCLS1,0.99
ACTR2,PFN1,0.92
ACTR2,WAS,0.999
ACTR2,WASF2,0.988
ACTR2,WASL,0.999
ACTR2,WHAMM,0.943
ACTR2,WIPF1,0.92
ACTR3,ARPC1B,0.999
ACTR3,ARPC2,0.999
ACTR3,ARPC3,0.999
ACTR3,ARPC4,0.999
ACTR3,ARPC5,0.999
ACTR3,CTTN,0.925
ACTR3,HCLS1,0.975
ACTR3,WAS,0.996
ACTR3,WASF2,0.953
ACTR3,WASL,0.999
ACTR3,WHAMM,0.916
ACTR5,ACTR8,0.998
ACTR5,ANP32E,0.902
ACTR5,BRD8,0.901
ACTR5,EP400,0.943
ACTR5,ING3,0.904
ACTR5,INO80,0.999
ACTR5,INO80B,0.998
ACTR5,INO80C,0.999
ACTR5,INO80D,0.932
ACTR5,INO80E,0.999
ACTR5,KAT5,0.907
ACTR5,MCRS1,0.974
ACTR5,NFRKB,0.999
ACTR5,RUVBL1,0.999
ACTR5,RUVBL2,0.999
ACTR5,TRRAP,0.913
ACTR5,YY1,0.984
ACTR6,DMAP1,0.962
ACTR6,EP400,0.93
ACTR6,H2AZ1,0.956
ACTR6,RUVBL1,0.999
ACTR6,RUVBL2,0.998
ACTR6,SRCAP,0.999
ACTR6,ZNHIT1,0.998
ACTR8,ANP32E,0.9
ACTR8,BRD8,0.905
ACTR8,EP400,0.95
ACTR8,ING3,0.914
ACTR8,INO80,0.992
ACTR8,INO80B,0.986
ACTR8,INO80C,0.997
ACTR8,INO80D,0.941
ACTR8,INO80E,0.99
ACTR8,KAT5,0.926
ACTR8,MCRS1,0.975
ACTR8,NFRKB,0.991
ACTR8,RUVBL1,0.998
ACTR8,RUVBL2,0.997
ACTR8,TRRAP,0.924
ACTR8,YY1,0.986
ACVR1,ACVR1B,0.979
ACVR1,ACVR1C,0.908
ACVR1,ACVR2A,0.999
ACVR1,ACVR2B,0.993
ACVR1,AMH,0.964
ACVR1,AMHR2,0.942
ACVR1,BMP2,0.992
ACVR1,BMP4,0.998
ACVR1,BMP6,0.999
ACVR1,BMP7,0.999
ACVR1,BMPR1A,0.999
ACVR1,BMPR2,0.999
ACVR1,CUL1,0.964
ACVR1,FKBP1A,0.998
ACVR1,FKBP1B,0.966
ACVR1,GDF2,0.99
ACVR1,HJV,0.958
ACVR1,SMAD1,0.978
ACVR1,SMAD2,0.97
ACVR1,SMAD3,0.961
ACVR1,SMAD9,0.99
ACVR1,TGFBR1,0.96
ACVR1B,ACVR1C,0.967
ACVR1B,ACVR2A,0.998
ACVR1B,ACVR2B,0.999
ACVR1B,ALK,0.932
ACVR1B,GDF11,0.932
ACVR1B,MSTN,0.995
ACVR1B,SMAD2,0.972
ACVR1B,SMAD3,0.936
ACVR1B,SMAD4,0.957
ACVR1B,SMAD7,0.902
ACVR1B,TGFBR1,0.988
ACVR1C,ACVR2A,0.996
ACVR1C,ACVR2B,0.997
ACVR1C,GDF11,0.906
ACVR1C,SMAD2,0.982
ACVR1C,SMAD3,0.963
ACVR1C,TGFBR1,0.955
ACVR2A,ACVR2B,0.998
ACVR2A,BMP2,0.999
ACVR2A,BMP4,0.997
ACVR2A,BMP6,0.999
ACVR2A,BMP7,0.999
ACVR2A,BMPR1A,0.998
ACVR2A,BMPR2,0.994
ACVR2A,GDF11,0.999
ACVR2A,GDF2,0.998
ACVR2A,GDF5,0.986
ACVR2A,MSTN,0.997
ACVR2A,SMAD2,0.977
ACVR2A,SMAD3,0.979
ACVR2A,TGFBR1,0.988
ACVR2B,BMP2,0.999
ACVR2B,BMP4,0.993
ACVR2B,BMP6,0.997
ACVR2B,BMP7,0.998
ACVR2B,BMPR1A,0.995
ACVR2B,BMPR2,0.951
ACVR2B,GDF11,0.999
ACVR2B,GDF2,0.997
ACVR2B,GDF5,0.985
ACVR2B,MSTN,0.999
ACVR2B,SMAD2,0.983
ACVR2B,SMAD3,0.968
ACVR2B,TGFBR1,0.999
ADA,ADAR,0.952
ADA,ADORA2A,0.907
ADA,DPP4,0.999
ADA,PNP,0.998
ADAM17,FURIN,0.939
ADAM17,HBEGF,0.967
ADAM17,NOTCH1,0.953
ADAM17,NOTCH2,0.942
ADAM17,NOTCH3,0.94
ADAM17,NOTCH4,0.938
ADAM17,TGFA,0.923
ADAM17,TIMP3,0.996
ADAM17,TMPRSS2,0.936
ADAM17,TNF,0.95
ADAM22,ADAM23,0.944
ADAM22,CACNG2,0.937
ADAM22,DLG2,0.912
ADAM22,DLG4,0.997
ADAM22,LGI1,0.999
ADAM23,LGI1,0.997
ADAM9,MAD2L2,0.943
ADAR,AXIN1,0.993
ADAR,DHX9,0.922
ADAR,DICER1,0.993
ADAR,RBMX,0.926
ADAR,UPF1,0.983
ADCY2,CNR1,0.909
ADCY2,ENTPD2,0.905
ADCY2,GNAS,0.978
ADCY2,PRKCD,0.91
ADCY2,RAPGEF4,0.928
ADCY3,ADCY6,0.919
ADCY3,ADCY8,0.914
ADCY3,CALM3,0.945
ADCY3,CAMK2A,0.929
ADCY3,CAMK2B,0.922
ADCY3,CNR1,0.906
ADCY3,ENTPD2,0.902
ADCY3,GNAS,0.948
ADCY3,GNB1,0.935
ADCY3,GNG13,0.937
ADCY3,GNG7,0.902
ADCY3,KCNQ1,0.913
ADCY3,PRKACA,0.968
ADCY3,PRKACB,0.947
ADCY3,PRKCD,0.905
ADCY3,RAPGEF4,0.933
ADCY3,RGS2,0.963
ADCY3,SLC12A2,0.914
ADCY5,ADCY6,0.96
ADCY5,AKAP5,0.982
ADCY5,CNR1,0.922
ADCY5,ENTPD2,0.911
ADCY5,GNAI1,0.955
ADCY5,GNAI2,0.933
ADCY5,GNAI3,0.933
ADCY5,GNAS,0.981
ADCY5,MTNR1B,0.911
ADCY5,PKD2,0.932
ADCY5,PRKACA,0.983
ADCY5,PRKACB,0.974
ADCY5,PRKCD,0.913
ADCY5,RAPGEF4,0.955
ADCY6,ADCY8,0.912
ADCY6,AKAP5,0.909
ADCY6,CNR1,0.906
ADCY6,ENTPD2,0.906
ADCY6,GNAI1,0.936
ADCY6,GNAI2,0.931
ADCY6,GNAI3,0.929
ADCY6,GNAS,0.97
ADCY6,PRKCD,0.904
ADCY6,RAPGEF4,0.971
ADCY8,CALM3,0.995
ADCY8,CNR1,0.919
ADCY8,ENTPD2,0.91
ADCY8,GNAS,0.949
ADCY8,PRKACA,0.971
ADCY8,PRKACB,0.955
ADCY8,PRKCA,0.91
ADCY8,PRKCD,0.906
ADCY8,RAPGEF4,0.971
ADCYAP1,ADCYAP1R1,0.999
ADCYAP1,ADORA2A,0.912
ADCYAP1,ADRB1,0.916
ADCYAP1,DRD1,0.921
ADCYAP1,DRD5,0.909
ADCYAP1,FSHR,0.929
ADCYAP1,GHRH,0.908
ADCYAP1,GIPR,0.956
ADCYAP1,GLP1R,0.949
ADCYAP1,GNAS,0.906
ADCYAP1,GNG2,0.901
ADCYAP1,HTR6,0.915
ADCYAP1,LHCGR,0.906
ADCYAP1,MC2R,0.912
ADCYAP1,NPR1,0.914
ADCYAP1,PTGER2,0.9
ADCYAP1,SCT,0.957
ADCYAP1,SCTR,0.906
ADCYAP1,TSHR,0.914
ADCYAP1,VIPR1,0.999
ADCYAP1,VIPR2,0.999
ADCYAP1R1,GNAS,0.967
ADCYAP1R1,GNB1,0.959
ADCYAP1R1,GNG2,0.909
ADD2,ANK2,0.979
ADD2,ANK3,0.96
ADD2,DMTN,0.996
ADD2,EPB41,0.993
ADD2,GYPC,0.902
ADD2,TMOD1,0.948
ADGRA2,LRP5,0.908
ADGRG1,GNA12,0.965
ADGRG1,GNA13,0.978
ADGRG1,GNB1,0.942
ADGRG1,GNG2,0.943
ADGRL3,FLRT3,0.999
ADGRL3,GNB1,0.967
ADGRL3,GNB2,0.967
ADGRL3,GNB3,0.967
ADGRL3,GNB4,0.967
ADGRL3,GNB5,0.967
ADGRL3,UNC5D,0.987
ADGRL3,VEGFB,0.969
ADGRV1,CDH23,0.97
ADGRV1,MYO7A,0.944
ADGRV1,PCDH15,0.929
ADGRV1,PDZD7,0.997
ADGRV1,USH1C,0.99
ADGRV1,USH1G,0.964
ADGRV1,USH2A,0.996
ADGRV1,WHRN,0.999
ADH1A,ADH1B,0.989
ADH1A,ADH1C,0.983
ADH1A,ALDH2,0.975
ADH1A,COMT,0.913
ADH1A,CYP2E1,0.963
ADH1A,DGAT1,0.919
ADH1A,MAOA,0.933
ADH1A,MAOB,0.928
ADH1B,ADH1C,0.986
ADH1B,ALDH2,0.995
ADH1B,COMT,0.936
ADH1B,CYP2E1,0.988
ADH1B,DGAT1,0.905
ADH1B,MAOA,0.946
ADH1B,MAOB,0.934
ADH1C,ALDH2,0.989
ADH1C,COMT,0.927
ADH1C,CYP2E1,0.965
ADH1C,DGAT1,0.905
ADH1C,MAOA,0.936
ADH1C,MAOB,0.931
ADIPOQ,ADIPOR1,0.999
ADIPOQ,CEBPA,0.942
ADIPOQ,CEBPB,0.904
ADIPOQ,INS,0.961
ADIPOQ,LEP,0.994
ADIPOQ,PPARA,0.914
ADIPOQ,PPARG,0.965
ADIPOQ,PPARGC1A,0.944
ADIPOQ,RETN,0.967
ADIPOR1,APPL1,0.999
ADIPOR1,LEP,0.949
ADM,ADM2,0.925
ADM,CALCA,0.982
ADM,CALCR,0.991
ADM,CALCRL,0.999
ADM,RAMP1,0.998
ADM,RAMP2,0.999
ADM,RAMP3,0.999
ADM2,CALCRL,0.999
ADM2,RAMP1,0.951
ADM2,RAMP2,0.924
ADM2,RAMP3,0.994
ADNP,CHD4,0.991
ADORA1,ADORA3,0.907
ADORA1,GNAI1,0.931
ADORA1,GNAI2,0.994
ADORA1,GNAI3,0.92
ADORA1,GNB1,0.941
ADORA2A,ADORA2B,0.937
ADORA2A,CNR1,0.956
ADORA2A,DRD2,0.997
ADORA2A,GCG,0.916
ADORA2A,GNAQ,0.959
ADORA2A,GNAS,0.995
ADORA2A,GNB1,0.928
ADORA2A,GRM5,0.976
ADORA2A,NTRK2,0.94
ADORA2B,GNAQ,0.922
ADORA2B,GNAS,0.954
ADORA3,GNAI1,0.92
ADORA3,GNAI2,0.922
ADORA3,GNAI3,0.91
ADRA1A,ADRA1B,0.957
ADRA1A,ADRA1D,0.909
ADRA1A,GNA11,0.969
ADRA1A,GNA12,0.968
ADRA1A,GNA13,0.968
ADRA1A,GNAQ,0.987
ADRA1B,ADRA1D,0.949
ADRA1B,GNA11,0.927
ADRA1B,GNA12,0.925
ADRA1B,GNA13,0.92
ADRA1B,GNAQ,0.976
ADRA1D,GNA11,0.961
ADRA1D,GNA12,0.96
ADRA1D,GNA13,0.961
ADRA1D,GNAQ,0.983
ADRA2A,GNA11,0.914
ADRA2A,GNA12,0.924
ADRA2A,GNA13,0.918
ADRA2A,GNAO1,0.956
ADRA2A,GNAQ,0.959
ADRA2A,GNB1,0.978
ADRA2A,GNG2,0.932
ADRA2B,GNA11,0.91
ADRA2B,GNA12,0.909
ADRA2B,GNA13,0.909
ADRA2B,GNAQ,0.925
ADRA2C,GNA11,0.914
ADRA2C,GNA12,0.912
ADRA2C,GNA13,0.912
ADRA2C,GNAQ,0.953
ADRB1,ADRB2,0.956
ADRB1,ADRB3,0.907
ADRB1,ARRB1,0.966
ADRB1,DLG4,0.953
ADRB1,GCG,0.927
ADRB1,GNAI1,0.923
ADRB1,GNAI2,0.923
ADRB1,GNAI3,0.921
ADRB1,GNAS,0.979
ADRB2,ADRB3,0.94
ADRB2,AKAP12,0.983
ADRB2,ARRB1,0.999
ADRB2,ARRB2,0.999
ADRB2,ARRDC3,0.934
ADRB2,CACNA1C,0.937
ADRB2,GNAI1,0.949
ADRB2,GNAI2,0.948
ADRB2,GNAI3,0.925
ADRB2,GNAS,0.993
ADRB2,GRK2,0.983
ADRB2,GRK5,0.91
ADRB2,GRK6,0.922
ADRB2,SLC9A3R1,0.997
ADRB2,SNX27,0.958
ADRB2,SRC,0.955
ADRB2,USP20,0.926
ADRB2,USP33,0.926
ADRB3,GNAI1,0.915
ADRB3,GNAI2,0.912
ADRB3,GNAI3,0.914
ADRB3,GNAS,0.941
AEBP2,ASXL1,0.917
AEBP2,BAP1,0.9
AEBP2,BMI1,0.928
AEBP2,CBX2,0.938
AEBP2,CBX4,0.928
AEBP2,CBX6,0.929
AEBP2,CBX8,0.931
AEBP2,EED,0.999
AEBP2,EZH2,0.999
AEBP2,H2AC18,0.905
AEBP2,HDAC2,0.921
AEBP2,PCGF1,0.952
AEBP2,PCGF2,0.943
AEBP2,PCGF3,0.941
AEBP2,PCGF5,0.929
AEBP2,PCGF6,0.946
AEBP2,PHC1,0.957
AEBP2,PHC2,0.922
AEBP2,PHC3,0.911
AEBP2,PHF19,0.952
AEBP2,RBBP4,0.999
AEBP2,RBBP7,0.999
AEBP2,RING1,0.952
AEBP2,RNF2,0.951
AEBP2,SUZ12,0.999
AEBP2,UBAP2L,0.907
AFDN,CGN,0.978
AFDN,CTNNA1,0.984
AFDN,CTNND1,0.998
AFDN,F11R,0.997
AFDN,HRAS,0.998
AFDN,KRAS,0.945
AFDN,LMO7,0.983
AFDN,MRAS,0.97
AFDN,NECTIN1,0.999
AFDN,NECTIN3,0.999
AFDN,NECTIN4,0.997
AFDN,NRAS,0.975
AFDN,OCLN,0.973
AFDN,PLEKHA7,0.908
AFDN,RAP1A,0.978
AFDN,RAP1B,0.971
AFDN,RRAS,0.957
AFDN,SIPA1,0.965
AFDN,SORBS1,0.996
AFDN,TJP1,0.999
AFF1,AFF4,0.999
AFF1,CCNT1,0.999
AFF1,CCNT2,0.991
AFF1,CDC73,0.92
AFF1,CDK9,0.999
AFF1,CTR9,0.926
AFF1,DOT1L,0.951
AFF1,EAF1,0.997
AFF1,EAF2,0.919
AFF1,ELL,0.999
AFF1,ELL2,0.999
AFF1,ELL3,0.998
AFF1,ELOA,0.915
AFF1,ELOB,0.9
AFF1,ELOC,0.903
AFF1,ELP4,0.903
AFF1,ERCC6,0.91
AFF1,ICE1,0.913
AFF1,ICE2,0.923
AFF1,KMT2A,0.99
AFF1,LEO1,0.926
AFF1,MLLT1,0.999
AFF1,MLLT10,0.985
AFF1,MLLT3,0.999
AFF1,NELFA,0.905
AFF1,NELFB,0.907
AFF1,NELFCD,0.9
AFF1,NELFE,0.923
AFF1,PAF1,0.905
AFF1,PEX2,0.9
AFF1,SUPT4H1,0.921
AFF1,SUPT5H,0.939
AFF1,ZC3H8,0.907
AFF4,CCNT1,0.999
AFF4,CCNT2,0.999
AFF4,CDC73,0.96
AFF4,CDK9,0.999
AFF4,CTR9,0.952
AFF4,EAF1,0.992
AFF4,EAF2,0.987
AFF4,ELL,0.999
AFF4,ELL2,0.999
AFF4,ELL3,0.998
AFF4,ELOA,0.936
AFF4,ELOB,0.904
AFF4,ELOC,0.905
AFF4,ELP4,0.903
AFF4,ERCC6,0.909
AFF4,ICE1,0.923
AFF4,ICE2,0.934
AFF4,KMT2A,0.924
AFF4,LEO1,0.94
AFF4,MLLT1,0.999
AFF4,MLLT3,0.999
AFF4,NELFA,0.917
AFF4,NELFB,0.919
AFF4,NELFCD,0.9
AFF4,NELFE,0.943
AFF4,PAF1,0.901
AFF4,PEX2,0.9
AFF4,SUPT4H1,0.934
AFF4,SUPT5H,0.958
AFF4,ZC3H8,0.922
AFG3L2,NDUFA13,0.995
AFG3L2,PHB,0.934
AFG3L2,SPG7,0.968
AGAP1,ARF1,0.902
AGK,AGPAT2,0.918
AGK,LIPF,0.906
AGK,PNLIP,0.902
AGK,TIMM10,0.978
AGK,TIMM10B,0.998
AGK,TIMM22,0.995
AGK,TIMM29,0.999
AGK,TIMM9,0.989
AGO2,AGO4,0.988
AGO2,CLP1,0.917
AGO2,DCP2,0.972
AGO2,DDX20,0.999
AGO2,DDX5,0.907
AGO2,DDX6,0.999
AGO2,DGCR8,0.984
AGO2,DHX9,0.999
AGO2,DICER1,0.999
AGO2,DROSHA,0.995
AGO2,EGFR,0.956
AGO2,EIF4E,0.991
AGO2,EIF4E2,0.911
AGO2,ELAVL1,0.997
AGO2,FMR1,0.998
AGO2,FXR1,0.996
AGO2,GEMIN4,0.999
AGO2,HSD17B10,0.902
AGO2,HSP90AA1,0.997
AGO2,HSP90AB1,0.992
AGO2,HTT,0.946
AGO2,IPO8,0.975
AGO2,LIMD1,0.936
AGO2,MOV10,0.997
AGO2,NCBP1,0.95
AGO2,NCBP2,0.922
AGO2,NCBP3,0.915
AGO2,NPM1,0.992
AGO2,PABPC1,0.919
AGO2,POP1,0.903
AGO2,POP4,0.901
AGO2,POP5,0.9
AGO2,POP7,0.9
AGO2,PRORP,0.903
AGO2,RBM8A,0.961
AGO2,RPP14,0.901
AGO2,RPP21,0.9
AGO2,RPP25,0.9
AGO2,RPP30,0.9
AGO2,RPP38,0.903
AGO2,RPP40,0.903
AGO2,SND1,0.943
AGO2,TARBP2,0.999
AGO2,TSN,0.952
AGO2,TSNAX,0.958
AGO2,UPF1,0.949
AGO2,XPO5,0.99
AGO2,YBX1,0.91
AGO2,ZFP36,0.914
AGO4,DGCR8,0.902
AGO4,DICER1,0.99
AGO4,DROSHA,0.952
AGO4,TARBP2,0.948
AGPAT2,BSCL2,0.988
AGPAT2,CDS1,0.963
AGPAT2,GNPAT,0.905
AGPAT2,LPIN1,0.928
AGPAT2,PIGA,0.912
AGPAT2,PLPP3,0.965
AGPS,GNPAT,0.997
AGPS,PEX10,0.927
AGPS,PEX12,0.929
AGPS,PEX14,0.937
AGPS,PEX5,0.966
AGPS,PEX7,0.959
AGT,AGTR1,0.999
AGT,AGTR2,0.999
AGT,ARRB2,0.915
AGT,ATP6AP2,0.984
AGT,BDKRB1,0.973
AGT,BDKRB2,0.989
AGT,CTSG,0.912
AGT,CXCR4,0.936
AGT,EDN1,0.953
AGT,EDNRA,0.988
AGT,EDNRB,0.962
AGT,F2R,0.936
AGT,F2RL3,0.904
AGT,GNAQ,0.962
AGT,LPAR1,0.92
AGT,LPAR2,0.907
AGT,LPAR3,0.91
AGT,LPAR5,0.901
AGT,MAS1,0.969
AGT,NR3C2,0.945
AGT,REN,0.999
AGT,TAC1,0.995
AGTR1,AGTR2,0.982
AGTR1,AGTRAP,0.982
AGTR1,ARRB1,0.948
AGTR1,ARRB2,0.968
AGTR1,BDKRB2,0.975
AGTR1,F2,0.92
AGTR1,GNA11,0.942
AGTR1,GNA12,0.954
AGTR1,GNA13,0.927
AGTR1,GNAQ,0.997
AGTR1,REN,0.969
AGTR1,SERPINE1,0.953
AGTR2,GNAQ,0.921
AGTR2,REN,0.935
AHCTF1,NDC1,0.945
AHCTF1,NUP107,0.999
AHCTF1,NUP133,0.999
AHCTF1,NUP153,0.977
AHCTF1,NUP155,0.987
AHCTF1,NUP160,0.999
AHCTF1,NUP188,0.974
AHCTF1,NUP205,0.983
AHCTF1,NUP210,0.943
AHCTF1,NUP214,0.965
AHCTF1,NUP35,0.991
AHCTF1,NUP37,0.999
AHCTF1,NUP43,0.998
AHCTF1,NUP54,0.961
AHCTF1,NUP58,0.969
AHCTF1,NUP62,0.989
AHCTF1,NUP85,0.995
AHCTF1,NUP88,0.949
AHCTF1,NUP93,0.989
AHCTF1,NUP98,0.998
AHCTF1,POM121,0.903
AHCTF1,RANBP2,0.992
AHCTF1,SEC13,0.999
AHCTF1,SEH1L,0.998
AHCYL1,DNMT1,0.923
AHCYL1,DNMT3A,0.915
AHCYL1,DNMT3B,0.913
AHCYL1,ITPR1,0.965
AHI1,B9D1,0.976
AHI1,B9D2,0.968
AHI1,CC2D2A,0.996
AHI1,CEP290,0.988
AHI1,HAP1,0.926
AHI1,MKS1,0.965
AHI1,NPHP1,0.993
AHI1,RAB8A,0.958
AHI1,RPGRIP1L,0.941
AHI1,TCTN1,0.979
AHI1,TCTN2,0.963
AHI1,TCTN3,0.961
AHI1,TMEM216,0.985
AHI1,TMEM231,0.96
AHI1,TMEM67,0.993
AHNAK,ANXA2,0.999
AHNAK,DYSF,0.982
AHNAK,EZR,0.958
AHNAK,PPL,0.963
AHNAK,PRX,0.941
AHNAK,S100A10,0.999
AHR,AIP,0.999
AHR,ARNT,0.999
AHR,ESR1,0.906
AHR,HSP90AA1,0.992
AHR,HSP90AB1,0.995
AHR,PTGES3,0.908
AHSA1,CDC37,0.968
AHSA1,DNAJA1,0.902
AHSA1,FKBP4,0.973
AHSA1,HSP90AA1,0.999
AHSA1,HSP90AB1,0.999
AHSA1,HSP90B1,0.915
AHSA1,HSPA4,0.971
AHSA1,HSPA8,0.93
AHSA1,PPID,0.95
AHSA1,PTGES3,0.994
AHSA1,STIP1,0.998
AHSG,ALB,0.999
AHSG,AMBP,0.932
AHSG,APOA1,0.944
AHSG,APOB,0.9
AHSG,F2,0.98
AHSG,FGA,0.984
AHSG,FGB,0.909
AHSG,FGG,0.97
AHSG,HRG,0.924
AHSG,PLG,0.902
AHSG,SERPINA1,0.971
AHSG,TLR4,0.988
AIFM1,BAX,0.929
AIFM1,PPIA,0.93
AIM2,CARD8,0.981
AIM2,CASP1,0.999
AIM2,CASP5,0.989
AIM2,DDX58,0.942
AIM2,IFI16,0.929
AIM2,MEFV,0.999
AIM2,NAIP,0.994
AIM2,NLRC4,0.999
AIM2,NLRP1,0.999
AIM2,NLRP12,0.981
AIM2,NLRP2,0.963
AIM2,NLRP3,0.999
AIM2,NLRP6,0.999
AIM2,NLRP7,0.912
AIM2,NLRP9,0.954
AIM2,PYCARD,0.999
AIM2,TP53BP1,0.965
AIMP1,AIMP2,0.999
AIMP1,DARS1,0.994
AIMP1,EEF1E1,0.999
AIMP1,EPRS1,0.999
AIMP1,IARS1,0.996
AIMP1,KARS1,0.997
AIMP1,LARS1,0.997
AIMP1,MARS1,0.999
AIMP1,QARS1,0.999
AIMP1,RARS1,0.999
AIMP2,DARS1,0.999
AIMP2,EEF1E1,0.999
AIMP2,EPRS1,0.999
AIMP2,IARS1,0.994
AIMP2,KARS1,0.999
AIMP2,LARS1,0.995
AIMP2,MARS1,0.999
AIMP2,PRKN,0.957
AIMP2,QARS1,0.999
AIMP2,RARS1,0.998
AIP,AIPL1,0.905
AIP,HSP90AA1,0.998
AIP,HSP90AB1,0.999
AIP,PTGES3,0.959
AIP,SRC,0.929
AIPL1,CRX,0.928
AIPL1,GUCY2D,0.974
AIPL1,NUB1,0.975
AIPL1,RPE65,0.902
AIPL1,RPGRIP1,0.943
AIPL1,SPATA7,0.93
AIPL1,TULP1,0.921
AIRE,H3-3A,0.915
AIRE,H3-3B,0.983
AIRE,H3C1,0.955
AJUBA,LATS1,0.974
AJUBA,LATS2,0.983
AJUBA,LIMD1,0.925
AJUBA,SAV1,0.958
AJUBA,WTIP,0.91
AK2,ENTPD2,0.906
AK2,PKLR,0.931
AK2,PKM,0.944
AKAP1,AKAP12,0.915
AKAP1,AKAP13,0.92
AKAP1,AKAP5,0.931
AKAP1,AKAP6,0.931
AKAP1,AKAP7,0.924
AKAP1,AKAP8,0.903
AKAP1,MYCBP,0.945
AKAP1,PDE4A,0.973
AKAP1,PRKACA,0.999
AKAP1,PRKACB,0.999
AKAP1,PRKAR2A,0.97
AKAP1,PRKAR2B,0.981
AKAP12,CALM3,0.936
AKAP12,PRKACA,0.991
AKAP12,PRKACB,0.989
AKAP13,ARHGEF1,0.926
AKAP13,GNA12,0.973
AKAP13,GNA13,0.933
AKAP13,PRKACA,0.908
AKAP13,RHOA,0.999
AKAP5,CALM2,0.902
AKAP5,CALM3,0.983
AKAP5,DLG1,0.961
AKAP5,DLG4,0.925
AKAP5,IQGAP1,0.946
AKAP5,PPP3CA,0.917
AKAP5,PRKACA,0.998
AKAP5,PRKACB,0.998
AKAP5,PRKAR2A,0.905
AKAP5,PRKAR2B,0.996
AKAP6,FKBP1B,0.929
AKAP6,MAPK7,0.958
AKAP6,PDE4A,0.941
AKAP6,PDE4D,0.944
AKAP6,PRKACA,0.953
AKAP6,PRKACB,0.953
AKAP6,RYR2,0.992
AKAP7,PRKACA,0.965
AKAP7,PRKACB,0.963
AKAP7,PRKAR2A,0.963
AKAP7,PRKAR2B,0.926
AKAP8L,DHX9,0.94
AKAP8L,RNF43,0.951
AKAP9,CDK5RAP2,0.943
AKAP9,GOLGA2,0.968
AKAP9,KCNE1,0.983
AKAP9,KCNE2,0.932
AKAP9,KCNE3,0.909
AKAP9,KCNQ1,0.999
AKAP9,PDE4DIP,0.977
AKAP9,PRKACA,0.993
AKAP9,PRKACB,0.991
AKAP9,PRKAR2B,0.902
AKT1,AKT1S1,0.995
AKT1,AKT2,0.991
AKT1,AKT3,0.958
AKT1,AMOTL1,0.986
AKT1,APPL1,0.993
AKT1,ARRB1,0.99
AKT1,ARRB2,0.997
AKT1,AXIN1,0.912
AKT1,BAD,0.993
AKT1,BCL2,0.993
AKT1,BCL2L1,0.991
AKT1,BECN1,0.918
AKT1,BRCA1,0.993
AKT1,CASP3,0.945
AKT1,CASP9,0.989
AKT1,CAV1,0.937
AKT1,CCND1,0.923
AKT1,CDC37,0.995
AKT1,CDC42,0.999
AKT1,CDH1,0.903
AKT1,CDKN1A,0.995
AKT1,CDKN1B,0.996
AKT1,CHUK,0.996
AKT1,CREB1,0.965
AKT1,CTNNB1,0.979
AKT1,CYBA,0.992
AKT1,CYBB,0.994
AKT1,DOCK1,0.93
AKT1,EGF,0.933
AKT1,EP300,0.954
AKT1,ESR1,0.913
AKT1,FGF2,0.926
AKT1,FKBP4,0.914
AKT1,FKBP5,0.964
AKT1,FOXO1,0.999
AKT1,FOXO3,0.998
AKT1,FOXO4,0.992
AKT1,GAPDH,0.911
AKT1,GRB2,0.907
AKT1,GSK3A,0.993
AKT1,GSK3B,0.996
AKT1,HIF1A,0.932
AKT1,HSP90AA1,0.999
AKT1,HSP90AB1,0.999
AKT1,HSP90B1,0.981
AKT1,HSPA4,0.964
AKT1,HSPA5,0.971
AKT1,HSPB1,0.991
AKT1,HSPB2,0.927
AKT1,HSPB3,0.923
AKT1,IGF1,0.935
AKT1,IKBKB,0.99
AKT1,IKBKG,0.982
AKT1,ILK,0.998
AKT1,INS,0.953
AKT1,IQGAP1,0.975
AKT1,IRS1,0.972
AKT1,ITPR1,0.981
AKT1,ITPR3,0.967
AKT1,JUN,0.991
AKT1,KRAS,0.904
AKT1,MAP2K4,0.965
AKT1,MAP3K5,0.985
AKT1,MAP3K8,0.942
AKT1,MAPK1,0.988
AKT1,MAPK11,0.94
AKT1,MAPK14,0.99
AKT1,MAPK3,0.957
AKT1,MAPKAP1,0.976
AKT1,MAPKAPK2,0.93
AKT1,MDM2,0.999
AKT1,MLST8,0.956
AKT1,MTOR,0.999
AKT1,MYC,0.928
AKT1,NCF1,0.993
AKT1,NCF2,0.994
AKT1,NCF4,0.993
AKT1,NFE2L2,0.923
AKT1,NKX3-1,0.94
AKT1,NOS1,0.953
AKT1,NOS2,0.976
AKT1,NOS3,0.997
AKT1,NOX1,0.949
AKT1,NOXA1,0.922
AKT1,NR4A1,0.956
AKT1,OGT,0.935
AKT1,PAK1,0.994
AKT1,PDE3B,0.943
AKT1,PDPK1,0.999
AKT1,PHLPP1,0.999
AKT1,PHLPP2,0.987
AKT1,PIK3CA,0.998
AKT1,PIK3CB,0.992
AKT1,PIK3CD,0.976
AKT1,PIK3CG,0.994
AKT1,PIK3R1,0.995
AKT1,PIK3R2,0.971
AKT1,PIK3R3,0.962
AKT1,PIK3R5,0.945
AKT1,PIK3R6,0.912
AKT1,PPP2CA,0.98
AKT1,PPP2R1A,0.917
AKT1,PRKCZ,0.974
AKT1,PTEN,0.988
AKT1,RABIF,0.924
AKT1,RAF1,0.992
AKT1,RASA1,0.902
AKT1,RHOA,0.904
AKT1,RICTOR,0.992
AKT1,RPTOR,0.996
AKT1,SMAD2,0.918
AKT1,SMAD3,0.996
AKT1,SMAD4,0.914
AKT1,SRC,0.995
AKT1,STAT1,0.961
AKT1,STAT3,0.966
AKT1,TBC1D7,0.974
AKT1,TCL1A,0.995
AKT1,TERT,0.903
AKT1,TNF,0.907
AKT1,TP53,0.994
AKT1,TRAF6,0.954
AKT1,TRIB3,0.998
AKT1,TSC1,0.985
AKT1,TSC2,0.99
AKT1,VAV1,0.949
AKT1,VAV3,0.91
AKT1,WAS,0.974
AKT1,WASL,0.947
AKT1,XIAP,0.939
AKT1S1,AKT2,0.967
AKT1S1,AKT3,0.963
AKT1S1,ATG101,0.957
AKT1S1,DEPTOR,0.999
AKT1S1,FKBP8,0.991
AKT1S1,IGBP1,0.907
AKT1S1,MAPKAP1,0.998
AKT1S1,MLST8,0.999
AKT1S1,MTOR,0.999
AKT1S1,PPARG,0.918
AKT1S1,PRKACA,0.924
AKT1S1,PRKACB,0.92
AKT1S1,RB1CC1,0.962
AKT1S1,RICTOR,0.993
AKT1S1,RPTOR,0.999
AKT1S1,RRAGA,0.994
AKT1S1,RRAGB,0.96
AKT1S1,RRAGC,0.991
AKT1S1,RRAGD,0.948
AKT1S1,TTI1,0.993
AKT1S1,ULK1,0.951
AKT1S1,ULK2,0.924
AKT2,AKT3,0.965
AKT2,APPL1,0.949
AKT2,BAD,0.919
AKT2,BCL2,0.95
AKT2,BCL2L1,0.939
AKT2,BRCA1,0.938
AKT2,CASP9,0.942
AKT2,CDC37,0.944
AKT2,CDKN1A,0.955
AKT2,CDKN1B,0.956
AKT2,CHUK,0.916
AKT2,FOXO1,0.986
AKT2,FOXO3,0.98
AKT2,FOXO4,0.957
AKT2,GSK3A,0.937
AKT2,GSK3B,0.977
AKT2,HSP90AA1,0.948
AKT2,HSP90AB1,0.946
AKT2,HSP90B1,0.932
AKT2,IKBKB,0.925
AKT2,IKBKG,0.92
AKT2,ILK,0.946
AKT2,JUN,0.967
AKT2,MAP2K4,0.918
AKT2,MAP3K5,0.944
AKT2,MAP3K8,0.913
AKT2,MAPK1,0.929
AKT2,MAPK11,0.927
AKT2,MAPK14,0.932
AKT2,MAPK3,0.962
AKT2,MDM2,0.947
AKT2,MTOR,0.967
AKT2,NKX3-1,0.907
AKT2,NOS1,0.906
AKT2,NOS2,0.942
AKT2,NOS3,0.925
AKT2,NR4A1,0.91
AKT2,OGT,0.939
AKT2,PDE3B,0.918
AKT2,PDPK1,0.962
AKT2,PHLPP1,0.994
AKT2,PHLPP2,0.986
AKT2,PIK3CA,0.984
AKT2,PIK3CB,0.983
AKT2,PIK3CD,0.962
AKT2,PIK3CG,0.974
AKT2,PIK3R1,0.979
AKT2,PIK3R2,0.963
AKT2,PIK3R3,0.953
AKT2,PIK3R5,0.937
AKT2,PIK3R6,0.912
AKT2,PRKCZ,0.929
AKT2,RAF1,0.923
AKT2,RPTOR,0.976
AKT2,TBC1D7,0.923
AKT2,TCL1A,0.969
AKT2,TP53,0.973
AKT2,TRIB3,0.965
AKT2,TSC1,0.95
AKT2,TSC2,0.969
AKT3,BAD,0.92
AKT3,BCL2,0.947
AKT3,BCL2L1,0.931
AKT3,BRCA1,0.934
AKT3,CASP9,0.937
AKT3,CDC37,0.963
AKT3,CDKN1A,0.95
AKT3,CDKN1B,0.96
AKT3,CHUK,0.916
AKT3,FOXO1,0.966
AKT3,FOXO3,0.966
AKT3,FOXO4,0.953
AKT3,GSK3A,0.937
AKT3,GSK3B,0.963
AKT3,HSP90AA1,0.954
AKT3,HSP90AB1,0.956
AKT3,HSP90B1,0.93
AKT3,IKBKB,0.917
AKT3,IKBKG,0.918
AKT3,ILK,0.942
AKT3,JUN,0.941
AKT3,MAP2K4,0.92
AKT3,MAP3K5,0.911
AKT3,MAP3K8,0.917
AKT3,MAPK1,0.927
AKT3,MAPK11,0.925
AKT3,MAPK14,0.925
AKT3,MAPK3,0.928
AKT3,MDM2,0.966
AKT3,MTOR,0.96
AKT3,NKX3-1,0.943
AKT3,NOS1,0.9
AKT3,NOS2,0.904
AKT3,NOS3,0.917
AKT3,NR4A1,0.903
AKT3,OGT,0.91
AKT3,PDE3B,0.92
AKT3,PDPK1,0.939
AKT3,PHLPP1,0.993
AKT3,PHLPP2,0.996
AKT3,PIK3CA,0.984
AKT3,PIK3CB,0.964
AKT3,PIK3CD,0.95
AKT3,PIK3CG,0.973
AKT3,PIK3R1,0.977
AKT3,PIK3R2,0.967
AKT3,PIK3R3,0.973
AKT3,PIK3R5,0.941
AKT3,PIK3R6,0.921
AKT3,PRKCZ,0.959
AKT3,RAF1,0.922
AKT3,RPTOR,0.959
AKT3,TBC1D7,0.934
AKT3,TCL1A,0.936
AKT3,TP53,0.953
AKT3,TRIB3,0.91
AKT3,TSC1,0.952
AKT3,TSC2,0.968
AKTIP,HOOK1,0.994
AKTIP,HOOK2,0.995
AKTIP,HOOK3,0.992
AKTIP,TERF1,0.909
ALAS1,SHMT1,0.929
ALAS1,SHMT2,0.925
ALB,AMBP,0.97
ALB,APOA1,0.998
ALB,APOB,0.951
ALB,APOE,0.953
ALB,APP,0.901
ALB,B2M,0.987
ALB,BCHE,0.912
ALB,C3,0.959
ALB,CP,0.936
ALB,CRP,0.928
ALB,CUBN,0.992
ALB,CYCS,0.986
ALB,F2,0.99
ALB,FCGRT,0.999
ALB,FGA,0.975
ALB,FGG,0.945
ALB,FN1,0.998
ALB,GH1,0.936
ALB,HP,0.995
ALB,IL6,0.926
ALB,INS,0.999
ALB,LRP2,0.994
ALB,LTF,0.996
ALB,PLG,0.963
ALB,SERPINA1,0.998
ALB,SERPINA3,0.914
ALB,SERPINC1,0.933
ALB,SPARC,0.991
ALB,TF,0.9
ALB,TG,0.912
ALB,TTR,0.994
ALB,VTN,0.988
ALDH2,MAOA,0.982
ALDH2,MAOB,0.975
ALDH5A1,CS,0.93
ALDH5A1,OGDH,0.923
ALDOB,GAPDH,0.995
ALDOB,LDHA,0.906
ALDOB,PDHB,0.913
ALDOB,PFKL,0.986
ALDOB,PFKM,0.982
ALDOB,PFKP,0.982
ALDOB,PKLR,0.973
ALDOB,PKM,0.916
ALDOB,TPI1,0.986
ALK,GRB2,0.965
ALK,HRAS,0.966
ALK,JAK1,0.944
ALK,JAK2,0.936
ALK,JAK3,0.95
ALK,KIF5B,0.913
ALK,KRAS,0.989
ALK,MYCN,0.932
ALK,NPM1,0.994
ALK,NRAS,0.986
ALK,PIK3CA,0.979
ALK,PIK3CB,0.935
ALK,PIK3CD,0.927
ALK,PIK3R1,0.973
ALK,PIK3R2,0.927
ALK,PIK3R3,0.914
ALK,PLCG1,0.977
ALK,PLCG2,0.915
ALK,SHC1,0.953
ALK,TGFBR2,0.947
ALK,TPM3,0.905
ALOX5,CYP2C9,0.955
ALOX5,CYP2E1,0.92
ALOX5,PLA2G4A,0.925
ALOX5,PTGS1,0.97
ALOX5,PTGS2,0.973
ALYREF,CHTOP,0.992
ALYREF,DDX39A,0.994
ALYREF,DDX39B,0.999
ALYREF,DDX5,0.929
ALYREF,DHX9,0.953
ALYREF,EIF4A3,0.999
ALYREF,HNRNPA1,0.957
ALYREF,HNRNPH1,0.914
ALYREF,MAGOH,0.992
ALYREF,MTREX,0.947
ALYREF,NCBP1,0.998
ALYREF,NCBP2,0.965
ALYREF,NXF1,0.999
ALYREF,NXT1,0.91
ALYREF,PCF11,0.939
ALYREF,PRPF19,0.952
ALYREF,RAE1,0.942
ALYREF,RBM39,0.906
ALYREF,RBM8A,0.984
ALYREF,RBMX,0.946
ALYREF,RNPS1,0.995
ALYREF,SAP18,0.974
ALYREF,SARNP,0.999
ALYREF,SNRPF,0.915
ALYREF,SRRM1,0.993
ALYREF,SRRT,0.99
ALYREF,SRSF1,0.984
ALYREF,SRSF2,0.928
ALYREF,SRSF3,0.95
ALYREF,SRSF7,0.958
ALYREF,THOC1,0.999
ALYREF,THOC2,0.999
ALYREF,THOC3,0.999
ALYREF,THOC5,0.998
ALYREF,THOC6,0.994
ALYREF,THOC7,0.995
ALYREF,TOP1,0.918
ALYREF,U2AF2,0.959
ALYREF,UPF1,0.998
ALYREF,UPF3A,0.998
ALYREF,UPF3B,0.981
ALYREF,ZC3H13,0.909
AMBP,B2M,0.915
AMBP,F2,0.979
AMBP,FGA,0.945
AMBP,FGB,0.931
AMBP,SERPINC1,0.936
AMFR,DERL1,0.999
AMFR,DERL2,0.995
AMFR,ERLEC1,0.935
AMFR,ERLIN2,0.968
AMFR,FAF2,0.986
AMFR,HMGCR,0.953
AMFR,INSIG1,0.999
AMFR,INSIG2,0.949
AMFR,NGLY1,0.932
AMFR,OS9,0.983
AMFR,RAD23B,0.914
AMFR,RPS27A,0.97
AMFR,SEL1L,0.978
AMFR,SELENOS,0.928
AMFR,SYVN1,0.921
AMFR,UBA52,0.939
AMFR,UBB,0.953
AMFR,UBXN1,0.938
AMFR,UFD1,0.92
AMFR,VCP,0.999
AMH,AMHR2,0.999
AMH,BMPR1A,0.956
AMH,NR5A1,0.948
AMH,SOX9,0.92
AMHR2,BMPR1A,0.925
AMHR2,BMPR2,0.916
AMN,CBLIF,0.947
AMN,CUBN,0.999
AMN,LRP2,0.998
AMOT,AMOTL1,0.986
AMOT,AMOTL2,0.966
AMOT,ARHGAP17,0.999
AMOT,LATS1,0.982
AMOT,LATS2,0.948
AMOT,MPDZ,0.995
AMOT,MPP5,0.999
AMOT,NEDD4L,0.992
AMOT,NF2,0.998
AMOT,PATJ,0.999
AMOT,PLG,0.993
AMOT,PRKCI,0.926
AMOT,PRKCZ,0.941
AMOT,SAV1,0.906
AMOT,WWTR1,0.995
AMOT,YAP1,0.998
AMOTL1,AMOTL2,0.917
AMOTL1,ARHGAP17,0.938
AMOTL1,MPDZ,0.977
AMOTL1,MYC,0.972
AMOTL1,NF2,0.991
AMOTL1,PATJ,0.973
AMOTL1,PRKCI,0.907
AMOTL1,PRKCZ,0.912
AMOTL1,STAT3,0.965
AMOTL1,YAP1,0.963
AMOTL2,ARHGAP17,0.939
AMOTL2,LATS2,0.934
AMOTL2,MPDZ,0.953
AMOTL2,NF2,0.987
AMOTL2,PATJ,0.957
AMOTL2,PRKCI,0.906
AMOTL2,PRKCZ,0.91
AMOTL2,YAP1,0.982
AMPH,AP2B1,0.947
AMPH,BIN1,0.984
AMPH,CLTC,0.961
AMPH,DNM1,0.996
AMPH,DNM2,0.992
AMPH,GRB2,0.919
AMPH,ITSN1,0.929
AMPH,SH3GL2,0.93
AMPH,SYNJ1,0.997
ANAPC1,ANAPC10,0.999
ANAPC1,ANAPC11,0.999
ANAPC1,ANAPC16,0.999
ANAPC1,ANAPC2,0.999
ANAPC1,ANAPC4,0.999
ANAPC1,ANAPC5,0.999
ANAPC1,ANAPC7,0.999
ANAPC1,BABAM2,0.904
ANAPC1,BARD1,0.91
ANAPC1,BCOR,0.902
ANAPC1,BMI1,0.901
ANAPC1,BRCA1,0.917
ANAPC1,BRCC3,0.904
ANAPC1,BUB1B,0.999
ANAPC1,BUB3,0.951
ANAPC1,CBX2,0.902
ANAPC1,CBX4,0.9
ANAPC1,CBX8,0.9
ANAPC1,CCNA2,0.939
ANAPC1,CCNB1,0.933
ANAPC1,CCNB2,0.953
ANAPC1,CDC16,0.999
ANAPC1,CDC20,0.999
ANAPC1,CDC23,0.999
ANAPC1,CDC26,0.999
ANAPC1,CDC27,0.999
ANAPC1,CDK1,0.936
ANAPC1,CUL7,0.905
ANAPC1,MAD2L1,0.991
ANAPC1,NEK2,0.971
ANAPC1,PCGF2,0.9
ANAPC1,PCGF6,0.903
ANAPC1,PHC1,0.902
ANAPC1,PHC2,0.9
ANAPC1,PHC3,0.9
ANAPC1,PPP2CA,0.998
ANAPC1,RING1,0.901
ANAPC1,RNF2,0.9
ANAPC1,TRIM33,0.994
ANAPC10,ANAPC11,0.999
ANAPC10,ANAPC16,0.999
ANAPC10,ANAPC2,0.999
ANAPC10,ANAPC4,0.999
ANAPC10,ANAPC5,0.999
ANAPC10,ANAPC7,0.999
ANAPC10,BABAM2,0.901
ANAPC10,BARD1,0.904
ANAPC10,BCOR,0.901
ANAPC10,BMI1,0.901
ANAPC10,BRCA1,0.909
ANAPC10,BRCC3,0.905
ANAPC10,BUB1B,0.999
ANAPC10,CBX2,0.9
ANAPC10,CBX4,0.9
ANAPC10,CBX8,0.9
ANAPC10,CCNA2,0.972
ANAPC10,CCNB1,0.999
ANAPC10,CCNB2,0.927
ANAPC10,CDC16,0.999
ANAPC10,CDC20,0.999
ANAPC10,CDC23,0.999
ANAPC10,CDC26,0.999
ANAPC10,CDC27,0.999
ANAPC10,CDK1,0.93
ANAPC10,CUL7,0.977
ANAPC10,MAD2L1,0.999
ANAPC10,NEK2,0.952
ANAPC10,PCGF2,0.9
ANAPC10,PCGF6,0.908
ANAPC10,PHC1,0.906
ANAPC10,PHC2,0.9
ANAPC10,PHC3,0.9
ANAPC10,PTTG1,0.911
ANAPC10,RING1,0.908
ANAPC10,RNF2,0.9
ANAPC10,UBB,0.909
ANAPC11,ANAPC16,0.991
ANAPC11,ANAPC2,0.999
ANAPC11,ANAPC4,0.999
ANAPC11,ANAPC5,0.999
ANAPC11,ANAPC7,0.985
ANAPC11,BABAM2,0.9
ANAPC11,BARD1,0.917
ANAPC11,BCOR,0.903
ANAPC11,BMI1,0.901
ANAPC11,BRCA1,0.913
ANAPC11,BRCC3,0.908
ANAPC11,BUB1B,0.964
ANAPC11,CBX2,0.9
ANAPC11,CBX4,0.9
ANAPC11,CBX8,0.9
ANAPC11,CDC16,0.999
ANAPC11,CDC20,0.999
ANAPC11,CDC23,0.999
ANAPC11,CDC26,0.996
ANAPC11,CDC27,0.999
ANAPC11,CUL7,0.969
ANAPC11,PCGF2,0.9
ANAPC11,PCGF6,0.9
ANAPC11,PHC1,0.9
ANAPC11,PHC2,0.9
ANAPC11,PHC3,0.9
ANAPC11,PTTG1,0.92
ANAPC11,RBX1,0.915
ANAPC11,RING1,0.908
ANAPC11,RNF2,0.914
ANAPC11,RNF7,0.925
ANAPC11,UBE2D2,0.966
ANAPC16,ANAPC2,0.998
ANAPC16,ANAPC4,0.998
ANAPC16,ANAPC5,0.999
ANAPC16,ANAPC7,0.999
ANAPC16,BABAM2,0.9
ANAPC16,BARD1,0.903
ANAPC16,BCOR,0.9
ANAPC16,BMI1,0.901
ANAPC16,BRCA1,0.9
ANAPC16,BRCC3,0.905
ANAPC16,BUB1B,0.992
ANAPC16,CBX2,0.9
ANAPC16,CBX4,0.9
ANAPC16,CBX8,0.9
ANAPC16,CCNA2,0.911
ANAPC16,CDC16,0.999
ANAPC16,CDC20,0.999
ANAPC16,CDC23,0.999
ANAPC16,CDC26,0.999
ANAPC16,CDC27,0.999
ANAPC16,CUL7,0.9
ANAPC16,MAD2L1,0.907
ANAPC16,NEK2,0.958
ANAPC16,PCGF2,0.9
ANAPC16,PCGF6,0.9
ANAPC16,PHC1,0.9
ANAPC16,PHC2,0.9
ANAPC16,PHC3,0.902
ANAPC16,RING1,0.902
ANAPC16,RNF2,0.9
ANAPC2,ANAPC4,0.999
ANAPC2,ANAPC5,0.999
ANAPC2,ANAPC7,0.999
ANAPC2,BABAM2,0.9
ANAPC2,BARD1,0.916
ANAPC2,BCOR,0.908
ANAPC2,BMI1,0.905
ANAPC2,BRCA1,0.912
ANAPC2,BRCC3,0.902
ANAPC2,BUB1B,0.999
ANAPC2,CBX2,0.9
ANAPC2,CBX4,0.906
ANAPC2,CBX8,0.906
ANAPC2,CCNA2,0.914
ANAPC2,CCNB1,0.935
ANAPC2,CCNB2,0.925
ANAPC2,CDC16,0.999
ANAPC2,CDC20,0.999
ANAPC2,CDC23,0.999
ANAPC2,CDC26,0.999
ANAPC2,CDC27,0.999
ANAPC2,CUL7,0.918
ANAPC2,MAD2L1,0.969
ANAPC2,NEK2,0.985
ANAPC2,PCGF2,0.906
ANAPC2,PCGF6,0.904
ANAPC2,PHC1,0.9
ANAPC2,PHC2,0.903
ANAPC2,PHC3,0.9
ANAPC2,RING1,0.913
ANAPC2,RNF2,0.904
ANAPC2,RPS27A,0.954
ANAPC2,UBA52,0.949
ANAPC2,UBB,0.948
ANAPC4,ANAPC5,0.999
ANAPC4,ANAPC7,0.999
ANAPC4,BABAM2,0.9
ANAPC4,BARD1,0.916
ANAPC4,BCOR,0.909
ANAPC4,BMI1,0.901
ANAPC4,BRCA1,0.91
ANAPC4,BRCC3,0.91
ANAPC4,BUB1B,0.999
ANAPC4,BUB3,0.998
ANAPC4,CBX2,0.9
ANAPC4,CBX4,0.9
ANAPC4,CBX8,0.9
ANAPC4,CCNA2,0.999
ANAPC4,CCNB1,0.999
ANAPC4,CCNB2,0.951
ANAPC4,CDC16,0.999
ANAPC4,CDC20,0.999
ANAPC4,CDC23,0.999
ANAPC4,CDC26,0.999
ANAPC4,CDC27,0.999
ANAPC4,CDK1,0.998
ANAPC4,CUL7,0.903
ANAPC4,MAD2L1,0.999
ANAPC4,MXI1,0.994
ANAPC4,NEK2,0.999
ANAPC4,PCGF2,0.9
ANAPC4,PCGF6,0.9
ANAPC4,PHC1,0.9
ANAPC4,PHC2,0.904
ANAPC4,PHC3,0.901
ANAPC4,PPP2CA,0.994
ANAPC4,RING1,0.901
ANAPC4,RNF2,0.9
ANAPC4,TRIM33,0.994
ANAPC4,UBB,0.903
ANAPC5,ANAPC7,0.999
ANAPC5,BABAM2,0.928
ANAPC5,BARD1,0.915
ANAPC5,BCOR,0.901
ANAPC5,BMI1,0.904
ANAPC5,BRCA1,0.911
ANAPC5,BRCC3,0.904
ANAPC5,BUB1B,0.998
ANAPC5,BUB3,0.969
ANAPC5,CBX2,0.9
ANAPC5,CBX4,0.9
ANAPC5,CBX8,0.9
ANAPC5,CCNA2,0.925
ANAPC5,CCNB1,0.936
ANAPC5,CCNB2,0.922
ANAPC5,CDC16,0.999
ANAPC5,CDC20,0.999
ANAPC5,CDC23,0.999
ANAPC5,CDC26,0.999
ANAPC5,CDC27,0.999
ANAPC5,CUL7,0.912
ANAPC5,MAD2L1,0.95
ANAPC5,NEK2,0.95
ANAPC5,PCGF2,0.909
ANAPC5,PCGF6,0.903
ANAPC5,PHC1,0.91
ANAPC5,PHC2,0.9
ANAPC5,PHC3,0.901
ANAPC5,RING1,0.912
ANAPC5,RNF2,0.909
ANAPC5,TRIM33,0.994
ANAPC5,UBB,0.911
ANAPC7,BABAM2,0.902
ANAPC7,BARD1,0.906
ANAPC7,BCOR,0.902
ANAPC7,BMI1,0.904
ANAPC7,BRCA1,0.906
ANAPC7,BRCC3,0.909
ANAPC7,BUB1B,0.999
ANAPC7,CBX2,0.901
ANAPC7,CBX4,0.9
ANAPC7,CBX8,0.9
ANAPC7,CCNA2,0.919
ANAPC7,CCNB1,0.926
ANAPC7,CCNB2,0.916
ANAPC7,CDC16,0.999
ANAPC7,CDC20,0.999
ANAPC7,CDC23,0.999
ANAPC7,CDC26,0.998
ANAPC7,CDC27,0.999
ANAPC7,CUL7,0.937
ANAPC7,MAD2L1,0.978
ANAPC7,NEK2,0.951
ANAPC7,PCGF2,0.913
ANAPC7,PCGF6,0.912
ANAPC7,PHC1,0.901
ANAPC7,PHC2,0.9
ANAPC7,PHC3,0.9
ANAPC7,PPP2CA,0.994
ANAPC7,RING1,0.902
ANAPC7,RNF2,0.9
ANAPC7,TRIM33,0.994
ANGPT1,ANGPT2,0.92
ANGPT1,FLT1,0.984
ANGPT1,FLT4,0.916
ANGPT1,KDR,0.994
ANGPT1,NTRK1,0.996
ANGPT1,PDGFRB,0.916
ANGPT1,TEK,0.999
ANGPT1,TIE1,0.998
ANGPT2,FLT1,0.983
ANGPT2,FLT4,0.98
ANGPT2,KDR,0.986
ANGPT2,NTRK1,0.993
ANGPT2,TEK,0.999
ANGPT2,TIE1,0.994
ANGPT2,VWF,0.903
ANK2,ANK3,0.911
ANK2,CD44,0.98
ANK2,EPB41,0.996
ANK2,ITPR1,0.986
ANK2,ITPR2,0.923
ANK2,ITPR3,0.995
ANK2,L1CAM,0.99
ANK2,NFASC,0.966
ANK2,NRCAM,0.938
ANK2,SLC4A1,0.908
ANK2,SPTAN1,0.995
ANK2,SPTBN1,0.997
ANK2,TIAM1,0.957
ANK2,TTN,0.935
ANK3,CD44,0.98
ANK3,EPB41,0.996
ANK3,ITPR1,0.946
ANK3,ITPR2,0.922
ANK3,ITPR3,0.979
ANK3,KCNQ2,0.956
ANK3,KCNQ3,0.942
ANK3,L1CAM,0.974
ANK3,NFASC,0.996
ANK3,NRCAM,0.953
ANK3,SCN2A,0.971
ANK3,SCN5A,0.993
ANK3,SCN8A,0.959
ANK3,SLC4A1,0.928
ANK3,SPTAN1,0.972
ANK3,SPTBN1,0.974
ANK3,TIAM1,0.968
ANK3,TTN,0.926
ANKRA2,CCDC8,0.98
ANKRA2,HDAC4,0.995
ANKRA2,LRP2,0.997
ANKRD1,TTN,0.988
ANKRD28,PPP6C,0.991
ANKRD28,PPP6R1,0.982
ANKRD28,PPP6R2,0.935
ANKRD28,PPP6R3,0.983
ANKRD44,PPP6C,0.951
ANKRD44,PPP6R1,0.964
ANKRD44,PPP6R2,0.914
ANKRD44,PPP6R3,0.903
ANKRD52,PPP6C,0.973
ANKRD52,PPP6R1,0.932
ANKRD52,PPP6R2,0.943
ANKS3,ANKS6,0.994
ANKS3,NEK7,0.937
ANKS3,NEK8,0.913
ANKS6,NEK7,0.902
ANKS6,NEK8,0.993
ANKS6,NEK9,0.979
ANKS6,NPHP3,0.974
ANOS1,FGFR1,0.998
ANP32A,APEX1,0.996
ANP32A,ELAVL1,0.971
ANP32A,NME1,0.978
ANP32A,SET,0.999
ANP32A,XPO1,0.974
ANP32E,BRD8,0.95
ANP32E,DMAP1,0.904
ANP32E,EP400,0.992
ANP32E,H2AZ1,0.996
ANP32E,ING3,0.941
ANP32E,INO80,0.908
ANP32E,INO80B,0.9
ANP32E,INO80C,0.922
ANP32E,INO80E,0.901
ANP32E,KAT5,0.984
ANP32E,MCRS1,0.9
ANP32E,NFRKB,0.9
ANP32E,RUVBL1,0.949
ANP32E,RUVBL2,0.939
ANP32E,TRRAP,0.953
ANP32E,VPS72,0.912
ANP32E,YY1,0.906
ANXA1,ANXA2,0.989
ANXA1,CAV3,0.927
ANXA1,DYSF,0.983
ANXA1,S100A10,0.977
ANXA2,ANXA6,0.91
ANXA2,CALR,0.923
ANXA2,CAV1,0.922
ANXA2,CD63,0.985
ANXA2,CDC42,0.921
ANXA2,DYSF,0.989
ANXA2,EGFR,0.958
ANXA2,MYC,0.951
ANXA2,PLAT,0.997
ANXA2,PLG,0.997
ANXA2,RPS6KA1,0.904
ANXA2,S100A10,0.999
ANXA2,S100A6,0.952
ANXA2,TLR4,0.968
ANXA2,TP53,0.977
ANXA6,LRP1,0.932
ANXA7,LGALS3,0.931
ANXA7,SRI,0.936
AP1B1,AP1G1,0.999
AP1B1,AP1G2,0.994
AP1B1,AP1M1,0.999
AP1B1,AP1M2,0.993
AP1B1,AP1S1,0.999
AP1B1,AP1S2,0.998
AP1B1,AP1S3,0.997
AP1B1,AP2A1,0.969
AP1B1,AP2A2,0.93
AP1B1,AP2M1,0.99
AP1B1,AP2S1,0.969
AP1B1,AP4M1,0.919
AP1B1,ARF1,0.992
AP1B1,CLTC,0.917
AP1B1,KIF13A,0.959
AP1G1,AP1G2,0.904
AP1G1,AP1M1,0.999
AP1G1,AP1M2,0.996
AP1G1,AP1S1,0.998
AP1G1,AP1S2,0.997
AP1G1,AP1S3,0.999
AP1G1,AP2B1,0.976
AP1G1,AP2M1,0.968
AP1G1,AP3M1,0.903
AP1G1,AP4B1,0.924
AP1G1,AP4M1,0.928
AP1G1,ARF1,0.979
AP1G1,CLTC,0.961
AP1G1,RABEP1,0.941
AP1G2,AP1M1,0.99
AP1G2,AP1M2,0.993
AP1G2,AP1S1,0.995
AP1G2,AP1S2,0.999
AP1G2,AP1S3,0.982
AP1G2,AP2B1,0.902
AP1M1,AP1M2,0.967
AP1M1,AP1S1,0.999
AP1M1,AP1S2,0.999
AP1M1,AP1S3,0.997
AP1M1,AP2B1,0.968
AP1M1,AP2S1,0.942
AP1M1,ARF1,0.976
AP1M2,AP1S1,0.996
AP1M2,AP1S2,0.997
AP1M2,AP1S3,0.991
AP1M2,AP2B1,0.971
AP1S1,AP1S2,0.945
AP1S1,AP1S3,0.902
AP1S1,AP2A1,0.944
AP1S1,AP2A2,0.92
AP1S1,AP2B1,0.991
AP1S1,AP2M1,0.965
AP1S1,AP2S1,0.921
AP1S1,AP3S1,0.91
AP1S1,AP3S2,0.908
AP1S1,AP4B1,0.964
AP1S1,AP4E1,0.961
AP1S1,AP4M1,0.969
AP1S1,AP4S1,0.914
AP1S1,AP5B1,0.916
AP1S1,AP5M1,0.957
AP1S1,AP5S1,0.938
AP1S1,AP5Z1,0.923
AP1S1,CLTA,0.932
AP1S1,CLTC,0.934
AP1S1,KCNQ5,0.901
AP1S2,AP1S3,0.902
AP1S2,AP2B1,0.974
AP1S3,ARF1,0.906
AP2A1,AP2A2,0.955
AP2A1,AP2B1,0.999
AP2A1,AP2M1,0.999
AP2A1,AP2S1,0.999
AP2A1,AP3S1,0.968
AP2A1,AP3S2,0.962
AP2A1,AP4B1,0.986
AP2A1,AP4E1,0.927
AP2A1,AP4M1,0.973
AP2A1,AP4S1,0.966
AP2A1,AP5B1,0.906
AP2A1,AP5M1,0.948
AP2A1,AP5S1,0.903
AP2A1,AP5Z1,0.91
AP2A1,CLTA,0.983
AP2A1,CLTC,0.989
AP2A1,EGFR,0.927
AP2A1,EHD2,0.911
AP2A1,EPN1,0.958
AP2A1,EPS15,0.991
AP2A1,HTT,0.939
AP2A1,KCNQ5,0.9
AP2A1,NUMB,0.919
AP2A1,PICALM,0.947
AP2A1,SYNJ1,0.906
AP2A2,AP2B1,0.999
AP2A2,AP2M1,0.999
AP2A2,AP2S1,0.999
AP2A2,AP3S1,0.907
AP2A2,AP3S2,0.903
AP2A2,AP4B1,0.954
AP2A2,AP4E1,0.901
AP2A2,AP4M1,0.916
AP2A2,AP4S1,0.922
AP2A2,AP5B1,0.906
AP2A2,AP5M1,0.908
AP2A2,AP5S1,0.9
AP2A2,AP5Z1,0.906
AP2A2,CLTA,0.946
AP2A2,CLTC,0.976
AP2A2,EHD2,0.904
AP2A2,EPS15,0.958
AP2A2,HTT,0.989
AP2A2,ITSN1,0.923
AP2A2,KCNQ5,0.905
AP2B1,AP2M1,0.999
AP2B1,AP2S1,0.999
AP2B1,AP3S1,0.918
AP2B1,AP3S2,0.916
AP2B1,AP4B1,0.915
AP2B1,AP4E1,0.964
AP2B1,AP4M1,0.979
AP2B1,AP4S1,0.974
AP2B1,AP5B1,0.911
AP2B1,AP5M1,0.962
AP2B1,AP5S1,0.921
AP2B1,AP5Z1,0.915
AP2B1,ARRB1,0.998
AP2B1,ARRB2,0.992
AP2B1,CLTA,0.965
AP2B1,CLTC,0.997
AP2B1,EHD2,0.907
AP2B1,EPS15,0.973
AP2B1,HTT,0.952
AP2B1,ITSN1,0.992
AP2B1,KCNQ5,0.903
AP2B1,PICALM,0.908
AP2M1,AP2S1,0.999
AP2M1,AP3S1,0.954
AP2M1,AP3S2,0.923
AP2M1,AP4B1,0.986
AP2M1,AP4E1,0.967
AP2M1,AP4M1,0.925
AP2M1,AP4S1,0.926
AP2M1,AP5B1,0.9
AP2M1,AP5M1,0.922
AP2M1,AP5S1,0.905
AP2M1,AP5Z1,0.915
AP2M1,CLTA,0.958
AP2M1,CLTC,0.988
AP2M1,EGFR,0.912
AP2M1,EPS15,0.958
AP2M1,IRS1,0.942
AP2M1,ITSN1,0.927
AP2M1,KCNQ5,0.903
AP2M1,PICALM,0.935
AP2M1,SELP,0.9
AP2S1,AP3S1,0.91
AP2S1,AP3S2,0.908
AP2S1,AP4B1,0.976
AP2S1,AP4E1,0.96
AP2S1,AP4M1,0.934
AP2S1,AP4S1,0.91
AP2S1,AP5B1,0.902
AP2S1,AP5M1,0.921
AP2S1,AP5S1,0.903
AP2S1,AP5Z1,0.906
AP2S1,CLTA,0.961
AP2S1,CLTC,0.958
AP2S1,EHD2,0.901
AP2S1,EPS15,0.952
AP2S1,HTT,0.9
AP2S1,ITSN1,0.93
AP2S1,KCNQ5,0.902
AP3B1,AP3B2,0.904
AP3B1,AP3D1,0.999
AP3B1,AP3M1,0.999
AP3B1,AP3M2,0.996
AP3B1,AP3S1,0.999
AP3B1,AP3S2,0.981
AP3B1,BLOC1S3,0.914
AP3B1,HPS3,0.929
AP3B1,HPS4,0.935
AP3B2,AP3D1,0.979
AP3B2,AP3M1,0.997
AP3B2,AP3M2,0.987
AP3B2,AP3S1,0.985
AP3B2,AP3S2,0.956
AP3B2,AP4E1,0.93
AP3D1,AP3M1,0.999
AP3D1,AP3M2,0.996
AP3D1,AP3S1,0.999
AP3D1,AP3S2,0.997
AP3D1,AP4B1,0.912
AP3M1,AP3M2,0.978
AP3M1,AP3S1,0.998
AP3M1,AP3S2,0.996
AP3M2,AP3S1,0.992
AP3M2,AP3S2,0.99
AP3S1,AP3S2,0.902
AP3S1,AP4B1,0.917
AP3S1,AP4E1,0.948
AP3S1,AP4M1,0.93
AP3S1,AP4S1,0.903
AP3S1,AP5B1,0.905
AP3S1,AP5M1,0.932
AP3S1,AP5S1,0.925
AP3S1,AP5Z1,0.911
AP3S2,AP4B1,0.929
AP3S2,AP4E1,0.951
AP3S2,AP4M1,0.941
AP3S2,AP4S1,0.91
AP3S2,AP5B1,0.921
AP3S2,AP5M1,0.937
AP3S2,AP5S1,0.94
AP3S2,AP5Z1,0.928
AP4B1,AP4E1,0.999
AP4B1,AP4M1,0.999
AP4B1,AP4S1,0.999
AP4B1,AP5B1,0.92
AP4B1,AP5M1,0.96
AP4B1,AP5S1,0.938
AP4B1,AP5Z1,0.964
AP4E1,AP4M1,0.999
AP4E1,AP4S1,0.999
AP4E1,AP5B1,0.922
AP4E1,AP5M1,0.962
AP4E1,AP5S1,0.94
AP4E1,AP5Z1,0.962
AP4E1,ARF1,0.904
AP4M1,AP4S1,0.999
AP4M1,AP5B1,0.918
AP4M1,AP5M1,0.994
AP4M1,AP5S1,0.958
AP4M1,AP5Z1,0.96
AP4M1,SPP1,0.946
AP4S1,AP5B1,0.922
AP4S1,AP5M1,0.952
AP4S1,AP5S1,0.937
AP4S1,AP5Z1,0.966
AP5B1,AP5M1,0.996
AP5B1,AP5S1,0.999
AP5B1,AP5Z1,0.998
AP5B1,SPG11,0.98
AP5B1,ZFYVE26,0.909
AP5M1,AP5S1,0.999
AP5M1,AP5Z1,0.973
AP5S1,AP5Z1,0.997
AP5S1,SPG11,0.961
AP5S1,ZFYVE26,0.948
AP5Z1,SPG11,0.996
AP5Z1,ZFYVE26,0.992
APAF1,APIP,0.969
APAF1,AVEN,0.991
APAF1,BAX,0.922
APAF1,BCL2,0.993
APAF1,BCL2L1,0.996
APAF1,CASP3,0.999
APAF1,CASP7,0.94
APAF1,CASP8,0.97
APAF1,CASP9,0.999
APAF1,CYCS,0.999
APAF1,HSP90AA1,0.993
APAF1,HSP90AB1,0.988
APAF1,HSPA4,0.997
APAF1,TP53,0.974
APAF1,XIAP,0.977
APBA1,APP,0.998
APBA1,CASK,0.999
APBA1,KIF17,0.977
APBA1,LIN7A,0.992
APBA1,LIN7B,0.925
APBA1,LIN7C,0.981
APBA1,NRXN1,0.913
APBA1,STXBP1,0.995
APBB1,APLP1,0.986
APBB1,APLP2,0.984
APBB1,APP,0.999
APBB1,KAT5,0.999
APBB1,LRP1,0.918
APBB1,MAPK8,0.942
APBB1,TFCP2,0.928
APBB1IP,ENAH,0.949
APBB1IP,FERMT3,0.955
APBB1IP,FYB1,0.926
APBB1IP,PFN1,0.994
APBB1IP,RAP1A,0.997
APBB1IP,RAP1B,0.984
APBB1IP,TLN1,0.999
APBB1IP,VASP,0.999
APBB2,APLP1,0.933
APBB2,APLP2,0.919
APBB2,APP,0.995
APC,ARHGEF4,0.999
APC,ASAP1,0.964
APC,AXIN1,0.999
APC,AXIN2,0.999
APC,BTRC,0.998
APC,CACYBP,0.9
APC,CDH1,0.92
APC,CSNK1A1,0.999
APC,CTBP1,0.965
APC,CTNNA1,0.975
APC,CTNNB1,0.999
APC,CTNNBIP1,0.951
APC,DVL1,0.989
APC,DVL2,0.964
APC,DVL3,0.931
APC,GSK3A,0.997
APC,GSK3B,0.999
APC,JUP,0.98
APC,KHDRBS1,0.954
APC,LRP5,0.903
APC,MAPRE1,0.952
APC,PTPN13,0.929
APC,SIAH1,0.973
APC,SKP1,0.944
APC,TBL1X,0.908
APC,TBL1XR1,0.903
APC,TBL1Y,0.902
APEX1,EP300,0.944
APEX1,FEN1,0.998
APEX1,GADD45A,0.935
APEX1,LIG1,0.996
APEX1,LIG3,0.973
APEX1,NME1,0.982
APEX1,OGG1,0.986
APEX1,PARP1,0.967
APEX1,PNKP,0.936
APEX1,POLB,0.998
APEX1,TDP1,0.904
APEX1,TP53,0.944
APEX1,TXN,0.983
APEX1,XRCC1,0.999
APH1A,APH1B,0.975
APH1A,APP,0.986
APH1A,NCSTN,0.999
APH1A,NOTCH1,0.979
APH1A,PSEN1,0.999
APH1A,PSEN2,0.999
APH1A,PSENEN,0.999
APH1A,TMED10,0.996
APH1B,NCSTN,0.999
APH1B,PSEN1,0.999
APH1B,PSEN2,0.999
APH1B,PSENEN,0.999
API5,FGF2,0.955
API5,POLR2B,0.999
APLNR,GNA13,0.937
APLNR,GNAQ,0.938
APLNR,GNB1,0.958
APLNR,GNB2,0.949
APLNR,GNB3,0.952
APLNR,GNB4,0.958
APLNR,GNB5,0.943
APLNR,GNG10,0.908
APLNR,GNG11,0.919
APLNR,GNG12,0.911
APLNR,GNG13,0.911
APLNR,GNG2,0.911
APLNR,GNG3,0.911
APLNR,GNG4,0.91
APLNR,GNG5,0.908
APLNR,GNG7,0.915
APLNR,GNG8,0.908
APLNR,GNGT1,0.933
APLNR,GNGT2,0.908
APLNR,JAK1,0.916
APOA1,APOB,0.999
APOA1,APOE,0.999
APOA1,APOL1,0.998
APOA1,APP,0.982
APOA1,B2M,0.913
APOA1,C3,0.957
APOA1,CD36,0.917
APOA1,CLU,0.998
APOA1,CUBN,0.985
APOA1,F2,0.927
APOA1,FGA,0.902
APOA1,HP,0.998
APOA1,HPR,0.997
APOA1,INS,0.906
APOA1,MMP14,0.913
APOA1,MPO,0.924
APOA1,SERPINA1,0.927
APOA1,TF,0.919
APOA1,TTR,0.994
APOB,APOBEC1,0.963
APOB,APOE,0.999
APOB,CD36,0.98
APOB,LDLR,0.955
APOB,MTTP,0.999
APOB,NPC1L1,0.903
APOB,PCSK9,0.987
APOB,SCARB2,0.962
APOB,SORT1,0.983
APOBEC1,CDA,0.967
APOE,APOL1,0.965
APOE,APP,0.999
APOE,BIN1,0.908
APOE,CARM1,0.948
APOE,CD44,0.937
APOE,CLU,0.999
APOE,HSPG2,0.954
APOE,INS,0.92
APOE,LRP1,0.999
APOE,LRP2,0.999
APOE,LRP8,0.999
APOE,MAPT,0.991
APOE,PEX3,0.9
APOE,PSEN1,0.956
APOE,PSEN2,0.961
APOE,SDC1,0.932
APOE,SERPINA3,0.916
APOE,SNCA,0.996
APOE,SORL1,0.997
APOE,TOMM40,0.9
APOE,TREM2,0.997
APOE,TTR,0.952
APOE,VTN,0.989
APOL1,CLU,0.923
APOL1,HPR,0.999
APOO,APOOL,0.998
APOO,CHCHD3,0.998
APOO,CHCHD6,0.999
APOO,DNAJC11,0.955
APOO,IMMT,0.999
APOO,MICOS10,0.989
APOO,MICOS13,0.999
APOO,MTX2,0.939
APOO,SAMM50,0.943
APOOL,CHCHD3,0.999
APOOL,CHCHD6,0.999
APOOL,DNAJC11,0.958
APOOL,IMMT,0.999
APOOL,MICOS10,0.993
APOOL,MICOS13,0.999
APOOL,MTX1,0.905
APOOL,MTX2,0.965
APOOL,SAMM50,0.959
APP,APPBP2,0.936
APP,BACE1,0.999
APP,CASP3,0.908
APP,CD74,0.985
APP,CLU,0.998
APP,EP300,0.959
APP,GAPDH,0.98
APP,GNB1,0.932
APP,GNG2,0.906
APP,GRB2,0.945
APP,GSK3A,0.927
APP,HSPD1,0.916
APP,KAT5,0.993
APP,KLC1,0.943
APP,KLC2,0.905
APP,KLK6,0.967
APP,LRP1,0.983
APP,MAPK8IP1,0.963
APP,MAPT,0.995
APP,NAE1,0.998
APP,NCSTN,0.998
APP,NGFR,0.959
APP,PRNP,0.998
APP,PSEN1,0.999
APP,PSEN2,0.969
APP,PSENEN,0.986
APP,SHC1,0.933
APP,SNCA,0.993
APP,SORL1,0.999
APP,TNFRSF21,0.998
APP,TOMM40,0.901
APP,TREM2,0.901
APP,TTR,0.982
APPBP2,COMMD1,0.9
APPBP2,CUL2,0.966
APPBP2,ELOB,0.942
APPBP2,FEM1A,0.928
APPBP2,PPM1D,0.9
APPBP2,PRAME,0.917
APPBP2,RBX1,0.904
APPBP2,ZER1,0.92
APPBP2,ZYG11B,0.916
APPL1,CASP3,0.923
APPL1,DCC,0.938
APPL1,GIPC1,0.977
APPL1,IGF1R,0.982
APPL1,NTRK1,0.908
APPL1,OCRL,0.973
APPL1,RAB5A,0.999
APPL1,SRC,0.974
AQP2,AVPR2,0.982
AQP2,PRKACA,0.96
AQP2,PRKACB,0.959
AQP2,SLC12A1,0.905
AQR,BCAS2,0.999
AQR,BUD31,0.998
AQR,CASC3,0.954
AQR,CDC40,0.999
AQR,CDC5L,0.999
AQR,CRNKL1,0.999
AQR,CWC15,0.997
AQR,CWC22,0.996
AQR,DHX15,0.93
AQR,DHX8,0.998
AQR,EFTUD2,0.999
AQR,EIF4A3,0.989
AQR,ISY1,0.995
AQR,MAGOH,0.931
AQR,NCBP1,0.937
AQR,PLRG1,0.998
AQR,PPIE,0.999
AQR,PPIL1,0.998
AQR,PRKRIP1,0.938
AQR,PRPF19,0.999
AQR,PRPF38A,0.94
AQR,PRPF8,0.999
AQR,RBM22,0.999
AQR,RBM8A,0.946
AQR,SF3B1,0.9
AQR,SF3B3,0.901
AQR,SLU7,0.96
AQR,SNRNP200,0.994
AQR,SNRNP40,0.997
AQR,SNRPA1,0.999
AQR,SNRPB,0.996
AQR,SNRPB2,0.996
AQR,SNRPD1,0.997
AQR,SNRPD2,0.996
AQR,SNRPD3,0.997
AQR,SNRPE,0.997
AQR,SNRPF,0.997
AQR,SNRPG,0.997
AQR,SNW1,0.998
AQR,SRRM1,0.903
AQR,SRRM2,0.994
AQR,SYF2,0.996
AQR,XAB2,0.999
AQR,YJU2,0.942
AQR,ZNF830,0.991
AR,BRCA1,0.908
AR,BRD4,0.969
AR,BUD31,0.912
AR,CCND1,0.955
AR,CREBBP,0.96
AR,CTNNB1,0.996
AR,EP300,0.952
AR,ESR1,0.981
AR,EZH2,0.978
AR,FKBP4,0.928
AR,FKBP5,0.905
AR,FOXA1,0.996
AR,FOXO1,0.921
AR,HDAC1,0.964
AR,HSP90AA1,0.999
AR,HSP90AB1,0.999
AR,HSP90B1,0.935
AR,HSPA4,0.925
AR,KDM1A,0.996
AR,KLK2,0.919
AR,KLK3,0.995
AR,MDM2,0.998
AR,NCOA1,0.984
AR,NCOA2,0.999
AR,NCOA3,0.997
AR,NCOA4,0.999
AR,NCOR1,0.991
AR,NCOR2,0.971
AR,NKX3-1,0.95
AR,PAK6,0.962
AR,PIAS1,0.924
AR,PRKACA,0.939
AR,PRKACB,0.938
AR,PTGES3,0.946
AR,RCHY1,0.939
AR,RNF14,0.967
AR,SMAD3,0.953
AR,SPOP,0.953
AR,SRC,0.985
AR,STAT3,0.907
AR,STUB1,0.931
AR,TGFB1I1,0.942
AR,TMPRSS2,0.974
AR,TP53,0.905
ARAF,ARRB1,0.91
ARAF,ARRB2,0.943
ARAF,BRAF,0.998
ARAF,GSK3B,0.91
ARAF,HRAS,0.995
ARAF,KRAS,0.996
ARAF,MAP2K1,0.994
ARAF,MAP2K2,0.996
ARAF,MRAS,0.952
ARAF,NRAS,0.994
ARAF,PRKACA,0.915
ARAF,PRKACB,0.914
ARAF,PRKCA,0.904
ARAF,PRKCB,0.904
ARAF,PRKCG,0.902
ARAF,RAF1,0.995
ARAF,RAP1A,0.945
ARAF,RAP1B,0.939
ARAF,RRAS,0.969
ARAF,YWHAB,0.991
ARAF,YWHAE,0.968
ARAF,YWHAG,0.985
ARAF,YWHAH,0.988
ARAF,YWHAQ,0.985
ARAF,YWHAZ,0.993
ARC,DNM2,0.978
ARC,SH3GL3,0.976
ARCN1,COPA,0.999
ARCN1,COPB1,0.999
ARCN1,COPB2,0.999
ARCN1,COPE,0.999
ARCN1,COPG1,0.999
ARCN1,COPZ1,0.999
ARCN1,SCYL1,0.932
ARCN1,TMED10,0.923
AREG,BTC,0.991
AREG,EGF,0.998
AREG,EGFR,0.999
AREG,EPGN,0.931
AREG,ERBB2,0.959
AREG,ERBB3,0.993
AREG,ERBB4,0.992
AREG,EREG,0.998
AREG,ICAM1,0.947
AREG,TGFA,0.96
ARF1,ARFGAP1,0.989
ARF1,ARFIP2,0.961
ARF1,ASAP1,0.958
ARF1,BRK1,0.921
ARF1,C9orf72,0.915
ARF1,CDKN2A,0.94
ARF1,CLTC,0.903
ARF1,COPB1,0.992
ARF1,COPZ1,0.927
ARF1,CYFIP1,0.918
ARF1,CYTH2,0.999
ARF1,CYTH3,0.989
ARF1,GGA1,0.996
ARF1,GGA3,0.949
ARF1,IQSEC1,0.99
ARF1,NCKAP1,0.922
ARF1,OSBP,0.929
ARF1,PLD1,0.979
ARF1,PLD2,0.991
ARF1,RABIF,0.954
ARF1,SMCR8,0.924
ARF1,STING1,0.902
ARF1,WASF1,0.918
ARF1,WASF2,0.924
ARF1,WASF3,0.906
ARF4,ASAP1,0.974
ARF4,IKBKG,0.953
ARF4,RAB11A,0.928
ARFIP2,ARL1,0.985
ARFIP2,RAC1,0.993
ARHGAP10,CTNNB1,0.902
ARHGAP10,PAK2,0.984
ARHGAP10,RHOA,0.915
ARHGAP17,CDC42,0.987
ARHGAP17,MPP5,0.926
ARHGAP17,PATJ,0.977
ARHGAP32,CDC42,0.933
ARHGAP32,RHOA,0.911
ARHGAP35,CTNND1,0.944
ARHGAP35,RASA1,0.999
ARHGAP35,RHOA,0.998
ARHGAP35,RND1,0.975
ARHGAP35,SRC,0.96
ARHGAP8,PRR5,0.932
ARHGDIB,CDC42,0.951
ARHGDIB,NGFR,0.963
ARHGDIB,PRKACA,0.914
ARHGDIB,PRKACB,0.914
ARHGDIB,RAC2,0.992
ARHGDIB,RHOA,0.995
ARHGEF1,ARHGEF28,0.925
ARHGEF1,ARHGEF6,0.931
ARHGEF1,ARHGEF7,0.932
ARHGEF1,CD44,0.978
ARHGEF1,CDC42,0.96
ARHGEF1,GNA12,0.999
ARHGEF1,GNA13,0.999
ARHGEF1,GNAQ,0.964
ARHGEF1,PTK2,0.939
ARHGEF1,PTK2B,0.937
ARHGEF1,RHOA,0.997
ARHGEF1,RHOB,0.901
ARHGEF18,CGN,0.991
ARHGEF18,PATJ,0.937
ARHGEF18,RHOA,0.985
ARHGEF18,STK11,0.951
ARHGEF2,CGN,0.994
ARHGEF2,EXOC2,0.909
ARHGEF2,NOD1,0.902
ARHGEF2,PTK2,0.95
ARHGEF2,RHOA,0.999
ARHGEF2,RIPK2,0.948
ARHGEF2,TUBA1A,0.908
ARHGEF2,TUBA1B,0.905
ARHGEF2,TUBA1C,0.903
ARHGEF2,TUBA4A,0.906
ARHGEF2,TUBB,0.906
ARHGEF2,TUBB1,0.901
ARHGEF2,TUBB2A,0.901
ARHGEF2,TUBB2B,0.901
ARHGEF2,TUBB3,0.904
ARHGEF2,TUBB4A,0.906
ARHGEF2,TUBB4B,0.905
ARHGEF2,TUBB6,0.904
ARHGEF2,TUBB8,0.902
ARHGEF25,GNAQ,0.997
ARHGEF25,RHOA,0.997
ARHGEF28,GNAQ,0.919
ARHGEF28,PTK2,0.922
ARHGEF28,PTK2B,0.925
ARHGEF28,RHOA,0.989
ARHGEF4,CDC42,0.98
ARHGEF4,RAC2,0.941
ARHGEF6,ARHGEF7,0.99
ARHGEF6,CDC42,0.985
ARHGEF6,GIT1,0.999
ARHGEF6,GIT2,0.998
ARHGEF6,HRAS,0.908
ARHGEF6,KRAS,0.912
ARHGEF6,MRAS,0.908
ARHGEF6,NCK1,0.93
ARHGEF6,NRAS,0.904
ARHGEF6,PAK1,0.995
ARHGEF6,PAK2,0.989
ARHGEF6,PAK4,0.964
ARHGEF6,PAK6,0.935
ARHGEF6,PARVB,0.999
ARHGEF6,PXN,0.974
ARHGEF6,RAC2,0.966
ARHGEF6,RRAS,0.912
ARHGEF7,CBL,0.989
ARHGEF7,CDC42,0.999
ARHGEF7,GIT1,0.999
ARHGEF7,GIT2,0.998
ARHGEF7,PAK1,0.995
ARHGEF7,PAK2,0.999
ARHGEF7,PAK4,0.964
ARHGEF7,PAK6,0.962
ARHGEF7,PIK3CA,0.916
ARHGEF7,PIK3CB,0.963
ARHGEF7,PIK3CD,0.955
ARHGEF7,PXN,0.972
ARHGEF7,RAC1,0.957
ARHGEF7,RAC2,0.947
ARHGEF7,RELA,0.953
ARHGEF7,SCRIB,0.997
ARHGEF7,SHANK1,0.957
ARHGEF7,SRC,0.991
ARID1A,ARID1B,0.999
ARID1A,ARID2,0.998
ARID1A,BCL7A,0.996
ARID1A,BCL7C,0.995
ARID1A,BICRAL,0.952
ARID1A,BRD7,0.972
ARID1A,BRD9,0.996
ARID1A,DPF2,0.999
ARID1A,MSH2,0.974
ARID1A,PBRM1,0.999
ARID1A,PHF10,0.991
ARID1A,PIK3CA,0.913
ARID1A,PPARG,0.914
ARID1A,PPP2R1A,0.914
ARID1A,SMARCA2,0.999
ARID1A,SMARCA4,0.999
ARID1A,SMARCB1,0.999
ARID1A,SMARCC1,0.999
ARID1A,SMARCC2,0.999
ARID1A,SMARCD1,0.999
ARID1A,SMARCD2,0.997
ARID1A,SMARCD3,0.999
ARID1A,SMARCE1,0.999
ARID1A,SS18,0.993
ARID1A,TP53,0.961
ARID1B,ARID2,0.997
ARID1B,BCL7A,0.989
ARID1B,BCL7C,0.991
ARID1B,BICRAL,0.951
ARID1B,BRD7,0.952
ARID1B,BRD9,0.989
ARID1B,DPF2,0.999
ARID1B,PBRM1,0.998
ARID1B,PHF10,0.969
ARID1B,PPARG,0.906
ARID1B,SMARCA2,0.999
ARID1B,SMARCA4,0.999
ARID1B,SMARCB1,0.999
ARID1B,SMARCC1,0.999
ARID1B,SMARCC2,0.999
ARID1B,SMARCD1,0.998
ARID1B,SMARCD2,0.995
ARID1B,SMARCD3,0.993
ARID1B,SMARCE1,0.999
ARID1B,SS18,0.989
ARID2,BCL7A,0.963
ARID2,BCL7C,0.968
ARID2,BRD7,0.999
ARID2,BRD9,0.987
ARID2,DPF2,0.977
ARID2,PBRM1,0.999
ARID2,PHF10,0.999
ARID2,SMARCA2,0.994
ARID2,SMARCA4,0.999
ARID2,SMARCB1,0.999
ARID2,SMARCC1,0.996
ARID2,SMARCC2,0.999
ARID2,SMARCD1,0.999
ARID2,SMARCD2,0.964
ARID2,SMARCD3,0.963
ARID2,SMARCE1,0.999
ARID2,SS18,0.961
ARID4A,ARID4B,0.925
ARID4A,BRMS1,0.999
ARID4A,BRMS1L,0.997
ARID4A,HDAC1,0.986
ARID4A,HDAC2,0.944
ARID4A,ING1,0.981
ARID4A,ING2,0.986
ARID4A,RB1,0.984
ARID4A,RBBP4,0.916
ARID4A,RBBP7,0.945
ARID4A,SAP30,0.992
ARID4A,SIN3A,0.995
ARID4A,SIN3B,0.99
ARID4A,SUDS3,0.987
ARID4B,BRMS1,0.929
ARID4B,BRMS1L,0.951
ARID4B,HDAC1,0.99
ARID4B,HDAC2,0.988
ARID4B,ING1,0.975
ARID4B,ING2,0.951
ARID4B,RBBP4,0.987
ARID4B,RBBP7,0.97
ARID4B,SAP130,0.969
ARID4B,SAP18,0.957
ARID4B,SAP30,0.997
ARID4B,SIN3A,0.997
ARID4B,SIN3B,0.993
ARID4B,SUDS3,0.997
ARL2,PDE6D,0.977
ARL2,TBCD,0.996
ARL2,UNC119,0.997
ARL3,PDE6D,0.967
ARL3,RP2,0.994
ARL3,UNC119,0.998
ARL6,BBS1,0.948
ARMC8,GID4,0.998
ARMC8,GID8,0.999
ARMC8,MAEA,0.986
ARMC8,MKLN1,0.926
ARMC8,RANBP10,0.993
ARMC8,RANBP9,0.993
ARMC8,RMND5A,0.996
ARMC8,RMND5B,0.985
ARMC8,WDR26,0.996
ARMC8,YPEL5,0.921
ARNT,CREBBP,0.968
ARNT,EGLN1,0.943
ARNT,EGLN3,0.929
ARNT,EP300,0.999
ARNT,EPAS1,0.999
ARNT,HIF1A,0.999
ARNT,HIF3A,0.999
ARNT,SIM1,0.93
ARNT,SIM2,0.962
ARNT,VHL,0.925
ARNTL,BHLHE40,0.985
ARNTL,CLOCK,0.999
ARNTL,CREBBP,0.983
ARNTL,CRY1,0.999
ARNTL,CRY2,0.999
ARNTL,CSNK1E,0.997
ARNTL,EP300,0.986
ARNTL,EPAS1,0.922
ARNTL,EZH2,0.91
ARNTL,FBXL3,0.921
ARNTL,HIF1A,0.963
ARNTL,NPAS2,0.999
ARNTL,NR1D1,0.989
ARNTL,PER1,0.985
ARNTL,PER2,0.997
ARNTL,PER3,0.98
ARNTL,RORA,0.962
ARNTL,SIRT1,0.997
ARNTL,TIMELESS,0.906
ARPC1B,ARPC2,0.999
ARPC1B,ARPC3,0.999
ARPC1B,ARPC4,0.999
ARPC1B,ARPC5,0.999
ARPC1B,BRK1,0.928
ARPC1B,HCLS1,0.949
ARPC1B,WAS,0.995
ARPC1B,WASF1,0.934
ARPC1B,WASF2,0.937
ARPC1B,WASL,0.999
ARPC2,ARPC3,0.999
ARPC2,ARPC4,0.999
ARPC2,ARPC5,0.999
ARPC2,BRK1,0.959
ARPC2,HCLS1,0.964
ARPC2,WAS,0.997
ARPC2,WASF1,0.964
ARPC2,WASF2,0.957
ARPC2,WASL,0.998
ARPC3,ARPC4,0.999
ARPC3,ARPC5,0.999
ARPC3,BRK1,0.965
ARPC3,HCLS1,0.967
ARPC3,WAS,0.998
ARPC3,WASF1,0.964
ARPC3,WASF2,0.946
ARPC3,WASL,0.998
ARPC4,ARPC5,0.999
ARPC4,BRK1,0.955
ARPC4,HCLS1,0.912
ARPC4,WAS,0.981
ARPC4,WASF1,0.906
ARPC4,WASF2,0.921
ARPC4,WASL,0.994
ARPC5,BRK1,0.944
ARPC5,HCLS1,0.953
ARPC5,WAS,0.993
ARPC5,WASF1,0.949
ARPC5,WASF2,0.943
ARPC5,WASL,0.993
ARRB1,ARRB2,0.986
ARRB1,AVPR2,0.999
ARRB1,BRAF,0.919
ARRB1,CCR5,0.936
ARRB1,CHRM2,0.956
ARRB1,CLTC,0.958
ARRB1,CXCR2,0.953
ARRB1,CXCR4,0.973
ARRB1,DRD2,0.977
ARRB1,DVL2,0.929
ARRB1,F2R,0.962
ARRB1,GLI1,0.93
ARRB1,GLI2,0.923
ARRB1,GLI3,0.919
ARRB1,GNAQ,0.908
ARRB1,GRK2,0.998
ARRB1,GRK5,0.976
ARRB1,GRK6,0.95
ARRB1,KIF3A,0.949
ARRB1,KISS1R,0.953
ARRB1,MAP2K4,0.958
ARRB1,MAP3K5,0.912
ARRB1,MAPK1,0.989
ARRB1,MAPK3,0.991
ARRB1,MDM2,0.99
ARRB1,NFKBIA,0.936
ARRB1,NTSR1,0.996
ARRB1,OPRM1,0.983
ARRB1,PDE4A,0.952
ARRB1,PTH1R,0.981
ARRB1,RAF1,0.958
ARRB1,RAPGEF4,0.944
ARRB1,RHO,0.958
ARRB1,SMO,0.994
ARRB1,SRC,0.999
ARRB1,TACR1,0.957
ARRB2,AVPR2,0.961
ARRB2,BRAF,0.959
ARRB2,CLTC,0.933
ARRB2,CXCR4,0.975
ARRB2,DRD2,0.998
ARRB2,DVL2,0.981
ARRB2,F2R,0.962
ARRB2,GLI1,0.954
ARRB2,GLI2,0.942
ARRB2,GLI3,0.921
ARRB2,GRK2,0.999
ARRB2,GRK5,0.972
ARRB2,GRK6,0.956
ARRB2,KIF3A,0.955
ARRB2,KISS1R,0.93
ARRB2,MAP2K1,0.975
ARRB2,MAP2K4,0.998
ARRB2,MAP3K5,0.987
ARRB2,MAPK1,0.985
ARRB2,MAPK3,0.996
ARRB2,MDM2,0.987
ARRB2,NEDD4,0.936
ARRB2,NFKBIA,0.986
ARRB2,OPRM1,0.986
ARRB2,PDE4A,0.938
ARRB2,PDE4D,0.933
ARRB2,PTH1R,0.98
ARRB2,RAF1,0.969
ARRB2,RAPGEF4,0.944
ARRB2,RHO,0.945
ARRB2,SMO,0.997
ARRB2,SRC,0.998
ARRB2,TAB1,0.987
ARRB2,TACR1,0.957
ARRB2,TRAF6,0.963
ARRB2,USP33,0.929
ARRDC3,NEDD4,0.992
ARTN,GFRA1,0.998
ARTN,GFRA2,0.996
ARTN,GFRA3,0.999
ARTN,GFRA4,0.995
ARTN,RET,0.999
ASAH1,GBA,0.979
ASAH1,PLPP3,0.916
ASAH1,PSAP,0.928
ASAH1,SGMS1,0.962
ASAH1,SPHK1,0.98
ASAH1,UGCG,0.971
ASAP1,ASAP2,0.907
ASAP1,CRK,0.924
ASAP1,CTTN,0.964
ASAP1,IKBKG,0.97
ASAP1,PTK2,0.928
ASAP1,PXN,0.913
ASAP1,RAB11A,0.941
ASAP1,RAB11FIP3,0.949
ASAP1,SH3KBP1,0.917
ASAP1,SRC,0.976
ASB1,CUL5,0.954
ASB2,CUL5,0.982
ASB2,RNF7,0.956
ASB6,CUL5,0.964
ASB7,CUL5,0.914
ASB9,CKB,0.997
ASB9,CUL5,0.969
ASB9,ELOB,0.996
ASB9,ELOC,0.998
ASCC1,ASCC2,0.999
ASCC1,ASCC3,0.999
ASCC1,TRIP4,0.986
ASCC2,ASCC3,0.999
ASCC2,TRIP4,0.999
ASCC3,TRIP4,0.999
ASF1A,CABIN1,0.998
ASF1A,CHAF1B,0.988
ASF1A,CHEK2,0.91
ASF1A,H3-3A,0.963
ASF1A,H3-3B,0.999
ASF1A,H3C1,0.991
ASF1A,H4C1,0.941
ASF1A,H4C2,0.972
ASF1A,HAT1,0.945
ASF1A,HIRA,0.999
ASF1A,IPO4,0.966
ASF1A,MCM2,0.992
ASF1A,MCM6,0.9
ASF1A,NASP,0.995
ASF1A,RBBP4,0.929
ASF1A,RBBP7,0.935
ASF1A,TAF1,0.974
ASF1A,UBN1,0.999
ASF1B,CHAF1A,0.958
ASF1B,CHAF1B,0.993
ASF1B,CHEK2,0.91
ASF1B,H3-3A,0.944
ASF1B,H3-3B,0.998
ASF1B,H3C1,0.905
ASF1B,H4C1,0.945
ASF1B,H4C2,0.97
ASF1B,HAT1,0.944
ASF1B,HIRA,0.986
ASF1B,IPO4,0.966
ASF1B,MCM2,0.996
ASF1B,MCM4,0.918
ASF1B,MCM6,0.939
ASF1B,MCM7,0.9
ASF1B,NASP,0.999
ASF1B,TONSL,0.929
ASGR1,ASGR2,0.992
ASGR1,TG,0.949
ASGR2,TG,0.902
ASH2L,CHD8,0.912
ASH2L,CTNNB1,0.913
ASH2L,CXXC1,0.999
ASH2L,DPY30,0.999
ASH2L,H3-3B,0.915
ASH2L,HCFC1,0.999
ASH2L,HCFC2,0.941
ASH2L,KDM6A,0.998
ASH2L,KDM6B,0.943
ASH2L,KMT2A,0.999
ASH2L,KMT2B,0.977
ASH2L,KMT2C,0.999
ASH2L,KMT2D,0.998
ASH2L,MEF2D,0.905
ASH2L,MEN1,0.987
ASH2L,NCOA6,0.998
ASH2L,PAGR1,0.994
ASH2L,PAXIP1,0.999
ASH2L,RBBP5,0.999
ASH2L,RPS27A,0.964
ASH2L,SDC1,0.989
ASH2L,SETD1A,0.999
ASH2L,SETD1B,0.999
ASH2L,UBA52,0.957
ASH2L,UBB,0.926
ASH2L,WDR5,0.999
ASH2L,WDR5B,0.978
ASH2L,WDR82,0.999
ASPH,CASQ2,0.998
ASPH,F10,0.916
ASPH,FKBP1B,0.951
ASPH,RYR1,0.953
ASPH,RYR2,0.998
ASPH,TRDN,0.999
ASXL1,BAP1,0.999
ASXL1,BMI1,0.944
ASXL1,CBX2,0.91
ASXL1,CBX4,0.907
ASXL1,CBX6,0.908
ASXL1,CBX8,0.909
ASXL1,DNMT3A,0.939
ASXL1,EED,0.939
ASXL1,EZH2,0.998
ASXL1,FOXK1,0.987
ASXL1,FOXK2,0.942
ASXL1,HCFC1,0.967
ASXL1,HDAC2,0.917
ASXL1,OGT,0.982
ASXL1,PCGF1,0.915
ASXL1,PCGF2,0.912
ASXL1,PCGF3,0.915
ASXL1,PCGF5,0.904
ASXL1,PCGF6,0.913
ASXL1,PHC1,0.91
ASXL1,PHC2,0.902
ASXL1,PHC3,0.9
ASXL1,RBBP4,0.973
ASXL1,RBBP7,0.911
ASXL1,RING1,0.92
ASXL1,RNF2,0.945
ASXL1,SUZ12,0.995
ASXL1,TET2,0.975
ASXL1,UBAP2L,0.91
ASXL2,BAP1,0.999
ASXL2,FOXK1,0.962
ASXL2,FOXK2,0.968
ASXL2,HCFC1,0.94
ASXL2,OGT,0.937
ATF2,ATF4,0.932
ATF2,CAMK4,0.93
ATF2,CREB1,0.986
ATF2,CREB3L2,0.906
ATF2,CREB3L3,0.907
ATF2,CREBBP,0.992
ATF2,EP300,0.976
ATF2,FOS,0.99
ATF2,IRF3,0.978
ATF2,JUN,0.999
ATF2,MAPK1,0.973
ATF2,MAPK11,0.993
ATF2,MAPK14,0.998
ATF2,MAPK3,0.903
ATF2,MAPK8,0.998
ATF2,MAPK9,0.972
ATF3,ATF4,0.989
ATF3,CEBPB,0.98
ATF3,DDIT3,0.988
ATF3,FOS,0.994
ATF3,FOSB,0.941
ATF3,HDAC1,0.918
ATF3,JUN,0.999
ATF3,JUNB,0.964
ATF3,JUND,0.994
ATF3,MDM2,0.942
ATF3,SMAD3,0.988
ATF3,SMARCA4,0.908
ATF3,TP53,0.982
ATF4,BTRC,0.908
ATF4,CAMK4,0.915
ATF4,CEBPB,0.997
ATF4,CREB1,0.959
ATF4,CREB3L2,0.927
ATF4,CREB3L3,0.935
ATF4,CREBBP,0.987
ATF4,DDIT3,0.996
ATF4,EIF2S1,0.989
ATF4,EP300,0.988
ATF4,GSK3B,0.932
ATF4,HSPA5,0.975
ATF4,JUN,0.928
ATF4,MAPKAPK2,0.906
ATF4,MAPKAPK3,0.903
ATF4,MKNK1,0.911
ATF4,NFE2L2,0.953
ATF4,PRKACA,0.926
ATF4,PRKACB,0.925
ATF4,RPS6KA1,0.913
ATF4,RPS6KA3,0.954
ATF4,TRIB3,0.983
ATF7,FOS,0.983
ATF7,JUN,0.974
ATF7,JUNB,0.918
ATF7,JUND,0.912
ATF7IP,MBD1,0.905
ATF7IP,SETDB1,0.999
ATF7IP2,SETDB1,0.96
ATG101,ATG12,0.901
ATG101,ATG13,0.999
ATG101,ATG14,0.994
ATG101,ATG5,0.932
ATG101,BECN1,0.988
ATG101,C9orf72,0.979
ATG101,CIB1,0.925
ATG101,MLST8,0.945
ATG101,MTOR,0.977
ATG101,NRBF2,0.962
ATG101,PIK3C3,0.989
ATG101,PIK3R4,0.985
ATG101,PPP2CA,0.905
ATG101,PPP2CB,0.9
ATG101,RB1CC1,0.999
ATG101,RPTOR,0.973
ATG101,ULK1,0.999
ATG101,ULK2,0.999
ATG12,ATG13,0.911
ATG12,ATG14,0.945
ATG12,ATG16L1,0.999
ATG12,ATG5,0.999
ATG12,BCL2,0.989
ATG12,BECN1,0.991
ATG12,DDX58,0.999
ATG12,FADD,0.982
ATG12,GABARAPL2,0.999
ATG12,MAP1B,0.925
ATG12,MAP1LC3A,0.98
ATG12,MAVS,0.999
ATG12,MCL1,0.988
ATG12,NBR1,0.907
ATG12,NOD2,0.953
ATG12,PIK3C3,0.969
ATG12,PIK3R4,0.925
ATG12,RB1CC1,0.989
ATG12,SQSTM1,0.981
ATG12,TUFM,0.946
ATG12,ULK1,0.996
ATG12,ULK2,0.965
ATG13,ATG14,0.989
ATG13,ATG16L1,0.949
ATG13,ATG5,0.945
ATG13,BECN1,0.986
ATG13,CIB1,0.939
ATG13,GABARAPL2,0.987
ATG13,MAP1LC3A,0.969
ATG13,MTOR,0.917
ATG13,PIK3C3,0.985
ATG13,PIK3R4,0.957
ATG13,RB1CC1,0.999
ATG13,RPTOR,0.953
ATG13,ULK1,0.999
ATG13,ULK2,0.998
ATG14,ATG16L1,0.953
ATG14,ATG5,0.96
ATG14,BCL2,0.929
ATG14,BECN1,0.999
ATG14,GABARAPL2,0.994
ATG14,NRBF2,0.999
ATG14,PIK3C3,0.999
ATG14,PIK3R4,0.999
ATG14,RB1CC1,0.999
ATG14,SH3GLB1,0.947
ATG14,SNAP29,0.999
ATG14,SNAPIN,0.926
ATG14,ULK1,0.999
ATG14,ULK2,0.985
ATG14,UVRAG,0.999
ATG14,VAMP8,0.96
ATG16L1,ATG5,0.999
ATG16L1,BECN1,0.965
ATG16L1,C3,0.961
ATG16L1,CLTC,0.936
ATG16L1,GABARAPL2,0.99
ATG16L1,NOD1,0.999
ATG16L1,NOD2,0.999
ATG16L1,PIK3C3,0.929
ATG16L1,PIK3R4,0.937
ATG16L1,RAB26,0.952
ATG16L1,RB1CC1,0.999
ATG16L1,SQSTM1,0.973
ATG16L1,TUFM,0.962
ATG16L1,ULK1,0.983
ATG2B,ULK1,0.988
ATG2B,ULK2,0.99
ATG2B,WDR45,0.997
ATG5,BCL2L1,0.992
ATG5,BECN1,0.986
ATG5,CASP8,0.975
ATG5,DDX58,0.999
ATG5,FADD,0.994
ATG5,GABARAPL2,0.999
ATG5,MAP1LC3A,0.977
ATG5,MAVS,0.999
ATG5,NOD2,0.967
ATG5,PIK3C3,0.972
ATG5,PIK3R4,0.944
ATG5,RB1CC1,0.97
ATG5,SIRT1,0.993
ATG5,SQSTM1,0.991
ATG5,TUFM,0.941
ATG5,ULK1,0.997
ATG5,ULK2,0.966
ATG5,VIPR1,0.988
ATL1,REEP1,0.983
ATL1,SPAST,0.996
ATL2,REEP1,0.95
ATL2,SPAST,0.972
ATL3,REEP1,0.951
ATL3,RTN3,0.905
ATL3,SPAST,0.966
ATM,ATR,0.999
ATM,ATRIP,0.998
ATM,BARD1,0.946
ATM,BLM,0.991
ATM,BRCA1,0.999
ATM,BRCA2,0.995
ATM,BRIP1,0.933
ATM,CASP8,0.961
ATM,CDK2,0.966
ATM,CDK4,0.937
ATM,CETN2,0.925
ATM,CHEK1,0.998
ATM,CHEK2,0.999
ATM,DCLRE1C,0.956
ATM,EP300,0.904
ATM,ERCC1,0.975
ATM,ERCC2,0.914
ATM,ERCC4,0.965
ATM,ERCC5,0.975
ATM,ERCC8,0.935
ATM,EXO1,0.963
ATM,FANCD2,0.989
ATM,FANCI,0.946
ATM,H2AX,0.998
ATM,HDAC1,0.948
ATM,HUS1,0.928
ATM,IKBKG,0.99
ATM,KAT5,0.997
ATM,KDM1A,0.929
ATM,LIG4,0.987
ATM,MDC1,0.999
ATM,MDM2,0.995
ATM,MDM4,0.954
ATM,MLH1,0.997
ATM,MRE11,0.999
ATM,MSH2,0.999
ATM,MSH3,0.938
ATM,MSH6,0.999
ATM,NBN,0.999
ATM,NHEJ1,0.982
ATM,PALB2,0.945
ATM,PAXIP1,0.963
ATM,PAXX,0.946
ATM,PEX5,0.964
ATM,PHF21A,0.911
ATM,PIAS4,0.978
ATM,POLD1,0.96
ATM,PPM1D,0.924
ATM,PRKDC,0.971
ATM,RAD17,0.983
ATM,RAD23B,0.941
ATM,RAD50,0.99
ATM,RAD51,0.995
ATM,RAD51C,0.921
ATM,RAD51D,0.93
ATM,RAD52,0.94
ATM,RAD9A,0.961
ATM,RBBP8,0.973
ATM,RCOR1,0.914
ATM,RNF8,0.926
ATM,RPA1,0.928
ATM,RPA2,0.95
ATM,SQSTM1,0.933
ATM,SWSAP1,0.906
ATM,TELO2,0.961
ATM,TERF1,0.955
ATM,TOPBP1,0.954
ATM,TP53,0.999
ATM,TP53BP1,0.999
ATM,WRN,0.955
ATM,XPA,0.908
ATM,XPC,0.962
ATM,XRCC3,0.918
ATM,XRCC4,0.98
ATM,XRCC5,0.998
ATM,XRCC6,0.997
ATM,ZSWIM7,0.912
ATP1A1,ATP1A2,0.936
ATP1A1,ATP1A3,0.947
ATP1A1,ATP1A4,0.902
ATP1A1,ATP1B1,0.999
ATP1A1,ATP1B2,0.985
ATP1A1,ATP1B3,0.995
ATP1A1,FXYD1,0.942
ATP1A1,FXYD2,0.996
ATP1A1,MAPK1,0.943
ATP1A1,MAPK3,0.942
ATP1A1,PRKG1,0.909
ATP1A2,ATP1A3,0.978
ATP1A2,ATP1A4,0.936
ATP1A2,ATP1B1,0.996
ATP1A2,ATP1B2,0.993
ATP1A2,ATP1B3,0.978
ATP1A2,CACNA1A,0.941
ATP1A2,FXYD1,0.946
ATP1A2,FXYD2,0.978
ATP1A2,MAPK1,0.914
ATP1A2,MAPK3,0.916
ATP1A2,PRKG1,0.917
ATP1A2,SCN1A,0.926
ATP1A3,ATP1A4,0.937
ATP1A3,ATP1B1,0.998
ATP1A3,ATP1B2,0.988
ATP1A3,ATP1B3,0.992
ATP1A3,FXYD1,0.928
ATP1A3,FXYD2,0.996
ATP1A3,MAPK1,0.922
ATP1A3,MAPK3,0.921
ATP1A3,PRKG1,0.91
ATP1A4,ATP1B1,0.995
ATP1A4,ATP1B2,0.982
ATP1A4,ATP1B3,0.99
ATP1A4,FXYD1,0.919
ATP1A4,FXYD2,0.996
ATP1A4,MAPK1,0.92
ATP1A4,MAPK3,0.92
ATP1A4,PRKG1,0.91
ATP1B1,ATP1B2,0.971
ATP1B1,ATP1B3,0.95
ATP1B1,FXYD1,0.939
ATP1B1,FXYD2,0.999
ATP1B1,MAPK1,0.905
ATP1B1,MAPK3,0.908
ATP1B1,PRKG1,0.901
ATP1B2,ATP1B3,0.94
ATP1B2,FXYD1,0.923
ATP1B2,FXYD2,0.966
ATP1B2,MAPK1,0.903
ATP1B2,MAPK3,0.903
ATP1B2,PRKG1,0.908
ATP1B3,FXYD1,0.911
ATP1B3,FXYD2,0.964
ATP1B3,MAPK1,0.902
ATP1B3,MAPK3,0.902
ATP1B3,PRKG1,0.901
ATP2A1,ATP2A2,0.935
ATP2A1,KAT5,0.901
ATP2A1,PLN,0.994
ATP2A1,RORA,0.9
ATP2A1,RYR1,0.942
ATP2A1,SLN,0.998
ATP2A2,ITPR3,0.908
ATP2A2,KAT5,0.906
ATP2A2,PLN,0.998
ATP2A2,RORA,0.903
ATP2A2,SLN,0.975
ATP2B1,PRKACA,0.921
ATP2B1,PRKACB,0.925
ATP2B1,PRKG1,0.911
ATP2B4,CALM1,0.937
ATP2B4,CALM2,0.943
ATP2B4,CALM3,0.983
ATP2B4,NOS1,0.969
ATP2B4,PRKACA,0.929
ATP2B4,PRKACB,0.929
ATP2B4,PRKG1,0.948
ATP4A,ATP4B,0.999
ATP4A,ATP6V0A4,0.908
ATP4A,ATP6V1B1,0.927
ATP5F1A,ATP5F1B,0.999
ATP5F1A,ATP5F1C,0.999
ATP5F1A,ATP5F1D,0.999
ATP5F1A,ATP5F1E,0.999
ATP5F1A,ATP5IF1,0.94
ATP5F1A,ATP5MC1,0.998
ATP5F1A,ATP5MC2,0.997
ATP5F1A,ATP5MC3,0.998
ATP5F1A,ATP5ME,0.999
ATP5F1A,ATP5MF,0.999
ATP5F1A,ATP5MG,0.999
ATP5F1A,ATP5PB,0.999
ATP5F1A,ATP5PD,0.999
ATP5F1A,ATP5PF,0.999
ATP5F1A,ATP5PO,0.999
ATP5F1A,ATP6V0C,0.988
ATP5F1A,ATP6V1A,0.95
ATP5F1A,ATP6V1B1,0.94
ATP5F1A,ATP6V1B2,0.961
ATP5F1A,ATP6V1D,0.934
ATP5F1A,ATP6V1F,0.911
ATP5F1A,CDCA8,0.989
ATP5F1A,COX4I1,0.922
ATP5F1A,COX5A,0.979
ATP5F1A,COX5B,0.922
ATP5F1A,CS,0.94
ATP5F1A,CYC1,0.991
ATP5F1A,DLD,0.917
ATP5F1A,KARS1,0.921
ATP5F1A,KDM6A,0.913
ATP5F1A,KDM6B,0.915
ATP5F1A,MRPS5,0.91
ATP5F1A,MT-ATP6,0.999
ATP5F1A,MT-ATP8,0.994
ATP5F1A,MT-CO1,0.928
ATP5F1A,NDUFA9,0.947
ATP5F1A,NDUFB8,0.943
ATP5F1A,NDUFS1,0.961
ATP5F1A,NDUFS2,0.98
ATP5F1A,NDUFS3,0.932
ATP5F1A,NDUFV1,0.958
ATP5F1A,PMPCB,0.925
ATP5F1A,RPL11,0.984
ATP5F1A,RPL23,0.916
ATP5F1A,RPL23A,0.978
ATP5F1A,RPL5,0.951
ATP5F1A,RPLP0,0.913
ATP5F1A,RPS11,0.916
ATP5F1A,RPS15,0.948
ATP5F1A,RPS18,0.955
ATP5F1A,RPS2,0.91
ATP5F1A,RPS3,0.982
ATP5F1A,RPS9,0.903
ATP5F1A,SDHA,0.972
ATP5F1A,SDHB,0.949
ATP5F1A,SLC25A3,0.977
ATP5F1A,TUFM,0.967
ATP5F1A,UQCRC1,0.97
ATP5F1A,UQCRC2,0.986
ATP5F1A,UQCRFS1,0.95
ATP5F1B,ATP5F1C,0.999
ATP5F1B,ATP5F1D,0.999
ATP5F1B,ATP5F1E,0.999
ATP5F1B,ATP5IF1,0.966
ATP5F1B,ATP5MC1,0.995
ATP5F1B,ATP5MC2,0.99
ATP5F1B,ATP5MC3,0.995
ATP5F1B,ATP5ME,0.999
ATP5F1B,ATP5MF,0.999
ATP5F1B,ATP5MG,0.999
ATP5F1B,ATP5PB,0.999
ATP5F1B,ATP5PD,0.999
ATP5F1B,ATP5PF,0.999
ATP5F1B,ATP5PO,0.999
ATP5F1B,ATP6V1A,0.96
ATP5F1B,ATP6V1B1,0.942
ATP5F1B,ATP6V1B2,0.98
ATP5F1B,ATP6V1E1,0.961
ATP5F1B,ATP6V1G1,0.916
ATP5F1B,COX4I1,0.952
ATP5F1B,COX5A,0.952
ATP5F1B,CS,0.917
ATP5F1B,CYC1,0.976
ATP5F1B,MT-ATP6,0.999
ATP5F1B,MT-ATP8,0.995
ATP5F1B,NDUFA10,0.938
ATP5F1B,NDUFA9,0.95
ATP5F1B,NDUFS1,0.977
ATP5F1B,NDUFS2,0.97
ATP5F1B,SDHA,0.917
ATP5F1B,SLC25A3,0.964
ATP5F1B,UQCRC1,0.969
ATP5F1B,UQCRC2,0.942
ATP5F1B,UQCRFS1,0.914
ATP5F1C,ATP5F1D,0.999
ATP5F1C,ATP5F1E,0.999
ATP5F1C,ATP5IF1,0.964
ATP5F1C,ATP5MC1,0.999
ATP5F1C,ATP5MC2,0.998
ATP5F1C,ATP5MC3,0.999
ATP5F1C,ATP5ME,0.999
ATP5F1C,ATP5MF,0.997
ATP5F1C,ATP5MG,0.999
ATP5F1C,ATP5PB,0.999
ATP5F1C,ATP5PD,0.999
ATP5F1C,ATP5PF,0.999
ATP5F1C,ATP5PO,0.999
ATP5F1C,ATP6V0C,0.985
ATP5F1C,ATP6V1A,0.962
ATP5F1C,ATP6V1B1,0.95
ATP5F1C,ATP6V1B2,0.967
ATP5F1C,ATP6V1D,0.932
ATP5F1C,ATP6V1F,0.911
ATP5F1C,CDCA8,0.976
ATP5F1C,COX4I1,0.907
ATP5F1C,COX5A,0.988
ATP5F1C,COX5B,0.944
ATP5F1C,CYC1,0.97
ATP5F1C,DLD,0.914
ATP5F1C,KARS1,0.926
ATP5F1C,KDM6B,0.901
ATP5F1C,MT-ATP6,0.999
ATP5F1C,MT-ATP8,0.993
ATP5F1C,NDUFA10,0.919
ATP5F1C,NDUFA12,0.969
ATP5F1C,NDUFA9,0.934
ATP5F1C,NDUFB5,0.919
ATP5F1C,NDUFB6,0.917
ATP5F1C,NDUFB8,0.913
ATP5F1C,NDUFB9,0.974
ATP5F1C,NDUFS1,0.959
ATP5F1C,NDUFS2,0.95
ATP5F1C,NDUFS3,0.981
ATP5F1C,NDUFS4,0.923
ATP5F1C,NDUFS8,0.93
ATP5F1C,NDUFV1,0.949
ATP5F1C,NDUFV2,0.971
ATP5F1C,PDHB,0.913
ATP5F1C,RPL11,0.965
ATP5F1C,RPL23A,0.944
ATP5F1C,RPL35,0.916
ATP5F1C,RPL5,0.96
ATP5F1C,RPLP0,0.905
ATP5F1C,RPS11,0.926
ATP5F1C,RPS15,0.933
ATP5F1C,RPS18,0.945
ATP5F1C,RPS3,0.973
ATP5F1C,SDHB,0.968
ATP5F1C,SUCLG1,0.934
ATP5F1C,TUFM,0.96
ATP5F1C,UQCRB,0.963
ATP5F1C,UQCRC1,0.955
ATP5F1C,UQCRC2,0.98
ATP5F1C,UQCRFS1,0.97
ATP5F1C,UQCRQ,0.911
ATP5F1D,ATP5F1E,0.999
ATP5F1D,ATP5MC1,0.999
ATP5F1D,ATP5MC2,0.998
ATP5F1D,ATP5MC3,0.999
ATP5F1D,ATP5ME,0.999
ATP5F1D,ATP5MF,0.999
ATP5F1D,ATP5MG,0.999
ATP5F1D,ATP5PB,0.999
ATP5F1D,ATP5PD,0.999
ATP5F1D,ATP5PF,0.999
ATP5F1D,ATP5PO,0.999
ATP5F1D,ATP6V0C,0.985
ATP5F1D,ATP6V1A,0.923
ATP5F1D,ATP6V1B1,0.91
ATP5F1D,ATP6V1B2,0.913
ATP5F1D,ATP6V1D,0.931
ATP5F1D,ATP6V1F,0.938
ATP5F1D,CDCA8,0.975
ATP5F1D,COX4I1,0.933
ATP5F1D,COX5A,0.98
ATP5F1D,COX5B,0.975
ATP5F1D,COX7C,0.9
ATP5F1D,CYC1,0.991
ATP5F1D,KDM6A,0.912
ATP5F1D,KDM6B,0.915
ATP5F1D,MRPL12,0.958
ATP5F1D,MRPL17,0.932
ATP5F1D,MT-ATP6,0.999
ATP5F1D,MT-ATP8,0.995
ATP5F1D,NDUFA13,0.934
ATP5F1D,NDUFA7,0.903
ATP5F1D,NDUFAB1,0.924
ATP5F1D,NDUFB10,0.925
ATP5F1D,NDUFB11,0.936
ATP5F1D,NDUFB5,0.901
ATP5F1D,NDUFB7,0.97
ATP5F1D,NDUFB8,0.935
ATP5F1D,NDUFB9,0.922
ATP5F1D,NDUFS2,0.902
ATP5F1D,NDUFS3,0.957
ATP5F1D,NDUFS6,0.915
ATP5F1D,NDUFS7,0.992
ATP5F1D,NDUFS8,0.98
ATP5F1D,NDUFV1,0.98
ATP5F1D,NDUFV2,0.944
ATP5F1D,SDHB,0.931
ATP5F1D,TUFM,0.927
ATP5F1D,UQCR11,0.922
ATP5F1D,UQCRB,0.927
ATP5F1D,UQCRC1,0.968
ATP5F1D,UQCRFS1,0.968
ATP5F1D,UQCRQ,0.943
ATP5F1E,ATP5IF1,0.936
ATP5F1E,ATP5MC1,0.995
ATP5F1E,ATP5MC2,0.991
ATP5F1E,ATP5MC3,0.994
ATP5F1E,ATP5ME,0.999
ATP5F1E,ATP5MF,0.999
ATP5F1E,ATP5MG,0.999
ATP5F1E,ATP5PB,0.999
ATP5F1E,ATP5PD,0.999
ATP5F1E,ATP5PF,0.999
ATP5F1E,ATP5PO,0.999
ATP5F1E,CDCA8,0.935
ATP5F1E,COX7C,0.915
ATP5F1E,MT-ATP6,0.999
ATP5F1E,MT-ATP8,0.994
ATP5F1E,UQCR10,0.925
ATP5F1E,UQCR11,0.915
ATP5IF1,ATP5PD,0.98
ATP5IF1,ATP5PO,0.974
ATP5IF1,COX4I1,0.916
ATP5IF1,NDUFA12,0.919
ATP5IF1,NDUFS4,0.925
ATP5IF1,UQCR11,0.923
ATP5MC1,ATP5MC2,0.997
ATP5MC1,ATP5MC3,0.999
ATP5MC1,ATP5ME,0.998
ATP5MC1,ATP5MF,0.997
ATP5MC1,ATP5MG,0.991
ATP5MC1,ATP5PB,0.999
ATP5MC1,ATP5PD,0.999
ATP5MC1,ATP5PF,0.997
ATP5MC1,ATP5PO,0.994
ATP5MC1,ATP6V0D1,0.955
ATP5MC1,ATP6V1A,0.908
ATP5MC1,ATP6V1B2,0.901
ATP5MC1,ATP6V1E1,0.929
ATP5MC1,ATP6V1F,0.931
ATP5MC1,CYC1,0.947
ATP5MC1,MT-ATP6,0.999
ATP5MC1,MT-ATP8,0.993
ATP5MC1,NDUFB8,0.91
ATP5MC1,UQCRFS1,0.953
ATP5MC2,ATP5MC3,0.998
ATP5MC2,ATP5ME,0.991
ATP5MC2,ATP5MF,0.988
ATP5MC2,ATP5MG,0.979
ATP5MC2,ATP5PB,0.996
ATP5MC2,ATP5PD,0.997
ATP5MC2,ATP5PF,0.994
ATP5MC2,ATP5PO,0.99
ATP5MC2,ATP6V0D1,0.956
ATP5MC2,ATP6V1B2,0.9
ATP5MC2,ATP6V1E1,0.917
ATP5MC2,ATP6V1F,0.926
ATP5MC2,MT-ATP6,0.998
ATP5MC2,MT-ATP8,0.975
ATP5MC2,UQCRFS1,0.949
ATP5MC3,ATP5ME,0.992
ATP5MC3,ATP5MF,0.993
ATP5MC3,ATP5MG,0.99
ATP5MC3,ATP5PB,0.999
ATP5MC3,ATP5PD,0.998
ATP5MC3,ATP5PF,0.997
ATP5MC3,ATP5PO,0.992
ATP5MC3,ATP6V0D1,0.955
ATP5MC3,ATP6V1A,0.908
ATP5MC3,ATP6V1B2,0.905
ATP5MC3,ATP6V1E1,0.913
ATP5MC3,ATP6V1F,0.921
ATP5MC3,COX5A,0.939
ATP5MC3,MT-ATP6,0.998
ATP5MC3,MT-ATP8,0.975
ATP5MC3,UQCRFS1,0.972
ATP5ME,ATP5MF,0.999
ATP5ME,ATP5MG,0.999
ATP5ME,ATP5PB,0.999
ATP5ME,ATP5PD,0.999
ATP5ME,ATP5PF,0.999
ATP5ME,ATP5PO,0.999
ATP5ME,CDCA8,0.914
ATP5ME,COX5A,0.935
ATP5ME,COX5B,0.916
ATP5ME,COX6C,0.959
ATP5ME,COX7C,0.968
ATP5ME,MT-ATP6,0.999
ATP5ME,MT-ATP8,0.999
ATP5ME,NDUFA1,0.922
ATP5ME,NDUFA13,0.959
ATP5ME,NDUFA5,0.944
ATP5ME,NDUFA6,0.946
ATP5ME,NDUFB3,0.908
ATP5ME,NDUFB4,0.936
ATP5ME,NDUFB5,0.956
ATP5ME,NDUFB7,0.948
ATP5ME,NDUFB9,0.963
ATP5ME,NDUFS5,0.968
ATP5ME,NDUFS6,0.928
ATP5ME,NDUFS8,0.915
ATP5ME,UQCR10,0.929
ATP5ME,UQCR11,0.933
ATP5ME,UQCRQ,0.979
ATP5MF,ATP5MG,0.999
ATP5MF,ATP5PB,0.999
ATP5MF,ATP5PD,0.999
ATP5MF,ATP5PF,0.999
ATP5MF,ATP5PO,0.999
ATP5MF,COX6C,0.92
ATP5MF,MT-ATP6,0.997
ATP5MF,MT-ATP8,0.994
ATP5MF,NDUFA7,0.922
ATP5MF,UQCR10,0.909
ATP5MF,UQCR11,0.917
ATP5MG,ATP5PB,0.999
ATP5MG,ATP5PD,0.999
ATP5MG,ATP5PF,0.999
ATP5MG,ATP5PO,0.999
ATP5MG,ATP6V0C,0.907
ATP5MG,COX5A,0.912
ATP5MG,COX6C,0.92
ATP5MG,COX7A2,0.91
ATP5MG,COX7C,0.966
ATP5MG,MT-ATP6,0.996
ATP5MG,MT-ATP8,0.989
ATP5MG,NDUFA6,0.921
ATP5MG,NDUFB9,0.926
ATP5MG,UQCR10,0.929
ATP5MG,UQCRB,0.929
ATP5MG,UQCRQ,0.958
ATP5PB,ATP5PD,0.999
ATP5PB,ATP5PF,0.999
ATP5PB,ATP5PO,0.999
ATP5PB,ATP6V0C,0.91
ATP5PB,CDCA8,0.967
ATP5PB,COX4I1,0.935
ATP5PB,COX5A,0.978
ATP5PB,CYC1,0.914
ATP5PB,MT-ATP6,0.999
ATP5PB,MT-ATP8,0.999
ATP5PB,NDUFA12,0.945
ATP5PB,NDUFB5,0.954
ATP5PB,NDUFB6,0.922
ATP5PB,NDUFV2,0.93
ATP5PB,UQCRB,0.969
ATP5PB,UQCRC1,0.903
ATP5PB,UQCRC2,0.973
ATP5PB,UQCRFS1,0.969
ATP5PD,ATP5PF,0.999
ATP5PD,ATP5PO,0.999
ATP5PD,CDCA8,0.979
ATP5PD,COX4I1,0.952
ATP5PD,COX5A,0.994
ATP5PD,COX5B,0.979
ATP5PD,COX6C,0.975
ATP5PD,COX7A2,0.929
ATP5PD,COX7C,0.962
ATP5PD,MT-ATP6,0.999
ATP5PD,MT-ATP8,0.998
ATP5PD,NDUFA12,0.966
ATP5PD,NDUFA13,0.918
ATP5PD,NDUFA2,0.978
ATP5PD,NDUFA5,0.951
ATP5PD,NDUFA6,0.947
ATP5PD,NDUFA7,0.913
ATP5PD,NDUFA8,0.97
ATP5PD,NDUFB10,0.973
ATP5PD,NDUFB11,0.94
ATP5PD,NDUFB3,0.931
ATP5PD,NDUFB5,0.955
ATP5PD,NDUFB6,0.93
ATP5PD,NDUFB8,0.929
ATP5PD,NDUFB9,0.985
ATP5PD,NDUFS3,0.954
ATP5PD,NDUFS4,0.957
ATP5PD,NDUFS6,0.901
ATP5PD,NDUFV2,0.9
ATP5PD,SDHB,0.925
ATP5PD,UQCR10,0.957
ATP5PD,UQCR11,0.944
ATP5PD,UQCRB,0.976
ATP5PD,UQCRH,0.911
ATP5PD,UQCRQ,0.967
ATP5PF,ATP5PO,0.999
ATP5PF,COX5A,0.946
ATP5PF,COX6C,0.908
ATP5PF,COX7A2,0.906
ATP5PF,COX7C,0.975
ATP5PF,MT-ATP6,0.997
ATP5PF,MT-ATP8,0.986
ATP5PF,NDUFA12,0.982
ATP5PF,NDUFA13,0.921
ATP5PF,NDUFA4,0.963
ATP5PF,NDUFA5,0.981
ATP5PF,NDUFA6,0.966
ATP5PF,NDUFA7,0.913
ATP5PF,NDUFB3,0.945
ATP5PF,NDUFB5,0.909
ATP5PF,NDUFB6,0.984
ATP5PF,NDUFB9,0.917
ATP5PF,NDUFS3,0.904
ATP5PF,NDUFV2,0.903
ATP5PF,UQCR11,0.926
ATP5PF,UQCRB,0.925
ATP5PF,UQCRQ,0.904
ATP5PO,ATP6V0C,0.971
ATP5PO,CDCA8,0.943
ATP5PO,COX5A,0.944
ATP5PO,COX5B,0.974
ATP5PO,COX7C,0.926
ATP5PO,CYC1,0.921
ATP5PO,MT-ATP6,0.999
ATP5PO,MT-ATP8,0.994
ATP5PO,NDUFA12,0.917
ATP5PO,NDUFS3,0.958
ATP5PO,NDUFS4,0.954
ATP5PO,NDUFV2,0.924
ATP5PO,PPID,0.957
ATP5PO,PPIF,0.989
ATP5PO,RPL23,0.906
ATP5PO,RPS18,0.903
ATP5PO,UQCRB,0.94
ATP5PO,UQCRC2,0.975
ATP5PO,UQCRFS1,0.938
ATP6AP1,ATP6AP2,0.999
ATP6AP1,ATP6V0A1,0.999
ATP6AP1,ATP6V0A4,0.998
ATP6AP1,ATP6V0C,0.999
ATP6AP1,ATP6V0D1,0.999
ATP6AP1,ATP6V0E1,0.991
ATP6AP1,ATP6V0E2,0.944
ATP6AP1,ATP6V1A,0.996
ATP6AP1,ATP6V1B1,0.947
ATP6AP1,ATP6V1B2,0.995
ATP6AP1,ATP6V1C1,0.996
ATP6AP1,ATP6V1D,0.997
ATP6AP1,ATP6V1E1,0.995
ATP6AP1,ATP6V1F,0.987
ATP6AP1,ATP6V1G1,0.996
ATP6AP1,ATP6V1G2,0.978
ATP6AP1,ATP6V1H,0.999
ATP6AP1,PRKCA,0.9
ATP6AP1,PRKCB,0.903
ATP6AP1,PRKCG,0.9
ATP6AP1,RNASEK,0.999
ATP6AP2,ATP6V0A1,0.998
ATP6AP2,ATP6V0A4,0.995
ATP6AP2,ATP6V0C,0.998
ATP6AP2,ATP6V0D1,0.999
ATP6AP2,ATP6V0E1,0.995
ATP6AP2,ATP6V1A,0.997
ATP6AP2,ATP6V1B1,0.94
ATP6AP2,ATP6V1B2,0.996
ATP6AP2,ATP6V1C1,0.998
ATP6AP2,ATP6V1D,0.995
ATP6AP2,ATP6V1E1,0.993
ATP6AP2,ATP6V1F,0.996
ATP6AP2,ATP6V1G1,0.991
ATP6AP2,ATP6V1G2,0.98
ATP6AP2,ATP6V1H,0.994
ATP6AP2,REN,0.999
ATP6AP2,RNASEK,0.998
ATP6V0A1,ATP6V0A4,0.937
ATP6V0A1,ATP6V0C,0.999
ATP6V0A1,ATP6V0D1,0.999
ATP6V0A1,ATP6V0E1,0.995
ATP6V0A1,ATP6V0E2,0.958
ATP6V0A1,ATP6V1A,0.999
ATP6V0A1,ATP6V1B1,0.999
ATP6V0A1,ATP6V1B2,0.998
ATP6V0A1,ATP6V1C1,0.999
ATP6V0A1,ATP6V1D,0.999
ATP6V0A1,ATP6V1E1,0.999
ATP6V0A1,ATP6V1F,0.999
ATP6V0A1,ATP6V1G1,0.997
ATP6V0A1,ATP6V1G2,0.997
ATP6V0A1,ATP6V1H,0.999
ATP6V0A1,RNASEK,0.992
ATP6V0A4,ATP6V0C,0.999
ATP6V0A4,ATP6V0D1,0.999
ATP6V0A4,ATP6V0E1,0.989
ATP6V0A4,ATP6V0E2,0.946
ATP6V0A4,ATP6V1A,0.999
ATP6V0A4,ATP6V1B1,0.999
ATP6V0A4,ATP6V1B2,0.999
ATP6V0A4,ATP6V1C1,0.998
ATP6V0A4,ATP6V1D,0.998
ATP6V0A4,ATP6V1E1,0.999
ATP6V0A4,ATP6V1F,0.999
ATP6V0A4,ATP6V1G1,0.996
ATP6V0A4,ATP6V1G2,0.986
ATP6V0A4,ATP6V1H,0.999
ATP6V0A4,RNASEK,0.992
ATP6V0C,ATP6V0D1,0.999
ATP6V0C,ATP6V0E1,0.998
ATP6V0C,ATP6V0E2,0.977
ATP6V0C,ATP6V1A,0.999
ATP6V0C,ATP6V1B1,0.998
ATP6V0C,ATP6V1B2,0.999
ATP6V0C,ATP6V1C1,0.999
ATP6V0C,ATP6V1D,0.999
ATP6V0C,ATP6V1E1,0.999
ATP6V0C,ATP6V1F,0.999
ATP6V0C,ATP6V1G1,0.996
ATP6V0C,ATP6V1G2,0.99
ATP6V0C,ATP6V1H,0.999
ATP6V0C,MT-ATP6,0.995
ATP6V0C,RNASEK,0.998
ATP6V0D1,ATP6V0E1,0.99
ATP6V0D1,ATP6V0E2,0.948
ATP6V0D1,ATP6V1A,0.999
ATP6V0D1,ATP6V1B1,0.999
ATP6V0D1,ATP6V1B2,0.999
ATP6V0D1,ATP6V1C1,0.998
ATP6V0D1,ATP6V1D,0.999
ATP6V0D1,ATP6V1E1,0.999
ATP6V0D1,ATP6V1F,0.999
ATP6V0D1,ATP6V1G1,0.999
ATP6V0D1,ATP6V1G2,0.98
ATP6V0D1,ATP6V1H,0.999
ATP6V0D1,RNASEK,0.992
ATP6V0E1,ATP6V0E2,0.942
ATP6V0E1,ATP6V1A,0.997
ATP6V0E1,ATP6V1B1,0.951
ATP6V0E1,ATP6V1B2,0.993
ATP6V0E1,ATP6V1C1,0.997
ATP6V0E1,ATP6V1D,0.998
ATP6V0E1,ATP6V1E1,0.993
ATP6V0E1,ATP6V1F,0.998
ATP6V0E1,ATP6V1G1,0.983
ATP6V0E1,ATP6V1G2,0.973
ATP6V0E1,ATP6V1H,0.997
ATP6V0E1,RNASEK,0.994
ATP6V0E2,ATP6V1A,0.973
ATP6V0E2,ATP6V1B1,0.955
ATP6V0E2,ATP6V1B2,0.951
ATP6V0E2,ATP6V1C1,0.973
ATP6V0E2,ATP6V1D,0.971
ATP6V0E2,ATP6V1E1,0.962
ATP6V0E2,ATP6V1F,0.978
ATP6V0E2,ATP6V1G1,0.961
ATP6V0E2,ATP6V1G2,0.971
ATP6V0E2,ATP6V1H,0.986
ATP6V0E2,RNASEK,0.957
ATP6V1A,ATP6V1B1,0.999
ATP6V1A,ATP6V1B2,0.999
ATP6V1A,ATP6V1C1,0.999
ATP6V1A,ATP6V1D,0.999
ATP6V1A,ATP6V1E1,0.999
ATP6V1A,ATP6V1F,0.999
ATP6V1A,ATP6V1G1,0.999
ATP6V1A,ATP6V1G2,0.997
ATP6V1A,ATP6V1H,0.999
ATP6V1A,RNASEK,0.997
ATP6V1B1,ATP6V1B2,0.989
ATP6V1B1,ATP6V1C1,0.998
ATP6V1B1,ATP6V1D,0.999
ATP6V1B1,ATP6V1E1,0.999
ATP6V1B1,ATP6V1F,0.999
ATP6V1B1,ATP6V1G1,0.998
ATP6V1B1,ATP6V1G2,0.997
ATP6V1B1,ATP6V1H,0.997
ATP6V1B1,DMXL1,0.907
ATP6V1B1,RNASEK,0.955
ATP6V1B2,ATP6V1C1,0.999
ATP6V1B2,ATP6V1D,0.999
ATP6V1B2,ATP6V1E1,0.999
ATP6V1B2,ATP6V1F,0.999
ATP6V1B2,ATP6V1G1,0.999
ATP6V1B2,ATP6V1G2,0.993
ATP6V1B2,ATP6V1H,0.999
ATP6V1B2,LAMTOR1,0.998
ATP6V1B2,RNASEK,0.991
ATP6V1C1,ATP6V1D,0.999
ATP6V1C1,ATP6V1E1,0.999
ATP6V1C1,ATP6V1F,0.999
ATP6V1C1,ATP6V1G1,0.998
ATP6V1C1,ATP6V1G2,0.997
ATP6V1C1,ATP6V1H,0.999
ATP6V1C1,RNASEK,0.997
ATP6V1D,ATP6V1E1,0.999
ATP6V1D,ATP6V1F,0.999
ATP6V1D,ATP6V1G1,0.999
ATP6V1D,ATP6V1G2,0.997
ATP6V1D,ATP6V1H,0.999
ATP6V1D,RNASEK,0.997
ATP6V1E1,ATP6V1F,0.999
ATP6V1E1,ATP6V1G1,0.999
ATP6V1E1,ATP6V1G2,0.998
ATP6V1E1,ATP6V1H,0.999
ATP6V1E1,RNASEK,0.99
ATP6V1F,ATP6V1G1,0.999
ATP6V1F,ATP6V1G2,0.997
ATP6V1F,ATP6V1H,0.999
ATP6V1F,RNASEK,0.996
ATP6V1G1,ATP6V1G2,0.961
ATP6V1G1,ATP6V1H,0.998
ATP6V1G1,RNASEK,0.987
ATP6V1G2,ATP6V1H,0.981
ATP6V1G2,RNASEK,0.97
ATP6V1H,RNASEK,0.996
ATP7A,CP,0.939
ATP7A,EIF4G1,0.989
ATP7A,PDZD11,0.983
ATR,ATRIP,0.999
ATR,BLM,0.962
ATR,BRCA1,0.996
ATR,CDC7,0.992
ATR,CHEK1,0.999
ATR,CHEK2,0.998
ATR,EXO1,0.947
ATR,FANCA,0.953
ATR,FANCD2,0.93
ATR,FANCG,0.919
ATR,FANCI,0.96
ATR,FANCM,0.978
ATR,H2AX,0.914
ATR,HUS1,0.992
ATR,MRE11,0.968
ATR,MSH2,0.91
ATR,NBN,0.964
ATR,RAD1,0.971
ATR,RAD17,0.988
ATR,RAD50,0.905
ATR,RAD51,0.942
ATR,RAD52,0.955
ATR,RAD9A,0.994
ATR,RAD9B,0.938
ATR,RPA1,0.983
ATR,RPA2,0.958
ATR,SQSTM1,0.915
ATR,TELO2,0.989
ATR,TOPBP1,0.996
ATR,TP53,0.996
ATR,TP53BP1,0.975
ATR,WRN,0.966
ATRIP,BRCA1,0.972
ATRIP,CHEK1,0.981
ATRIP,FANCA,0.955
ATRIP,FANCG,0.945
ATRIP,FANCI,0.956
ATRIP,FANCM,0.955
ATRIP,HUS1,0.974
ATRIP,MCM7,0.978
ATRIP,PRKDC,0.973
ATRIP,RAD17,0.98
ATRIP,RAD9A,0.992
ATRIP,RPA1,0.999
ATRIP,RPA2,0.979
ATRIP,RPA3,0.907
ATRIP,TOPBP1,0.999
ATRX,DAXX,0.999
ATRX,DNMT3L,0.978
ATRX,EZH2,0.933
ATRX,H3-3A,0.976
ATRX,H3-3B,0.999
ATRX,H3C1,0.964
ATRX,MECP2,0.981
ATRX,RAD51,0.999
ATRX,RAD52,0.993
ATRX,TP53,0.981
ATXN1,ATXN3,0.912
ATXN1,CIC,0.996
ATXN1,COIL,0.912
ATXN1,KAT5,0.979
ATXN1,NCOR2,0.979
ATXN1,PQBP1,0.946
ATXN1,RBM17,0.975
ATXN1,RBPJ,0.967
ATXN1,RBPJL,0.9
ATXN3,BECN1,0.989
ATXN3,FOXO4,0.974
ATXN3,HDAC6,0.921
ATXN3,ITPR1,0.996
ATXN3,ITPR2,0.906
ATXN3,ITPR3,0.942
ATXN3,PRKN,0.996
ATXN3,RAD23A,0.999
ATXN3,RAD23B,0.997
ATXN3,RPS27A,0.978
ATXN3,STUB1,0.983
ATXN3,UBA52,0.942
ATXN3,UBB,0.958
ATXN3,UBQLN1,0.943
ATXN3,VCP,0.999
ATXN7,ATXN7L3,0.999
ATXN7,CACNA1A,0.964
ATXN7,CRX,0.922
ATXN7,ENY2,0.999
ATXN7,KAT2A,0.997
ATXN7,KAT2B,0.98
ATXN7,PPP2R2B,0.923
ATXN7,SF3B3,0.943
ATXN7,SF3B5,0.932
ATXN7,SGF29,0.996
ATXN7,SUPT20H,0.999
ATXN7,SUPT3H,0.998
ATXN7,SUPT7L,0.982
ATXN7,TADA1,0.998
ATXN7,TADA2A,0.927
ATXN7,TADA2B,0.977
ATXN7,TADA3,0.996
ATXN7,TAF10,0.999
ATXN7,TAF12,0.999
ATXN7,TAF5L,0.996
ATXN7,TAF6,0.951
ATXN7,TAF6L,0.998
ATXN7,TAF9,0.999
ATXN7,TAF9B,0.979
ATXN7,TBP,0.922
ATXN7,TRRAP,0.999
ATXN7,USP22,0.999
ATXN7L1,ATXN7L3,0.969
ATXN7L1,ENY2,0.973
ATXN7L1,TAF9,0.901
ATXN7L2,ATXN7L3,0.983
ATXN7L2,ENY2,0.981
ATXN7L2,KAT2B,0.932
ATXN7L2,TAF12,0.901
ATXN7L2,TAF9,0.929
ATXN7L2,TRRAP,0.929
ATXN7L3,ENY2,0.999
ATXN7L3,KAT2A,0.994
ATXN7L3,KAT2B,0.993
ATXN7L3,SGF29,0.992
ATXN7L3,SUPT20H,0.995
ATXN7L3,SUPT3H,0.994
ATXN7L3,SUPT7L,0.991
ATXN7L3,TADA1,0.994
ATXN7L3,TADA2A,0.926
ATXN7L3,TADA2B,0.987
ATXN7L3,TADA3,0.996
ATXN7L3,TAF10,0.993
ATXN7L3,TAF12,0.995
ATXN7L3,TAF2,0.902
ATXN7L3,TAF4,0.901
ATXN7L3,TAF5,0.953
ATXN7L3,TAF5L,0.996
ATXN7L3,TAF6,0.961
ATXN7L3,TAF6L,0.993
ATXN7L3,TAF7,0.914
ATXN7L3,TAF9,0.993
ATXN7L3,TAF9B,0.991
ATXN7L3,TRRAP,0.998
ATXN7L3,USP22,0.999
AUP1,DERL2,0.992
AUP1,FAF2,0.994
AUP1,OS9,0.978
AUP1,SEL1L,0.995
AUP1,SYVN1,0.987
AUP1,UBE2J1,0.95
AUP1,VCP,0.943
AURKA,AURKB,0.922
AURKA,BIRC5,0.993
AURKA,BRCA1,0.942
AURKA,BUB1,0.971
AURKA,BUB1B,0.924
AURKA,CCNA2,0.949
AURKA,CCNB1,0.979
AURKA,CCNB2,0.988
AURKA,CDC20,0.995
AURKA,CDCA8,0.952
AURKA,CDK1,0.951
AURKA,CENPA,0.959
AURKA,CEP55,0.936
AURKA,CKAP5,0.974
AURKA,FN1,0.945
AURKA,GADD45A,0.961
AURKA,HDAC6,0.944
AURKA,HMMR,0.97
AURKA,INCENP,0.994
AURKA,KIF11,0.972
AURKA,KIF20A,0.936
AURKA,KIF23,0.924
AURKA,MAD2L1,0.929
AURKA,MYC,0.914
AURKA,MYCN,0.998
AURKA,NCAPG,0.952
AURKA,NDC80,0.933
AURKA,NEDD9,0.99
AURKA,PLK1,0.997
AURKA,PRC1,0.91
AURKA,PTTG1,0.967
AURKA,TACC3,0.998
AURKA,TOP2A,0.963
AURKA,TP53,0.998
AURKA,TPX2,0.999
AURKB,BIRC5,0.999
AURKB,BUB1,0.997
AURKB,BUB1B,0.999
AURKB,BUB3,0.943
AURKB,CCNA2,0.991
AURKB,CCNB1,0.962
AURKB,CCNB2,0.99
AURKB,CDC20,0.998
AURKB,CDCA5,0.968
AURKB,CDCA8,0.999
AURKB,CDK1,0.997
AURKB,CENPA,0.997
AURKB,CUL3,0.927
AURKB,ESPL1,0.985
AURKB,H3-3B,0.902
AURKB,HJURP,0.927
AURKB,INCENP,0.999
AURKB,KCNJ6,0.904
AURKB,KIF11,0.964
AURKB,KIF20A,0.99
AURKB,KIF23,0.961
AURKB,KIF4A,0.942
AURKB,KLHL13,0.902
AURKB,KLHL9,0.909
AURKB,KNL1,0.916
AURKB,MAD2L1,0.93
AURKB,MAPRE1,0.917
AURKB,NCAPG,0.913
AURKB,NCAPH,0.909
AURKB,NDC80,0.979
AURKB,NUF2,0.95
AURKB,PLK1,0.939
AURKB,PPP1CC,0.916
AURKB,PTTG1,0.949
AURKB,RACGAP1,0.966
AURKB,TOP2A,0.97
AURKB,TP53,0.908
AURKB,TPX2,0.94
AURKB,ZWINT,0.927
AUTS2,CSNK2A2,0.927
AUTS2,PCGF5,0.994
AUTS2,PCGF6,0.901
AUTS2,RYBP,0.961
AUTS2,YAF2,0.958
AVEN,BCL2L1,0.967
AVPR1A,AVPR1B,0.94
AVPR1A,AVPR2,0.953
AVPR1A,GNA11,0.917
AVPR1A,GNA12,0.917
AVPR1A,GNA13,0.911
AVPR1A,GNAQ,0.957
AVPR1B,AVPR2,0.939
AVPR1B,GNA11,0.909
AVPR1B,GNA12,0.913
AVPR1B,GNA13,0.909
AVPR1B,GNAQ,0.947
AVPR2,GNAS,0.995
AVPR2,GNB1,0.967
AVPR2,GNG2,0.925
AXIN1,AXIN2,0.999
AXIN1,BTRC,0.999
AXIN1,CACYBP,0.905
AXIN1,CSNK1A1,0.999
AXIN1,CSNK1E,0.993
AXIN1,CTNNB1,0.999
AXIN1,DIXDC1,0.904
AXIN1,DVL1,0.999
AXIN1,DVL2,0.999
AXIN1,DVL3,0.99
AXIN1,FRAT1,0.992
AXIN1,GSK3A,0.999
AXIN1,GSK3B,0.999
AXIN1,HIPK2,0.979
AXIN1,HNF4A,0.926
AXIN1,LAMTOR1,0.906
AXIN1,LEF1,0.959
AXIN1,LRP5,0.999
AXIN1,LRP6,0.999
AXIN1,MAP3K1,0.938
AXIN1,PPP2CA,0.902
AXIN1,SIAH1,0.996
AXIN1,SMAD7,0.924
AXIN1,STK11,0.993
AXIN1,TCF7L2,0.912
AXIN1,TNKS,0.998
AXIN1,TNKS2,0.996
AXIN1,TP53,0.905
AXIN1,WNT1,0.918
AXIN1,WNT3A,0.964
AXIN2,BTRC,0.935
AXIN2,CSNK1A1,0.997
AXIN2,CSNK1E,0.921
AXIN2,CTNNB1,0.999
AXIN2,DVL1,0.991
AXIN2,DVL2,0.969
AXIN2,DVL3,0.967
AXIN2,GSK3A,0.962
AXIN2,GSK3B,0.999
AXIN2,LEF1,0.964
AXIN2,TCF7L2,0.912
AXIN2,TNKS,0.955
AXIN2,TNKS2,0.968
AXL,GAB1,0.926
AXL,GRB2,0.931
AXL,IFNAR1,0.925
AXL,JAK1,0.914
AXL,JAK2,0.915
AXL,PLCG1,0.937
AXL,PLCG2,0.918
AXL,SHC1,0.957
AXL,SHC2,0.905
AXL,SHC3,0.907
AXL,SRC,0.983
AXL,TNS2,0.91
AZI2,IKBKE,0.986
AZI2,IKBKG,0.966
AZI2,TANK,0.978
AZI2,TAX1BP1,0.965
AZI2,TBK1,0.999
AZI2,TBKBP1,0.937
AZI2,TNF,0.994
AZIN1,OAZ1,0.999
AZIN2,NOS1,0.94
AZIN2,NOS2,0.927
AZIN2,NOS3,0.94
AZIN2,OAZ1,0.941
B2M,CALR,0.999
B2M,CD247,0.977
B2M,CD3D,0.928
B2M,CD3E,0.935
B2M,CD3G,0.943
B2M,CD8A,0.998
B2M,FCGRT,0.999
B2M,HFE,0.999
B2M,KLRC1,0.99
B2M,KLRD1,0.98
B2M,PDIA3,0.999
B2M,TAP1,0.984
B2M,TFRC,0.998
B2M,TTR,0.968
B9D1,B9D2,0.999
B9D1,CC2D2A,0.998
B9D1,CEP290,0.987
B9D1,MKS1,0.993
B9D1,NPHP1,0.929
B9D1,NPHP4,0.906
B9D1,TCTN1,0.999
B9D1,TCTN2,0.997
B9D1,TCTN3,0.993
B9D1,TMEM17,0.966
B9D1,TMEM216,0.995
B9D1,TMEM231,0.998
B9D1,TMEM67,0.997
B9D2,CC2D2A,0.997
B9D2,CEP290,0.97
B9D2,MKS1,0.974
B9D2,TCTN1,0.997
B9D2,TCTN2,0.993
B9D2,TCTN3,0.98
B9D2,TMEM17,0.951
B9D2,TMEM216,0.993
B9D2,TMEM231,0.996
B9D2,TMEM67,0.994
BABAM1,BABAM2,0.999
BABAM1,BARD1,0.998
BABAM1,BRCA1,0.999
BABAM1,BRCC3,0.999
BABAM1,SHMT2,0.997
BABAM1,TNKS,0.913
BABAM1,UIMC1,0.999
BABAM2,BARD1,0.999
BABAM2,BCOR,0.908
BABAM2,BMI1,0.911
BABAM2,BRCA1,0.999
BABAM2,BRCA2,0.96
BABAM2,BRCC3,0.999
BABAM2,CBX2,0.902
BABAM2,CBX4,0.902
BABAM2,CBX8,0.902
BABAM2,CDC16,0.902
BABAM2,CDC23,0.901
BABAM2,CDC26,0.9
BABAM2,CDC27,0.906
BABAM2,CUL7,0.903
BABAM2,PCGF2,0.901
BABAM2,PCGF6,0.901
BABAM2,PHC1,0.901
BABAM2,PHC2,0.902
BABAM2,PHC3,0.9
BABAM2,RAD51,0.975
BABAM2,RING1,0.903
BABAM2,RNF2,0.913
BABAM2,SHMT2,0.998
BABAM2,UIMC1,0.999
BACE1,GGA1,0.979
BACE1,GGA3,0.933
BACE1,PSEN1,0.972
BACE1,RTN3,0.991
BACE1,RTN4,0.994
BAD,BCL2,0.999
BAD,BCL2L1,0.999
BAD,BCL2L11,0.918
BAD,MAP2K1,0.92
BAD,MAPK1,0.917
BAD,MAPK3,0.932
BAD,MAPK8,0.959
BAD,MAPK9,0.906
BAD,PPP3CA,0.9
BAD,PPP3CB,0.9
BAD,PPP3CC,0.906
BAD,PPP3R1,0.9
BAD,PPP3R2,0.901
BAD,PRKACA,0.971
BAD,PRKACB,0.936
BAD,PRKG1,0.901
BAD,RAF1,0.985
BAD,YWHAB,0.982
BAD,YWHAE,0.98
BAD,YWHAG,0.94
BAD,YWHAH,0.975
BAD,YWHAQ,0.984
BAD,YWHAZ,0.989
BAG1,BAG2,0.997
BAG1,BAG3,0.967
BAG1,BAG5,0.918
BAG1,BCL2,0.996
BAG1,DNAJB1,0.991
BAG1,HSPA1B,0.971
BAG1,HSPA4,0.999
BAG1,HSPA8,0.999
BAG1,HSPBP1,0.973
BAG1,HSPH1,0.954
BAG1,RAF1,0.939
BAG1,STUB1,0.963
BAG2,BAG3,0.977
BAG2,BAG5,0.955
BAG2,HSPA1B,0.914
BAG2,HSPA4,0.997
BAG2,HSPA8,0.999
BAG2,HSPBP1,0.958
BAG2,HSPH1,0.995
BAG2,SGTA,0.931
BAG2,STUB1,0.997
BAG3,BCL2,0.986
BAG3,CRYAB,0.944
BAG3,FLNC,0.917
BAG3,HSF1,0.923
BAG3,HSP90AB1,0.96
BAG3,HSPA1B,0.983
BAG3,HSPA4,0.999
BAG3,HSPA8,0.999
BAG3,HSPB1,0.98
BAG3,HSPB6,0.938
BAG3,HSPB8,0.999
BAG3,SQSTM1,0.946
BAG3,STUB1,0.999
BAG5,GAK,0.936
BAG5,HSPA1A,0.956
BAG5,HSPA1B,0.991
BAG5,HSPA4,0.96
BAG5,HSPA8,0.979
BAG5,STUB1,0.919
BAG6,FAF2,0.995
BAG6,GET4,0.999
BAG6,HAVCR2,0.941
BAG6,NCR3,0.995
BAG6,SGTA,0.993
BAG6,UBL4A,0.999
BAG6,UBXN1,0.995
BAIAP2,BRK1,0.901
BAIAP2,CDC42,0.999
BAIAP2,CYFIP1,0.945
BAIAP2,DIAPH3,0.955
BAIAP2,DLG4,0.966
BAIAP2,ENAH,0.977
BAIAP2,EPS8,0.996
BAIAP2,NCKAP1,0.954
BAIAP2,RAC1,0.964
BAIAP2,RAC2,0.953
BAIAP2,VASP,0.986
BAIAP2,WAS,0.941
BAIAP2,WASF1,0.993
BAIAP2,WASF2,0.999
BAIAP2,WASF3,0.913
BAIAP2,WASL,0.965
BAIAP2,YWHAQ,0.937
BAK1,BAX,0.996
BAK1,BBC3,0.923
BAK1,BCL2,0.999
BAK1,BCL2L1,0.999
BAK1,BCL2L11,0.998
BAK1,BID,0.999
BAK1,CAPN1,0.948
BAK1,CAPN2,0.915
BAK1,CYCS,0.975
BAK1,MCL1,0.998
BAK1,TP53,0.997
BANF1,EHMT2,0.929
BANF1,EMD,0.999
BANF1,H3-3B,0.956
BANF1,LEMD3,0.998
BANF1,LMNA,0.996
BANF1,LMNB1,0.922
BANF1,PAX6,0.952
BANF1,PHF10,0.909
BANF1,SMARCA4,0.998
BANF1,SMARCE1,0.941
BANF1,TMPO,0.967
BANF1,VRK1,0.916
BANF2,EMD,0.996
BANF2,LEMD3,0.968
BANP,HDAC1,0.96
BANP,TP53,0.944
BAP1,BARD1,0.994
BAP1,BMI1,0.915
BAP1,BRCA1,0.995
BAP1,CBX2,0.903
BAP1,CBX4,0.914
BAP1,CBX6,0.902
BAP1,CBX8,0.903
BAP1,EED,0.905
BAP1,EZH2,0.937
BAP1,FOXK1,0.982
BAP1,FOXK2,0.941
BAP1,HCFC1,0.998
BAP1,HDAC2,0.913
BAP1,OGT,0.978
BAP1,PCGF1,0.911
BAP1,PCGF2,0.909
BAP1,PCGF3,0.909
BAP1,PCGF5,0.906
BAP1,PCGF6,0.911
BAP1,PHC1,0.905
BAP1,PHC2,0.905
BAP1,PHC3,0.9
BAP1,RBBP4,0.93
BAP1,RBBP7,0.969
BAP1,RING1,0.915
BAP1,RNF2,0.923
BAP1,SUZ12,0.913
BAP1,TNPO1,0.928
BAP1,UBAP2L,0.902
BARD1,BCOR,0.905
BARD1,BMI1,0.924
BARD1,BRCA1,0.999
BARD1,BRCA2,0.999
BARD1,BRCC3,0.999
BARD1,BRIP1,0.999
BARD1,CBX2,0.904
BARD1,CBX4,0.903
BARD1,CBX8,0.909
BARD1,CDC16,0.92
BARD1,CDC23,0.913
BARD1,CDC26,0.907
BARD1,CDC27,0.914
BARD1,CHEK2,0.937
BARD1,CSTF1,0.997
BARD1,CUL7,0.911
BARD1,H2BC21,0.978
BARD1,H3C1,0.946
BARD1,H4C1,0.907
BARD1,H4C2,0.91
BARD1,MDC1,0.954
BARD1,MRE11,0.999
BARD1,MSH6,0.925
BARD1,NBN,0.998
BARD1,PALB2,0.987
BARD1,PCGF2,0.91
BARD1,PCGF6,0.901
BARD1,PHC1,0.905
BARD1,PHC2,0.901
BARD1,PHC3,0.9
BARD1,RAD50,0.997
BARD1,RAD51,0.999
BARD1,RAD51C,0.967
BARD1,RAD51D,0.94
BARD1,RBBP8,0.999
BARD1,RING1,0.926
BARD1,RNF2,0.98
BARD1,RNF8,0.908
BARD1,RPS27A,0.953
BARD1,TOPBP1,0.998
BARD1,TP53,0.982
BARD1,UBA52,0.953
BARD1,UBB,0.954
BARD1,UBE2D3,0.983
BARD1,UIMC1,0.999
BARD1,XRCC3,0.905
BARD1,XRCC6,0.936
BAX,BBC3,0.951
BAX,BCL2,0.999
BAX,BCL2L1,0.999
BAX,BCL2L11,0.998
BAX,BID,0.998
BAX,CAPN1,0.916
BAX,CAPN2,0.912
BAX,CYCS,0.993
BAX,HK1,0.904
BAX,MCL1,0.999
BAX,PPIF,0.931
BAX,PRKACA,0.924
BAX,PRKACB,0.923
BAX,PRKN,0.94
BAX,SIRT1,0.942
BAX,TP53,0.994
BAX,VDAC1,0.983
BAX,XRCC6,0.972
BAZ1A,BAZ1B,0.946
BAZ1A,BPTF,0.935
BAZ1A,CECR2,0.941
BAZ1A,CHRAC1,0.998
BAZ1A,POLE3,0.999
BAZ1A,RBBP4,0.943
BAZ1A,RSF1,0.907
BAZ1A,SMARCA1,0.999
BAZ1A,SMARCA5,0.999
BAZ1B,DDX21,0.916
BAZ1B,DEK,0.934
BAZ1B,ERCC6,0.921
BAZ1B,H2AX,0.913
BAZ1B,MYBBP1A,0.946
BAZ1B,MYO1C,0.9
BAZ1B,POLE3,0.918
BAZ1B,RSF1,0.95
BAZ1B,SF3B1,0.919
BAZ1B,SMARCA1,0.998
BAZ1B,SMARCA5,0.999
BAZ2A,DNMT3B,0.906
BAZ2A,HDAC1,0.967
BAZ2A,SMARCA5,0.999
BAZ2A,TTF1,0.977
BBC3,BCL2,0.999
BBC3,BCL2L1,0.999
BBC3,BCL2L11,0.971
BBC3,BID,0.961
BBC3,MCL1,0.998
BBC3,TP53,0.959
BBIP1,BBS1,0.999
BBIP1,BBS2,0.999
BBIP1,BBS4,0.999
BBIP1,BBS5,0.999
BBIP1,BBS7,0.999
BBIP1,BBS9,0.999
BBIP1,RAB3IP,0.949
BBIP1,TTC8,0.997
BBS1,BBS10,0.982
BBS1,BBS12,0.963
BBS1,BBS2,0.999
BBS1,BBS4,0.999
BBS1,BBS5,0.999
BBS1,BBS7,0.999
BBS1,BBS9,0.999
BBS1,CEP290,0.921
BBS1,LZTFL1,0.972
BBS1,MCHR1,0.91
BBS1,RAB3IP,0.998
BBS1,RAB8A,0.943
BBS1,SSTR3,0.917
BBS1,TTC8,0.999
BBS10,BBS12,0.999
BBS10,BBS2,0.987
BBS10,BBS4,0.969
BBS10,BBS5,0.98
BBS10,BBS7,0.994
BBS10,BBS9,0.976
BBS10,CCT2,0.993
BBS10,CCT3,0.967
BBS10,CCT4,0.925
BBS10,CCT5,0.983
BBS10,CCT7,0.923
BBS10,CCT8,0.964
BBS10,MKKS,0.929
BBS10,MKS1,0.904
BBS10,TCP1,0.931
BBS10,TTC8,0.919
BBS12,BBS2,0.965
BBS12,BBS4,0.964
BBS12,BBS5,0.949
BBS12,BBS7,0.995
BBS12,BBS9,0.967
BBS12,MKKS,0.966
BBS12,TCP1,0.931
BBS12,TTC8,0.922
BBS2,BBS4,0.999
BBS2,BBS5,0.999
BBS2,BBS7,0.999
BBS2,BBS9,0.999
BBS2,LZTFL1,0.984
BBS2,RAB3IP,0.932
BBS2,TTC8,0.999
BBS4,BBS5,0.999
BBS4,BBS7,0.999
BBS4,BBS9,0.999
BBS4,CEP290,0.931
BBS4,LZTFL1,0.976
BBS4,PCM1,0.987
BBS4,RAB3IP,0.967
BBS4,TTC8,0.999
BBS5,BBS7,0.999
BBS5,BBS9,0.999
BBS5,LZTFL1,0.975
BBS5,RAB3IP,0.933
BBS5,TTC8,0.999
BBS7,BBS9,0.999
BBS7,LZTFL1,0.982
BBS7,RAB3IP,0.932
BBS7,TTC8,0.999
BBS9,LZTFL1,0.986
BBS9,RAB3IP,0.928
BBS9,TTC8,0.999
BCAR1,CBL,0.926
BCAR1,CRK,0.999
BCAR1,CRKL,0.999
BCAR1,DOCK1,0.999
BCAR1,ELMO1,0.952
BCAR1,ELMO2,0.915
BCAR1,ESR1,0.941
BCAR1,FYN,0.974
BCAR1,GRB2,0.982
BCAR1,ITGB1,0.914
BCAR1,MAP3K1,0.909
BCAR1,NCK1,0.961
BCAR1,NPHP4,0.941
BCAR1,PTK2,0.999
BCAR1,PTK2B,0.998
BCAR1,PTPN1,0.927
BCAR1,PXN,0.999
BCAR1,RAPGEF1,0.997
BCAR1,SRC,0.999
BCAR1,TLN1,0.998
BCAR1,TRIP6,0.905
BCAR1,VCL,0.999
BCAR1,ZYX,0.955
BCAS2,BUD31,0.998
BCAS2,CDC40,0.999
BCAS2,CDC5L,0.999
BCAS2,CRNKL1,0.998
BCAS2,CTNNBL1,0.995
BCAS2,CWC15,0.999
BCAS2,CWC22,0.985
BCAS2,DHX8,0.987
BCAS2,EFTUD2,0.999
BCAS2,EIF4A3,0.934
BCAS2,HSPA8,0.992
BCAS2,ISY1,0.961
BCAS2,MAGOH,0.936
BCAS2,PLRG1,0.999
BCAS2,PPIE,0.996
BCAS2,PPIL1,0.997
BCAS2,PRPF19,0.999
BCAS2,PRPF8,0.999
BCAS2,RBM22,0.996
BCAS2,SF3A2,0.945
BCAS2,SF3B1,0.9
BCAS2,SF3B3,0.904
BCAS2,SF3B4,0.998
BCAS2,SF3B5,0.9
BCAS2,SNRNP200,0.993
BCAS2,SNRNP40,0.999
BCAS2,SNRPA1,0.998
BCAS2,SNRPB,0.989
BCAS2,SNRPB2,0.991
BCAS2,SNRPD1,0.994
BCAS2,SNRPD2,0.991
BCAS2,SNRPD3,0.992
BCAS2,SNRPE,0.995
BCAS2,SNRPF,0.994
BCAS2,SNRPG,0.992
BCAS2,SNW1,0.999
BCAS2,SRRM2,0.984
BCAS2,SYF2,0.998
BCAS2,TCERG1,0.903
BCAS2,XAB2,0.999
BCAS2,YJU2,0.965
BCCIP,BRCA2,0.997
BCCIP,CCNH,0.921
BCCIP,CCNT1,0.91
BCCIP,CCNT2,0.909
BCCIP,CDK7,0.917
BCCIP,CDK9,0.902
BCCIP,CDKN1A,0.99
BCCIP,MNAT1,0.915
BCCIP,MTDH,0.945
BCCIP,RPL23,0.931
BCHE,COLQ,0.981
BCKDHA,BCKDHB,0.999
BCKDHA,DBT,0.999
BCKDHA,DLAT,0.945
BCKDHA,DLD,0.999
BCKDHA,DLST,0.963
BCKDHA,LDHA,0.923
BCKDHA,PDHB,0.999
BCKDHA,PDHX,0.951
BCKDHB,CAPZA1,0.9
BCKDHB,CAPZA2,0.9
BCKDHB,DBT,0.999
BCKDHB,DLAT,0.968
BCKDHB,DLD,0.999
BCKDHB,DLST,0.968
BCKDHB,LDHA,0.928
BCKDHB,PDHA1,0.988
BCKDHB,PDHX,0.969
BCL10,BIRC3,0.935
BCL10,CARD11,0.999
BCL10,CARD14,0.988
BCL10,CARD9,0.999
BCL10,CASP8,0.998
BCL10,CHUK,0.994
BCL10,IKBKB,0.996
BCL10,IKBKG,0.999
BCL10,MALT1,0.999
BCL10,MAP3K7,0.972
BCL10,MAPK1,0.917
BCL10,MAPK11,0.911
BCL10,MAPK14,0.921
BCL10,MAPK3,0.927
BCL10,MAPK8,0.926
BCL10,MAPK9,0.964
BCL10,NFKB1,0.929
BCL10,PRKCQ,0.973
BCL10,TRAF6,0.999
BCL2,BCL2L1,0.999
BCL2,BCL2L11,0.999
BCL2,BCL6,0.906
BCL2,BCLAF1,0.945
BCL2,BECN1,0.999
BCL2,BID,0.998
BCL2,BNIP2,0.982
BCL2,CASP3,0.987
BCL2,CASP8,0.984
BCL2,CASP9,0.946
BCL2,CCND1,0.958
BCL2,CDK1,0.92
BCL2,CREB1,0.925
BCL2,CTSL,0.931
BCL2,CYCS,0.997
BCL2,DDIT3,0.972
BCL2,FKBP8,0.996
BCL2,HIF1A,0.946
BCL2,HRAS,0.938
BCL2,HSP90AA1,0.929
BCL2,HSPB3,0.988
BCL2,ITPR1,0.996
BCL2,ITPR3,0.993
BCL2,JUN,0.927
BCL2,KEAP1,0.92
BCL2,LGALS3,0.915
BCL2,MAPK1,0.969
BCL2,MAPK3,0.985
BCL2,MAPK8,0.979
BCL2,MAPK9,0.957
BCL2,MDM2,0.953
BCL2,MYC,0.955
BCL2,NLRP1,0.999
BCL2,NR4A1,0.999
BCL2,PARP1,0.917
BCL2,PIK3C3,0.976
BCL2,PPID,0.947
BCL2,PPIF,0.961
BCL2,PPP2CA,0.962
BCL2,PPP2CB,0.904
BCL2,PPP2R1A,0.916
BCL2,PPP2R1B,0.913
BCL2,PPP2R2A,0.921
BCL2,PPP2R2B,0.91
BCL2,PPP2R3A,0.912
BCL2,PPP2R3B,0.901
BCL2,PPP2R3C,0.901
BCL2,PPP2R5A,0.964
BCL2,RAD9A,0.934
BCL2,RRAS,0.907
BCL2,SIVA1,0.938
BCL2,STAT3,0.959
BCL2,TP53,0.999
BCL2,UVRAG,0.974
BCL2,VDAC1,0.998
BCL2,VDAC2,0.911
BCL2,XIAP,0.951
BCL2L1,BCL2L11,0.999
BCL2L1,BECN1,0.999
BCL2L1,BID,0.999
BCL2L1,CASP3,0.95
BCL2L1,CASP8,0.933
BCL2L1,CASP9,0.992
BCL2L1,CTSL,0.919
BCL2L1,CYCS,0.998
BCL2L1,DNM1L,0.919
BCL2L1,FKBP8,0.935
BCL2L1,IL2,0.912
BCL2L1,ITPR3,0.942
BCL2L1,KRAS,0.982
BCL2L1,MAPK8,0.986
BCL2L1,MAPK9,0.956
BCL2L1,MCL1,0.989
BCL2L1,NLRP1,0.998
BCL2L1,PARK7,0.97
BCL2L1,PGAM5,0.997
BCL2L1,PINK1,0.986
BCL2L1,SIVA1,0.99
BCL2L1,STAT3,0.949
BCL2L1,TP53,0.999
BCL2L1,TP73,0.929
BCL2L1,VDAC1,0.998
BCL2L1,XIAP,0.939
BCL2L11,BECN1,0.987
BCL2L11,BID,0.982
BCL2L11,DDIT3,0.956
BCL2L11,DYNLL1,0.999
BCL2L11,FOXO3,0.984
BCL2L11,MAPK1,0.953
BCL2L11,MAPK3,0.97
BCL2L11,MAPK8,0.948
BCL2L11,MCL1,0.999
BCL3,CYLD,0.986
BCL3,HDAC1,0.909
BCL3,NFKB1,0.999
BCL3,NFKB2,0.999
BCL3,NFKBIA,0.904
BCL3,REL,0.952
BCL3,RELA,0.951
BCL3,RELB,0.959
BCL6,BCOR,0.999
BCL6,HDAC1,0.935
BCL6,HDAC4,0.966
BCL6,IRF4,0.942
BCL6,MTA3,0.908
BCL6,MYC,0.922
BCL6,NCOR1,0.999
BCL6,NCOR2,0.999
BCL6,STAT3,0.903
BCL6,TP53,0.957
BCL7A,BCL7C,0.99
BCL7A,BICRAL,0.983
BCL7A,BRD9,0.992
BCL7A,DPF2,0.984
BCL7A,PBRM1,0.972
BCL7A,PHF10,0.944
BCL7A,SMARCA2,0.993
BCL7A,SMARCA4,0.997
BCL7A,SMARCB1,0.996
BCL7A,SMARCC1,0.993
BCL7A,SMARCC2,0.989
BCL7A,SMARCD1,0.996
BCL7A,SMARCD2,0.991
BCL7A,SMARCD3,0.989
BCL7A,SMARCE1,0.993
BCL7A,SS18,0.987
BCL7C,BICRAL,0.988
BCL7C,BRD7,0.926
BCL7C,BRD9,0.992
BCL7C,DPF2,0.983
BCL7C,PBRM1,0.96
BCL7C,PHF10,0.939
BCL7C,SMARCA2,0.993
BCL7C,SMARCA4,0.994
BCL7C,SMARCB1,0.991
BCL7C,SMARCC1,0.994
BCL7C,SMARCC2,0.99
BCL7C,SMARCD1,0.995
BCL7C,SMARCD2,0.991
BCL7C,SMARCD3,0.991
BCL7C,SMARCE1,0.993
BCL7C,SS18,0.999
BCL9,CTNNB1,0.999
BCL9,H3-3B,0.915
BCL9,HNF4A,0.979
BCL9,LDB1,0.92
BCL9,LEF1,0.91
BCL9,TCF4,0.93
BCL9,TCF7L2,0.976
BCL9,TLE1,0.925
BCL9,TLE3,0.913
BCL9,TLE4,0.9
BCLAF1,CCNB1,0.94
BCLAF1,EMD,0.971
BCLAF1,H2AX,0.924
BCLAF1,THRAP3,0.993
BCOR,BMI1,0.958
BCOR,BRCA1,0.904
BCOR,BRCC3,0.912
BCOR,CBX2,0.942
BCOR,CBX4,0.956
BCOR,CBX8,0.971
BCOR,CDC16,0.921
BCOR,CDC23,0.906
BCOR,CDC26,0.9
BCOR,CDC27,0.907
BCOR,CUL7,0.907
BCOR,KDM2B,0.986
BCOR,MLLT3,0.994
BCOR,PCGF1,0.999
BCOR,PCGF2,0.958
BCOR,PCGF3,0.919
BCOR,PCGF6,0.932
BCOR,PHC1,0.956
BCOR,PHC2,0.928
BCOR,PHC3,0.928
BCOR,RING1,0.994
BCOR,RNF2,0.995
BCOR,RYBP,0.96
BCOR,YAF2,0.956
BCORL1,CTBP1,0.901
BCORL1,KDM2B,0.988
BCORL1,PCGF1,0.996
BCORL1,RYBP,0.92
BCORL1,SKP1,0.966
BCORL1,YAF2,0.908
BCR,CBL,0.971
BCR,CRK,0.945
BCR,CRKL,0.975
BCR,GRB2,0.994
BCR,SHC1,0.925
BCR,SHC2,0.9
BCR,SHC3,0.901
BCR,STAT5A,0.924
BCR,STAT5B,0.936
BDKRB1,BDKRB2,0.969
BDKRB1,EDN1,0.929
BDKRB1,F2,0.909
BDKRB1,GNA11,0.915
BDKRB1,GNAQ,0.974
BDKRB1,GNB1,0.952
BDKRB1,GNG12,0.909
BDKRB1,GNG2,0.904
BDKRB2,EDN1,0.935
BDKRB2,F2,0.91
BDKRB2,GNA11,0.925
BDKRB2,GNA14,0.913
BDKRB2,GNA15,0.921
BDKRB2,GNAI1,0.909
BDKRB2,GNAI2,0.91
BDKRB2,GNAI3,0.909
BDKRB2,GNAQ,0.982
BDKRB2,GNB1,0.952
BDKRB2,GNG12,0.914
BDKRB2,GNG2,0.904
BDP1,BRF1,0.998
BDP1,CRCP,0.95
BDP1,GTF3A,0.955
BDP1,GTF3C1,0.999
BDP1,GTF3C3,0.94
BDP1,POLR1C,0.918
BDP1,POLR1D,0.951
BDP1,POLR3A,0.994
BDP1,POLR3B,0.969
BDP1,POLR3C,0.972
BDP1,POLR3D,0.957
BDP1,POLR3E,0.983
BDP1,POLR3F,0.985
BDP1,POLR3H,0.922
BDP1,TBP,0.999
BECN1,BIRC2,0.996
BECN1,BIRC3,0.995
BECN1,CASP3,0.925
BECN1,CASP8,0.914
BECN1,CASP9,0.928
BECN1,DAPK1,0.987
BECN1,DYNLL1,0.901
BECN1,EXOC8,0.941
BECN1,GABARAPL2,0.992
BECN1,HMGB1,0.999
BECN1,HTT,0.979
BECN1,IRS1,0.921
BECN1,ITPR1,0.998
BECN1,ITPR3,0.987
BECN1,MAP1B,0.924
BECN1,MAP1LC3A,0.964
BECN1,MCL1,0.998
BECN1,MYD88,0.99
BECN1,NLRC4,0.958
BECN1,NRBF2,0.999
BECN1,PIK3C3,0.999
BECN1,PIK3CG,0.921
BECN1,PIK3R4,0.999
BECN1,PINK1,0.996
BECN1,PRKN,0.989
BECN1,RAB5A,0.992
BECN1,RB1CC1,0.999
BECN1,SH3GLB1,0.995
BECN1,SLAMF1,0.963
BECN1,SQSTM1,0.958
BECN1,TP53,0.939
BECN1,TRAF2,0.995
BECN1,TRAF6,0.982
BECN1,ULK1,0.999
BECN1,ULK2,0.997
BECN1,USP13,0.904
BECN1,UVRAG,0.999
BEGAIN,DLG2,0.901
BET1,BET1L,0.917
BET1,GOSR1,0.999
BET1,GOSR2,0.999
BET1,NAPA,0.962
BET1,NSF,0.904
BET1,SCFD1,0.999
BET1,SEC22B,0.999
BET1,SEC24B,0.956
BET1,STX18,0.951
BET1,STX5,0.999
BET1,STX6,0.945
BET1,STX7,0.973
BET1,USO1,0.982
BET1,VAMP7,0.989
BET1,VAMP8,0.997
BET1,VTI1A,0.98
BET1,VTI1B,0.979
BET1,YKT6,0.998
BET1L,GOSR1,0.999
BET1L,GOSR2,0.997
BET1L,SEC22B,0.982
BET1L,STX5,0.999
BET1L,USO1,0.985
BET1L,YKT6,0.998
BEX2,LDB1,0.903
BEX2,LMO2,0.923
BFSP1,BFSP2,0.999
BFSP2,MT-CYB,0.976
BGN,COL1A1,0.974
BGN,DCN,0.989
BGN,ELN,0.99
BGN,FN1,0.995
BGN,HSPG2,0.997
BGN,SDC1,0.943
BGN,TGFB1,0.978
BGN,TLR2,0.989
BGN,TLR4,0.994
BGN,TNF,0.94
BHLHE40,CLOCK,0.939
BHLHE40,CRY1,0.969
BHLHE40,NPAS2,0.972
BHLHE40,NR1D1,0.929
BHLHE40,PER2,0.955
BHLHE40,PER3,0.93
BICD2,DCTN1,0.998
BICD2,DCTN2,0.999
BICD2,DYNC1H1,0.999
BICD2,DYNC1I1,0.997
BICD2,DYNC1LI1,0.999
BICD2,NEK9,0.924
BICD2,RANBP2,0.995
BICRAL,BRD9,0.999
BICRAL,SMARCA2,0.967
BICRAL,SMARCA4,0.974
BICRAL,SMARCB1,0.945
BICRAL,SMARCC1,0.974
BICRAL,SMARCC2,0.948
BICRAL,SMARCD1,0.994
BICRAL,SMARCD2,0.945
BICRAL,SMARCD3,0.937
BICRAL,SMARCE1,0.955
BICRAL,SS18,0.931
BID,CAPN1,0.918
BID,CAPN2,0.938
BID,CASP1,0.941
BID,CASP10,0.976
BID,CASP2,0.972
BID,CASP8,0.992
BID,CTSL,0.913
BID,FADD,0.904
BID,MAPK8,0.954
BID,MAPK9,0.911
BID,MCL1,0.996
BID,PIDD1,0.929
BIN1,CLTC,0.936
BIN1,CLU,0.955
BIN1,DNM1,0.99
BIN1,DNM2,0.992
BIN1,MAPT,0.941
BIN1,MYC,0.999
BIN1,SYNJ1,0.994
BIN1,WASL,0.914
BIRC2,BIRC3,0.996
BIRC2,BTK,0.951
BIRC2,CASP3,0.997
BIRC2,CASP7,0.997
BIRC2,CASP8,0.971
BIRC2,CASP9,0.999
BIRC2,CD40,0.972
BIRC2,CFLAR,0.948
BIRC2,CYLD,0.943
BIRC2,FADD,0.994
BIRC2,GAPDH,0.945
BIRC2,HTRA2,0.995
BIRC2,IKBKG,0.992
BIRC2,MAP3K7,0.969
BIRC2,MYD88,0.903
BIRC2,RBCK1,0.975
BIRC2,RIPK1,0.999
BIRC2,RIPK2,0.993
BIRC2,RIPK3,0.976
BIRC2,RNF31,0.995
BIRC2,RPS27A,0.981
BIRC2,SHARPIN,0.984
BIRC2,TANK,0.934
BIRC2,TAX1BP1,0.912
BIRC2,TNF,0.999
BIRC2,TNFAIP3,0.931
BIRC2,TNFRSF1A,0.999
BIRC2,TRADD,0.999
BIRC2,TRAF1,0.999
BIRC2,TRAF2,0.999
BIRC2,TRAF3,0.999
BIRC2,TRAF6,0.993
BIRC2,UBA52,0.949
BIRC2,UBB,0.96
BIRC2,UBE2D2,0.994
BIRC2,UBE2D3,0.983
BIRC2,UBE2N,0.998
BIRC2,XIAP,0.996
BIRC3,CASP3,0.997
BIRC3,CASP7,0.989
BIRC3,CASP8,0.922
BIRC3,CASP9,0.996
BIRC3,CD40,0.914
BIRC3,CYLD,0.944
BIRC3,FADD,0.96
BIRC3,GAPDH,0.944
BIRC3,HTRA2,0.972
BIRC3,IKBKG,0.936
BIRC3,MAP3K7,0.942
BIRC3,MYD88,0.926
BIRC3,NFKB1,0.939
BIRC3,RBCK1,0.942
BIRC3,RIPK1,0.999
BIRC3,RIPK2,0.988
BIRC3,RIPK3,0.963
BIRC3,RNF31,0.946
BIRC3,SHARPIN,0.947
BIRC3,TNF,0.964
BIRC3,TNFAIP3,0.916
BIRC3,TNFRSF1A,0.999
BIRC3,TNFRSF1B,0.934
BIRC3,TRADD,0.998
BIRC3,TRAF1,0.999
BIRC3,TRAF2,0.999
BIRC3,TRAF3,0.999
BIRC3,TRAF6,0.988
BIRC3,UBE2D2,0.998
BIRC3,UBE2N,0.952
BIRC3,XIAP,0.994
BIRC5,BUB1,0.979
BIRC5,BUB1B,0.987
BIRC5,CASP3,0.916
BIRC5,CASP9,0.911
BIRC5,CCNA2,0.956
BIRC5,CCNB1,0.993
BIRC5,CCNB2,0.993
BIRC5,CDC20,0.995
BIRC5,CDCA5,0.942
BIRC5,CDCA8,0.999
BIRC5,CDK1,0.997
BIRC5,CENPA,0.955
BIRC5,CEP55,0.913
BIRC5,ESPL1,0.917
BIRC5,FOXM1,0.958
BIRC5,HJURP,0.912
BIRC5,INCENP,0.999
BIRC5,KIF11,0.957
BIRC5,KIF20A,0.973
BIRC5,KIF4A,0.925
BIRC5,MAD2L1,0.981
BIRC5,NEK2,0.94
BIRC5,NUF2,0.949
BIRC5,PCLAF,0.93
BIRC5,PLK1,0.98
BIRC5,PRC1,0.94
BIRC5,PTTG1,0.926
BIRC5,SPAG5,0.917
BIRC5,SPC24,0.924
BIRC5,TOP2A,0.976
BIRC5,TP53,0.93
BIRC5,TPX2,0.952
BIRC5,XIAP,0.96
BIRC5,ZWINT,0.917
BIRC6,CASP9,0.931
BIRC6,HTRA2,0.919
BIRC6,USP8,0.903
BLM,BRCA1,0.974
BLM,BRCA2,0.935
BLM,BRIP1,0.95
BLM,CENPS,0.994
BLM,CENPX,0.994
BLM,CHEK1,0.932
BLM,EXO1,0.998
BLM,FAAP100,0.994
BLM,FANCA,0.999
BLM,FANCD2,0.933
BLM,FANCG,0.999
BLM,FANCM,0.999
BLM,FEN1,0.921
BLM,MLH1,0.999
BLM,MRE11,0.969
BLM,MSH2,0.907
BLM,MSH6,0.972
BLM,MUS81,0.964
BLM,NBN,0.925
BLM,RAD50,0.92
BLM,RAD51,0.998
BLM,RAD52,0.958
BLM,RMI1,0.999
BLM,RPA1,0.999
BLM,RPA2,0.998
BLM,RPA3,0.998
BLM,TOP3A,0.999
BLM,TOP3B,0.945
BLM,TP53,0.932
BLM,TP53BP1,0.978
BLM,XRCC3,0.962
BLM,XRCC6,0.91
BLNK,BTK,0.999
BLNK,CBL,0.967
BLNK,CD19,0.932
BLNK,CD79A,0.998
BLNK,CD79B,0.961
BLNK,GRB2,0.999
BLNK,LCP2,0.991
BLNK,LYN,0.999
BLNK,NCK1,0.928
BLNK,PLCG2,0.999
BLNK,SH3KBP1,0.994
BLNK,SYK,0.999
BLNK,TEC,0.951
BLNK,VAV1,0.999
BLNK,VAV2,0.962
BLNK,VAV3,0.959
BLNK,ZAP70,0.905
BLOC1S1,BLOC1S2,0.999
BLOC1S1,BLOC1S3,0.999
BLOC1S1,BLOC1S4,0.998
BLOC1S1,BLOC1S5,0.997
BLOC1S1,BLOC1S6,0.999
BLOC1S1,BORCS5,0.999
BLOC1S1,BORCS6,0.999
BLOC1S1,BORCS7,0.998
BLOC1S1,BORCS8,0.998
BLOC1S1,DTNBP1,0.999
BLOC1S1,KXD1,0.999
BLOC1S1,SNAPIN,0.999
BLOC1S2,BLOC1S3,0.999
BLOC1S2,BLOC1S4,0.989
BLOC1S2,BLOC1S5,0.994
BLOC1S2,BLOC1S6,0.999
BLOC1S2,BORCS5,0.998
BLOC1S2,BORCS6,0.999
BLOC1S2,BORCS7,0.999
BLOC1S2,BORCS8,0.998
BLOC1S2,BRCA1,0.909
BLOC1S2,DTNBP1,0.999
BLOC1S2,HPS6,0.914
BLOC1S2,KXD1,0.999
BLOC1S2,SNAPIN,0.999
BLOC1S2,TUBGCP4,0.906
BLOC1S2,TUBGCP5,0.9
BLOC1S2,TUBGCP6,0.904
BLOC1S3,BLOC1S4,0.989
BLOC1S3,BLOC1S5,0.995
BLOC1S3,BLOC1S6,0.999
BLOC1S3,DTNBP1,0.999
BLOC1S3,HPS3,0.988
BLOC1S3,HPS4,0.977
BLOC1S3,HPS5,0.985
BLOC1S3,HPS6,0.985
BLOC1S3,SNAPIN,0.999
BLOC1S4,BLOC1S5,0.993
BLOC1S4,BLOC1S6,0.999
BLOC1S4,DTNBP1,0.99
BLOC1S4,SNAPIN,0.977
BLOC1S5,BLOC1S6,0.999
BLOC1S5,DTNBP1,0.996
BLOC1S5,HPS3,0.919
BLOC1S5,SNAPIN,0.996
BLOC1S6,DTNBP1,0.999
BLOC1S6,HPS3,0.982
BLOC1S6,HPS4,0.964
BLOC1S6,HPS5,0.986
BLOC1S6,HPS6,0.986
BLOC1S6,SNAPIN,0.999
BLOC1S6,STX12,0.919
BLZF1,GORASP1,0.98
BLZF1,GORASP2,0.999
BLZF1,RAB2A,0.993
BMI1,BRCA1,0.97
BMI1,BRCC3,0.917
BMI1,CBX1,0.991
BMI1,CBX2,0.999
BMI1,CBX4,0.999
BMI1,CBX6,0.995
BMI1,CBX8,0.999
BMI1,CDC16,0.903
BMI1,CDC23,0.908
BMI1,CDC26,0.9
BMI1,CDC27,0.903
BMI1,CDKN2A,0.913
BMI1,CUL7,0.906
BMI1,E2F6,0.944
BMI1,EED,0.989
BMI1,EZH2,0.999
BMI1,H2AC18,0.96
BMI1,H2AC20,0.954
BMI1,HDAC2,0.977
BMI1,MLLT1,0.913
BMI1,PCGF1,0.992
BMI1,PCGF2,0.999
BMI1,PCGF3,0.979
BMI1,PCGF5,0.976
BMI1,PCGF6,0.988
BMI1,PHC1,0.999
BMI1,PHC2,0.999
BMI1,PHC3,0.992
BMI1,RBBP4,0.963
BMI1,RBBP7,0.964
BMI1,RING1,0.999
BMI1,RNF2,0.999
BMI1,RYBP,0.996
BMI1,SCMH1,0.996
BMI1,SLC25A3,0.978
BMI1,SUZ12,0.997
BMI1,TP53,0.956
BMI1,UBAP2L,0.952
BMI1,UBE2D3,0.944
BMI1,YAF2,0.981
BMI1,YY1,0.96
BMI1,ZBTB16,0.943
BMP2,BMP4,0.97
BMP2,BMP6,0.947
BMP2,BMP7,0.988
BMP2,BMPR1A,0.999
BMP2,BMPR2,0.999
BMP2,FGF2,0.937
BMP2,FN1,0.902
BMP2,HJV,0.996
BMP2,RUNX2,0.982
BMP2,SMAD4,0.954
BMP2,SPP1,0.921
BMP4,BMP6,0.966
BMP4,BMP7,0.978
BMP4,BMPR1A,0.999
BMP4,BMPR2,0.999
BMP4,FST,0.926
BMP4,GATA4,0.925
BMP4,HJV,0.911
BMP4,MSX1,0.91
BMP4,SHH,0.922
BMP4,SMAD4,0.933
BMP6,BMPR1A,0.999
BMP6,BMPR2,0.999
BMP6,HFE,0.905
BMP6,HJV,0.998
BMP7,BMPR1A,0.999
BMP7,BMPR2,0.999
BMP7,FST,0.989
BMPR1A,BMPR2,0.999
BMPR1A,GDF2,0.902
BMPR1A,GDF5,0.998
BMPR1A,HJV,0.973
BMPR1A,SMAD1,0.967
BMPR1A,SMAD2,0.965
BMPR1A,SMAD3,0.957
BMPR1A,SMAD4,0.957
BMPR1A,SMAD7,0.902
BMPR1A,SMAD9,0.976
BMPR2,DYNLT1,0.957
BMPR2,ENG,0.979
BMPR2,GDF2,0.999
BMPR2,GDF5,0.995
BMPR2,LIMK1,0.989
BMPR2,SMAD1,0.942
BMPR2,SMAD2,0.965
BMPR2,SMAD3,0.958
BMPR2,SMAD4,0.946
BMPR2,SMAD9,0.99
BMPR2,TRPC1,0.924
BMPR2,TRPC3,0.907
BMPR2,TRPC4,0.914
BMPR2,TRPC6,0.929
BNIP2,CDC42,0.938
BOC,CDON,0.942
BOC,GAS1,0.982
BOC,LRP2,0.916
BOC,PTCH1,0.993
BOC,SHH,0.996
BOC,SMO,0.963
BOD1,BUB1B,0.924
BOD1,CXXC1,0.908
BOD1,SPDL1,0.917
BOD1L1,CXXC1,0.928
BOD1L1,RBBP5,0.915
BOD1L1,SETD1A,0.927
BOK,MCL1,0.985
BOLA2,GLRX3,0.995
BOP1,BRIX1,0.996
BOP1,CEBPZ,0.95
BOP1,DDX18,0.999
BOP1,DDX24,0.934
BOP1,DDX27,0.974
BOP1,DDX56,0.963
BOP1,DKC1,0.955
BOP1,EBNA1BP2,0.996
BOP1,EIF6,0.989
BOP1,FBL,0.963
BOP1,FTSJ3,0.998
BOP1,GNL2,0.966
BOP1,GNL3,0.995
BOP1,GRWD1,0.998
BOP1,GTPBP4,0.996
BOP1,IMP3,0.943
BOP1,IMP4,0.975
BOP1,KCTD19,0.978
BOP1,MRTO4,0.997
BOP1,MYBBP1A,0.915
BOP1,NIFK,0.99
BOP1,NOP2,0.99
BOP1,NOP56,0.974
BOP1,NOP58,0.991
BOP1,PA2G4,0.929
BOP1,PES1,0.999
BOP1,POLR1A,0.933
BOP1,POLR1B,0.91
BOP1,RBM28,0.918
BOP1,RPF2,0.991
BOP1,RPL13,0.939
BOP1,RPL14,0.948
BOP1,RPL15,0.929
BOP1,RPL18,0.933
BOP1,RPL18A,0.923
BOP1,RPL19,0.925
BOP1,RPL21,0.93
BOP1,RPL23,0.925
BOP1,RPL23A,0.965
BOP1,RPL26,0.922
BOP1,RPL27,0.975
BOP1,RPL27A,0.935
BOP1,RPL3,0.939
BOP1,RPL30,0.949
BOP1,RPL31,0.952
BOP1,RPL32,0.946
BOP1,RPL34,0.924
BOP1,RPL35,0.943
BOP1,RPL35A,0.938
BOP1,RPL36,0.974
BOP1,RPL37,0.937
BOP1,RPL38,0.974
BOP1,RPL4,0.939
BOP1,RPL6,0.951
BOP1,RPL7,0.966
BOP1,RPL7A,0.979
BOP1,RPL9,0.922
BOP1,RPLP0,0.974
BOP1,RRP1,0.988
BOP1,RRS1,0.962
BOP1,RSL1D1,0.998
BOP1,RSL24D1,0.989
BOP1,TBL3,0.967
BOP1,WDR12,0.999
BOP1,WDR18,0.967
BORCS5,BORCS6,0.999
BORCS5,BORCS7,0.999
BORCS5,BORCS8,0.999
BORCS5,KXD1,0.999
BORCS5,SNAPIN,0.998
BORCS6,BORCS7,0.999
BORCS6,BORCS8,0.999
BORCS6,KXD1,0.999
BORCS6,SNAPIN,0.999
BORCS7,BORCS8,0.998
BORCS7,KXD1,0.998
BORCS7,SNAPIN,0.999
BORCS8,KXD1,0.998
BORCS8,SNAPIN,0.997
BPTF,CECR2,0.925
BPTF,H3-3A,0.909
BPTF,H3-3B,0.998
BPTF,H3C1,0.959
BPTF,RBBP4,0.996
BPTF,RBBP7,0.968
BPTF,RSF1,0.918
BPTF,SMARCA1,0.999
BPTF,SMARCA5,0.999
BRAF,CDC37,0.991
BRAF,GSK3B,0.925
BRAF,HRAS,0.999
BRAF,HSP90AA1,0.984
BRAF,HSP90AB1,0.998
BRAF,IQGAP1,0.983
BRAF,KRAS,0.999
BRAF,KSR1,0.939
BRAF,MAP2K1,0.999
BRAF,MAP2K2,0.998
BRAF,MAPK1,0.949
BRAF,MAPK3,0.96
BRAF,MRAS,0.965
BRAF,NF1,0.903
BRAF,NRAS,0.999
BRAF,PIK3CA,0.947
BRAF,PPP5C,0.979
BRAF,PRKACA,0.922
BRAF,PRKACB,0.922
BRAF,PRKCA,0.937
BRAF,PRKCB,0.909
BRAF,PRKCE,0.91
BRAF,PRKCG,0.943
BRAF,PTEN,0.943
BRAF,RAF1,0.999
BRAF,RAP1A,0.989
BRAF,RAP1B,0.96
BRAF,RRAS,0.956
BRAF,SOS1,0.9
BRAF,YWHAB,0.994
BRAF,YWHAE,0.994
BRAF,YWHAG,0.993
BRAF,YWHAH,0.993
BRAF,YWHAQ,0.997
BRAF,YWHAZ,0.999
BRAP,BRCA1,0.997
BRAP,HRAS,0.93
BRAP,KRAS,0.903
BRAP,KSR1,0.984
BRAP,KSR2,0.906
BRAP,MRAS,0.903
BRAP,NRAS,0.911
BRAP,RRAS,0.901
BRAP,UBB,0.935
BRCA1,BRCA2,0.999
BRCA1,BRCC3,0.999
BRCA1,BRIP1,0.999
BRCA1,BUB1B,0.905
BRCA1,CBX2,0.94
BRCA1,CBX4,0.915
BRCA1,CBX8,0.908
BRCA1,CCNA2,0.956
BRCA1,CCNB1,0.916
BRCA1,CCND1,0.922
BRCA1,CDC16,0.927
BRCA1,CDC23,0.911
BRCA1,CDC26,0.906
BRCA1,CDC27,0.923
BRCA1,CDK2,0.984
BRCA1,CDK4,0.972
BRCA1,CHEK1,0.996
BRCA1,CHEK2,0.999
BRCA1,CREBBP,0.968
BRCA1,CSTF1,0.974
BRCA1,CUL7,0.913
BRCA1,DHX9,0.983
BRCA1,DROSHA,0.944
BRCA1,EP300,0.986
BRCA1,ERBB2,0.918
BRCA1,ERCC1,0.93
BRCA1,ERCC4,0.914
BRCA1,ERCC5,0.911
BRCA1,ESR1,0.999
BRCA1,EXO1,0.981
BRCA1,EZH2,0.926
BRCA1,FANCA,0.995
BRCA1,FANCC,0.926
BRCA1,FANCD2,0.999
BRCA1,FANCE,0.92
BRCA1,FANCG,0.939
BRCA1,FANCI,0.993
BRCA1,FANCM,0.916
BRCA1,FLNA,0.917
BRCA1,H2AC20,0.955
BRCA1,H2AX,0.999
BRCA1,H2BC21,0.938
BRCA1,HDAC1,0.958
BRCA1,HDAC2,0.953
BRCA1,HMMR,0.964
BRCA1,IFI16,0.953
BRCA1,MDC1,0.999
BRCA1,MLH1,0.994
BRCA1,MRE11,0.999
BRCA1,MSH2,0.994
BRCA1,MSH3,0.91
BRCA1,MSH6,0.996
BRCA1,MUS81,0.911
BRCA1,MYC,0.999
BRCA1,NBN,0.993
BRCA1,NELFB,0.902
BRCA1,PALB2,0.999
BRCA1,PARP1,0.974
BRCA1,PCGF2,0.916
BRCA1,PCGF6,0.907
BRCA1,PGR,0.963
BRCA1,PHC1,0.905
BRCA1,PHC2,0.901
BRCA1,PHC3,0.911
BRCA1,PIAS1,0.943
BRCA1,PLK1,0.96
BRCA1,PMS2,0.95
BRCA1,POLD1,0.937
BRCA1,POLE,0.919
BRCA1,POLR2A,0.954
BRCA1,POU2F1,0.919
BRCA1,PRKDC,0.955
BRCA1,RAD50,0.999
BRCA1,RAD51,0.999
BRCA1,RAD51B,0.922
BRCA1,RAD51C,0.98
BRCA1,RAD51D,0.953
BRCA1,RAD52,0.987
BRCA1,RBBP7,0.93
BRCA1,RBBP8,0.999
BRCA1,RFC2,0.94
BRCA1,RFC4,0.94
BRCA1,RING1,0.917
BRCA1,RMI1,0.915
BRCA1,RNF2,0.923
BRCA1,RNF8,0.97
BRCA1,RPA1,0.96
BRCA1,SMARCA4,0.983
BRCA1,SMC1A,0.93
BRCA1,STAT1,0.958
BRCA1,TERF1,0.911
BRCA1,TERF2,0.935
BRCA1,TOPBP1,0.999
BRCA1,TP53,0.999
BRCA1,TP53BP1,0.999
BRCA1,TPX2,0.922
BRCA1,TUBG1,0.928
BRCA1,TUBGCP4,0.908
BRCA1,TUBGCP5,0.919
BRCA1,TUBGCP6,0.902
BRCA1,UBE2D3,0.997
BRCA1,UBE2I,0.904
BRCA1,UBE2N,0.955
BRCA1,UIMC1,0.999
BRCA1,WRN,0.983
BRCA1,XRCC2,0.954
BRCA1,XRCC3,0.953
BRCA1,XRCC5,0.972
BRCA1,XRCC6,0.953
BRCA1,ZNF350,0.998
BRCA2,BRCC3,0.984
BRCA2,BRIP1,0.998
BRCA2,BUB1B,0.953
BRCA2,CDK2,0.946
BRCA2,CDK4,0.943
BRCA2,CHEK1,0.963
BRCA2,CHEK2,0.985
BRCA2,DMC1,0.979
BRCA2,EMSY,0.997
BRCA2,ERCC5,0.913
BRCA2,EXO1,0.951
BRCA2,FANCA,0.968
BRCA2,FANCB,0.91
BRCA2,FANCC,0.919
BRCA2,FANCD2,0.999
BRCA2,FANCF,0.908
BRCA2,FANCG,0.997
BRCA2,FANCI,0.996
BRCA2,FANCL,0.902
BRCA2,FANCM,0.937
BRCA2,FLNA,0.977
BRCA2,H2AX,0.973
BRCA2,HMG20B,0.942
BRCA2,HMMR,0.929
BRCA2,KAT2B,0.953
BRCA2,MLH1,0.954
BRCA2,MRE11,0.967
BRCA2,MSH2,0.968
BRCA2,MSH6,0.967
BRCA2,MUS81,0.919
BRCA2,NBN,0.901
BRCA2,PALB2,0.999
BRCA2,PARP1,0.985
BRCA2,PDS5B,0.939
BRCA2,PLK1,0.996
BRCA2,PMS2,0.947
BRCA2,RAD51,0.999
BRCA2,RAD51B,0.961
BRCA2,RAD51C,0.999
BRCA2,RAD51D,0.983
BRCA2,RAD52,0.993
BRCA2,RAD9A,0.931
BRCA2,RBBP8,0.983
BRCA2,SEM1,0.999
BRCA2,SYCP3,0.969
BRCA2,TOP3A,0.915
BRCA2,TP53,0.995
BRCA2,TP53BP1,0.922
BRCA2,XRCC2,0.982
BRCA2,XRCC3,0.999
BRCC3,CBX2,0.9
BRCC3,CBX4,0.907
BRCC3,CBX8,0.9
BRCC3,CDC16,0.905
BRCC3,CDC23,0.913
BRCC3,CDC26,0.909
BRCC3,CDC27,0.904
BRCC3,CUL7,0.904
BRCC3,NLRP3,0.979
BRCC3,PCGF2,0.91
BRCC3,PCGF6,0.903
BRCC3,PHC1,0.901
BRCC3,PHC2,0.903
BRCC3,PHC3,0.903
BRCC3,RAD51,0.969
BRCC3,RING1,0.915
BRCC3,RNF2,0.924
BRCC3,SHMT2,0.999
BRCC3,UIMC1,0.999
BRD1,BRPF1,0.947
BRD1,BRPF3,0.987
BRD1,ING4,0.966
BRD1,ING5,0.991
BRD1,KAT6A,0.995
BRD1,KAT6B,0.993
BRD1,KAT7,0.999
BRD1,MEAF6,0.997
BRD4,BRD9,0.917
BRD4,CCNT1,0.999
BRD4,CCNT2,0.981
BRD4,CDK7,0.954
BRD4,CDK9,0.999
BRD4,CHD4,0.989
BRD4,CHD8,0.957
BRD4,CRBN,0.978
BRD4,E2F1,0.918
BRD4,ELOB,0.921
BRD4,ELOC,0.921
BRD4,EP300,0.988
BRD4,FOXO3,0.96
BRD4,H3-3B,0.995
BRD4,HDAC1,0.954
BRD4,HEXIM1,0.987
BRD4,MYC,0.941
BRD4,NIPBL,0.95
BRD4,POLR2A,0.933
BRD4,RELA,0.999
BRD4,SMARCA4,0.957
BRD4,SPOP,0.914
BRD4,TP53,0.99
BRD4,VHL,0.939
BRD7,EP300,0.925
BRD7,PBRM1,0.999
BRD7,PHF10,0.999
BRD7,SMARCA2,0.977
BRD7,SMARCA4,0.999
BRD7,SMARCB1,0.998
BRD7,SMARCC1,0.994
BRD7,SMARCC2,0.999
BRD7,SMARCD1,0.999
BRD7,SMARCD2,0.97
BRD7,SMARCD3,0.961
BRD7,SMARCE1,0.999
BRD7,TP53,0.99
BRD8,DMAP1,0.999
BRD8,EP400,0.999
BRD8,EPC1,0.957
BRD8,EPC2,0.983
BRD8,H2AZ1,0.901
BRD8,ING3,0.997
BRD8,INO80,0.908
BRD8,INO80B,0.908
BRD8,INO80C,0.9
BRD8,INO80E,0.9
BRD8,KAT5,0.998
BRD8,KAT8,0.941
BRD8,MBTD1,0.99
BRD8,MCRS1,0.915
BRD8,MEAF6,0.998
BRD8,MORF4L1,0.998
BRD8,MORF4L2,0.991
BRD8,MRGBP,0.994
BRD8,MSL1,0.915
BRD8,MSL2,0.9
BRD8,MSL3,0.905
BRD8,NFRKB,0.917
BRD8,RUVBL1,0.995
BRD8,RUVBL2,0.997
BRD8,TRRAP,0.998
BRD8,VPS72,0.987
BRD8,YEATS4,0.998
BRD8,YY1,0.909
BRD9,DPF2,0.935
BRD9,PBRM1,0.968
BRD9,PHF10,0.961
BRD9,SMARCA2,0.996
BRD9,SMARCA4,0.998
BRD9,SMARCB1,0.988
BRD9,SMARCC1,0.998
BRD9,SMARCC2,0.995
BRD9,SMARCD1,0.998
BRD9,SMARCD2,0.976
BRD9,SMARCD3,0.971
BRD9,SMARCE1,0.985
BRD9,SS18,0.989
BRF1,CRCP,0.942
BRF1,GTF3C1,0.991
BRF1,GTF3C3,0.997
BRF1,GTF3C4,0.934
BRF1,GTF3C5,0.964
BRF1,POLR1C,0.918
BRF1,POLR2K,0.939
BRF1,POLR3A,0.957
BRF1,POLR3B,0.974
BRF1,POLR3C,0.952
BRF1,POLR3F,0.993
BRF1,POLR3H,0.913
BRF1,TBP,0.999
BRIP1,CHEK1,0.933
BRIP1,FANCA,0.907
BRIP1,FANCB,0.921
BRIP1,FANCC,0.913
BRIP1,FANCD2,0.997
BRIP1,FANCI,0.994
BRIP1,FANCL,0.912
BRIP1,FANCM,0.969
BRIP1,MLH1,0.999
BRIP1,MMS19,0.961
BRIP1,MRE11,0.998
BRIP1,NBN,0.998
BRIP1,PALB2,0.998
BRIP1,PMS2,0.993
BRIP1,RAD51,0.951
BRIP1,RAD51C,0.941
BRIP1,RBBP8,0.902
BRIP1,RPA1,0.938
BRIP1,TOPBP1,0.999
BRIP1,WRN,0.915
BRIX1,CEBPZ,0.954
BRIX1,DDX18,0.997
BRIX1,DDX56,0.946
BRIX1,EBNA1BP2,0.999
BRIX1,EIF6,0.962
BRIX1,FTSJ3,0.97
BRIX1,GNL2,0.943
BRIX1,GNL3,0.98
BRIX1,GRWD1,0.929
BRIX1,GTPBP4,0.998
BRIX1,IMP3,0.91
BRIX1,IMP4,0.948
BRIX1,KCTD19,0.917
BRIX1,MRTO4,0.997
BRIX1,NHP2,0.953
BRIX1,NIFK,0.999
BRIX1,NOP2,0.986
BRIX1,NOP56,0.941
BRIX1,NOP58,0.973
BRIX1,PA2G4,0.929
BRIX1,PES1,0.993
BRIX1,PWP1,0.925
BRIX1,RBM28,0.948
BRIX1,RPF2,0.993
BRIX1,RPL13,0.955
BRIX1,RPL14,0.906
BRIX1,RPL15,0.929
BRIX1,RPL18,0.967
BRIX1,RPL18A,0.941
BRIX1,RPL23,0.908
BRIX1,RPL23A,0.94
BRIX1,RPL30,0.923
BRIX1,RPL31,0.918
BRIX1,RPL36,0.949
BRIX1,RPL4,0.953
BRIX1,RPL7,0.901
BRIX1,RPL7A,0.968
BRIX1,RPLP0,0.929
BRIX1,RRP1,0.981
BRIX1,RRP8,0.92
BRIX1,RRS1,0.977
BRIX1,RSL1D1,0.997
BRIX1,RSL24D1,0.995
BRIX1,WDR12,0.998
BRK1,CYFIP1,0.999
BRK1,NCK1,0.954
BRK1,NCKAP1,0.999
BRK1,RAC1,0.964
BRK1,SRA1,0.9
BRK1,WAS,0.937
BRK1,WASF1,0.999
BRK1,WASF2,0.999
BRK1,WASF3,0.994
BRMS1,HDAC1,0.992
BRMS1,HDAC2,0.929
BRMS1,ING1,0.976
BRMS1,ING2,0.978
BRMS1,RBBP4,0.92
BRMS1,RBBP7,0.948
BRMS1,SAP30,0.987
BRMS1,SIN3A,0.983
BRMS1,SIN3B,0.952
BRMS1L,HDAC1,0.992
BRMS1L,HDAC2,0.926
BRMS1L,ING1,0.975
BRMS1L,ING2,0.984
BRMS1L,RBBP4,0.957
BRMS1L,RBBP7,0.956
BRMS1L,SAP30,0.995
BRMS1L,SIN3A,0.986
BRMS1L,SIN3B,0.947
BRMS1L,SUDS3,0.906
BRPF1,BRPF3,0.964
BRPF1,H3C1,0.952
BRPF1,ING4,0.94
BRPF1,ING5,0.999
BRPF1,KAT6A,0.999
BRPF1,KAT6B,0.999
BRPF1,KAT7,0.997
BRPF1,MEAF6,0.999
BRPF3,ING4,0.908
BRPF3,ING5,0.99
BRPF3,KAT6A,0.992
BRPF3,KAT6B,0.986
BRPF3,KAT7,0.998
BRPF3,MEAF6,0.997
BSG,CAV1,0.996
BSG,CD44,0.985
BSG,DPP4,0.919
BSG,ITGB1,0.957
BSG,PPIA,0.999
BSG,PPIB,0.996
BSG,SLC16A1,0.999
BSG,SLC2A1,0.9
BSG,SLC3A2,0.95
BTC,EGF,0.973
BTC,EGFR,0.999
BTC,EPGN,0.952
BTC,ERBB2,0.925
BTC,ERBB3,0.975
BTC,ERBB4,0.999
BTC,HBEGF,0.935
BTC,NRG1,0.909
BTF3,EIF3H,0.928
BTF3,NACA,0.999
BTF3,RPL10,0.972
BTF3,RPL10A,0.979
BTF3,RPL11,0.981
BTF3,RPL12,0.956
BTF3,RPL13,0.945
BTF3,RPL13A,0.946
BTF3,RPL14,0.965
BTF3,RPL15,0.951
BTF3,RPL17,0.965
BTF3,RPL18,0.981
BTF3,RPL18A,0.982
BTF3,RPL19,0.979
BTF3,RPL21,0.974
BTF3,RPL22,0.934
BTF3,RPL23,0.955
BTF3,RPL23A,0.984
BTF3,RPL24,0.984
BTF3,RPL26,0.958
BTF3,RPL27,0.959
BTF3,RPL27A,0.935
BTF3,RPL28,0.942
BTF3,RPL29,0.973
BTF3,RPL3,0.957
BTF3,RPL30,0.993
BTF3,RPL31,0.997
BTF3,RPL32,0.984
BTF3,RPL34,0.949
BTF3,RPL35,0.967
BTF3,RPL35A,0.951
BTF3,RPL36,0.978
BTF3,RPL36A,0.961
BTF3,RPL37A,0.962
BTF3,RPL38,0.973
BTF3,RPL39,0.963
BTF3,RPL4,0.965
BTF3,RPL5,0.954
BTF3,RPL6,0.987
BTF3,RPL7,0.964
BTF3,RPL7A,0.975
BTF3,RPL8,0.982
BTF3,RPL9,0.955
BTF3,RPLP0,0.955
BTF3,RPS19,0.907
BTF3,RPS3A,0.912
BTF3,RPS8,0.9
BTK,CD79A,0.955
BTK,CD79B,0.965
BTK,CHUK,0.917
BTK,GRB2,0.984
BTK,GTF2I,0.978
BTK,IBTK,0.95
BTK,IKBKB,0.92
BTK,IKBKG,0.932
BTK,IRAK1,0.915
BTK,LCP2,0.999
BTK,LYN,0.997
BTK,MYD88,0.984
BTK,PIK3CA,0.946
BTK,PIK3CB,0.943
BTK,PIK3CD,0.978
BTK,PIK3R1,0.947
BTK,PIK3R2,0.925
BTK,PIK3R3,0.927
BTK,PLCG1,0.95
BTK,PLCG2,0.999
BTK,PTPN6,0.953
BTK,SYK,0.999
BTK,TEC,0.916
BTK,TLR9,0.911
BTK,TRAF2,0.915
BTK,TRAF3,0.939
BTK,VAV1,0.996
BTK,WAS,0.976
BTRC,CCNF,0.921
BTRC,CD4,0.947
BTRC,CDC25B,0.914
BTRC,CDC34,0.986
BTRC,CSNK1A1,0.926
BTRC,CTBP1,0.906
BTRC,CTNNB1,0.999
BTRC,CUL1,0.999
BTRC,CUL3,0.932
BTRC,CUL4A,0.963
BTRC,DDB1,0.98
BTRC,FBXO2,0.981
BTRC,FBXW11,0.993
BTRC,FBXW7,0.981
BTRC,GLI1,0.983
BTRC,GLI2,0.984
BTRC,GLI3,0.991
BTRC,GSK3B,0.999
BTRC,IGF2BP1,0.92
BTRC,IKBKB,0.95
BTRC,MDM2,0.96
BTRC,NEDD8,0.984
BTRC,NFE2L2,0.935
BTRC,NFKB1,0.964
BTRC,NFKB2,0.963
BTRC,NFKBIA,0.999
BTRC,NFKBIB,0.983
BTRC,PDCD4,0.958
BTRC,PER1,0.962
BTRC,PER2,0.993
BTRC,PER3,0.931
BTRC,PLK1,0.952
BTRC,RBX1,0.999
BTRC,RPS27A,0.904
BTRC,SKP1,0.999
BTRC,SKP2,0.998
BTRC,SNAI1,0.964
BTRC,UBA52,0.905
BTRC,UBB,0.908
BTRC,UBE2D2,0.99
BTRC,WWTR1,0.989
BTRC,YAP1,0.992
BUB1,BUB1B,0.999
BUB1,BUB3,0.999
BUB1,CCNA2,0.981
BUB1,CCNB1,0.992
BUB1,CCNB2,0.998
BUB1,CDC20,0.999
BUB1,CDC23,0.934
BUB1,CDC25C,0.921
BUB1,CDCA5,0.933
BUB1,CDCA8,0.971
BUB1,CDK1,0.998
BUB1,CENPA,0.969
BUB1,CEP55,0.928
BUB1,CHEK1,0.946
BUB1,DSN1,0.944
BUB1,ECT2,0.947
BUB1,ESPL1,0.99
BUB1,EXO1,0.929
BUB1,HJURP,0.928
BUB1,HMMR,0.909
BUB1,KIF11,0.985
BUB1,KIF15,0.923
BUB1,KIF20A,0.959
BUB1,KIF23,0.958
BUB1,KIF4A,0.952
BUB1,KNL1,0.999
BUB1,MAD1L1,0.998
BUB1,MAD2L1,0.999
BUB1,MAD2L2,0.968
BUB1,MIS12,0.918
BUB1,NCAPG,0.976
BUB1,NCAPH,0.933
BUB1,NDC80,0.998
BUB1,NEK2,0.932
BUB1,NUF2,0.994
BUB1,PLK1,0.996
BUB1,PLK4,0.926
BUB1,PTTG1,0.955
BUB1,RAE1,0.939
BUB1,RPS6KA1,0.915
BUB1,RPS6KA3,0.914
BUB1,SGO2,0.902
BUB1,SPAG5,0.934
BUB1,SPC24,0.926
BUB1,SPC25,0.967
BUB1,TOP2A,0.982
BUB1,TPX2,0.958
BUB1,ZWINT,0.991
BUB1B,BUB3,0.999
BUB1B,CCNA2,0.994
BUB1B,CCNB1,0.998
BUB1B,CCNB2,0.993
BUB1B,CDC16,0.999
BUB1B,CDC20,0.999
BUB1B,CDC23,0.999
BUB1B,CDC26,0.992
BUB1B,CDC27,0.999
BUB1B,CDCA8,0.994
BUB1B,CDK1,0.999
BUB1B,CENPA,0.985
BUB1B,CENPI,0.905
BUB1B,CEP55,0.939
BUB1B,DSN1,0.903
BUB1B,ESPL1,0.989
BUB1B,FOXM1,0.944
BUB1B,INCENP,0.912
BUB1B,JUN,0.914
BUB1B,KIF11,0.994
BUB1B,KIF15,0.923
BUB1B,KIF20A,0.977
BUB1B,KIF23,0.926
BUB1B,KIF4A,0.968
BUB1B,KNL1,0.999
BUB1B,KNTC1,0.921
BUB1B,MAD1L1,0.993
BUB1B,MAD2L1,0.999
BUB1B,MAD2L2,0.926
BUB1B,MIS12,0.933
BUB1B,MXI1,0.994
BUB1B,NCAPG,0.952
BUB1B,NCAPH,0.915
BUB1B,NDC80,0.992
BUB1B,NEK2,0.999
BUB1B,NUF2,0.98
BUB1B,PLK1,0.999
BUB1B,PLK4,0.935
BUB1B,PPP2CA,0.997
BUB1B,PPP2R5A,0.98
BUB1B,PTTG1,0.978
BUB1B,RACGAP1,0.919
BUB1B,RAD51,0.942
BUB1B,RAE1,0.935
BUB1B,RRM2,0.922
BUB1B,SPAG5,0.951
BUB1B,SPC25,0.93
BUB1B,SPDL1,0.958
BUB1B,TACC3,0.946
BUB1B,TOP2A,0.98
BUB1B,TPX2,0.936
BUB1B,TRIM33,0.994
BUB1B,ZW10,0.928
BUB1B,ZWILCH,0.953
BUB1B,ZWINT,0.996
BUB3,CDC16,0.971
BUB3,CDC20,0.999
BUB3,CDC23,0.979
BUB3,CDC26,0.948
BUB3,CDC27,0.999
BUB3,CDK1,0.924
BUB3,DYNLT3,0.921
BUB3,ESPL1,0.932
BUB3,KNL1,0.996
BUB3,MAD1L1,0.98
BUB3,MAD2L1,0.999
BUB3,PARP2,0.903
BUB3,ZNF207,0.997
BUB3,ZW10,0.931
BUD31,CDC40,0.999
BUD31,CDC5L,0.999
BUD31,CRNKL1,0.999
BUD31,CTNNBL1,0.965
BUD31,CWC15,0.999
BUD31,CWC22,0.999
BUD31,CWC25,0.996
BUD31,CWC27,0.987
BUD31,DHX15,0.993
BUD31,DHX16,0.977
BUD31,DHX38,0.995
BUD31,DHX8,0.997
BUD31,EFTUD2,0.999
BUD31,ISY1,0.996
BUD31,LSM3,0.902
BUD31,PHF5A,0.995
BUD31,PLRG1,0.999
BUD31,PPIE,0.997
BUD31,PPIL1,0.998
BUD31,PRPF18,0.912
BUD31,PRPF19,0.999
BUD31,PRPF38A,0.923
BUD31,PRPF8,0.999
BUD31,RBM22,0.999
BUD31,SF3A1,0.936
BUD31,SF3A2,0.986
BUD31,SF3A3,0.984
BUD31,SF3B1,0.956
BUD31,SF3B2,0.994
BUD31,SF3B3,0.937
BUD31,SF3B4,0.932
BUD31,SF3B5,0.994
BUD31,SLU7,0.996
BUD31,SNRNP200,0.995
BUD31,SNRNP40,0.998
BUD31,SNRPA1,0.999
BUD31,SNRPB,0.993
BUD31,SNRPB2,0.997
BUD31,SNRPD1,0.999
BUD31,SNRPD2,0.999
BUD31,SNRPD3,0.999
BUD31,SNRPE,0.999
BUD31,SNRPF,0.999
BUD31,SNRPG,0.999
BUD31,SNRPN,0.98
BUD31,SNW1,0.999
BUD31,SRRM2,0.998
BUD31,SYF2,0.999
BUD31,TCERG1,0.902
BUD31,TFIP11,0.972
BUD31,UBL5,0.904
BUD31,XAB2,0.999
BUD31,YJU2,0.996
C1D,DIS3,0.997
C1D,DIS3L,0.996
C1D,EXOSC1,0.999
C1D,EXOSC10,0.999
C1D,EXOSC2,0.999
C1D,EXOSC3,0.999
C1D,EXOSC4,0.997
C1D,EXOSC5,0.999
C1D,EXOSC6,0.997
C1D,EXOSC7,0.998
C1D,EXOSC8,0.999
C1D,EXOSC9,0.999
C1D,MPHOSPH6,0.996
C1D,MTREX,0.999
C1D,NOP56,0.939
C1D,NOP58,0.904
C1D,RBM7,0.904
C1D,ZFC3H1,0.965
C1QA,C1QB,0.999
C1QA,C1QC,0.999
C1QA,C1R,0.988
C1QA,C1S,0.99
C1QA,CALR,0.943
C1QA,CSF1R,0.906
C1QB,C1QC,0.999
C1QB,C1R,0.995
C1QB,C1S,0.995
C1QB,CALR,0.96
C1QBP,KRT1,0.949
C1QBP,PHB2,0.964
C1QBP,VTN,0.959
C1QBP,YBX1,0.904
C1QC,C1R,0.993
C1QC,C1S,0.992
C1QC,CALR,0.908
C1R,C1S,0.999
C1R,C3,0.935
C1S,C3,0.908
C2orf49,DDX1,0.993
C2orf49,FAM98B,0.998
C2orf49,RTCB,0.995
C2orf49,RTRAF,0.997
C2orf49,ZBTB8OS,0.948
C3,C3AR1,0.998
C3,C5,0.974
C3,C5AR1,0.977
C3,C5AR2,0.998
C3,CFB,0.999
C3,CFP,0.999
C3,CR2,0.999
C3,CRP,0.985
C3,ITGAM,0.999
C3,ITGAX,0.969
C3,ITGB2,0.998
C3,MASP1,0.936
C3,MASP2,0.91
C3,MBL2,0.934
C3,PLG,0.978
C3,SELP,0.991
C3AR1,C5AR1,0.987
C5,C5AR1,0.999
C5,C5AR2,0.99
C5,C6,0.999
C5,C8A,0.999
C5,C9,0.999
C5,F2,0.921
C5,PPIF,0.901
C5,SPG7,0.9
C5,VDAC1,0.901
C5AR1,RPS19,0.986
C5AR1,TLR2,0.922
C6,C8A,0.985
C6,C9,0.996
C6,PPIF,0.9
C6,SPG7,0.9
C6,VDAC1,0.901
C8A,C9,0.997
C8A,PPIF,0.9
C8A,SPG7,0.9
C8A,VDAC1,0.903
C9,PPIF,0.9
C9,SPG7,0.9
C9,VDAC1,0.9
C9,VTN,0.957
C9orf72,FUS,0.929
C9orf72,RAB1A,0.989
C9orf72,RAB8A,0.98
C9orf72,RB1CC1,0.983
C9orf72,SMCR8,0.999
C9orf72,TARDBP,0.943
C9orf72,ULK1,0.989
C9orf72,ULK2,0.913
C9orf72,WDR41,0.999
CA9,EPAS1,0.908
CA9,HIF1A,0.944
CAB39,PRKAA1,0.933
CAB39,PRKAA2,0.928
CAB39,STK11,0.999
CAB39,STK26,0.992
CAB39,STRADA,0.999
CABIN1,HIRA,0.999
CABIN1,MEF2D,0.94
CABIN1,UBN1,0.999
CABLES1,CDK3,0.945
CABLES1,CDK5,0.969
CACNA1A,CACNA1B,0.945
CACNA1A,CACNA1C,0.952
CACNA1A,CACNA2D1,0.951
CACNA1A,CACNA2D2,0.982
CACNA1A,CACNA2D4,0.932
CACNA1A,CACNB1,0.919
CACNA1A,CACNB2,0.955
CACNA1A,CACNG2,0.912
CACNA1A,CALM1,0.937
CACNA1A,CALM2,0.938
CACNA1A,CALM3,0.977
CACNA1A,INS,0.926
CACNA1A,PPP2R2B,0.929
CACNA1A,PRKCA,0.915
CACNA1A,PRKCB,0.919
CACNA1A,PRKCG,0.98
CACNA1A,RYR1,0.946
CACNA1B,CACNA2D1,0.991
CACNA1B,CACNA2D2,0.931
CACNA1B,CACNB1,0.982
CACNA1B,CACNB2,0.911
CACNA1B,CACNB3,0.998
CACNA1B,CALM1,0.936
CACNA1B,CALM2,0.93
CACNA1B,CALM3,0.978
CACNA1B,DPYSL2,0.924
CACNA1B,INS,0.919
CACNA1B,PRNP,0.906
CACNA1B,STX1A,0.99
CACNA1C,CACNA1D,0.981
CACNA1C,CACNA1F,0.978
CACNA1C,CACNA1H,0.917
CACNA1C,CACNA1S,0.982
CACNA1C,CACNA2D1,0.998
CACNA1C,CACNA2D2,0.982
CACNA1C,CACNA2D4,0.984
CACNA1C,CACNB1,0.988
CACNA1C,CACNB2,0.999
CACNA1C,CACNB3,0.997
CACNA1C,CACNG3,0.91
CACNA1C,CACNG4,0.953
CACNA1C,CACNG7,0.923
CACNA1C,CACNG8,0.92
CACNA1C,CALM1,0.981
CACNA1C,CALM2,0.97
CACNA1C,CALM3,0.999
CACNA1C,CAV3,0.927
CACNA1C,HTR2A,0.937
CACNA1C,HTR2B,0.916
CACNA1C,HTR2C,0.918
CACNA1C,INS,0.956
CACNA1C,KCNMA1,0.918
CACNA1C,NOS1,0.924
CACNA1C,PPP1CA,0.907
CACNA1C,PPP1CB,0.909
CACNA1C,PPP1CC,0.907
CACNA1C,PPP3CA,0.926
CACNA1C,PPP3CB,0.92
CACNA1C,PPP3CC,0.915
CACNA1C,PRKACA,0.971
CACNA1C,PRKACB,0.972
CACNA1C,PRKCA,0.953
CACNA1C,PRKCB,0.916
CACNA1C,PRKCG,0.916
CACNA1C,PRKG1,0.937
CACNA1C,PRNP,0.91
CACNA1C,RYR1,0.945
CACNA1C,RYR2,0.981
CACNA1C,STIM1,0.949
CACNA1D,CACNA1F,0.98
CACNA1D,CACNA1S,0.975
CACNA1D,CACNA2D1,0.999
CACNA1D,CACNA2D2,0.971
CACNA1D,CACNA2D4,0.971
CACNA1D,CACNB1,0.99
CACNA1D,CACNB2,0.997
CACNA1D,CACNB3,0.997
CACNA1D,CACNG3,0.957
CACNA1D,CACNG4,0.986
CACNA1D,CACNG7,0.977
CACNA1D,CACNG8,0.966
CACNA1D,CALM3,0.99
CACNA1D,HTR2A,0.916
CACNA1D,HTR2B,0.908
CACNA1D,HTR2C,0.921
CACNA1D,INS,0.934
CACNA1D,NOS1,0.918
CACNA1D,PPP1CA,0.904
CACNA1D,PPP1CB,0.907
CACNA1D,PPP1CC,0.904
CACNA1D,PPP3CA,0.918
CACNA1D,PPP3CB,0.912
CACNA1D,PPP3CC,0.913
CACNA1D,PRKACA,0.935
CACNA1D,PRKACB,0.934
CACNA1D,PRKCA,0.917
CACNA1D,PRKCB,0.933
CACNA1D,PRKCG,0.943
CACNA1D,PRKG1,0.917
CACNA1D,PRNP,0.905
CACNA1D,RYR2,0.944
CACNA1F,CACNA1S,0.988
CACNA1F,CACNA2D1,0.987
CACNA1F,CACNA2D4,0.98
CACNA1F,CACNB2,0.973
CACNA1F,CACNB3,0.973
CACNA1F,CACNG3,0.927
CACNA1F,CACNG4,0.93
CACNA1F,CACNG7,0.919
CACNA1F,CACNG8,0.92
CACNA1F,HTR2A,0.9
CACNA1F,HTR2B,0.9
CACNA1F,HTR2C,0.905
CACNA1F,PRKACA,0.915
CACNA1F,PRKACB,0.914
CACNA1F,PRKCA,0.926
CACNA1F,PRKCB,0.902
CACNA1F,PRKCG,0.908
CACNA1F,PRKG1,0.904
CACNA1F,PRNP,0.902
CACNA1G,CACNA1H,0.944
CACNA1G,CACNA1I,0.963
CACNA1G,CALM3,0.98
CACNA1G,ESR2,0.922
CACNA1G,INS,0.916
CACNA1G,NOS1,0.916
CACNA1G,TRPC1,0.934
CACNA1G,TRPC4,0.925
CACNA1H,CACNA1I,0.979
CACNA1H,CACNA2D1,0.919
CACNA1H,CALM3,0.957
CACNA1H,CAV3,0.908
CACNA1H,ESR2,0.914
CACNA1H,NOS1,0.92
CACNA1H,TRPC1,0.937
CACNA1H,TRPC4,0.924
CACNA1I,CALM3,0.94
CACNA1I,ESR2,0.911
CACNA1I,NOS1,0.919
CACNA1I,TRPC1,0.923
CACNA1I,TRPC4,0.924
CACNA1S,CACNA2D1,0.999
CACNA1S,CACNA2D4,0.959
CACNA1S,CACNB1,0.995
CACNA1S,CACNB2,0.987
CACNA1S,CACNB3,0.963
CACNA1S,CACNG3,0.916
CACNA1S,CACNG4,0.918
CACNA1S,CACNG7,0.913
CACNA1S,CACNG8,0.92
CACNA1S,CALM1,0.944
CACNA1S,CALM2,0.948
CACNA1S,CALM3,0.99
CACNA1S,CAV3,0.928
CACNA1S,FKBP1A,0.918
CACNA1S,HTR2A,0.909
CACNA1S,HTR2B,0.902
CACNA1S,HTR2C,0.905
CACNA1S,PRKACA,0.919
CACNA1S,PRKACB,0.917
CACNA1S,PRKCA,0.919
CACNA1S,PRKCB,0.902
CACNA1S,PRKCG,0.908
CACNA1S,PRKG1,0.913
CACNA1S,PRNP,0.9
CACNA1S,RYR1,0.997
CACNA2D1,CACNA2D4,0.928
CACNA2D1,CACNB1,0.999
CACNA2D1,CACNB2,0.995
CACNA2D1,CACNB3,0.995
CACNA2D1,CACNG2,0.912
CACNA2D1,CACNG3,0.978
CACNA2D1,CACNG4,0.972
CACNA2D1,CACNG7,0.965
CACNA2D1,CACNG8,0.965
CACNA2D1,RYR1,0.929
CACNA2D2,CACNB1,0.947
CACNA2D2,CACNB2,0.99
CACNA2D4,CACNB1,0.93
CACNA2D4,CACNB2,0.948
CACNA2D4,CACNB3,0.99
CACNA2D4,CACNG3,0.915
CACNA2D4,CACNG4,0.937
CACNA2D4,CACNG7,0.93
CACNA2D4,CACNG8,0.923
CACNB1,CACNB2,0.942
CACNB1,CACNB3,0.937
CACNB1,CACNG3,0.912
CACNB1,CACNG4,0.928
CACNB1,CACNG8,0.9
CACNB2,CACNB3,0.961
CACNB2,SCN5A,0.905
CACNB3,CACNG3,0.938
CACNB3,CACNG4,0.962
CACNB3,CACNG7,0.942
CACNB3,CACNG8,0.93
CACNG2,CNIH2,0.906
CACNG2,DLG1,0.941
CACNG2,DLG3,0.9
CACNG2,DLG4,0.999
CACNG2,GRIA1,0.999
CACNG2,GRIA2,0.995
CACNG2,GRIA3,0.984
CACNG2,GRIA4,0.975
CACNG2,LGI1,0.907
CACNG2,MAGI2,0.915
CACNG2,SHISA9,0.973
CACNG3,CACNG4,0.905
CACNG3,CACNG7,0.939
CACNG3,CACNG8,0.913
CACNG3,GRIA2,0.923
CACNG4,CACNG7,0.951
CACNG4,CACNG8,0.906
CACNG4,GRIA2,0.907
CACNG7,CACNG8,0.944
CACNG8,CNIH2,0.99
CACNG8,CNIH3,0.917
CACNG8,CNIH4,0.921
CACNG8,DLG4,0.901
CACNG8,GRIA1,0.996
CACNG8,GRIA2,0.994
CACNG8,GRIA3,0.936
CACNG8,GRIA4,0.936
CACNG8,SHISA9,0.948
CACTIN,CDC40,0.968
CACTIN,CDC5L,0.937
CACTIN,CRNKL1,0.944
CACTIN,DHX8,0.947
CACTIN,PPIL1,0.958
CACTIN,PRKRIP1,0.948
CACTIN,PRPF8,0.932
CACTIN,SLU7,0.975
CACTIN,SYF2,0.961
CACYBP,CTNNB1,0.971
CACYBP,GSK3A,0.902
CACYBP,GSK3B,0.914
CACYBP,S100A6,0.998
CACYBP,SIAH1,0.999
CACYBP,SKP1,0.999
CADM1,EPB41,0.917
CADM1,EPB41L3,0.99
CADM1,HAVCR2,0.988
CADM1,MPP3,0.925
CADM1,MPP6,0.902
CADM1,NECTIN3,0.96
CADM1,SDCBP,0.9
CALCA,CALCR,0.999
CALCA,CALCRL,0.999
CALCA,GNAS,0.964
CALCA,GNB1,0.923
CALCA,GNG2,0.922
CALCA,RAMP1,0.998
CALCA,RAMP2,0.998
CALCA,RAMP3,0.986
CALCR,CALCRL,0.906
CALCR,GNAS,0.987
CALCR,GNB1,0.969
CALCR,GNG2,0.931
CALCR,RAMP1,0.999
CALCR,RAMP2,0.999
CALCR,RAMP3,0.999
CALCRL,CRCP,0.985
CALCRL,GNAS,0.993
CALCRL,GNB1,0.924
CALCRL,GRM1,0.907
CALCRL,RAMP1,0.999
CALCRL,RAMP2,0.999
CALCRL,RAMP3,0.999
CALM1,CALM2,0.939
CALM1,CALM3,0.931
CALM1,CAMK2A,0.991
CALM1,CAMK2B,0.993
CALM1,CAMK2D,0.98
CALM1,DAPK1,0.972
CALM1,DLG4,0.981
CALM1,ESR1,0.941
CALM1,GRIN1,0.944
CALM1,GRK5,0.933
CALM1,IQCG,0.904
CALM1,IQGAP1,0.943
CALM1,MYLK,0.992
CALM1,MYO1C,0.927
CALM1,NOS1,0.914
CALM1,NOS2,0.977
CALM1,NOS3,0.991
CALM1,ORAI1,0.953
CALM1,PHKA1,0.938
CALM1,PHKB,0.963
CALM1,PPP3CA,0.986
CALM1,RYR1,0.98
CALM1,SCN2A,0.936
CALM1,SCN5A,0.986
CALM1,SNCA,0.973
CALM1,SPTAN1,0.946
CALM1,UNC13A,0.911
CALM2,CALM3,0.959
CALM2,CAMK2A,0.962
CALM2,CAMK2B,0.969
CALM2,CAMK2D,0.969
CALM2,DAPK1,0.929
CALM2,DLG4,0.913
CALM2,ESR1,0.927
CALM2,FKBP1B,0.902
CALM2,GRIN1,0.909
CALM2,GRK5,0.908
CALM2,IQCG,0.904
CALM2,IQSEC1,0.9
CALM2,KCNE3,0.93
CALM2,KCNN4,0.92
CALM2,KCNQ1,0.97
CALM2,KCNQ2,0.956
CALM2,KCNQ3,0.943
CALM2,KCNQ4,0.964
CALM2,MYLK,0.935
CALM2,MYO1C,0.924
CALM2,NALCN,0.928
CALM2,NOS1,0.906
CALM2,NOS2,0.903
CALM2,NOS3,0.908
CALM2,ORAI1,0.907
CALM2,PPP3CA,0.957
CALM2,RYR1,0.946
CALM2,RYR2,0.973
CALM2,RYR3,0.947
CALM2,SCN2A,0.935
CALM2,SCN4A,0.93
CALM2,SCN5A,0.966
CALM2,SNCA,0.918
CALM2,SPTAN1,0.944
CALM2,TRPV1,0.924
CALM2,UNC13A,0.914
CALM2,UNC80,0.907
CALM3,CAMK2A,0.999
CALM3,CAMK2B,0.999
CALM3,CAMK2D,0.991
CALM3,CAMK4,0.998
CALM3,CAV1,0.991
CALM3,CAV2,0.928
CALM3,CAV3,0.941
CALM3,CCP110,0.901
CALM3,CNN1,0.948
CALM3,DAPK1,0.994
CALM3,DLG4,0.989
CALM3,ESR1,0.995
CALM3,FGF12,0.917
CALM3,FGF13,0.931
CALM3,FKBP1A,0.994
CALM3,FKBP1B,0.986
CALM3,FLNA,0.942
CALM3,GAP43,0.987
CALM3,GRIN1,0.996
CALM3,GRIN2A,0.901
CALM3,GRIN2B,0.91
CALM3,GRK5,0.952
CALM3,HRAS,0.965
CALM3,HSP90AA1,0.996
CALM3,HSP90AB1,0.995
CALM3,IQCB1,0.978
CALM3,IQCG,0.922
CALM3,IQGAP1,0.996
CALM3,IQGAP2,0.938
CALM3,IQSEC1,0.936
CALM3,ITPR1,0.983
CALM3,ITPR2,0.957
CALM3,ITPR3,0.985
CALM3,KCNE3,0.972
CALM3,KCNH1,0.939
CALM3,KCNN4,0.993
CALM3,KCNQ1,0.999
CALM3,KCNQ2,0.993
CALM3,KCNQ3,0.984
CALM3,KCNQ4,0.972
CALM3,KRAS,0.998
CALM3,MARCKSL1,0.941
CALM3,MYLK,0.999
CALM3,MYO1C,0.95
CALM3,NALCN,0.94
CALM3,NOS1,0.999
CALM3,NOS2,0.999
CALM3,NOS3,0.999
CALM3,NRAS,0.959
CALM3,ORAI1,0.979
CALM3,PDE1A,0.985
CALM3,PDE1B,0.973
CALM3,PDE1C,0.979
CALM3,PHKA1,0.968
CALM3,PHKB,0.971
CALM3,PIK3C3,0.978
CALM3,PLCG1,0.942
CALM3,PLCG2,0.931
CALM3,PPP3CA,0.999
CALM3,PPP3CB,0.988
CALM3,PPP3CC,0.957
CALM3,PPP3R1,0.98
CALM3,PRKACA,0.989
CALM3,PRKACB,0.989
CALM3,RASGRF1,0.956
CALM3,RHO,0.902
CALM3,RYR1,0.999
CALM3,RYR2,0.999
CALM3,RYR3,0.996
CALM3,SCN2A,0.993
CALM3,SCN4A,0.989
CALM3,SCN5A,0.999
CALM3,SNCA,0.995
CALM3,SPTAN1,0.963
CALM3,STRN,0.933
CALM3,TRDN,0.952
CALM3,TRPV1,0.998
CALM3,UBR4,0.913
CALM3,UNC13A,0.991
CALM3,UNC13B,0.973
CALM3,UNC80,0.913
CALR,CANX,0.999
CALR,GANAB,0.943
CALR,HSP90AA1,0.968
CALR,HSP90AB1,0.975
CALR,HSP90B1,0.999
CALR,HSPA4,0.955
CALR,HSPA5,0.995
CALR,HYOU1,0.947
CALR,LRP1,0.998
CALR,MBL2,0.986
CALR,NCL,0.966
CALR,P4HB,0.994
CALR,PDIA3,0.999
CALR,PDIA4,0.973
CALR,PDIA6,0.937
CALR,PPIB,0.987
CALR,PRKCSH,0.915
CALR,TAP1,0.962
CALR,THBS1,0.988
CALR,TLR4,0.953
CALR3,HSP90B1,0.947
CAMK2A,CAMK2B,0.999
CAMK2A,CAMK2D,0.996
CAMK2A,CAMK4,0.924
CAMK2A,CDC25C,0.9
CAMK2A,CREBBP,0.919
CAMK2A,CYBB,0.903
CAMK2A,DLG4,0.92
CAMK2A,EP300,0.908
CAMK2A,FLNA,0.906
CAMK2A,FLNC,0.904
CAMK2A,GRIA1,0.999
CAMK2A,GRIA2,0.977
CAMK2A,GRIN1,0.911
CAMK2A,GRIN2A,0.968
CAMK2A,GRIN2B,0.999
CAMK2A,GRM1,0.968
CAMK2A,GRM5,0.975
CAMK2A,LRRC7,0.995
CAMK2A,MAPT,0.976
CAMK2A,NOS1,0.929
CAMK2A,NOS3,0.93
CAMK2A,PIK3C3,0.903
CAMK2A,PLCB1,0.937
CAMK2A,PLCB2,0.919
CAMK2A,PLCB3,0.922
CAMK2A,PLCG1,0.939
CAMK2A,PLCG2,0.905
CAMK2A,PPP1CA,0.925
CAMK2A,PPP1CB,0.923
CAMK2A,PPP1CC,0.925
CAMK2A,RAP1A,0.905
CAMK2A,RAP1B,0.906
CAMK2A,RIPK3,0.902
CAMK2A,RYR2,0.932
CAMK2A,SCN1B,0.918
CAMK2A,SCN5A,0.919
CAMK2A,SCN7A,0.91
CAMK2A,SLC6A3,0.949
CAMK2A,STAT1,0.913
CAMK2A,TIAM1,0.92
CAMK2A,TRPV1,0.922
CAMK2B,CAMK2D,0.994
CAMK2B,CAMK4,0.918
CAMK2B,CDC25C,0.9
CAMK2B,CREBBP,0.91
CAMK2B,CYBB,0.908
CAMK2B,EP300,0.903
CAMK2B,FLNA,0.901
CAMK2B,FLNC,0.905
CAMK2B,GRIA1,0.955
CAMK2B,GRIA2,0.953
CAMK2B,GRM1,0.933
CAMK2B,GRM5,0.933
CAMK2B,MAPT,0.937
CAMK2B,NOS1,0.915
CAMK2B,NOS3,0.902
CAMK2B,PIK3C3,0.903
CAMK2B,PLCB1,0.924
CAMK2B,PLCB2,0.915
CAMK2B,PLCB3,0.917
CAMK2B,PLCG1,0.912
CAMK2B,PLCG2,0.904
CAMK2B,PPP1CA,0.92
CAMK2B,PPP1CB,0.92
CAMK2B,PPP1CC,0.916
CAMK2B,RAP1A,0.9
CAMK2B,RAP1B,0.9
CAMK2B,RIPK3,0.902
CAMK2B,RYR2,0.925
CAMK2B,SCN1B,0.914
CAMK2B,SCN5A,0.92
CAMK2B,SCN7A,0.909
CAMK2B,SLC6A3,0.907
CAMK2B,STAT1,0.918
CAMK2B,TRPV1,0.902
CAMK4,CREB1,0.986
CAMK4,CREB3L2,0.903
CAMK4,CREB3L3,0.9
CAMK4,CREBBP,0.937
CAMK4,DCX,0.929
CAMK4,EP300,0.922
CAMK4,HDAC4,0.96
CAMK4,HDAC5,0.941
CAMK4,KPNA2,0.903
CAMK4,NOS3,0.928
CAMK4,PLCG2,0.915
CAMLG,PPIB,0.969
CAMLG,TNFRSF13B,0.998
CAMSAP3,MACF1,0.901
CAMSAP3,PLEKHA7,0.993
CAMSAP3,TUBA1A,0.902
CAMSAP3,TUBB2B,0.906
CAND1,CUL1,0.999
CAND1,CUL2,0.981
CAND1,CUL3,0.988
CAND1,CUL4A,0.988
CAND1,CUL4B,0.997
CAND1,CUL5,0.951
CAND1,DCUN1D1,0.969
CAND1,NEDD8,0.968
CAND1,RBX1,0.999
CAND1,SKP1,0.974
CAND1,SKP2,0.903
CAND1,UBE2M,0.946
CANX,CFTR,0.936
CANX,EBI3,0.926
CANX,ERLEC1,0.947
CANX,GANAB,0.953
CANX,HSP90B1,0.99
CANX,HSPA5,0.998
CANX,OS9,0.958
CANX,P4HB,0.966
CANX,PACS2,0.948
CANX,PDIA3,0.999
CANX,PDIA4,0.931
CANX,PPIB,0.943
CANX,PRKCSH,0.911
CANX,RPN2,0.924
CANX,SEC61A1,0.914
CANX,SEL1L,0.918
CANX,SSR1,0.93
CANX,TOMM20,0.905
CANX,UGGT1,0.935
CANX,VCP,0.967
CAP1,CFL1,0.978
CAP1,PFN1,0.909
CAP1,RETN,0.963
CAPN1,CAPN2,0.978
CAPN1,CAPNS1,0.999
CAPN1,CDK5R1,0.949
CAPN1,IL1A,0.917
CAPN1,TP53,0.938
CAPN2,CAPNS1,0.999
CAPN2,CDK5R1,0.914
CAPN2,IL1A,0.912
CAPN2,TLN1,0.971
CAPN2,TP53,0.924
CAPRIN1,FMR1,0.944
CAPRIN1,G3BP1,0.999
CAPRIN1,G3BP2,0.993
CAPRIN1,USP10,0.9
CAPZA1,CAPZA2,0.997
CAPZA1,CAPZA3,0.919
CAPZA1,CAPZB,0.999
CAPZA1,CD2AP,0.961
CAPZA1,DCTN1,0.994
CAPZA1,DCTN2,0.995
CAPZA1,DCTN3,0.952
CAPZA1,DCTN4,0.987
CAPZA1,DCTN5,0.985
CAPZA1,DCTN6,0.974
CAPZA1,DYNC1H1,0.923
CAPZA1,DYNC1I2,0.908
CAPZA1,TPPP,0.9
CAPZA1,WASHC1,0.951
CAPZA1,WASHC2A,0.929
CAPZA1,WASHC2C,0.973
CAPZA1,WASHC3,0.948
CAPZA1,WASHC4,0.97
CAPZA1,WASHC5,0.981
CAPZA2,CAPZA3,0.909
CAPZA2,CAPZB,0.999
CAPZA2,CD2AP,0.912
CAPZA2,DCTN1,0.98
CAPZA2,DCTN2,0.988
CAPZA2,DCTN4,0.96
CAPZA2,DCTN5,0.967
CAPZA2,DCTN6,0.946
CAPZA2,TPPP,0.902
CAPZA3,CAPZB,0.99
CAPZB,DCTN1,0.988
CAPZB,DCTN2,0.992
CAPZB,DCTN3,0.95
CAPZB,DCTN4,0.992
CAPZB,DCTN5,0.966
CAPZB,DCTN6,0.98
CAPZB,DYNC1H1,0.964
CAPZB,DYNC1I2,0.913
CAPZB,DYNLRB1,0.902
CAPZB,WASHC1,0.949
CAPZB,WASHC2A,0.937
CAPZB,WASHC2C,0.972
CAPZB,WASHC3,0.943
CAPZB,WASHC4,0.964
CAPZB,WASHC5,0.979
CARD11,CARD14,0.92
CARD11,CHUK,0.924
CARD11,IKBKG,0.998
CARD11,MALT1,0.999
CARD11,MAP3K7,0.922
CARD11,PRKCB,0.972
CARD11,PRKCQ,0.998
CARD11,TRAF6,0.955
CARD14,MALT1,0.929
CARD14,PRKCB,0.916
CARD14,PRKCQ,0.932
CARD6,RIPK2,0.997
CARD8,CASP1,0.997
CARD8,CASP5,0.989
CARD8,CASP9,0.976
CARD8,DPP9,0.972
CARD8,FHL2,0.937
CARD8,MEFV,0.929
CARD8,NLRC4,0.947
CARD8,NLRP1,0.956
CARD8,NLRP3,0.998
CARD8,NLRP6,0.944
CARD8,NLRP9,0.935
CARD8,PYCARD,0.996
CARD9,CASP8,0.998
CARD9,CHUK,0.928
CARD9,IKBKB,0.949
CARD9,IKBKG,0.929
CARD9,IRF3,0.936
CARD9,MALT1,0.999
CARD9,MAPK1,0.916
CARD9,MAPK11,0.943
CARD9,MAPK14,0.939
CARD9,MAPK3,0.926
CARD9,MAPK8,0.921
CARD9,MAPK9,0.909
CARD9,NOD2,0.995
CARD9,PRKCD,0.955
CARD9,RIPK2,0.971
CARD9,SYK,0.999
CARM1,CREBBP,0.981
CARM1,EP300,0.999
CARM1,ESR1,0.972
CARM1,ESR2,0.922
CARM1,FOS,0.941
CARM1,H3-3A,0.914
CARM1,H3-3B,0.975
CARM1,H3C1,0.982
CARM1,JUN,0.95
CARM1,KAT2B,0.926
CARM1,MAPK11,0.914
CARM1,MAPK14,0.919
CARM1,MAPK8,0.915
CARM1,MAPK9,0.91
CARM1,MED1,0.944
CARM1,NCOA1,0.976
CARM1,NCOA2,0.994
CARM1,NCOA3,0.997
CARM1,PABPC1,0.957
CARM1,PRKACA,0.918
CARM1,PRKACB,0.915
CARM1,PRMT1,0.982
CARM1,SP1,0.922
CARM1,SRC,0.957
CARM1,TP53,0.93
CASC3,CWC22,0.992
CASC3,CWC25,0.981
CASC3,DHX38,0.907
CASC3,EIF4A3,0.999
CASC3,ISY1,0.979
CASC3,MAGOH,0.999
CASC3,PRPF19,0.911
CASC3,PRPF8,0.98
CASC3,PYM1,0.951
CASC3,RBM22,0.908
CASC3,RBM8A,0.999
CASC3,RNPS1,0.929
CASC3,SNRNP200,0.983
CASC3,UPF1,0.999
CASC3,UPF2,0.994
CASC3,UPF3A,0.999
CASC3,UPF3B,0.999
CASC3,YJU2,0.979
CASK,CASKIN1,0.972
CASK,DLG1,0.98
CASK,EPB41,0.914
CASK,EPS8,0.965
CASK,FRMD7,0.932
CASK,KIF17,0.919
CASK,LIN7A,0.999
CASK,LIN7B,0.996
CASK,LIN7C,0.987
CASK,NRXN1,0.938
CASK,SDC2,0.966
CASK,WHRN,0.968
CASKIN1,NRXN1,0.924
CASP1,CASP5,0.998
CASP1,CASP8,0.999
CASP1,CFLAR,0.94
CASP1,FADD,0.954
CASP1,IFI16,0.948
CASP1,IL18,0.998
CASP1,IL1A,0.968
CASP1,IL1B,0.999
CASP1,IL33,0.987
CASP1,MEFV,0.999
CASP1,MYD88,0.921
CASP1,NAIP,0.979
CASP1,NEK7,0.939
CASP1,NLRC4,0.999
CASP1,NLRP1,0.999
CASP1,NLRP12,0.989
CASP1,NLRP2,0.976
CASP1,NLRP3,0.999
CASP1,NLRP6,0.999
CASP1,NLRP7,0.915
CASP1,NLRP9,0.981
CASP1,NOD1,0.974
CASP1,NOD2,0.923
CASP1,PYCARD,0.999
CASP1,RIPK3,0.925
CASP1,TLR4,0.916
CASP1,TNF,0.904
CASP1,XIAP,0.966
CASP10,CASP3,0.969
CASP10,CASP7,0.968
CASP10,CASP8,0.999
CASP10,CFLAR,0.998
CASP10,FADD,0.999
CASP10,FAF1,0.9
CASP10,FAS,0.996
CASP10,RIPK1,0.996
CASP10,TICAM1,0.906
CASP10,TNFRSF10B,0.957
CASP10,TNFRSF1A,0.902
CASP10,TNFSF10,0.917
CASP10,TP53,0.939
CASP10,TRADD,0.996
CASP2,CASP3,0.9
CASP2,CRADD,0.999
CASP2,PIDD1,0.999
CASP2,YWHAG,0.907
CASP3,CASP7,0.95
CASP3,CASP8,0.999
CASP3,CASP9,0.999
CASP3,CDH1,0.956
CASP3,CDKN1A,0.996
CASP3,CTNNB1,0.965
CASP3,CYCS,0.997
CASP3,DCC,0.932
CASP3,FADD,0.951
CASP3,FAS,0.911
CASP3,GSN,0.907
CASP3,HIP1,0.905
CASP3,HSPA4,0.906
CASP3,IFT57,0.906
CASP3,MAP3K1,0.934
CASP3,MAPK1,0.961
CASP3,MAPK3,0.985
CASP3,MAPK8,0.943
CASP3,MAPT,0.98
CASP3,MCL1,0.911
CASP3,MDM2,0.966
CASP3,OCLN,0.901
CASP3,PAK1,0.922
CASP3,PAK2,0.954
CASP3,PARP1,0.999
CASP3,PARP2,0.927
CASP3,PARP3,0.92
CASP3,PRKCA,0.948
CASP3,PRKCB,0.931
CASP3,PRKCD,0.927
CASP3,PRKCG,0.921
CASP3,RIPK1,0.908
CASP3,ROCK1,0.959
CASP3,SPTA1,0.913
CASP3,SPTAN1,0.972
CASP3,STK3,0.946
CASP3,STK4,0.95
CASP3,TNF,0.939
CASP3,TP53,0.956
CASP3,VIM,0.908
CASP3,XIAP,0.999
CASP5,MEFV,0.939
CASP5,NLRC4,0.977
CASP5,NLRP1,0.999
CASP5,NLRP3,0.993
CASP5,NLRP6,0.968
CASP5,NLRP9,0.932
CASP5,PYCARD,0.999
CASP7,CASP8,0.992
CASP7,CASP9,0.952
CASP7,CYCS,0.942
CASP7,HSPA5,0.966
CASP7,MAPT,0.935
CASP7,PARP1,0.995
CASP7,PARP2,0.917
CASP7,PARP3,0.913
CASP7,VIM,0.927
CASP7,XIAP,0.999
CASP8,CASP8AP2,0.966
CASP8,CASP9,0.944
CASP8,CFLAR,0.999
CASP8,CHUK,0.95
CASP8,CYCS,0.952
CASP8,CYLD,0.972
CASP8,FADD,0.999
CASP8,FAF1,0.991
CASP8,FAS,0.999
CASP8,IFT57,0.963
CASP8,IKBKG,0.961
CASP8,IL1B,0.943
CASP8,MALT1,0.998
CASP8,MLKL,0.969
CASP8,NLRC4,0.946
CASP8,NLRP3,0.948
CASP8,PYCARD,0.992
CASP8,RIPK1,0.999
CASP8,RIPK3,0.999
CASP8,SQSTM1,0.982
CASP8,TICAM1,0.977
CASP8,TLR3,0.923
CASP8,TNF,0.999
CASP8,TNFRSF10B,0.999
CASP8,TNFRSF1A,0.998
CASP8,TNFSF10,0.994
CASP8,TP53,0.991
CASP8,TRADD,0.999
CASP8,TRAF1,0.973
CASP8,TRAF2,0.994
CASP8,TRAF6,0.978
CASP8,XIAP,0.97
CASP8AP2,LSM11,0.943
CASP9,CYCS,0.999
CASP9,DCC,0.973
CASP9,PARP1,0.991
CASP9,PARP2,0.917
CASP9,PARP3,0.914
CASP9,TP53,0.953
CASP9,XIAP,0.999
CASQ2,RYR1,0.958
CASQ2,RYR2,0.998
CASQ2,RYR3,0.952
CASQ2,TRDN,0.999
CASR,GABBR1,0.904
CASR,GNA11,0.977
CASR,GNAI1,0.932
CASR,GNAI2,0.9
CASR,GNAI3,0.9
CASR,GNAQ,0.968
CASR,PLCB1,0.905
CASR,PLCB2,0.925
CASR,PLCB3,0.915
CASR,PTH,0.951
CASTOR1,MIOS,0.992
CASTOR1,SEC13,0.945
CASTOR1,SEH1L,0.97
CASTOR1,WDR24,0.987
CASTOR1,WDR59,0.984
CATSPER1,CATSPER2,0.983
CATSPER1,CATSPER3,0.985
CATSPER1,CATSPER4,0.983
CATSPER1,CATSPERB,0.999
CATSPER1,CATSPERD,0.989
CATSPER1,CATSPERE,0.95
CATSPER1,CATSPERZ,0.956
CATSPER1,HSPA2,0.928
CATSPER2,CATSPER3,0.986
CATSPER2,CATSPER4,0.972
CATSPER2,CATSPERB,0.969
CATSPER2,CATSPERD,0.987
CATSPER2,CATSPERE,0.979
CATSPER2,CATSPERZ,0.946
CATSPER3,CATSPER4,0.985
CATSPER3,CATSPERB,0.989
CATSPER3,CATSPERD,0.986
CATSPER3,CATSPERE,0.951
CATSPER3,CATSPERZ,0.943
CATSPER3,PCBD2,0.936
CATSPER4,CATSPERB,0.992
CATSPER4,CATSPERD,0.974
CATSPER4,CATSPERE,0.947
CATSPER4,CATSPERZ,0.942
CATSPERB,CATSPERD,0.996
CATSPERB,CATSPERE,0.973
CATSPERB,CATSPERZ,0.953
CATSPERB,HSPA2,0.952
CATSPERD,CATSPERE,0.966
CATSPERD,CATSPERZ,0.952
CATSPERE,CATSPERZ,0.958
CAV1,CAV2,0.999
CAV1,CAV3,0.995
CAV1,CAVIN1,0.999
CAV1,CD36,0.956
CAV1,CSK,0.931
CAV1,CTNNB1,0.942
CAV1,DNM2,0.976
CAV1,DPP4,0.991
CAV1,EGFR,0.999
CAV1,ESR1,0.998
CAV1,ESR2,0.971
CAV1,FLNA,0.908
CAV1,FLOT1,0.972
CAV1,FLOT2,0.965
CAV1,FYN,0.997
CAV1,GJA1,0.965
CAV1,GNAQ,0.905
CAV1,HRAS,0.974
CAV1,HSP90AA1,0.988
CAV1,HSP90AB1,0.983
CAV1,ICAM1,0.934
CAV1,IGF1R,0.971
CAV1,ITGB1,0.98
CAV1,KDR,0.962
CAV1,LRP6,0.971
CAV1,NOS3,0.999
CAV1,PRKACA,0.922
CAV1,PRNP,0.99
CAV1,PTEN,0.912
CAV1,RAC1,0.908
CAV1,SCARB2,0.945
CAV1,SRC,0.999
CAV1,TGFBR1,0.907
CAV1,TLR4,0.962
CAV1,TRPC1,0.945
CAV1,TRPV4,0.947
CAV1,VCP,0.905
CAV2,CAV3,0.998
CAV2,CAVIN1,0.92
CAV2,EGFR,0.977
CAV2,FYN,0.962
CAV2,PRNP,0.934
CAV2,SRC,0.971
CAV3,CAVIN1,0.979
CAV3,DAG1,0.994
CAV3,DMD,0.99
CAV3,DYSF,0.999
CAV3,EGFR,0.931
CAV3,FYN,0.933
CAV3,KCNC1,0.906
CAV3,NOS3,0.959
CAV3,PRNP,0.914
CAV3,SCN5A,0.927
CAV3,SGCA,0.925
CAV3,SGCB,0.956
CAV3,SGCD,0.978
CAV3,SGCE,0.923
CAV3,SNTA1,0.989
CAV3,SRC,0.966
CAV3,SSPN,0.931
CBFA2T3,GATA1,0.949
CBFA2T3,LDB1,0.991
CBFA2T3,RUNX1,0.976
CBFA2T3,TAL1,0.958
CBFB,CUL5,0.999
CBFB,ELOB,0.999
CBFB,ELOC,0.999
CBFB,FOXP3,0.918
CBFB,RNF7,0.993
CBFB,RUNX1,0.999
CBFB,RUNX2,0.999
CBFB,RUNX3,0.999
CBFB,TCF3,0.932
CBL,CBLB,0.948
CBL,CD2AP,0.988
CBL,CDC42,0.912
CBL,CRK,0.999
CBL,CRKL,0.999
CBL,CSF1R,0.964
CBL,CTNNB1,0.91
CBL,EGFR,0.999
CBL,EPHA2,0.926
CBL,ERBB2,0.944
CBL,FN1,0.944
CBL,FRS2,0.924
CBL,FYN,0.998
CBL,GRB2,0.999
CBL,HCK,0.93
CBL,INPPL1,0.965
CBL,INSR,0.929
CBL,KIT,0.957
CBL,LCK,0.982
CBL,LCP2,0.981
CBL,LYN,0.987
CBL,MET,0.999
CBL,NCK1,0.958
CBL,PDGFRA,0.919
CBL,PIK3R1,0.999
CBL,PIK3R2,0.954
CBL,PLCG1,0.984
CBL,PTK2B,0.935
CBL,PTPN11,0.951
CBL,RAPGEF1,0.999
CBL,RPS27A,0.954
CBL,SH3GL2,0.942
CBL,SH3GL3,0.914
CBL,SH3KBP1,0.999
CBL,SHC1,0.996
CBL,SLA2,0.975
CBL,SORBS1,0.989
CBL,SORBS2,0.927
CBL,SRC,0.999
CBL,SYK,0.997
CBL,TGFBR2,0.96
CBL,TRAF6,0.905
CBL,UBA52,0.948
CBL,UBB,0.951
CBL,UBE2D2,0.994
CBL,UBE2L3,0.998
CBL,VAV1,0.997
CBL,ZAP70,0.999
CBLB,EGFR,0.995
CBLB,FYN,0.938
CBLB,GRB2,0.965
CBLB,INSR,0.919
CBLB,LCK,0.94
CBLB,PIK3CA,0.904
CBLB,PIK3CB,0.904
CBLB,PIK3CD,0.908
CBLB,PIK3R1,0.974
CBLB,PIK3R2,0.937
CBLB,PIK3R3,0.906
CBLB,RAPGEF1,0.903
CBLB,RPS27A,0.942
CBLB,SH3KBP1,0.989
CBLB,SYK,0.96
CBLB,UBA52,0.902
CBLB,UBB,0.902
CBLB,UBE2D2,0.965
CBLB,ZAP70,0.996
CBLIF,CUBN,0.999
CBLL1,CDH1,0.993
CBLL1,METTL14,0.999
CBLL1,METTL3,0.999
CBLL1,VIRMA,0.999
CBLL1,WTAP,0.999
CBLL1,ZC3H13,0.999
CBX1,CBX3,0.911
CBX1,CBX5,0.937
CBX1,CHD4,0.91
CBX1,DNMT1,0.923
CBX1,EHMT2,0.907
CBX1,EMSY,0.966
CBX1,H3-3A,0.934
CBX1,H3-3B,0.998
CBX1,H3C1,0.985
CBX1,PCGF2,0.954
CBX1,RING1,0.991
CBX1,RNF2,0.912
CBX1,SLC25A3,0.983
CBX1,SUV39H1,0.99
CBX1,SUV39H2,0.915
CBX1,TRIM28,0.987
CBX2,CBX4,0.998
CBX2,CBX6,0.977
CBX2,CBX8,0.998
CBX2,CDC16,0.9
CBX2,CDC23,0.902
CBX2,CDC26,0.9
CBX2,CDC27,0.9
CBX2,CUL7,0.9
CBX2,EED,0.974
CBX2,EZH2,0.98
CBX2,H3-3B,0.958
CBX2,H3C1,0.948
CBX2,HDAC2,0.95
CBX2,PCGF1,0.994
CBX2,PCGF2,0.999
CBX2,PCGF3,0.974
CBX2,PCGF5,0.974
CBX2,PCGF6,0.984
CBX2,PHC1,0.999
CBX2,PHC2,0.999
CBX2,PHC3,0.996
CBX2,RBBP4,0.944
CBX2,RBBP7,0.941
CBX2,RING1,0.999
CBX2,RNF2,0.999
CBX2,RYBP,0.981
CBX2,SCMH1,0.965
CBX2,SUZ12,0.982
CBX2,UBAP2L,0.901
CBX2,YAF2,0.958
CBX3,CBX5,0.975
CBX3,CHD3,0.901
CBX3,CHD4,0.934
CBX3,E2F6,0.997
CBX3,EHMT2,0.999
CBX3,H3-3A,0.939
CBX3,H3-3B,0.999
CBX3,H3C1,0.986
CBX3,HDAC1,0.963
CBX3,KDM1A,0.974
CBX3,L3MBTL2,0.993
CBX3,PCGF6,0.996
CBX3,RING1,0.975
CBX3,RNF2,0.95
CBX3,SUV39H1,0.998
CBX3,TINF2,0.921
CBX3,TRIM28,0.984
CBX3,YAF2,0.915
CBX4,CBX6,0.989
CBX4,CBX8,0.999
CBX4,CDC16,0.9
CBX4,CDC23,0.9
CBX4,CDC26,0.9
CBX4,CDC27,0.909
CBX4,CTBP1,0.958
CBX4,CUL7,0.903
CBX4,EED,0.948
CBX4,EZH2,0.969
CBX4,HDAC2,0.929
CBX4,PCGF1,0.985
CBX4,PCGF2,0.997
CBX4,PCGF3,0.976
CBX4,PCGF5,0.962
CBX4,PCGF6,0.981
CBX4,PHC1,0.998
CBX4,PHC2,0.994
CBX4,PHC3,0.995
CBX4,RBBP4,0.934
CBX4,RBBP7,0.931
CBX4,RING1,0.999
CBX4,RNF2,0.999
CBX4,SCMH1,0.951
CBX4,SUZ12,0.949
CBX4,UBAP2L,0.9
CBX5,CHAF1A,0.971
CBX5,CHAF1B,0.911
CBX5,DNMT1,0.928
CBX5,DNMT3B,0.932
CBX5,DSN1,0.979
CBX5,EHMT2,0.949
CBX5,H3-3A,0.959
CBX5,H3-3B,0.999
CBX5,H3C1,0.988
CBX5,NSL1,0.959
CBX5,RBBP4,0.931
CBX5,SETDB1,0.981
CBX5,SMARCA4,0.923
CBX5,SUV39H1,0.999
CBX5,TRIM28,0.997
CBX6,CBX8,0.994
CBX6,EED,0.942
CBX6,EZH2,0.948
CBX6,H3-3A,0.909
CBX6,H3-3B,0.982
CBX6,H3C1,0.927
CBX6,HDAC2,0.923
CBX6,PCGF1,0.989
CBX6,PCGF2,0.992
CBX6,PCGF3,0.982
CBX6,PCGF5,0.979
CBX6,PCGF6,0.975
CBX6,PHC1,0.989
CBX6,PHC2,0.993
CBX6,PHC3,0.993
CBX6,RBBP4,0.926
CBX6,RBBP7,0.931
CBX6,RING1,0.997
CBX6,RNF2,0.995
CBX6,SUZ12,0.94
CBX6,UBAP2L,0.9
CBX8,CDC16,0.9
CBX8,CDC23,0.905
CBX8,CDC26,0.9
CBX8,CDC27,0.903
CBX8,CUL7,0.904
CBX8,EED,0.962
CBX8,EZH2,0.968
CBX8,HDAC2,0.939
CBX8,MLLT3,0.969
CBX8,PCGF1,0.993
CBX8,PCGF2,0.998
CBX8,PCGF3,0.981
CBX8,PCGF5,0.981
CBX8,PCGF6,0.986
CBX8,PHC1,0.996
CBX8,PHC2,0.999
CBX8,PHC3,0.998
CBX8,RBBP4,0.953
CBX8,RBBP7,0.939
CBX8,RING1,0.999
CBX8,RNF2,0.998
CBX8,RYBP,0.911
CBX8,SCMH1,0.959
CBX8,SUZ12,0.974
CBX8,UBAP2L,0.904
CBY1,CTNNB1,0.992
CBY1,YWHAZ,0.992
CC2D2A,CEP290,0.996
CC2D2A,MKS1,0.997
CC2D2A,NPHP1,0.952
CC2D2A,RPGRIP1L,0.973
CC2D2A,TCTN1,0.998
CC2D2A,TCTN2,0.996
CC2D2A,TCTN3,0.993
CC2D2A,TMEM17,0.956
CC2D2A,TMEM216,0.997
CC2D2A,TMEM231,0.994
CC2D2A,TMEM67,0.998
CCAR1,PRPF40A,0.935
CCAR1,RBM5,0.91
CCAR1,TCERG1,0.92
CCAR2,HSPA8,0.996
CCAR2,RANBP3,0.925
CCAR2,SIRT1,0.999
CCAR2,ZNF326,0.98
CCDC22,CCDC93,0.999
CCDC22,COMMD1,0.996
CCDC22,COMMD10,0.979
CCDC22,COMMD2,0.984
CCDC22,COMMD3,0.98
CCDC22,COMMD4,0.981
CCDC22,COMMD5,0.956
CCDC22,COMMD6,0.976
CCDC22,COMMD7,0.948
CCDC22,COMMD8,0.986
CCDC22,COMMD9,0.973
CCDC22,VPS29,0.939
CCDC22,VPS35L,0.996
CCDC36,CXXC1,0.904
CCDC36,MEI4,0.913
CCDC36,REC114,0.953
CCDC47,NCLN,0.943
CCDC47,SEC61A1,0.947
CCDC47,TMCO1,0.976
CCDC47,TMEM147,0.925
CCDC47,WDR83OS,0.909
CCDC8,CUL7,0.997
CCDC8,OBSL1,0.999
CCDC88A,GNAI3,0.918
CCDC93,COMMD1,0.988
CCDC93,COMMD10,0.971
CCDC93,COMMD2,0.934
CCDC93,COMMD3,0.929
CCDC93,COMMD4,0.917
CCDC93,COMMD5,0.929
CCDC93,COMMD6,0.963
CCDC93,COMMD8,0.921
CCDC93,COMMD9,0.964
CCDC93,VPS29,0.938
CCDC93,VPS35L,0.995
CCKAR,GNA11,0.921
CCKAR,GNAI1,0.911
CCKAR,GNAQ,0.996
CCKAR,GNAS,0.913
CCKAR,GNB1,0.909
CCKAR,PTK7,0.952
CCKBR,GNAQ,0.927
CCKBR,PTK7,0.937
CCL22,CCR2,0.986
CCL22,CCR4,0.997
CCL22,CCR5,0.972
CCL22,CCR7,0.984
CCL22,CXCR3,0.941
CCL22,CXCR4,0.973
CCL22,IL10,0.912
CCM2,ITGB1BP1,0.991
CCM2,KRIT1,0.999
CCM2,MAP2K3,0.975
CCM2,MAP3K3,0.999
CCM2,PDCD10,0.999
CCM2,SMURF1,0.914
CCN2,DCN,0.939
CCN2,FN1,0.963
CCN2,HSPG2,0.909
CCN2,NTRK1,0.945
CCN2,TGFB1,0.969
CCNA1,CCNA2,0.977
CCNA1,CCNE1,0.907
CCNA1,CCNH,0.915
CCNA1,CDC20,0.982
CCNA1,CDC25B,0.974
CCNA1,CDC6,0.993
CCNA1,CDK1,0.999
CCNA1,CDK2,0.999
CCNA1,CDK4,0.988
CCNA1,CDK6,0.993
CCNA1,CDKN1A,0.999
CCNA1,CDKN1B,0.999
CCNA1,CDT1,0.961
CCNA1,CKS1B,0.947
CCNA1,E2F1,0.999
CCNA1,E2F2,0.964
CCNA1,E2F3,0.957
CCNA1,ELAVL1,0.96
CCNA1,MCM4,0.923
CCNA1,MCM5,0.902
CCNA1,MCM6,0.917
CCNA1,MCM7,0.913
CCNA1,MYBL2,0.989
CCNA1,RB1,0.995
CCNA1,SKP1,0.982
CCNA1,SKP2,0.999
CCNA1,TP53,0.974
CCNA2,CCNB1,0.995
CCNA2,CCNB2,0.965
CCNA2,CCNE1,0.903
CCNA2,CCNH,0.91
CCNA2,CDC16,0.94
CCNA2,CDC20,0.999
CCNA2,CDC23,0.942
CCNA2,CDC25B,0.982
CCNA2,CDC25C,0.956
CCNA2,CDC26,0.915
CCNA2,CDC27,0.983
CCNA2,CDC6,0.999
CCNA2,CDCA8,0.952
CCNA2,CDK1,0.999
CCNA2,CDK2,0.999
CCNA2,CDK3,0.953
CCNA2,CDK4,0.999
CCNA2,CDK6,0.999
CCNA2,CDK7,0.948
CCNA2,CDKN1A,0.999
CCNA2,CDKN1B,0.999
CCNA2,CDT1,0.989
CCNA2,CENPA,0.99
CCNA2,CEP55,0.923
CCNA2,CHEK1,0.939
CCNA2,CKS1B,0.999
CCNA2,CUL1,0.985
CCNA2,DTL,0.907
CCNA2,E2F1,0.999
CCNA2,E2F2,0.973
CCNA2,E2F3,0.965
CCNA2,E2F4,0.927
CCNA2,ELAVL1,0.964
CCNA2,FEN1,0.908
CCNA2,FOXM1,0.985
CCNA2,HMMR,0.921
CCNA2,KIF11,0.978
CCNA2,KIF20A,0.974
CCNA2,KIF23,0.914
CCNA2,MAD2L1,0.988
CCNA2,MCM5,0.948
CCNA2,MCM7,0.947
CCNA2,MYBL2,0.991
CCNA2,NCAPG,0.949
CCNA2,NEK2,0.943
CCNA2,NUF2,0.94
CCNA2,ORC1,0.977
CCNA2,PCNA,0.925
CCNA2,PLK1,0.958
CCNA2,PLK4,0.929
CCNA2,PRC1,0.91
CCNA2,PTTG1,0.934
CCNA2,RB1,0.998
CCNA2,RBL1,0.953
CCNA2,RBL2,0.956
CCNA2,RBX1,0.933
CCNA2,RPS27A,0.904
CCNA2,RRM2,0.939
CCNA2,SKP1,0.998
CCNA2,SKP2,0.999
CCNA2,SPAG5,0.901
CCNA2,TOP2A,0.982
CCNA2,TP53,0.997
CCNA2,TPX2,0.954
CCNA2,TRIM33,0.994
CCNA2,UBA52,0.904
CCNA2,UBB,0.903
CCNA2,ZWINT,0.901
CCNB1,CCNB2,0.998
CCNB1,CDC16,0.975
CCNB1,CDC20,0.999
CCNB1,CDC23,0.974
CCNB1,CDC25B,0.951
CCNB1,CDC25C,0.991
CCNB1,CDC26,0.925
CCNB1,CDC27,0.999
CCNB1,CDC6,0.931
CCNB1,CDCA8,0.987
CCNB1,CDK1,0.999
CCNB1,CDK2,0.999
CCNB1,CDK3,0.917
CCNB1,CDK4,0.94
CCNB1,CDK6,0.927
CCNB1,CDK7,0.925
CCNB1,CDKN1A,0.977
CCNB1,CDKN1B,0.972
CCNB1,CENPA,0.953
CCNB1,CEP55,0.94
CCNB1,CHEK1,0.935
CCNB1,CKS1B,0.998
CCNB1,ECT2,0.911
CCNB1,ESPL1,0.999
CCNB1,FOXM1,0.988
CCNB1,GADD45A,0.983
CCNB1,GADD45B,0.97
CCNB1,GADD45G,0.986
CCNB1,H2AX,0.974
CCNB1,HMMR,0.942
CCNB1,KIF11,0.966
CCNB1,KIF15,0.916
CCNB1,KIF20A,0.954
CCNB1,KIF23,0.922
CCNB1,KIF4A,0.931
CCNB1,MAD2L1,0.988
CCNB1,MYBL2,0.931
CCNB1,NCAPG,0.962
CCNB1,NDC80,0.981
CCNB1,NEK2,0.91
CCNB1,NUF2,0.967
CCNB1,PLK1,0.999
CCNB1,PRC1,0.932
CCNB1,PTCH1,0.964
CCNB1,PTTG1,0.984
CCNB1,RACGAP1,0.952
CCNB1,RRM2,0.905
CCNB1,SPC25,0.903
CCNB1,TOP2A,0.989
CCNB1,TP53,0.914
CCNB1,TPX2,0.949
CCNB1,XPO1,0.931
CCNB1,ZWINT,0.95
CCNB2,CDC16,0.939
CCNB2,CDC20,0.999
CCNB2,CDC23,0.953
CCNB2,CDC25C,0.993
CCNB2,CDC26,0.917
CCNB2,CDC27,0.947
CCNB2,CDC6,0.961
CCNB2,CDCA5,0.969
CCNB2,CDCA8,0.974
CCNB2,CDK1,0.999
CCNB2,CDK2,0.999
CCNB2,CDKN1A,0.927
CCNB2,CENPA,0.975
CCNB2,CEP55,0.907
CCNB2,CKS1B,0.952
CCNB2,GADD45A,0.939
CCNB2,GADD45B,0.926
CCNB2,GADD45G,0.921
CCNB2,HJURP,0.905
CCNB2,KIF11,0.944
CCNB2,KIF20A,0.938
CCNB2,KIF23,0.937
CCNB2,MAD2L1,0.962
CCNB2,NCAPG,0.97
CCNB2,NEK2,0.902
CCNB2,NUF2,0.932
CCNB2,PLK1,0.995
CCNB2,PRC1,0.925
CCNB2,PTTG1,0.97
CCNB2,RRM2,0.913
CCNB2,TOP2A,0.975
CCNB2,TPX2,0.953
CCNB2,ZWINT,0.92
CCNC,CDK19,0.999
CCNC,CDK3,0.997
CCNC,CDK7,0.938
CCNC,CDK8,0.999
CCNC,MED1,0.999
CCNC,MED10,0.99
CCNC,MED11,0.975
CCNC,MED12,0.999
CCNC,MED13,0.999
CCNC,MED13L,0.999
CCNC,MED14,0.997
CCNC,MED15,0.987
CCNC,MED16,0.982
CCNC,MED17,0.996
CCNC,MED18,0.999
CCNC,MED19,0.989
CCNC,MED20,0.98
CCNC,MED21,0.996
CCNC,MED22,0.987
CCNC,MED23,0.986
CCNC,MED24,0.978
CCNC,MED25,0.965
CCNC,MED26,0.976
CCNC,MED27,0.983
CCNC,MED28,0.999
CCNC,MED29,0.982
CCNC,MED30,0.974
CCNC,MED31,0.987
CCNC,MED4,0.986
CCNC,MED6,0.997
CCNC,MED7,0.99
CCNC,MED8,0.979
CCNC,MED9,0.977
CCNC,ZC3H13,0.994
CCND1,CCND2,0.942
CCND1,CCND3,0.939
CCND1,CDK1,0.998
CCND1,CDK2,0.999
CCND1,CDK4,0.999
CCND1,CDK6,0.999
CCND1,CDKN1A,0.999
CCND1,CDKN1B,0.999
CCND1,CDKN2A,0.998
CCND1,CDKN2C,0.989
CCND1,CDKN2D,0.952
CCND1,CREB1,0.949
CCND1,CREBBP,0.986
CCND1,CTNNB1,0.972
CCND1,CUL1,0.924
CCND1,E2F1,0.938
CCND1,ELAVL1,0.946
CCND1,EP300,0.974
CCND1,ERBB2,0.904
CCND1,ESR1,0.997
CCND1,FBXO31,0.985
CCND1,FOS,0.942
CCND1,GSK3B,0.987
CCND1,HDAC3,0.9
CCND1,HDAC4,0.92
CCND1,HSPA8,0.945
CCND1,JUN,0.919
CCND1,KAT2B,0.959
CCND1,LEF1,0.93
CCND1,MDM2,0.926
CCND1,MYC,0.969
CCND1,NOTCH1,0.902
CCND1,PCNA,0.989
CCND1,PRMT5,0.903
CCND1,RASSF1,0.945
CCND1,RB1,0.998
CCND1,RBL1,0.935
CCND1,RBL2,0.966
CCND1,SKP1,0.968
CCND1,SKP2,0.959
CCND1,STAT3,0.98
CCND1,SYMPK,0.921
CCND1,TP53,0.946
CCND1,YBX3,0.961
CCND2,CCND3,0.937
CCND2,CDK2,0.995
CCND2,CDK4,0.999
CCND2,CDK5,0.951
CCND2,CDK6,0.999
CCND2,CDKN1A,0.999
CCND2,CDKN1B,0.999
CCND2,CDKN2A,0.99
CCND2,CDKN2C,0.963
CCND2,CDKN2D,0.963
CCND2,GSK3B,0.938
CCND2,PCNA,0.971
CCND2,RB1,0.988
CCND2,RBL1,0.924
CCND2,RBL2,0.99
CCND3,CDK1,0.949
CCND3,CDK2,0.999
CCND3,CDK4,0.999
CCND3,CDK6,0.999
CCND3,CDKN1A,0.999
CCND3,CDKN1B,0.999
CCND3,CDKN2A,0.975
CCND3,CDKN2C,0.993
CCND3,CDKN2D,0.978
CCND3,GSK3B,0.935
CCND3,MAPK6,0.931
CCND3,PCNA,0.978
CCND3,RB1,0.989
CCND3,RBL1,0.927
CCND3,RBL2,0.995
CCNE1,CDC6,0.902
CCNE1,CDK1,0.972
CCNE1,CDK2,0.999
CCNE1,CDK3,0.926
CCNE1,CDK4,0.999
CCNE1,CDK6,0.999
CCNE1,CDKN1A,0.999
CCNE1,CDKN1B,0.999
CCNE1,CUL1,0.959
CCNE1,E2F1,0.942
CCNE1,E2F2,0.908
CCNE1,FBXW7,0.998
CCNE1,MYC,0.908
CCNE1,RB1,0.994
CCNE1,RBL1,0.967
CCNE1,RBL2,0.99
CCNE1,RBX1,0.93
CCNE1,SKP1,0.991
CCNE1,SKP2,0.99
CCNE1,TP53,0.926
CCNF,CCP110,0.984
CCNF,CDC20,0.91
CCNF,CDK1,0.911
CCNF,CUL1,0.986
CCNF,PLK1,0.918
CCNF,RBX1,0.917
CCNF,SKP1,0.999
CCNF,SKP2,0.946
CCNH,CCNT1,0.989
CCNH,CCNT2,0.978
CCNH,CDK1,0.981
CCNH,CDK12,0.939
CCNH,CDK13,0.907
CCNH,CDK2,0.998
CCNH,CDK7,0.999
CCNH,CDK8,0.929
CCNH,CDK9,0.991
CCNH,ERCC2,0.999
CCNH,ERCC3,0.999
CCNH,ERCC5,0.941
CCNH,GNB5,0.9
CCNH,GTF2A1,0.925
CCNH,GTF2A2,0.949
CCNH,GTF2B,0.967
CCNH,GTF2E1,0.997
CCNH,GTF2E2,0.996
CCNH,GTF2F1,0.93
CCNH,GTF2F2,0.932
CCNH,GTF2H1,0.999
CCNH,GTF2H2,0.999
CCNH,GTF2H3,0.999
CCNH,GTF2H4,0.999
CCNH,GTF2H5,0.997
CCNH,MED17,0.92
CCNH,MED28,0.905
CCNH,MMS19,0.948
CCNH,MNAT1,0.999
CCNH,PCNA,0.916
CCNH,POLR2A,0.988
CCNH,POLR2B,0.948
CCNH,POLR2C,0.935
CCNH,POLR2D,0.941
CCNH,POLR2E,0.94
CCNH,POLR2F,0.929
CCNH,POLR2G,0.941
CCNH,POLR2H,0.926
CCNH,POLR2I,0.93
CCNH,POLR2J,0.931
CCNH,POLR2K,0.928
CCNH,POLR2L,0.921
CCNH,TAF10,0.904
CCNH,TAF11,0.902
CCNH,TAF12,0.907
CCNH,TAF13,0.918
CCNH,TAF2,0.908
CCNH,TAF4,0.908
CCNH,TAF5,0.914
CCNH,TAF6,0.923
CCNH,TAF7,0.906
CCNH,TAF9,0.927
CCNH,TBP,0.955
CCNK,CDK12,0.999
CCNK,CDK13,0.999
CCNK,CDK7,0.915
CCNK,CDK9,0.999
CCNK,DDB1,0.924
CCNK,POLR2A,0.977
CCNT1,CCNT2,0.986
CCNT1,CDC73,0.963
CCNT1,CDK12,0.953
CCNT1,CDK13,0.968
CCNT1,CDK7,0.993
CCNT1,CDK8,0.924
CCNT1,CDK9,0.999
CCNT1,CTR9,0.964
CCNT1,EAF1,0.936
CCNT1,EAF2,0.91
CCNT1,ELL,0.998
CCNT1,ELL2,0.995
CCNT1,ELL3,0.992
CCNT1,ELOA,0.949
CCNT1,ELOB,0.927
CCNT1,ELOC,0.909
CCNT1,ELP4,0.906
CCNT1,ERCC2,0.907
CCNT1,ERCC3,0.919
CCNT1,ERCC6,0.903
CCNT1,GTF2H1,0.917
CCNT1,GTF2H2,0.908
CCNT1,GTF2H3,0.916
CCNT1,GTF2H4,0.904
CCNT1,HEXIM1,0.999
CCNT1,HTATSF1,0.9
CCNT1,ICE1,0.911
CCNT1,ICE2,0.912
CCNT1,LARP7,0.996
CCNT1,LEO1,0.956
CCNT1,MEPCE,0.984
CCNT1,MLLT1,0.999
CCNT1,MLLT3,0.997
CCNT1,MMS19,0.901
CCNT1,MNAT1,0.934
CCNT1,MYC,0.975
CCNT1,NELFA,0.939
CCNT1,NELFB,0.94
CCNT1,NELFCD,0.916
CCNT1,NELFE,0.968
CCNT1,PAF1,0.944
CCNT1,PEX2,0.901
CCNT1,POLR2A,0.942
CCNT1,RBM8A,0.995
CCNT1,SUPT4H1,0.97
CCNT1,SUPT5H,0.99
CCNT1,ZC3H8,0.9
CCNT2,CDC73,0.937
CCNT2,CDK12,0.942
CCNT2,CDK13,0.963
CCNT2,CDK7,0.972
CCNT2,CDK9,0.999
CCNT2,CTR9,0.921
CCNT2,EAF1,0.919
CCNT2,EAF2,0.906
CCNT2,ELL,0.974
CCNT2,ELL2,0.987
CCNT2,ELL3,0.991
CCNT2,ELOA,0.914
CCNT2,ELOB,0.913
CCNT2,ELOC,0.902
CCNT2,ELP4,0.903
CCNT2,ERCC2,0.903
CCNT2,ERCC3,0.918
CCNT2,ERCC6,0.901
CCNT2,GTF2H1,0.908
CCNT2,GTF2H2,0.943
CCNT2,GTF2H3,0.908
CCNT2,GTF2H4,0.93
CCNT2,HEXIM1,0.995
CCNT2,ICE1,0.906
CCNT2,ICE2,0.907
CCNT2,LARP7,0.957
CCNT2,LEO1,0.96
CCNT2,MEPCE,0.906
CCNT2,MLLT1,0.989
CCNT2,MLLT3,0.98
CCNT2,MMS19,0.9
CCNT2,MNAT1,0.924
CCNT2,NELFA,0.912
CCNT2,NELFB,0.929
CCNT2,NELFCD,0.906
CCNT2,NELFE,0.958
CCNT2,PAF1,0.917
CCNT2,PEX2,0.901
CCNT2,SUPT4H1,0.957
CCNT2,SUPT5H,0.978
CCNT2,ZC3H8,0.902
CCP110,CEP290,0.997
CCP110,CEP97,0.999
CCP110,NEURL4,0.903
CCP110,PLK4,0.964
CCP110,RAB8A,0.972
CCP110,USP33,0.902
CCR2,CCR5,0.993
CCR2,CCR7,0.918
CCR2,CD4,0.909
CCR2,CXCL12,0.998
CCR2,CXCR1,0.963
CCR2,CXCR2,0.929
CCR2,CXCR3,0.97
CCR2,CXCR4,0.989
CCR2,GNAI1,0.968
CCR2,GNAQ,0.926
CCR2,GNB1,0.909
CCR2,NUP85,0.977
CCR4,GNAQ,0.908
CCR5,CCR7,0.956
CCR5,CD4,0.999
CCR5,CD8A,0.941
CCR5,CXCL12,0.998
CCR5,CXCR2,0.925
CCR5,CXCR3,0.983
CCR5,CXCR4,0.996
CCR5,GNA11,0.942
CCR5,GNAI1,0.991
CCR5,GNAI2,0.942
CCR5,GNAI3,0.909
CCR5,GNAQ,0.932
CCR5,GNB1,0.99
CCR5,GNB2,0.909
CCR5,GNB3,0.913
CCR5,GNB4,0.913
CCR5,GNB5,0.909
CCR5,GNG10,0.908
CCR5,GNG11,0.915
CCR5,GNG12,0.908
CCR5,GNG13,0.908
CCR5,GNG2,0.982
CCR5,GNG3,0.908
CCR5,GNG4,0.913
CCR5,GNG5,0.908
CCR5,GNG7,0.909
CCR5,GNG8,0.908
CCR5,GNGT1,0.981
CCR5,GNGT2,0.921
CCR5,IFNG,0.92
CCR5,PPIF,0.907
CCR7,CD4,0.947
CCR7,CD69,0.905
CCR7,CD8A,0.941
CCR7,CXCL12,0.999
CCR7,CXCR4,0.959
CCR7,CXCR5,0.962
CCR7,GNAQ,0.92
CCR7,IL7R,0.922
CCT2,CCT3,0.999
CCT2,CCT4,0.999
CCT2,CCT5,0.999
CCT2,CCT6A,0.999
CCT2,CCT6B,0.999
CCT2,CCT7,0.999
CCT2,CCT8,0.999
CCT2,CDC20,0.996
CCT2,CDC37,0.932
CCT2,EIF2S1,0.939
CCT2,HSP90AB1,0.97
CCT2,HSPA8,0.942
CCT2,MKKS,0.994
CCT2,MOB4,0.995
CCT2,PFDN1,0.972
CCT2,PFDN2,0.969
CCT2,PFDN4,0.965
CCT2,PFDN5,0.98
CCT2,PFDN6,0.956
CCT2,PPP2CA,0.995
CCT2,PPP2CB,0.994
CCT2,PPP5C,0.908
CCT2,PSMG1,0.922
CCT2,PSMG2,0.907
CCT2,PTGES3,0.958
CCT2,STIP1,0.962
CCT2,STRN3,0.994
CCT2,STRN4,0.994
CCT2,TCP1,0.999
CCT2,TSC1,0.943
CCT2,TUBB,0.973
CCT2,TUBB2A,0.96
CCT2,VBP1,0.974
CCT3,CCT4,0.999
CCT3,CCT5,0.999
CCT3,CCT6A,0.999
CCT3,CCT6B,0.999
CCT3,CCT7,0.999
CCT3,CCT8,0.999
CCT3,CDC20,0.995
CCT3,CDC37,0.924
CCT3,HSP90AB1,0.94
CCT3,MKKS,0.956
CCT3,MOB4,0.994
CCT3,PFDN1,0.984
CCT3,PFDN2,0.965
CCT3,PFDN4,0.943
CCT3,PFDN5,0.983
CCT3,PFDN6,0.947
CCT3,PPP2CA,0.995
CCT3,PPP2CB,0.994
CCT3,PPP5C,0.911
CCT3,PSMG1,0.912
CCT3,PSMG2,0.906
CCT3,PTGES3,0.936
CCT3,STIP1,0.976
CCT3,STRN3,0.994
CCT3,STRN4,0.994
CCT3,TCP1,0.999
CCT3,TSC1,0.943
CCT3,TUBB,0.944
CCT3,TUBB2A,0.964
CCT3,VBP1,0.953
CCT4,CCT5,0.999
CCT4,CCT6A,0.999
CCT4,CCT6B,0.999
CCT4,CCT7,0.999
CCT4,CCT8,0.999
CCT4,CDC20,0.995
CCT4,CDC37,0.937
CCT4,EEF1A1,0.904
CCT4,HSP90AB1,0.946
CCT4,HSPA8,0.929
CCT4,MKKS,0.95
CCT4,PEX19,0.959
CCT4,PFDN1,0.975
CCT4,PFDN2,0.974
CCT4,PFDN4,0.974
CCT4,PFDN5,0.995
CCT4,PFDN6,0.98
CCT4,PPP2CA,0.995
CCT4,PPP2CB,0.994
CCT4,PPP5C,0.926
CCT4,PSMG1,0.915
CCT4,PSMG2,0.907
CCT4,PTGES3,0.945
CCT4,STIP1,0.953
CCT4,STRN3,0.994
CCT4,STRN4,0.994
CCT4,TCP1,0.999
CCT4,TSC1,0.943
CCT4,TUBB,0.928
CCT4,TUBB2A,0.917
CCT4,VBP1,0.972
CCT5,CCT6A,0.999
CCT5,CCT6B,0.999
CCT5,CCT7,0.999
CCT5,CCT8,0.999
CCT5,CDC20,0.996
CCT5,CDC37,0.928
CCT5,GNB1,0.997
CCT5,GNB5,0.997
CCT5,HSP90AB1,0.959
CCT5,HSPA8,0.948
CCT5,MKKS,0.99
CCT5,MOB4,0.994
CCT5,PFDN1,0.945
CCT5,PFDN2,0.965
CCT5,PFDN4,0.965
CCT5,PFDN5,0.965
CCT5,PFDN6,0.955
CCT5,PPP2CA,0.995
CCT5,PPP2CB,0.994
CCT5,PPP5C,0.908
CCT5,PSMG1,0.913
CCT5,PSMG2,0.903
CCT5,PTGES3,0.938
CCT5,RGS7,0.997
CCT5,STIP1,0.978
CCT5,STRN3,0.994
CCT5,STRN4,0.994
CCT5,TCP1,0.999
CCT5,TSC1,0.944
CCT5,TUBB2A,0.93
CCT5,VBP1,0.962
CCT6A,CCT6B,0.947
CCT6A,CCT7,0.999
CCT6A,CCT8,0.999
CCT6A,CDC20,0.995
CCT6A,CDC37,0.931
CCT6A,HSP90AB1,0.924
CCT6A,MOB4,0.994
CCT6A,PFDN1,0.958
CCT6A,PFDN2,0.977
CCT6A,PFDN4,0.931
CCT6A,PFDN5,0.99
CCT6A,PFDN6,0.97
CCT6A,PPP2CA,0.995
CCT6A,PPP2CB,0.994
CCT6A,PPP5C,0.913
CCT6A,PSMG1,0.929
CCT6A,PSMG2,0.905
CCT6A,PTGES3,0.947
CCT6A,STIP1,0.931
CCT6A,STRN3,0.994
CCT6A,STRN4,0.994
CCT6A,TCP1,0.999
CCT6A,TSC1,0.943
CCT6A,TUBB,0.93
CCT6A,TUBB2A,0.966
CCT6A,VBP1,0.975
CCT6B,CCT7,0.998
CCT6B,CCT8,0.996
CCT6B,CDC37,0.911
CCT6B,MOB4,0.994
CCT6B,PPP5C,0.905
CCT6B,PSMG1,0.901
CCT6B,PSMG2,0.901
CCT6B,PTGES3,0.918
CCT6B,STIP1,0.91
CCT6B,TCP1,0.999
CCT6B,TSC1,0.942
CCT7,CCT8,0.999
CCT7,CDC20,0.995
CCT7,CDC37,0.931
CCT7,HSP90AB1,0.956
CCT7,HSPA8,0.922
CCT7,MKKS,0.922
CCT7,MOB4,0.994
CCT7,PDCL,0.907
CCT7,PFDN1,0.964
CCT7,PFDN2,0.969
CCT7,PFDN4,0.971
CCT7,PFDN5,0.981
CCT7,PFDN6,0.956
CCT7,PPP2CA,0.995
CCT7,PPP2CB,0.994
CCT7,PPP5C,0.908
CCT7,PSMG1,0.922
CCT7,PSMG2,0.912
CCT7,PTGES3,0.946
CCT7,STIP1,0.964
CCT7,STRN3,0.994
CCT7,STRN4,0.994
CCT7,TCP1,0.999
CCT7,TSC1,0.943
CCT7,TUBB,0.946
CCT7,TUBB2A,0.928
CCT7,VBP1,0.966
CCT8,CDC20,0.995
CCT8,CDC37,0.929
CCT8,HSP90AB1,0.947
CCT8,HSPA8,0.905
CCT8,MKKS,0.966
CCT8,MOB4,0.995
CCT8,PFDN1,0.969
CCT8,PFDN2,0.968
CCT8,PFDN4,0.967
CCT8,PFDN5,0.976
CCT8,PFDN6,0.978
CCT8,PPP2CA,0.996
CCT8,PPP2CB,0.995
CCT8,PPP5C,0.917
CCT8,PSMG1,0.927
CCT8,PSMG2,0.913
CCT8,PTGES3,0.946
CCT8,STIP1,0.969
CCT8,STRN3,0.994
CCT8,STRN4,0.994
CCT8,TCP1,0.999
CCT8,TSC1,0.929
CCT8,TUBB,0.946
CCT8,TUBB2A,0.956
CCT8,VBP1,0.982
CCZ1,MON1A,0.999
CCZ1,MON1B,0.997
CCZ1,RAB5A,0.929
CCZ1,RAB7A,0.914
CCZ1,RMC1,0.99
CCZ1,VPS11,0.945
CCZ1,VPS16,0.951
CCZ1,VPS18,0.944
CCZ1,VPS39,0.957
CCZ1,VPS41,0.929
CD14,LY96,0.977
CD14,SPI1,0.935
CD14,TLR2,0.992
CD14,TLR4,0.995
CD151,CD63,0.939
CD151,CD81,0.926
CD151,CD9,0.923
CD151,EGFR,0.944
CD151,GP5,0.994
CD151,ITGA3,0.993
CD151,ITGA6,0.962
CD151,ITGB1,0.949
CD151,ITGB4,0.96
CD151,MEI4,0.98
CD151,PLEC,0.988
CD151,REC114,0.983
CD177,PECAM1,0.998
CD180,LY86,0.999
CD180,LY96,0.923
CD180,TLR4,0.904
CD19,CD2,0.942
CD19,CD22,0.992
CD19,CD38,0.946
CD19,CD4,0.936
CD19,CD79A,0.998
CD19,CD79B,0.991
CD19,CD81,0.999
CD19,CD8A,0.913
CD19,CD9,0.912
CD19,CR2,0.999
CD19,FCGR3A,0.997
CD19,ITGAM,0.912
CD19,ITGAX,0.909
CD19,LYN,0.999
CD19,MS4A1,0.976
CD19,NCAM1,0.972
CD19,PIK3CA,0.967
CD19,PIK3CB,0.918
CD19,PIK3CD,0.971
CD19,PIK3R1,0.976
CD19,PIK3R2,0.944
CD19,PIK3R3,0.932
CD19,PTPRC,0.921
CD19,SYK,0.983
CD19,VAV1,0.997
CD19,VAV2,0.947
CD19,VAV3,0.921
CD2,CD247,0.944
CD2,CD28,0.985
CD2,CD2AP,0.991
CD2,CD2BP2,0.992
CD2,CD3D,0.956
CD2,CD3E,0.959
CD2,CD3G,0.93
CD2,CD4,0.996
CD2,CD53,0.941
CD2,CD6,0.95
CD2,CD8A,0.998
CD2,FCGR3A,0.922
CD2,FYN,0.902
CD2,ICAM1,0.992
CD2,ITGAL,0.925
CD2,ITK,0.909
CD2,LCK,0.986
CD2,NCAM1,0.921
CD22,CD79A,0.985
CD22,CD79B,0.96
CD22,LYN,0.97
CD22,MS4A1,0.928
CD22,PTPN6,0.997
CD22,PTPRC,0.999
CD22,SYK,0.959
CD247,CD28,0.981
CD247,CD3D,0.999
CD247,CD3E,0.999
CD247,CD3G,0.999
CD247,CD4,0.989
CD247,CD8A,0.998
CD247,FCER1G,0.989
CD247,FCGR3A,0.999
CD247,FYN,0.993
CD247,HCST,0.939
CD247,HLA-DRA,0.957
CD247,IL2RB,0.917
CD247,ITK,0.95
CD247,KLRK1,0.901
CD247,LAT,0.914
CD247,LCK,0.996
CD247,LCP2,0.941
CD247,MAP3K3,0.905
CD247,NCR3,0.999
CD247,PTPN6,0.938
CD247,SHC1,0.98
CD247,SYK,0.997
CD247,TRAT1,0.987
CD247,TYROBP,0.916
CD247,ZAP70,0.999
CD274,CD28,0.997
CD274,CD4,0.938
CD274,CD8A,0.939
CD274,FOXP3,0.912
CD274,HAVCR2,0.998
CD274,ICOS,0.995
CD274,LAG3,0.976
CD274,MTUS1,0.909
CD274,PDCD1,0.999
CD274,PDCD1LG2,0.996
CD274,PTPN11,0.95
CD274,STAT3,0.992
CD28,CD4,0.971
CD28,CD40,0.997
CD28,CD8A,0.961
CD28,FOXP3,0.935
CD28,GRB2,0.999
CD28,ICAM1,0.977
CD28,ICOS,0.979
CD28,IFNG,0.954
CD28,IL10,0.922
CD28,IL2,0.965
CD28,ITK,0.973
CD28,LCK,0.998
CD28,PDCD1,0.936
CD28,PDCD1LG2,0.976
CD28,PIK3CA,0.94
CD28,PIK3CB,0.917
CD28,PIK3CD,0.943
CD28,PIK3R1,0.993
CD28,PIK3R2,0.933
CD28,PIK3R3,0.906
CD28,PRKCQ,0.994
CD28,ZAP70,0.941
CD2AP,CTTN,0.951
CD2AP,HCLS1,0.907
CD2AP,KIRREL1,0.995
CD2AP,MYO1A,0.907
CD2AP,MYO1C,0.903
CD2AP,NPHS1,0.999
CD2AP,NPHS2,0.999
CD2AP,PDLIM4,0.9
CD2AP,RPS27A,0.9
CD2AP,SYNPO,0.962
CD2AP,TJP1,0.982
CD2AP,TRPC6,0.902
CD2AP,UBA52,0.9
CD2AP,UBB,0.9
CD2BP2,DDX23,0.996
CD2BP2,EFTUD2,0.959
CD2BP2,PRPF6,0.994
CD2BP2,PRPF8,0.982
CD2BP2,SART1,0.909
CD2BP2,SNRNP200,0.998
CD2BP2,SNRNP40,0.972
CD2BP2,SNRPB,0.982
CD2BP2,SNRPD1,0.92
CD2BP2,SNRPD2,0.917
CD2BP2,SNRPF,0.914
CD2BP2,SNRPN,0.941
CD2BP2,TXNL4A,0.997
CD36,CD47,0.994
CD36,CD9,0.902
CD36,FCGR3A,0.928
CD36,FYN,0.983
CD36,GP5,0.991
CD36,ITGA2B,0.952
CD36,LYN,0.987
CD36,PPARA,0.952
CD36,PPARG,0.942
CD36,THBS1,0.999
CD36,THBS2,0.995
CD36,THBS3,0.928
CD36,TLR1,0.968
CD36,TLR2,0.998
CD36,TLR4,0.998
CD36,TLR6,0.997
CD38,CD4,0.932
CD38,NMNAT1,0.95
CD38,NMNAT2,0.94
CD38,PECAM1,0.992
CD38,PNP,0.922
CD38,PRKCA,0.912
CD38,PRKCB,0.922
CD38,PRKCG,0.902
CD38,PRKG1,0.905
CD38,RYR1,0.912
CD38,RYR2,0.914
CD38,RYR3,0.918
CD38,SIRT1,0.943
CD38,SIRT5,0.923
CD38,SIRT6,0.926
CD3D,CD3E,0.999
CD3D,CD3G,0.999
CD3D,CD4,0.982
CD3D,CD8A,0.997
CD3D,ITK,0.945
CD3D,LCK,0.973
CD3D,LCP2,0.907
CD3D,SH2D1A,0.914
CD3D,SYK,0.94
CD3D,TRAT1,0.975
CD3D,ZAP70,0.998
CD3E,CD3G,0.999
CD3E,CD4,0.991
CD3E,CD8A,0.995
CD3E,FYN,0.967
CD3E,ITK,0.935
CD3E,LCK,0.98
CD3E,PTPRC,0.912
CD3E,SYK,0.997
CD3E,TRAT1,0.974
CD3E,ZAP70,0.998
CD3EAP,POLR1A,0.999
CD3EAP,POLR1B,0.999
CD3EAP,POLR1C,0.999
CD3EAP,POLR1D,0.999
CD3EAP,POLR1E,0.999
CD3EAP,POLR2E,0.999
CD3EAP,POLR2F,0.999
CD3EAP,POLR2H,0.996
CD3EAP,POLR2K,0.995
CD3EAP,POLR2L,0.999
CD3EAP,RRN3,0.996
CD3EAP,TAF1A,0.959
CD3G,CD4,0.985
CD3G,CD8A,0.989
CD3G,ITK,0.908
CD3G,LCK,0.928
CD3G,SYK,0.989
CD3G,TRAT1,0.97
CD3G,ZAP70,0.994
CD4,CD40,0.924
CD4,CD44,0.95
CD4,CD69,0.948
CD4,CD81,0.982
CD4,CD82,0.968
CD4,CD8A,0.999
CD4,CUL1,0.944
CD4,CXCR4,0.999
CD4,CXCR5,0.909
CD4,FBXW11,0.903
CD4,FCGR1A,0.902
CD4,FCGR3A,0.964
CD4,FN1,0.916
CD4,FOXP3,0.979
CD4,FYN,0.98
CD4,HLA-DRA,0.997
CD4,HLA-DRB1,0.994
CD4,ICAM1,0.969
CD4,ICOS,0.929
CD4,IFNG,0.991
CD4,IL10,0.976
CD4,IL13,0.931
CD4,IL15,0.917
CD4,IL17A,0.972
CD4,IL1B,0.958
CD4,IL2,0.975
CD4,IL22,0.913
CD4,IL2RA,0.936
CD4,IL4,0.97
CD4,IL5,0.93
CD4,IL6,0.966
CD4,IL7,0.909
CD4,IL7R,0.96
CD4,ITGAM,0.943
CD4,ITGAX,0.949
CD4,LAG3,0.914
CD4,LCK,0.999
CD4,PDCD1,0.96
CD4,PDCD1LG2,0.945
CD4,PLAT,0.942
CD4,PTPRC,0.981
CD4,RBX1,0.914
CD4,SKP1,0.95
CD4,SYK,0.981
CD4,TLR4,0.902
CD4,TNF,0.968
CD4,TRAT1,0.942
CD4,ZAP70,0.995
CD40,CD8A,0.915
CD40,HSPA4,0.991
CD40,ICAM1,0.972
CD40,ICOS,0.987
CD40,IFNG,0.927
CD40,IKBKG,0.902
CD40,IL10,0.901
CD40,IL1B,0.949
CD40,IL4,0.929
CD40,MYD88,0.922
CD40,REL,0.992
CD40,RELA,0.991
CD40,RELB,0.934
CD40,SELP,0.985
CD40,TLR2,0.911
CD40,TLR4,0.918
CD40,TNF,0.992
CD40,TNFRSF13C,0.984
CD40,TNFRSF1A,0.919
CD40,TNFRSF8,0.952
CD40,TNFSF13B,0.959
CD40,TRAF1,0.968
CD40,TRAF2,0.996
CD40,TRAF3,0.999
CD40,TRAF6,0.999
CD44,CD74,0.999
CD44,CD8A,0.938
CD44,CD9,0.985
CD44,CDC42,0.987
CD44,CDH1,0.927
CD44,COL1A1,0.987
CD44,COL4A1,0.928
CD44,COL4A3,0.92
CD44,COL6A3,0.921
CD44,CXCL12,0.961
CD44,CXCR2,0.983
CD44,CXCR4,0.994
CD44,EGF,0.922
CD44,EGFR,0.998
CD44,EPCAM,0.971
CD44,ERBB2,0.999
CD44,EZR,0.996
CD44,FGF2,0.993
CD44,FGF4,0.923
CD44,FN1,0.999
CD44,HBEGF,0.99
CD44,HGF,0.964
CD44,HMMR,0.995
CD44,HYAL2,0.956
CD44,ICAM1,0.995
CD44,IQGAP1,0.988
CD44,ITGA4,0.933
CD44,ITGB1,0.957
CD44,LAMA2,0.945
CD44,LAMA3,0.938
CD44,LAMA4,0.925
CD44,LAMA5,0.92
CD44,LAMB1,0.923
CD44,LAMB2,0.909
CD44,LAMC1,0.922
CD44,LCK,0.916
CD44,LGALS3,0.904
CD44,LGALS9,0.989
CD44,LY96,0.965
CD44,MET,0.995
CD44,MMP14,0.919
CD44,MMP2,0.971
CD44,MMP9,0.998
CD44,MSN,0.996
CD44,NANOG,0.987
CD44,NF2,0.979
CD44,PECAM1,0.949
CD44,PKM,0.965
CD44,PTPRC,0.931
CD44,RDX,0.999
CD44,SDC1,0.927
CD44,SELP,0.993
CD44,SELPLG,0.935
CD44,SPP1,0.999
CD44,SRC,0.972
CD44,TIAM1,0.989
CD44,TIMP1,0.922
CD44,TLR4,0.983
CD44,TWIST1,0.959
CD44,VAV1,0.934
CD44,VAV2,0.964
CD44,VAV3,0.912
CD44,VCAM1,0.994
CD47,KDR,0.94
CD47,PTPRC,0.977
CD47,SCARB2,0.994
CD47,SIRPA,0.999
CD47,THBS1,0.999
CD47,THBS2,0.978
CD47,THBS3,0.933
CD47,UBQLN1,0.959
CD6,LCP2,0.905
CD63,CD81,0.994
CD63,CD82,0.987
CD63,CD9,0.994
CD63,FLOT1,0.949
CD63,HSPA4,0.981
CD63,ITGB1,0.997
CD63,SCARB2,0.946
CD63,SDCBP,0.996
CD63,SELP,0.907
CD63,TIMP1,0.998
CD63,TSG101,0.998
CD69,CD8A,0.938
CD69,IFNG,0.912
CD69,IL2,0.906
CD69,IL7R,0.9
CD69,S1PR1,0.995
CD74,CTSL,0.993
CD74,CXCR2,0.994
CD74,CXCR4,0.994
CD74,DOCK4,0.909
CD74,EEF2,0.945
CD74,EIF1AX,0.934
CD74,FANCE,0.931
CD74,FAU,0.997
CD74,FLT3LG,0.947
CD74,HLA-DRA,0.999
CD74,HLA-DRB1,0.995
CD74,IFI35,0.94
CD74,IMP3,0.938
CD74,MED1,0.937
CD74,MIF,0.999
CD74,MRNIP,0.909
CD74,MRPL12,0.971
CD74,MRPL17,0.971
CD74,MRPL19,0.969
CD74,MRPL20,0.959
CD74,MRPL21,0.969
CD74,MRPL27,0.951
CD74,MRPL32,0.968
CD74,MRPL33,0.967
CD74,MRPL36,0.971
CD74,MRPL9,0.968
CD74,MRPS16,0.97
CD74,MRPS6,0.969
CD74,MRPS9,0.957
CD74,RACK1,0.976
CD74,RPL10,0.93
CD74,RPL10A,0.935
CD74,RPL11,0.981
CD74,RPL12,0.977
CD74,RPL13,0.976
CD74,RPL13A,0.943
CD74,RPL14,0.981
CD74,RPL15,0.977
CD74,RPL17,0.935
CD74,RPL18,0.977
CD74,RPL18A,0.973
CD74,RPL19,0.978
CD74,RPL21,0.979
CD74,RPL22,0.905
CD74,RPL23,0.981
CD74,RPL23A,0.981
CD74,RPL24,0.975
CD74,RPL26,0.937
CD74,RPL27,0.979
CD74,RPL27A,0.978
CD74,RPL28,0.977
CD74,RPL29,0.979
CD74,RPL3,0.937
CD74,RPL30,0.98
CD74,RPL31,0.978
CD74,RPL32,0.979
CD74,RPL34,0.979
CD74,RPL35,0.98
CD74,RPL35A,0.975
CD74,RPL36,0.981
CD74,RPL37,0.975
CD74,RPL37A,0.972
CD74,RPL38,0.981
CD74,RPL39,0.931
CD74,RPL4,0.982
CD74,RPL5,0.982
CD74,RPL6,0.98
CD74,RPL7,0.936
CD74,RPL7A,0.974
CD74,RPL8,0.98
CD74,RPL9,0.98
CD74,RPLP0,0.983
CD74,RPLP1,0.94
CD74,RPLP2,0.935
CD74,RPS10,0.935
CD74,RPS11,0.981
CD74,RPS12,0.979
CD74,RPS13,0.98
CD74,RPS15,0.981
CD74,RPS16,0.981
CD74,RPS17,0.978
CD74,RPS18,0.982
CD74,RPS19,0.985
CD74,RPS2,0.981
CD74,RPS20,0.981
CD74,RPS21,0.979
CD74,RPS23,0.979
CD74,RPS24,0.981
CD74,RPS25,0.978
CD74,RPS26,0.98
CD74,RPS27,0.937
CD74,RPS27A,0.974
CD74,RPS28,0.98
CD74,RPS29,0.98
CD74,RPS3,0.983
CD74,RPS3A,0.98
CD74,RPS5,0.981
CD74,RPS6,0.978
CD74,RPS7,0.98
CD74,RPS8,0.979
CD74,RPS9,0.982
CD74,RPSA,0.981
CD74,TUFM,0.972
CD74,UBA52,0.973
CD79A,CD79B,0.999
CD79A,FYN,0.932
CD79A,IGLL1,0.997
CD79A,LYN,0.999
CD79A,MS4A1,0.935
CD79A,POU2AF1,0.913
CD79A,SYK,0.996
CD79A,VPREB1,0.994
CD79B,IGLL1,0.996
CD79B,LYN,0.997
CD79B,SYK,0.997
CD79B,VPREB1,0.993
CD81,CD82,0.984
CD81,CD8A,0.962
CD81,CD9,0.997
CD81,CLDN1,0.998
CD81,CLDN7,0.997
CD81,CR2,0.998
CD81,FLOT1,0.907
CD81,GNAQ,0.925
CD81,HSPA4,0.959
CD81,ITGB1,0.995
CD81,OCLN,0.974
CD81,TSG101,0.995
CD82,CD8A,0.913
CD82,CD9,0.983
CD82,VANGL1,0.936
CD8A,CXCR3,0.91
CD8A,CXCR4,0.903
CD8A,FCGR3A,0.949
CD8A,FOXP3,0.948
CD8A,FYN,0.964
CD8A,ICOS,0.903
CD8A,IFNG,0.99
CD8A,IL10,0.958
CD8A,IL15,0.936
CD8A,IL17A,0.936
CD8A,IL1B,0.922
CD8A,IL2,0.971
CD8A,IL2RA,0.943
CD8A,IL2RB,0.922
CD8A,IL4,0.947
CD8A,IL6,0.93
CD8A,IL7,0.914
CD8A,IL7R,0.946
CD8A,ITGAE,0.908
CD8A,ITGAM,0.94
CD8A,ITGAX,0.938
CD8A,KLRD1,0.93
CD8A,KLRK1,0.946
CD8A,LAG3,0.947
CD8A,LCK,0.999
CD8A,MYD88,0.942
CD8A,PDCD1,0.938
CD8A,PDCD1LG2,0.91
CD8A,PTPRC,0.969
CD8A,SYK,0.96
CD8A,TNF,0.958
CD8A,TRAT1,0.948
CD8A,ZAP70,0.992
CD9,EPCAM,0.943
CD9,HBEGF,0.98
CD9,HSPA4,0.947
CD9,ICAM1,0.912
CD9,ITGA3,0.969
CD9,ITGB1,0.989
CD9,TSG101,0.995
CDA,PNP,0.947
CDA,TYMP,0.997
CDA,TYMS,0.925
CDC16,CDC20,0.999
CDC16,CDC23,0.999
CDC16,CDC26,0.999
CDC16,CDC27,0.999
CDC16,CUL7,0.913
CDC16,MAD2L1,0.998
CDC16,NEK2,0.989
CDC16,PCGF2,0.9
CDC16,PCGF6,0.901
CDC16,PHC1,0.903
CDC16,PHC2,0.9
CDC16,PHC3,0.902
CDC16,RING1,0.903
CDC16,RNF2,0.9
CDC16,TRIM33,0.994
CDC16,UBB,0.902
CDC20,CDC23,0.999
CDC20,CDC25C,0.9
CDC20,CDC26,0.999
CDC20,CDC27,0.999
CDC20,CDC6,0.921
CDC20,CDCA5,0.938
CDC20,CDCA8,0.992
CDC20,CDK1,0.999
CDC20,CDK2,0.992
CDC20,CDT1,0.921
CDC20,CENPA,0.986
CDC20,CENPM,0.937
CDC20,CEP55,0.95
CDC20,CKS1B,0.971
CDC20,ESPL1,0.988
CDC20,FOXM1,0.937
CDC20,HJURP,0.925
CDC20,INCENP,0.964
CDC20,KIF11,0.987
CDC20,KIF20A,0.981
CDC20,KIF4A,0.941
CDC20,KNL1,0.95
CDC20,MAD1L1,0.999
CDC20,MAD2L1,0.999
CDC20,MAD2L2,0.933
CDC20,MXI1,0.994
CDC20,NCAPG,0.949
CDC20,NDC80,0.962
CDC20,NEK2,0.999
CDC20,NUF2,0.962
CDC20,PLK1,0.999
CDC20,PPP2CA,0.997
CDC20,PPP2R5A,0.905
CDC20,PRC1,0.947
CDC20,PTTG1,0.999
CDC20,RRM2,0.907
CDC20,SGO2,0.938
CDC20,SKP2,0.998
CDC20,SPAG5,0.923
CDC20,SPC24,0.9
CDC20,TCP1,0.996
CDC20,TOP2A,0.98
CDC20,TPX2,0.961
CDC20,TRIM33,0.996
CDC20,ZWINT,0.968
CDC23,CDC26,0.999
CDC23,CDC27,0.999
CDC23,CUL7,0.912
CDC23,MAD2L1,0.993
CDC23,NEK2,0.992
CDC23,PCGF2,0.905
CDC23,PCGF6,0.911
CDC23,PHC1,0.9
CDC23,PHC2,0.9
CDC23,PHC3,0.9
CDC23,RING1,0.903
CDC23,RNF2,0.905
CDC23,TRIM33,0.994
CDC23,UBB,0.901
CDC25B,CDC25C,0.922
CDC25B,CDK1,0.998
CDC25B,CDK2,0.994
CDC25B,CDK5,0.913
CDC25B,CHEK1,0.984
CDC25B,FOXM1,0.918
CDC25B,MAPK11,0.927
CDC25B,MAPK14,0.951
CDC25B,PLK1,0.976
CDC25B,YWHAB,0.997
CDC25B,YWHAE,0.995
CDC25B,YWHAG,0.987
CDC25B,YWHAH,0.989
CDC25B,YWHAQ,0.99
CDC25B,YWHAZ,0.993
CDC25C,CDK1,0.999
CDC25C,CDK2,0.994
CDC25C,CHEK1,0.999
CDC25C,CHEK2,0.998
CDC25C,MAPK11,0.927
CDC25C,MAPK14,0.952
CDC25C,PKN1,0.934
CDC25C,PLK1,0.999
CDC25C,PPP1CA,0.928
CDC25C,PPP1CB,0.922
CDC25C,PPP1CC,0.924
CDC25C,PRKACA,0.914
CDC25C,PRKACB,0.914
CDC25C,YWHAB,0.995
CDC25C,YWHAE,0.999
CDC25C,YWHAG,0.979
CDC25C,YWHAH,0.989
CDC25C,YWHAQ,0.992
CDC25C,YWHAZ,0.999
CDC26,CDC27,0.999
CDC26,CUL7,0.901
CDC26,MAD2L1,0.96
CDC26,NEK2,0.986
CDC26,PCGF2,0.9
CDC26,PCGF6,0.9
CDC26,PHC1,0.9
CDC26,PHC2,0.9
CDC26,PHC3,0.9
CDC26,RING1,0.9
CDC26,RNF2,0.9
CDC27,CDK1,0.942
CDC27,CUL7,0.914
CDC27,MAD2L1,0.999
CDC27,MXI1,0.994
CDC27,NEK2,0.999
CDC27,PCGF2,0.9
CDC27,PCGF6,0.904
CDC27,PHC1,0.901
CDC27,PHC2,0.901
CDC27,PHC3,0.907
CDC27,PPP2CA,0.923
CDC27,PTTG1,0.976
CDC27,RING1,0.902
CDC27,RNF2,0.907
CDC27,TRIM33,0.994
CDC27,UBB,0.909
CDC34,CUL1,0.998
CDC34,FBXW7,0.949
CDC34,RBX1,0.999
CDC34,RPS27A,0.992
CDC34,SKP1,0.998
CDC34,UBA52,0.983
CDC34,UBB,0.983
CDC37,CDK4,0.999
CDC37,CDK6,0.964
CDC37,CDK9,0.935
CDC37,CHUK,0.979
CDC37,DNAJB1,0.952
CDC37,EGFR,0.917
CDC37,HSP90AA1,0.999
CDC37,HSP90AB1,0.999
CDC37,HSP90B1,0.973
CDC37,HSPA4,0.995
CDC37,HSPA8,0.902
CDC37,IKBKB,0.965
CDC37,IKBKG,0.921
CDC37,LRRK2,0.925
CDC37,PINK1,0.979
CDC37,PPP5C,0.995
CDC37,PSMG1,0.902
CDC37,PSMG2,0.9
CDC37,PTGES3,0.997
CDC37,RAF1,0.993
CDC37,STIP1,0.995
CDC37,TCP1,0.929
CDC37,TSC1,0.958
CDC40,CDC5L,0.999
CDC40,CRNKL1,0.999
CDC40,CWC15,0.999
CDC40,CWC22,0.999
CDC40,CWC25,0.997
CDC40,CWC27,0.988
CDC40,DHX15,0.999
CDC40,DHX16,0.997
CDC40,DHX38,0.999
CDC40,DHX8,0.999
CDC40,EFTUD2,0.999
CDC40,EIF4A3,0.984
CDC40,HTATSF1,0.919
CDC40,ISY1,0.993
CDC40,MAGOH,0.963
CDC40,MFAP1,0.983
CDC40,NCBP1,0.978
CDC40,NCBP2,0.935
CDC40,PHF5A,0.961
CDC40,PLRG1,0.999
CDC40,PPIE,0.992
CDC40,PPIG,0.973
CDC40,PPIL1,0.999
CDC40,PPWD1,0.976
CDC40,PRKRIP1,0.987
CDC40,PRPF18,0.996
CDC40,PRPF19,0.999
CDC40,PRPF38A,0.974
CDC40,PRPF8,0.999
CDC40,RBM22,0.999
CDC40,RBM39,0.9
CDC40,RBM8A,0.916
CDC40,SF3A1,0.985
CDC40,SF3A2,0.972
CDC40,SF3A3,0.992
CDC40,SF3B1,0.981
CDC40,SF3B2,0.968
CDC40,SF3B3,0.981
CDC40,SF3B4,0.987
CDC40,SF3B5,0.957
CDC40,SLU7,0.999
CDC40,SNRNP200,0.996
CDC40,SNRNP40,0.999
CDC40,SNRPA1,0.999
CDC40,SNRPB,0.997
CDC40,SNRPB2,0.997
CDC40,SNRPD1,0.999
CDC40,SNRPD2,0.999
CDC40,SNRPD3,0.999
CDC40,SNRPE,0.999
CDC40,SNRPF,0.999
CDC40,SNRPG,0.999
CDC40,SNRPN,0.977
CDC40,SNW1,0.999
CDC40,SRRM1,0.967
CDC40,SRRM2,0.998
CDC40,SYF2,0.999
CDC40,TFIP11,0.981
CDC40,UBL5,0.964
CDC40,XAB2,0.999
CDC40,YJU2,0.997
CDC40,ZMAT2,0.97
CDC42,CDC42BPA,0.998
CDC42,CFL1,0.93
CDC42,CLIP1,0.979
CDC42,CTNNB1,0.908
CDC42,CTNND1,0.964
CDC42,CTTN,0.938
CDC42,DIAPH3,0.991
CDC42,DOCK1,0.912
CDC42,DOCK7,0.994
CDC42,DOCK8,0.997
CDC42,ECT2,0.924
CDC42,EGFR,0.955
CDC42,EXOC1,0.992
CDC42,EXOC7,0.968
CDC42,FARP2,0.925
CDC42,FLNA,0.976
CDC42,FNBP1L,0.997
CDC42,FYN,0.977
CDC42,GIT1,0.935
CDC42,GIT2,0.971
CDC42,GRB2,0.922
CDC42,IQGAP1,0.999
CDC42,IQGAP2,0.999
CDC42,IQGAP3,0.989
CDC42,ITSN1,0.999
CDC42,KDR,0.945
CDC42,MAGI1,0.93
CDC42,MAP3K1,0.967
CDC42,MAP3K11,0.993
CDC42,MAP3K4,0.956
CDC42,MAP3K5,0.932
CDC42,MAPK11,0.947
CDC42,MAPK14,0.968
CDC42,MAPK8,0.986
CDC42,MAPK9,0.976
CDC42,MCF2,0.964
CDC42,MCF2L,0.956
CDC42,MYL6,0.907
CDC42,NCK1,0.973
CDC42,NGEF,0.973
CDC42,NGFR,0.921
CDC42,PAK1,0.999
CDC42,PAK2,0.998
CDC42,PAK4,0.999
CDC42,PAK6,0.999
CDC42,PARD3,0.999
CDC42,PARD6A,0.998
CDC42,PARD6B,0.999
CDC42,PIK3CA,0.982
CDC42,PIK3CB,0.999
CDC42,PIK3CD,0.965
CDC42,PIK3R1,0.992
CDC42,PIK3R2,0.974
CDC42,PIK3R3,0.925
CDC42,PRKCI,0.968
CDC42,PRKCZ,0.998
CDC42,PTEN,0.971
CDC42,RABIF,0.972
CDC42,RAC2,0.943
CDC42,RACGAP1,0.979
CDC42,RALBP1,0.958
CDC42,RASA1,0.933
CDC42,RHOA,0.955
CDC42,SRC,0.991
CDC42,TIAM1,0.995
CDC42,TNK2,0.999
CDC42,TUBA1A,0.934
CDC42,TUBA1B,0.938
CDC42,TUBA1C,0.936
CDC42,TUBA4A,0.931
CDC42,VASP,0.991
CDC42,VAV1,0.999
CDC42,VAV2,0.986
CDC42,VAV3,0.976
CDC42,WAS,0.999
CDC42,WASF1,0.953
CDC42,WASF2,0.934
CDC42,WASL,0.999
CDC42,WHAMM,0.943
CDC42,WIPF1,0.989
CDC5L,CDT1,0.986
CDC5L,CRNKL1,0.999
CDC5L,CTNNBL1,0.999
CDC5L,CWC15,0.999
CDC5L,CWC22,0.999
CDC5L,CWC25,0.998
CDC5L,CWC27,0.997
CDC5L,DHX15,0.996
CDC5L,DHX16,0.997
CDC5L,DHX38,0.997
CDC5L,DHX8,0.999
CDC5L,EFTUD2,0.999
CDC5L,EIF4A3,0.976
CDC5L,HSPA8,0.991
CDC5L,ISY1,0.996
CDC5L,MAGOH,0.93
CDC5L,MFAP1,0.942
CDC5L,NCBP1,0.931
CDC5L,NCBP2,0.982
CDC5L,PHF5A,0.993
CDC5L,PLRG1,0.999
CDC5L,PPIE,0.997
CDC5L,PPIG,0.907
CDC5L,PPIL1,0.999
CDC5L,PRPF18,0.944
CDC5L,PRPF19,0.999
CDC5L,PRPF38A,0.935
CDC5L,PRPF8,0.999
CDC5L,RBM22,0.999
CDC5L,RBM39,0.956
CDC5L,SART1,0.979
CDC5L,SF1,0.983
CDC5L,SF3A1,0.998
CDC5L,SF3A2,0.998
CDC5L,SF3A3,0.997
CDC5L,SF3B1,0.999
CDC5L,SF3B2,0.997
CDC5L,SF3B3,0.997
CDC5L,SF3B4,0.972
CDC5L,SF3B5,0.903
CDC5L,SF3B6,0.907
CDC5L,SLU7,0.997
CDC5L,SNRNP200,0.998
CDC5L,SNRNP40,0.999
CDC5L,SNRPA,0.959
CDC5L,SNRPA1,0.999
CDC5L,SNRPB,0.995
CDC5L,SNRPB2,0.998
CDC5L,SNRPD1,0.999
CDC5L,SNRPD2,0.999
CDC5L,SNRPD3,0.999
CDC5L,SNRPE,0.999
CDC5L,SNRPF,0.999
CDC5L,SNRPG,0.999
CDC5L,SNRPN,0.969
CDC5L,SNW1,0.999
CDC5L,SRRM1,0.945
CDC5L,SRRM2,0.999
CDC5L,SRSF1,0.957
CDC5L,SYF2,0.999
CDC5L,TCERG1,0.985
CDC5L,THOC2,0.953
CDC5L,U2AF2,0.997
CDC5L,WBP11,0.974
CDC5L,XAB2,0.999
CDC5L,YJU2,0.999
CDC5L,ZC3H13,0.918
CDC5L,ZMAT2,0.908
CDC6,CDC7,0.977
CDC6,CDK1,0.963
CDC6,CDK2,0.999
CDC6,CDKN1A,0.927
CDC6,CDKN2A,0.922
CDC6,CDT1,0.999
CDC6,CHEK1,0.941
CDC6,DBF4,0.956
CDC6,DTL,0.963
CDC6,E2F1,0.977
CDC6,EXO1,0.966
CDC6,GMNN,0.905
CDC6,MCM2,0.999
CDC6,MCM3,0.999
CDC6,MCM4,0.999
CDC6,MCM5,0.999
CDC6,MCM6,0.999
CDC6,MCM7,0.999
CDC6,MCM8,0.993
CDC6,MCM9,0.978
CDC6,ORC1,0.999
CDC6,ORC2,0.999
CDC6,ORC3,0.999
CDC6,ORC4,0.999
CDC6,ORC5,0.999
CDC6,ORC6,0.999
CDC6,POLA1,0.907
CDC6,POLE2,0.943
CDC6,PPP2R3B,0.952
CDC6,RRM2,0.929
CDC6,WDHD1,0.916
CDC6,WDR18,0.962
CDC7,CDK2,0.948
CDC7,CDKN2A,0.905
CDC7,CDT1,0.948
CDC7,CHEK1,0.911
CDC7,CHEK2,0.988
CDC7,DBF4,0.999
CDC7,MCM2,0.999
CDC7,MCM3,0.999
CDC7,MCM4,0.999
CDC7,MCM5,0.999
CDC7,MCM6,0.999
CDC7,MCM7,0.999
CDC7,MCM9,0.913
CDC7,ORC1,0.93
CDC7,ORC5,0.967
CDC7,ORC6,0.961
CDC7,TICRR,0.926
CDC73,CDK9,0.973
CDC73,CTNNB1,0.98
CDC73,CTR9,0.999
CDC73,EAF1,0.901
CDC73,EAF2,0.9
CDC73,ELL,0.919
CDC73,ELL2,0.921
CDC73,ELL3,0.91
CDC73,ELOA,0.945
CDC73,ELOB,0.936
CDC73,ELOC,0.916
CDC73,ELP4,0.907
CDC73,ERCC6,0.983
CDC73,GLI1,0.92
CDC73,ICE1,0.906
CDC73,ICE2,0.906
CDC73,LEO1,0.999
CDC73,MEN1,0.912
CDC73,MLLT1,0.946
CDC73,MLLT3,0.946
CDC73,NELFA,0.932
CDC73,NELFB,0.947
CDC73,NELFCD,0.91
CDC73,NELFE,0.93
CDC73,PAF1,0.999
CDC73,PEX2,0.904
CDC73,POLR2A,0.999
CDC73,POLR2B,0.98
CDC73,POLR2C,0.973
CDC73,POLR2D,0.932
CDC73,POLR2E,0.947
CDC73,POLR2F,0.932
CDC73,POLR2G,0.951
CDC73,POLR2H,0.972
CDC73,POLR2I,0.934
CDC73,POLR2J,0.925
CDC73,POLR2K,0.919
CDC73,POLR2L,0.928
CDC73,RNF20,0.982
CDC73,RNF40,0.94
CDC73,SSRP1,0.968
CDC73,SUPT16H,0.995
CDC73,SUPT4H1,0.996
CDC73,SUPT5H,0.999
CDC73,SUPT6H,0.985
CDC73,ZC3H8,0.913
CDCA5,CDCA8,0.961
CDCA5,CDK1,0.979
CDCA5,ESPL1,0.93
CDCA5,MAU2,0.917
CDCA5,NIPBL,0.97
CDCA5,NUF2,0.931
CDCA5,PDS5A,0.999
CDCA5,PDS5B,0.99
CDCA5,RAD21,0.988
CDCA5,SMC1A,0.973
CDCA5,SMC3,0.994
CDCA5,STAG1,0.975
CDCA5,STAG2,0.977
CDCA5,TOP2A,0.917
CDCA5,ZWINT,0.908
CDCA8,CDK1,0.99
CDCA8,CENPA,0.971
CDCA8,CEP55,0.923
CDCA8,ESPL1,0.972
CDCA8,FOXM1,0.93
CDCA8,HJURP,0.923
CDCA8,INCENP,0.999
CDCA8,KCNJ6,0.927
CDCA8,KIF11,0.964
CDCA8,KIF15,0.902
CDCA8,KIF20A,0.98
CDCA8,KIF23,0.954
CDCA8,KIF4A,0.932
CDCA8,MAD2L1,0.935
CDCA8,MT-ATP6,0.975
CDCA8,NCAPH,0.908
CDCA8,NDC80,0.907
CDCA8,NEK2,0.9
CDCA8,NUF2,0.926
CDCA8,PLK1,0.974
CDCA8,RACGAP1,0.934
CDCA8,SGO2,0.96
CDCA8,SPAG5,0.929
CDCA8,TACC3,0.904
CDCA8,TOP2A,0.92
CDCA8,TPX2,0.919
CDCP1,SRC,0.942
CDH1,CDH2,0.995
CDH1,CDH3,0.967
CDH1,CDH5,0.985
CDH1,CLDN7,0.923
CDH1,CTNNA1,0.999
CDH1,CTNNB1,0.999
CDH1,CTNND1,0.999
CDH1,EGFR,0.999
CDH1,EPCAM,0.905
CDH1,ERBB2,0.97
CDH1,F11R,0.921
CDH1,FLOT1,0.926
CDH1,FLOT2,0.951
CDH1,IQGAP1,0.997
CDH1,ITGAE,0.997
CDH1,JUP,0.999
CDH1,MDM2,0.925
CDH1,MET,0.959
CDH1,MMP9,0.957
CDH1,NECTIN1,0.939
CDH1,OCLN,0.993
CDH1,PSEN1,0.98
CDH1,PTEN,0.93
CDH1,RAPGEF1,0.944
CDH1,RPS27A,0.904
CDH1,S100A8,0.944
CDH1,SCRIB,0.916
CDH1,SKP2,0.927
CDH1,SLC6A3,0.901
CDH1,SNAI1,0.965
CDH1,SRC,0.988
CDH1,TJP1,0.987
CDH1,TRIM21,0.913
CDH1,VCL,0.996
CDH1,ZEB1,0.961
CDH1,ZEB2,0.954
CDH11,CDH2,0.958
CDH11,CTNNB1,0.993
CDH11,CTNND1,0.919
CDH2,CREBBP,0.934
CDH2,CTNNA1,0.99
CDH2,CTNNB1,0.999
CDH2,CTNND1,0.999
CDH2,FGFR1,0.946
CDH2,GJA1,0.952
CDH2,GRIA2,0.982
CDH2,JUP,0.975
CDH2,NCAM1,0.967
CDH2,PSEN1,0.943
CDH2,SNAI1,0.932
CDH2,TJP1,0.909
CDH2,VCL,0.939
CDH23,MYO7A,0.998
CDH23,PCDH15,0.999
CDH23,USH1C,0.999
CDH23,USH1G,0.992
CDH23,USH2A,0.947
CDH23,WHRN,0.946
CDH3,CTNNA1,0.93
CDH3,CTNNB1,0.995
CDH3,CTNND1,0.975
CDH3,NPHS1,0.985
CDH3,NPHS2,0.962
CDH3,TJP1,0.95
CDH5,CTNNA1,0.972
CDH5,CTNNB1,0.999
CDH5,CTNND1,0.999
CDH5,FLT4,0.954
CDH5,KDR,0.999
CDH5,OCLN,0.98
CDH5,PARD3,0.916
CDH5,PECAM1,0.999
CDH5,PTPRB,0.982
CDH5,TEK,0.901
CDH5,TJP1,0.995
CDH5,VCL,0.975
CDK1,CDK2,0.994
CDK1,CDK7,0.976
CDK1,CDKN1A,0.998
CDK1,CDKN1B,0.978
CDK1,CDT1,0.967
CDK1,CENPA,0.989
CDK1,CENPU,0.914
CDK1,CEP55,0.957
CDK1,CHEK1,0.911
CDK1,CKAP5,0.911
CDK1,CKS1B,0.999
CDK1,DTL,0.905
CDK1,E2F1,0.909
CDK1,ECT2,0.963
CDK1,ESPL1,0.995
CDK1,EXO1,0.959
CDK1,EZH2,0.965
CDK1,FOXM1,0.991
CDK1,GADD45A,0.997
CDK1,GADD45B,0.981
CDK1,GADD45G,0.982
CDK1,GJA1,0.922
CDK1,H1-1,0.931
CDK1,HJURP,0.91
CDK1,HMMR,0.931
CDK1,HSP90AA1,0.91
CDK1,INCENP,0.947
CDK1,KIF11,0.987
CDK1,KIF20A,0.958
CDK1,KIF23,0.914
CDK1,KIF4A,0.911
CDK1,MAD2L1,0.992
CDK1,NCAPG,0.981
CDK1,NCAPH,0.907
CDK1,NDC80,0.957
CDK1,NEK2,0.919
CDK1,NUF2,0.957
CDK1,PCNA,0.93
CDK1,PLK1,0.993
CDK1,PLK4,0.946
CDK1,PRC1,0.937
CDK1,PTTG1,0.985
CDK1,RACGAP1,0.96
CDK1,RB1,0.995
CDK1,RRM2,0.973
CDK1,SKP2,0.943
CDK1,SMC4,0.906
CDK1,SOX2,0.961
CDK1,SPAG5,0.927
CDK1,TLN1,0.909
CDK1,TOP2A,0.997
CDK1,TP53,0.962
CDK1,TPX2,0.952
CDK1,TYRP1,0.916
CDK1,ZWINT,0.95
CDK10,ETS2,0.951
CDK12,CDK13,0.954
CDK12,DDB1,0.974
CDK12,POLR2A,0.966
CDK12,SUPT5H,0.933
CDK13,POLR2A,0.903
CDK13,SUPT5H,0.924
CDK19,CDK8,0.994
CDK19,MED1,0.999
CDK19,MED10,0.981
CDK19,MED11,0.972
CDK19,MED12,0.999
CDK19,MED13,0.999
CDK19,MED13L,0.997
CDK19,MED14,0.993
CDK19,MED15,0.981
CDK19,MED16,0.978
CDK19,MED17,0.987
CDK19,MED18,0.983
CDK19,MED19,0.99
CDK19,MED20,0.976
CDK19,MED21,0.98
CDK19,MED22,0.977
CDK19,MED23,0.982
CDK19,MED24,0.972
CDK19,MED25,0.927
CDK19,MED26,0.972
CDK19,MED27,0.975
CDK19,MED28,0.999
CDK19,MED29,0.978
CDK19,MED30,0.981
CDK19,MED31,0.991
CDK19,MED4,0.974
CDK19,MED6,0.986
CDK19,MED7,0.993
CDK19,MED8,0.982
CDK19,MED9,0.981
CDK19,ZC3H13,0.994
CDK2,CDK3,0.938
CDK2,CDK4,0.998
CDK2,CDK5,0.928
CDK2,CDK6,0.998
CDK2,CDK7,0.992
CDK2,CDKN1A,0.999
CDK2,CDKN1B,0.999
CDK2,CDKN2A,0.993
CDK2,CDT1,0.982
CDK2,CEBPA,0.992
CDK2,CKS1B,0.999
CDK2,CREBBP,0.918
CDK2,CUL1,0.998
CDK2,E2F1,0.997
CDK2,E2F2,0.962
CDK2,E2F3,0.973
CDK2,E2F4,0.953
CDK2,E2F5,0.905
CDK2,EP300,0.925
CDK2,FOXO1,0.967
CDK2,FOXO3,0.999
CDK2,FOXO4,0.937
CDK2,H1-1,0.995
CDK2,MCM3,0.973
CDK2,MCM4,0.953
CDK2,MCM6,0.907
CDK2,MCM7,0.914
CDK2,MYBL2,0.986
CDK2,MYC,0.96
CDK2,NPAT,0.928
CDK2,ORC1,0.908
CDK2,ORC2,0.95
CDK2,PCNA,0.951
CDK2,RB1,0.999
CDK2,RBL1,0.995
CDK2,RBL2,0.998
CDK2,RBX1,0.993
CDK2,RPS27A,0.914
CDK2,SKP1,0.999
CDK2,SKP2,0.999
CDK2,TP53,0.987
CDK2,UBA52,0.9
CDK2,UBB,0.91
CDK2AP1,CHD3,0.966
CDK2AP1,CHD4,0.91
CDK2AP1,GATAD2A,0.993
CDK2AP1,GATAD2B,0.971
CDK2AP1,HDAC1,0.947
CDK2AP1,MTA1,0.929
CDK2AP1,MTA2,0.904
CDK2AP1,MTA3,0.919
CDK2AP1,RBBP4,0.954
CDK2AP1,RBBP7,0.948
CDK3,CDKN1A,0.94
CDK3,CDKN1B,0.909
CDK3,CKS1B,0.947
CDK4,CDK6,0.999
CDK4,CDKN1A,0.999
CDK4,CDKN1B,0.999
CDK4,CDKN2A,0.999
CDK4,CDKN2C,0.999
CDK4,CDKN2D,0.999
CDK4,CEBPA,0.991
CDK4,E2F1,0.958
CDK4,HSP90AA1,0.998
CDK4,HSP90AB1,0.999
CDK4,MYC,0.966
CDK4,PCNA,0.996
CDK4,PRMT5,0.933
CDK4,PSMD10,0.972
CDK4,RAD51,0.913
CDK4,RB1,0.999
CDK4,RBL1,0.941
CDK4,RBL2,0.986
CDK4,SYMPK,0.908
CDK4,TP53,0.966
CDK4,YBX3,0.964
CDK5,CDK5R1,0.999
CDK5,CDK5R2,0.993
CDK5,CDKN1B,0.941
CDK5,DLG4,0.974
CDK5,DPYSL2,0.98
CDK5,FYN,0.951
CDK5,JUN,0.926
CDK5,MAPT,0.999
CDK5,PPARG,0.909
CDK5,PPP1R1B,0.976
CDK5,TP53,0.967
CDK5R1,MAPT,0.969
CDK5RAP2,MCPH1,0.942
CDK5RAP2,PCNT,0.988
CDK5RAP2,PLK1,0.912
CDK5RAP2,STIL,0.945
CDK5RAP2,TUBGCP2,0.975
CDK6,CDKN1A,0.999
CDK6,CDKN1B,0.999
CDK6,CDKN2A,0.999
CDK6,CDKN2C,0.999
CDK6,CDKN2D,0.999
CDK6,E2F1,0.931
CDK6,PCNA,0.981
CDK6,RB1,0.997
CDK6,RBL1,0.942
CDK6,RBL2,0.974
CDK6,RUNX1,0.929
CDK7,CDK9,0.99
CDK7,ERCC2,0.999
CDK7,ERCC3,0.999
CDK7,GNB5,0.9
CDK7,GTF2A1,0.903
CDK7,GTF2A2,0.918
CDK7,GTF2B,0.987
CDK7,GTF2E1,0.994
CDK7,GTF2E2,0.989
CDK7,GTF2F1,0.929
CDK7,GTF2F2,0.928
CDK7,GTF2H1,0.999
CDK7,GTF2H2,0.999
CDK7,GTF2H3,0.999
CDK7,GTF2H4,0.999
CDK7,GTF2H5,0.997
CDK7,MED1,0.914
CDK7,MED14,0.905
CDK7,MED17,0.939
CDK7,MED19,0.9
CDK7,MED6,0.938
CDK7,MMS19,0.937
CDK7,MNAT1,0.999
CDK7,PCNA,0.909
CDK7,POLR2A,0.999
CDK7,POLR2B,0.948
CDK7,POLR2C,0.943
CDK7,POLR2D,0.949
CDK7,POLR2E,0.919
CDK7,POLR2F,0.932
CDK7,POLR2G,0.943
CDK7,POLR2H,0.914
CDK7,POLR2I,0.913
CDK7,POLR2J,0.919
CDK7,POLR2K,0.921
CDK7,POLR2L,0.904
CDK7,SUPT5H,0.951
CDK7,TAF1,0.925
CDK7,TAF10,0.903
CDK7,TAF11,0.902
CDK7,TAF12,0.913
CDK7,TAF13,0.908
CDK7,TAF2,0.915
CDK7,TAF3,0.906
CDK7,TAF4,0.923
CDK7,TAF5,0.921
CDK7,TAF6,0.926
CDK7,TAF7,0.939
CDK7,TAF9,0.921
CDK7,TBP,0.983
CDK7,XPA,0.915
CDK8,MED1,0.998
CDK8,MED10,0.995
CDK8,MED11,0.986
CDK8,MED12,0.999
CDK8,MED13,0.999
CDK8,MED13L,0.997
CDK8,MED14,0.999
CDK8,MED15,0.996
CDK8,MED16,0.997
CDK8,MED17,0.999
CDK8,MED18,0.998
CDK8,MED19,0.994
CDK8,MED20,0.986
CDK8,MED21,0.998
CDK8,MED22,0.992
CDK8,MED23,0.996
CDK8,MED24,0.991
CDK8,MED25,0.975
CDK8,MED26,0.996
CDK8,MED27,0.987
CDK8,MED28,0.987
CDK8,MED29,0.993
CDK8,MED30,0.997
CDK8,MED31,0.992
CDK8,MED4,0.992
CDK8,MED6,0.999
CDK8,MED7,0.997
CDK8,MED8,0.998
CDK8,MED9,0.988
CDK8,POLR2A,0.977
CDK8,THRAP3,0.93
CDK9,CTDP1,0.917
CDK9,CTR9,0.965
CDK9,EAF1,0.952
CDK9,EAF2,0.915
CDK9,ELL,0.997
CDK9,ELL2,0.995
CDK9,ELL3,0.984
CDK9,ELOA,0.93
CDK9,ELOB,0.914
CDK9,ELOC,0.908
CDK9,ELP4,0.903
CDK9,ERCC2,0.918
CDK9,ERCC3,0.933
CDK9,ERCC6,0.911
CDK9,GTF2H1,0.929
CDK9,GTF2H2,0.919
CDK9,GTF2H3,0.918
CDK9,GTF2H4,0.92
CDK9,HEXIM1,0.999
CDK9,HTATSF1,0.917
CDK9,ICE1,0.911
CDK9,ICE2,0.913
CDK9,LARP7,0.997
CDK9,LEO1,0.96
CDK9,MED1,0.997
CDK9,MED12,0.998
CDK9,MED28,0.997
CDK9,MEPCE,0.998
CDK9,MLLT1,0.999
CDK9,MLLT3,0.996
CDK9,MMS19,0.914
CDK9,MNAT1,0.934
CDK9,MYC,0.953
CDK9,NELFA,0.926
CDK9,NELFB,0.956
CDK9,NELFCD,0.916
CDK9,NELFE,0.972
CDK9,PAF1,0.971
CDK9,PEX2,0.9
CDK9,POLR2A,0.995
CDK9,SUPT4H1,0.98
CDK9,SUPT5H,0.995
CDK9,ZC3H13,0.994
CDK9,ZC3H8,0.907
CDKN1A,CDKN1B,0.982
CDKN1A,CDKN2A,0.966
CDKN1A,CDKN2C,0.902
CDKN1A,CEBPA,0.956
CDKN1A,CKS1B,0.926
CDKN1A,CREBBP,0.904
CDKN1A,CUL1,0.958
CDKN1A,E2F1,0.977
CDKN1A,EP300,0.92
CDKN1A,FOXO3,0.995
CDKN1A,GADD45A,0.974
CDKN1A,HDAC1,0.903
CDKN1A,HSP90AA1,0.909
CDKN1A,MAP3K5,0.97
CDKN1A,MDM2,0.98
CDKN1A,MYC,0.981
CDKN1A,PCNA,0.999
CDKN1A,RBL2,0.959
CDKN1A,RBX1,0.945
CDKN1A,SKP1,0.98
CDKN1A,SKP2,0.996
CDKN1A,SMAD3,0.918
CDKN1A,SMAD4,0.94
CDKN1A,STAT3,0.984
CDKN1A,TP53,0.999
CDKN1B,CDKN2A,0.93
CDKN1B,CDKN2C,0.956
CDKN1B,CDKN2D,0.925
CDKN1B,CKS1B,0.997
CDKN1B,COP1,0.928
CDKN1B,COPS5,0.992
CDKN1B,CRBN,0.915
CDKN1B,CUL1,0.996
CDKN1B,CUL4A,0.98
CDKN1B,CUL4B,0.926
CDKN1B,DCAF1,0.906
CDKN1B,DCAF7,0.908
CDKN1B,DDB1,0.952
CDKN1B,DDB2,0.913
CDKN1B,DET1,0.9
CDKN1B,DTL,0.924
CDKN1B,ERCC8,0.902
CDKN1B,FOXO3,0.98
CDKN1B,RBX1,0.989
CDKN1B,RHOA,0.977
CDKN1B,RPS27A,0.966
CDKN1B,SKP1,0.994
CDKN1B,SKP2,0.999
CDKN1B,STMN1,0.951
CDKN1B,TP53,0.991
CDKN1B,UBA52,0.947
CDKN1B,UBB,0.953
CDKN1B,XPO1,0.97
CDKN2A,CTNNB1,0.93
CDKN2A,E2F1,0.969
CDKN2A,EGFR,0.91
CDKN2A,HIF1A,0.956
CDKN2A,HRAS,0.99
CDKN2A,HUWE1,0.915
CDKN2A,KRAS,0.992
CDKN2A,MAPK11,0.924
CDKN2A,MAPK14,0.944
CDKN2A,MDM2,0.999
CDKN2A,MDM4,0.963
CDKN2A,MRAS,0.925
CDKN2A,MYC,0.998
CDKN2A,NPM1,0.999
CDKN2A,NRAS,0.984
CDKN2A,PTEN,0.923
CDKN2A,RRAS,0.93
CDKN2A,TP53,0.999
CDKN2C,TP53,0.957
CDON,GAS1,0.995
CDON,LRP2,0.924
CDON,PTCH1,0.998
CDON,SHH,0.999
CDS1,LPIN1,0.925
CDS1,PLD1,0.954
CDS1,PLD2,0.951
CDS1,PLPP3,0.937
CDT1,CHEK1,0.934
CDT1,CUL4A,0.968
CDT1,CUL4B,0.937
CDT1,DBF4,0.956
CDT1,DDB1,0.976
CDT1,DTL,0.998
CDT1,GINS2,0.906
CDT1,GMNN,0.999
CDT1,GRWD1,0.969
CDT1,KAT7,0.97
CDT1,MCM2,0.999
CDT1,MCM3,0.999
CDT1,MCM4,0.999
CDT1,MCM5,0.999
CDT1,MCM6,0.999
CDT1,MCM7,0.999
CDT1,MCM8,0.975
CDT1,MCM9,0.992
CDT1,ORC1,0.999
CDT1,ORC2,0.999
CDT1,ORC3,0.998
CDT1,ORC4,0.999
CDT1,ORC5,0.998
CDT1,ORC6,0.997
CDT1,PCNA,0.995
CDT1,SKP2,0.977
CDT1,WDR18,0.977
CDX2,POU5F1,0.923
CDYL,EHMT1,0.912
CDYL,EHMT2,0.995
CDYL,EZH2,0.9
CDYL,MIER1,0.933
CDYL,WIZ,0.914
CEACAM1,HAVCR2,0.995
CEBPA,CEBPB,0.99
CEBPA,CSF3R,0.936
CEBPA,DDIT3,0.943
CEBPA,E2F1,0.913
CEBPA,EP300,0.902
CEBPA,FLT3,0.981
CEBPA,FOXO1,0.975
CEBPA,GATA2,0.939
CEBPA,HDAC1,0.939
CEBPA,KLF5,0.941
CEBPA,LEP,0.943
CEBPA,MYC,0.904
CEBPA,PCBP2,0.925
CEBPA,PER2,0.929
CEBPA,PPARG,0.991
CEBPA,RARA,0.909
CEBPA,RUNX1,0.994
CEBPA,SLC2A4,0.922
CEBPA,SPI1,0.99
CEBPA,TNF,0.926
CEBPA,TP53,0.93
CEBPB,CREB1,0.963
CEBPB,DDIT3,0.994
CEBPB,EP300,0.996
CEBPB,ESR1,0.908
CEBPB,FOXO1,0.943
CEBPB,HDAC1,0.991
CEBPB,JUN,0.927
CEBPB,KLF5,0.967
CEBPB,MAPK11,0.936
CEBPB,MAPK14,0.961
CEBPB,MAPK3,0.947
CEBPB,MYC,0.958
CEBPB,NFKB1,0.904
CEBPB,PPARG,0.989
CEBPB,PPARGC1A,0.953
CEBPB,RELA,0.967
CEBPB,RUNX1,0.972
CEBPB,RUNX2,0.944
CEBPB,SMAD3,0.959
CEBPB,SMAD4,0.928
CEBPB,STAT3,0.984
CEBPZ,DDX18,0.958
CEBPZ,DDX24,0.924
CEBPZ,DDX27,0.91
CEBPZ,DDX56,0.979
CEBPZ,DHX15,0.905
CEBPZ,DKC1,0.92
CEBPZ,EBNA1BP2,0.968
CEBPZ,FTSJ3,0.929
CEBPZ,GNL2,0.942
CEBPZ,GNL3,0.902
CEBPZ,GTPBP4,0.983
CEBPZ,MPHOSPH10,0.977
CEBPZ,NFYB,0.903
CEBPZ,NIFK,0.951
CEBPZ,NOL10,0.931
CEBPZ,NOP2,0.963
CEBPZ,NOP56,0.933
CEBPZ,NOP58,0.946
CEBPZ,PES1,0.968
CEBPZ,POLR1B,0.917
CEBPZ,PWP1,0.907
CEBPZ,RBM28,0.984
CEBPZ,RPF2,0.975
CEBPZ,RSL1D1,0.937
CEBPZ,WDR43,0.922
CECR2,RBBP4,0.914
CECR2,SMARCA1,0.999
CECR2,SMARCA5,0.997
CENPA,CENPB,0.994
CENPA,CENPC,0.999
CENPA,CENPH,0.999
CENPA,CENPI,0.999
CENPA,CENPK,0.997
CENPA,CENPL,0.993
CENPA,CENPM,0.999
CENPA,CENPN,0.999
CENPA,CENPO,0.991
CENPA,CENPP,0.985
CENPA,CENPQ,0.991
CENPA,CENPS,0.993
CENPA,CENPT,0.997
CENPA,CENPU,0.998
CENPA,CENPW,0.991
CENPA,CENPX,0.972
CENPA,CEP55,0.92
CENPA,DSN1,0.925
CENPA,H2AC18,0.998
CENPA,H2AC20,0.987
CENPA,H2AZ1,0.936
CENPA,H2BC14,0.983
CENPA,H2BC18,0.967
CENPA,H2BC21,0.995
CENPA,H2BC3,0.93
CENPA,H2BC4,0.951
CENPA,H3-3A,0.939
CENPA,H3-3B,0.971
CENPA,H4C1,0.967
CENPA,H4C2,0.968
CENPA,HJURP,0.999
CENPA,ITGB3BP,0.946
CENPA,KIF11,0.942
CENPA,KIF20A,0.913
CENPA,KIF4A,0.906
CENPA,KNL1,0.903
CENPA,MIS18A,0.956
CENPA,NDC80,0.917
CENPA,NPM1,0.953
CENPA,NUF2,0.936
CENPA,OIP5,0.981
CENPA,PLK1,0.988
CENPA,RBBP4,0.914
CENPA,TOP2A,0.919
CENPA,ZWINT,0.908
CENPB,CENPC,0.993
CENPB,CENPH,0.931
CENPB,CENPS,0.973
CENPC,CENPH,0.999
CENPC,CENPI,0.998
CENPC,CENPK,0.998
CENPC,CENPL,0.998
CENPC,CENPM,0.999
CENPC,CENPN,0.999
CENPC,CENPO,0.997
CENPC,CENPP,0.996
CENPC,CENPQ,0.995
CENPC,CENPS,0.999
CENPC,CENPT,0.999
CENPC,CENPU,0.999
CENPC,CENPW,0.997
CENPC,CENPX,0.995
CENPC,DNMT3B,0.978
CENPC,DSN1,0.993
CENPC,H2AC18,0.946
CENPC,H2BC4,0.922
CENPC,H4C1,0.9
CENPC,H4C2,0.9
CENPC,ITGB3BP,0.989
CENPC,MIS12,0.997
CENPC,MIS18BP1,0.912
CENPC,NDC80,0.903
CENPC,NSL1,0.918
CENPC,NUF2,0.925
CENPC,OIP5,0.905
CENPC,PMF1,0.976
CENPH,CENPI,0.999
CENPH,CENPK,0.999
CENPH,CENPL,0.999
CENPH,CENPM,0.999
CENPH,CENPN,0.999
CENPH,CENPO,0.999
CENPH,CENPP,0.999
CENPH,CENPQ,0.999
CENPH,CENPS,0.998
CENPH,CENPT,0.999
CENPH,CENPU,0.999
CENPH,CENPW,0.997
CENPH,CENPX,0.995
CENPH,ITGB3BP,0.997
CENPH,KNL1,0.9
CENPH,NUF2,0.974
CENPI,CENPK,0.999
CENPI,CENPL,0.999
CENPI,CENPM,0.999
CENPI,CENPN,0.999
CENPI,CENPO,0.999
CENPI,CENPP,0.999
CENPI,CENPQ,0.999
CENPI,CENPS,0.994
CENPI,CENPT,0.999
CENPI,CENPU,0.999
CENPI,CENPW,0.996
CENPI,CENPX,0.996
CENPI,ITGB3BP,0.998
CENPI,MAD2L1,0.9
CENPI,MIS18BP1,0.909
CENPK,CENPL,0.999
CENPK,CENPM,0.999
CENPK,CENPN,0.999
CENPK,CENPO,0.999
CENPK,CENPP,0.998
CENPK,CENPQ,0.999
CENPK,CENPS,0.998
CENPK,CENPT,0.998
CENPK,CENPU,0.999
CENPK,CENPW,0.996
CENPK,CENPX,0.995
CENPK,ITGB3BP,0.998
CENPL,CENPM,0.999
CENPL,CENPN,0.999
CENPL,CENPO,0.999
CENPL,CENPP,0.998
CENPL,CENPQ,0.999
CENPL,CENPS,0.996
CENPL,CENPT,0.996
CENPL,CENPU,0.998
CENPL,CENPW,0.991
CENPL,CENPX,0.99
CENPL,ITGB3BP,0.998
CENPM,CENPN,0.999
CENPM,CENPO,0.999
CENPM,CENPP,0.998
CENPM,CENPQ,0.999
CENPM,CENPS,0.997
CENPM,CENPT,0.999
CENPM,CENPU,0.999
CENPM,CENPW,0.995
CENPM,CENPX,0.989
CENPM,ITGB3BP,0.994
CENPN,CENPO,0.999
CENPN,CENPP,0.999
CENPN,CENPQ,0.999
CENPN,CENPS,0.997
CENPN,CENPT,0.999
CENPN,CENPU,0.999
CENPN,CENPW,0.999
CENPN,CENPX,0.993
CENPN,H2BC14,0.968
CENPN,H2BC18,0.967
CENPN,H2BC21,0.978
CENPN,H2BC3,0.967
CENPN,H2BC4,0.912
CENPN,H4C1,0.905
CENPN,H4C2,0.909
CENPN,ITGB3BP,0.997
CENPO,CENPP,0.999
CENPO,CENPQ,0.999
CENPO,CENPS,0.998
CENPO,CENPT,0.999
CENPO,CENPU,0.999
CENPO,CENPW,0.993
CENPO,CENPX,0.994
CENPO,ITGB3BP,0.999
CENPO,KNL1,0.92
CENPP,CENPQ,0.999
CENPP,CENPS,0.996
CENPP,CENPT,0.997
CENPP,CENPU,0.999
CENPP,CENPW,0.994
CENPP,CENPX,0.99
CENPP,ITGB3BP,0.999
CENPQ,CENPS,0.998
CENPQ,CENPT,0.998
CENPQ,CENPU,0.999
CENPQ,CENPW,0.994
CENPQ,CENPX,0.993
CENPQ,ITGB3BP,0.999
CENPS,CENPT,0.999
CENPS,CENPU,0.998
CENPS,CENPW,0.999
CENPS,CENPX,0.999
CENPS,FAAP100,0.999
CENPS,FAAP24,0.999
CENPS,FANCA,0.999
CENPS,FANCB,0.999
CENPS,FANCC,0.999
CENPS,FANCD2,0.96
CENPS,FANCE,0.999
CENPS,FANCF,0.999
CENPS,FANCG,0.999
CENPS,FANCI,0.959
CENPS,FANCL,0.999
CENPS,FANCM,0.999
CENPS,ITGB3BP,0.995
CENPS,RMI1,0.996
CENPS,RPA1,0.997
CENPS,RPA2,0.997
CENPS,TOP3A,0.995
CENPT,CENPU,0.999
CENPT,CENPW,0.999
CENPT,CENPX,0.999
CENPT,ITGB3BP,0.997
CENPT,SPC24,0.99
CENPT,SPC25,0.951
CENPU,CENPW,0.997
CENPU,CENPX,0.995
CENPU,ITGB3BP,0.999
CENPU,PLK1,0.996
CENPW,CENPX,0.999
CENPW,ITGB3BP,0.993
CENPX,FAAP100,0.999
CENPX,FAAP24,0.999
CENPX,FANCA,0.999
CENPX,FANCB,0.965
CENPX,FANCC,0.999
CENPX,FANCD2,0.96
CENPX,FANCE,0.999
CENPX,FANCF,0.999
CENPX,FANCG,0.999
CENPX,FANCI,0.965
CENPX,FANCL,0.999
CENPX,FANCM,0.999
CENPX,ITGB3BP,0.988
CENPX,RMI1,0.995
CENPX,RPA1,0.997
CENPX,RPA2,0.997
CEP128,CEP170,0.992
CEP128,CNTRL,0.96
CEP128,NIN,0.957
CEP128,ODF2,0.93
CEP131,PCM1,0.924
CEP164,CEP83,0.997
CEP164,CEP89,0.979
CEP164,FBF1,0.99
CEP164,NIN,0.901
CEP164,SCLT1,0.997
CEP164,TTBK2,0.993
CEP170,CNTRL,0.984
CEP170,KIF2A,0.962
CEP170,NIN,0.978
CEP19,FGFR1OP,0.952
CEP19,RABL2B,0.928
CEP290,CEP97,0.936
CEP290,IQCB1,0.999
CEP290,MKS1,0.993
CEP290,NPHP1,0.978
CEP290,NPHP3,0.919
CEP290,NPHP4,0.976
CEP290,OFD1,0.901
CEP290,PCM1,0.956
CEP290,PCNT,0.956
CEP290,RAB8A,0.961
CEP290,RPGR,0.981
CEP290,RPGRIP1,0.951
CEP290,RPGRIP1L,0.981
CEP290,TCTN1,0.984
CEP290,TCTN2,0.979
CEP290,TCTN3,0.909
CEP290,TMEM17,0.905
CEP290,TMEM216,0.99
CEP290,TMEM231,0.978
CEP290,TMEM67,0.997
CEP350,FGFR1OP,0.977
CEP55,ECT2,0.913
CEP55,HJURP,0.921
CEP55,HMMR,0.926
CEP55,KIF11,0.997
CEP55,KIF14,0.943
CEP55,KIF20A,0.962
CEP55,KIF23,0.975
CEP55,KIF4A,0.951
CEP55,NDC80,0.914
CEP55,NEK2,0.912
CEP55,NUF2,0.947
CEP55,PDCD6IP,0.987
CEP55,PRC1,0.904
CEP55,RACGAP1,0.958
CEP55,RRM2,0.945
CEP55,TOP2A,0.928
CEP55,TPX2,0.944
CEP55,TSG101,0.999
CEP55,VPS28,0.914
CEP83,CEP89,0.993
CEP83,FBF1,0.994
CEP83,SCLT1,0.999
CEP89,FBF1,0.983
CEP89,SCLT1,0.996
CETN2,CETN3,0.967
CETN2,DCLRE1C,0.905
CETN2,DDB1,0.905
CETN2,DDB2,0.917
CETN2,ENY2,0.999
CETN2,ERCC1,0.971
CETN2,ERCC4,0.937
CETN2,ERCC5,0.939
CETN2,ERCC8,0.943
CETN2,KDM1A,0.91
CETN2,LIG4,0.914
CETN2,MAD1L1,0.905
CETN2,MAD2L1,0.906
CETN2,MCM3AP,0.998
CETN2,MSH2,0.917
CETN2,MSH6,0.917
CETN2,NHEJ1,0.929
CETN2,NUP153,0.953
CETN2,NUP98,0.914
CETN2,PAXX,0.905
CETN2,PCID2,0.999
CETN2,PHF21A,0.907
CETN2,POLD1,0.914
CETN2,PRKDC,0.923
CETN2,RAD23A,0.985
CETN2,RAD23B,0.999
CETN2,RANBP2,0.926
CETN2,RCOR1,0.9
CETN2,SFI1,0.996
CETN2,SWSAP1,0.9
CETN2,TPR,0.926
CETN2,XPC,0.999
CETN2,XRCC4,0.919
CETN2,XRCC5,0.927
CETN2,XRCC6,0.925
CETN2,ZSWIM7,0.9
CETN3,ENY2,0.999
CETN3,MAD1L1,0.908
CETN3,MAD2L1,0.924
CETN3,MCM3AP,0.999
CETN3,NUP153,0.949
CETN3,NUP98,0.914
CETN3,PCID2,0.992
CETN3,RANBP2,0.916
CETN3,SFI1,0.982
CETN3,TPR,0.945
CFAP20,PACRG,0.915
CFAP20,TBP,0.918
CFAP410,NEK1,0.982
CFB,CFP,0.992
CFL1,CTTN,0.996
CFL1,FLNA,0.916
CFL1,HCLS1,0.995
CFL1,LIMK1,0.999
CFL1,PFN1,0.994
CFL1,RHOA,0.962
CFL1,ROCK1,0.924
CFL1,SSH1,0.998
CFL1,WASL,0.997
CFLAR,FADD,0.999
CFLAR,FAF1,0.904
CFLAR,FAS,0.997
CFLAR,ITCH,0.992
CFLAR,RIPK1,0.999
CFLAR,RIPK3,0.992
CFLAR,TICAM1,0.939
CFLAR,TNFRSF10B,0.991
CFLAR,TNFSF10,0.977
CFLAR,TRADD,0.999
CFLAR,TRAF1,0.961
CFLAR,TRAF2,0.943
CFLAR,XIAP,0.917
CFTR,DERL1,0.917
CFTR,FLNA,0.957
CFTR,GOPC,0.992
CFTR,HSP90AA1,0.986
CFTR,HSP90AB1,0.964
CFTR,HSPA4,0.925
CFTR,HSPA8,0.986
CFTR,PDZK1,0.969
CFTR,PRKAA1,0.953
CFTR,PRKAA2,0.907
CFTR,PRKAB1,0.908
CFTR,PRKAB2,0.944
CFTR,PRKACA,0.982
CFTR,PRKACB,0.976
CFTR,PRKAG1,0.922
CFTR,PRKAG2,0.905
CFTR,PRKAG3,0.901
CFTR,SLC9A3R1,0.999
CFTR,SLC9A3R2,0.975
CFTR,STUB1,0.97
CFTR,TJP1,0.964
CFTR,USP10,0.935
CFTR,VCP,0.938
CFTR,YWHAB,0.944
CFTR,YWHAG,0.914
CFTR,YWHAZ,0.917
CGN,F11R,0.992
CGN,GATA4,0.911
CGN,OCLN,0.995
CGN,RACGAP1,0.919
CGN,RHOA,0.927
CGN,TJP1,0.999
CHAD,ITGA2,0.919
CHAD,ITGB1,0.911
CHAF1A,CHAF1B,0.999
CHAF1A,RBBP4,0.999
CHAF1B,H3C1,0.918
CHAF1B,PCNA,0.933
CHAF1B,RBBP4,0.999
CHAF1B,RBBP7,0.903
CHCHD3,CHCHD6,0.999
CHCHD3,DNAJC11,0.958
CHCHD3,IMMT,0.999
CHCHD3,MICOS10,0.999
CHCHD3,MICOS13,0.998
CHCHD3,MTX1,0.94
CHCHD3,MTX2,0.984
CHCHD3,SAMM50,0.999
CHCHD3,TOMM22,0.904
CHCHD3,TOMM40,0.913
CHCHD4,GFER,0.999
CHCHD4,MICU1,0.915
CHCHD4,TIMM10,0.993
CHCHD4,TIMM13,0.942
CHCHD4,TIMM8A,0.977
CHCHD4,TIMM9,0.975
CHCHD6,DNAJC11,0.919
CHCHD6,IMMT,0.999
CHCHD6,MICOS10,0.996
CHCHD6,MICOS13,0.998
CHCHD6,MTX1,0.949
CHCHD6,MTX2,0.988
CHCHD6,SAMM50,0.972
CHD3,CHD4,0.999
CHD3,GATAD2A,0.999
CHD3,GATAD2B,0.996
CHD3,HDAC1,0.999
CHD3,HDAC2,0.999
CHD3,KDM1A,0.941
CHD3,MBD2,0.956
CHD3,MBD3,0.982
CHD3,MTA1,0.999
CHD3,MTA2,0.999
CHD3,MTA3,0.998
CHD3,RBBP4,0.999
CHD3,RBBP7,0.999
CHD3,TRIM28,0.983
CHD4,CSNK2A1,0.909
CHD4,EP300,0.933
CHD4,EZH2,0.993
CHD4,GATAD2A,0.999
CHD4,GATAD2B,0.998
CHD4,H2AZ1,0.911
CHD4,H3-3A,0.922
CHD4,H3-3B,0.994
CHD4,H3C1,0.985
CHD4,H4C1,0.927
CHD4,H4C2,0.945
CHD4,HDAC1,0.999
CHD4,HDAC2,0.999
CHD4,IKZF1,0.969
CHD4,IRF1,0.91
CHD4,KDM1A,0.99
CHD4,MBD2,0.942
CHD4,MBD3,0.994
CHD4,MCRS1,0.92
CHD4,MTA1,0.999
CHD4,MTA2,0.999
CHD4,MTA3,0.998
CHD4,RBBP4,0.999
CHD4,RBBP7,0.999
CHD4,RNF8,0.934
CHD4,SMARCA4,0.966
CHD4,SMARCC1,0.924
CHD4,TRIM27,0.903
CHD4,ZMYND8,0.946
CHD8,CTCF,0.944
CHD8,CTNNB1,0.993
CHD8,E2F6,0.902
CHD8,HCFC1,0.916
CHD8,INO80C,0.918
CHD8,KANSL1,0.926
CHD8,KAT8,0.916
CHD8,KMT2A,0.946
CHD8,LAS1L,0.914
CHD8,MAX,0.903
CHD8,MCRS1,0.907
CHD8,MGA,0.909
CHD8,PELP1,0.91
CHD8,PHF20,0.919
CHD8,PRPF31,0.904
CHD8,RBBP5,0.981
CHD8,RNF2,0.916
CHD8,RUVBL1,0.942
CHD8,RUVBL2,0.938
CHD8,SENP3,0.908
CHD8,TAF1,0.964
CHD8,TAF4,0.91
CHD8,TAF6,0.921
CHD8,TAF7,0.904
CHD8,TAF9,0.927
CHD8,TEX10,0.908
CHD8,WDR5,0.992
CHEK1,CHEK2,0.971
CHEK1,CUL1,0.9
CHEK1,DBF4,0.921
CHEK1,DDB1,0.902
CHEK1,DTL,0.931
CHEK1,EXO1,0.973
CHEK1,FANCD2,0.958
CHEK1,HUS1,0.96
CHEK1,MAD2L1,0.927
CHEK1,MCM3,0.95
CHEK1,MCM4,0.978
CHEK1,MCM6,0.901
CHEK1,MCM7,0.906
CHEK1,MDC1,0.94
CHEK1,PPP2R2A,0.907
CHEK1,PRKDC,0.928
CHEK1,RAD17,0.982
CHEK1,RAD51,0.998
CHEK1,RAD9A,0.963
CHEK1,RBBP8,0.902
CHEK1,RFC4,0.942
CHEK1,RPA2,0.925
CHEK1,TIMELESS,0.993
CHEK1,TIPIN,0.948
CHEK1,TOPBP1,0.989
CHEK1,TP53,0.997
CHEK1,TP53BP1,0.992
CHEK1,USP7,0.9
CHEK1,XRCC6,0.913
CHEK2,DBF4,0.912
CHEK2,H2AX,0.957
CHEK2,MCM4,0.927
CHEK2,MDC1,0.99
CHEK2,MDM2,0.983
CHEK2,MDM4,0.92
CHEK2,MRE11,0.9
CHEK2,MSH2,0.934
CHEK2,MUS81,0.906
CHEK2,NBN,0.935
CHEK2,PALB2,0.921
CHEK2,PLK1,0.9
CHEK2,PPM1D,0.918
CHEK2,PRKDC,0.937
CHEK2,RAD51,0.93
CHEK2,RAD9A,0.981
CHEK2,TP53,0.999
CHEK2,TP53BP1,0.996
CHERP,DHX15,0.968
CHERP,PHF5A,0.909
CHERP,RBM17,0.992
CHERP,SF1,0.913
CHERP,SF3A2,0.96
CHERP,U2SURP,0.995
CHI3L1,IL13RA2,0.984
CHM,RAB1A,0.949
CHM,RAB27A,0.935
CHM,RAB3A,0.935
CHM,RAB7A,0.947
CHM,RABGGTA,0.985
CHMP1A,CHMP1B,0.991
CHMP1A,CHMP2A,0.999
CHMP1A,CHMP2B,0.996
CHMP1A,CHMP3,0.998
CHMP1A,CHMP4A,0.983
CHMP1A,CHMP4B,0.922
CHMP1A,CHMP4C,0.986
CHMP1A,CHMP5,0.994
CHMP1A,CHMP6,0.993
CHMP1A,IST1,0.999
CHMP1A,MLKL,0.946
CHMP1A,STAMBP,0.962
CHMP1A,VPS25,0.951
CHMP1B,CHMP2A,0.997
CHMP1B,CHMP2B,0.994
CHMP1B,CHMP3,0.999
CHMP1B,CHMP4A,0.971
CHMP1B,CHMP4B,0.994
CHMP1B,CHMP4C,0.968
CHMP1B,CHMP5,0.994
CHMP1B,CHMP6,0.99
CHMP1B,HGS,0.949
CHMP1B,IST1,0.999
CHMP1B,MLKL,0.944
CHMP1B,MVB12B,0.922
CHMP1B,SNF8,0.952
CHMP1B,SPAST,0.999
CHMP1B,STAM,0.934
CHMP1B,STAM2,0.908
CHMP1B,STAMBP,0.987
CHMP1B,TSG101,0.962
CHMP1B,VPS25,0.972
CHMP1B,VPS28,0.975
CHMP1B,VPS36,0.969
CHMP1B,VPS37A,0.938
CHMP1B,VPS37B,0.957
CHMP1B,VPS37C,0.918
CHMP1B,VPS37D,0.929
CHMP2A,CHMP2B,0.987
CHMP2A,CHMP3,0.999
CHMP2A,CHMP4A,0.999
CHMP2A,CHMP4B,0.996
CHMP2A,CHMP4C,0.99
CHMP2A,CHMP5,0.996
CHMP2A,CHMP6,0.999
CHMP2A,HGS,0.971
CHMP2A,IST1,0.986
CHMP2A,MLKL,0.92
CHMP2A,MVB12B,0.945
CHMP2A,PDCD6IP,0.911
CHMP2A,SNF8,0.98
CHMP2A,STAM,0.957
CHMP2A,STAMBP,0.978
CHMP2A,TSG101,0.988
CHMP2A,VPS25,0.996
CHMP2A,VPS28,0.985
CHMP2A,VPS36,0.99
CHMP2A,VPS37A,0.978
CHMP2A,VPS37B,0.955
CHMP2A,VPS37C,0.957
CHMP2A,VPS37D,0.94
CHMP2B,CHMP3,0.996
CHMP2B,CHMP4A,0.991
CHMP2B,CHMP4B,0.989
CHMP2B,CHMP4C,0.931
CHMP2B,CHMP5,0.904
CHMP2B,CHMP6,0.978
CHMP2B,HGS,0.923
CHMP2B,MLKL,0.907
CHMP2B,MVB12B,0.923
CHMP2B,SNF8,0.933
CHMP2B,STAM,0.949
CHMP2B,TSG101,0.953
CHMP2B,VPS25,0.961
CHMP2B,VPS28,0.949
CHMP2B,VPS36,0.939
CHMP2B,VPS37A,0.947
CHMP2B,VPS37B,0.95
CHMP2B,VPS37C,0.936
CHMP2B,VPS37D,0.931
CHMP3,CHMP4A,0.999
CHMP3,CHMP4B,0.998
CHMP3,CHMP4C,0.982
CHMP3,CHMP5,0.997
CHMP3,CHMP6,0.999
CHMP3,HGS,0.976
CHMP3,IST1,0.99
CHMP3,MLKL,0.945
CHMP3,MVB12B,0.946
CHMP3,SNF8,0.979
CHMP3,STAM,0.962
CHMP3,STAM2,0.939
CHMP3,STAMBP,0.998
CHMP3,TSG101,0.988
CHMP3,VPS25,0.993
CHMP3,VPS28,0.986
CHMP3,VPS36,0.99
CHMP3,VPS37A,0.962
CHMP3,VPS37B,0.964
CHMP3,VPS37C,0.94
CHMP3,VPS37D,0.943
CHMP4A,CHMP4B,0.946
CHMP4A,CHMP4C,0.926
CHMP4A,CHMP6,0.998
CHMP4A,HGS,0.955
CHMP4A,IST1,0.928
CHMP4A,MLKL,0.909
CHMP4A,MVB12B,0.929
CHMP4A,PDCD6IP,0.999
CHMP4A,SNF8,0.956
CHMP4A,STAM,0.973
CHMP4A,TSG101,0.991
CHMP4A,VPS25,0.968
CHMP4A,VPS28,0.964
CHMP4A,VPS36,0.959
CHMP4A,VPS37A,0.956
CHMP4A,VPS37B,0.944
CHMP4A,VPS37C,0.933
CHMP4A,VPS37D,0.927
CHMP4B,CHMP4C,0.973
CHMP4B,CHMP5,0.972
CHMP4B,CHMP6,0.995
CHMP4B,HGS,0.954
CHMP4B,IST1,0.917
CHMP4B,MLKL,0.901
CHMP4B,MVB12B,0.915
CHMP4B,PDCD6IP,0.998
CHMP4B,SNF8,0.967
CHMP4B,STAM,0.924
CHMP4B,TSG101,0.968
CHMP4B,VPS25,0.974
CHMP4B,VPS28,0.943
CHMP4B,VPS36,0.961
CHMP4B,VPS37A,0.931
CHMP4B,VPS37B,0.937
CHMP4B,VPS37C,0.932
CHMP4B,VPS37D,0.93
CHMP4C,CHMP5,0.992
CHMP4C,CHMP6,0.941
CHMP4C,IST1,0.947
CHMP4C,MLKL,0.942
CHMP4C,PDCD6IP,0.999
CHMP4C,SNF8,0.909
CHMP4C,TSG101,0.933
CHMP4C,VPS25,0.957
CHMP5,CHMP6,0.997
CHMP5,IST1,0.998
CHMP5,MLKL,0.908
CHMP5,TSG101,0.927
CHMP5,VPS25,0.902
CHMP5,VPS28,0.92
CHMP6,HGS,0.978
CHMP6,IST1,0.993
CHMP6,MLKL,0.906
CHMP6,MVB12B,0.951
CHMP6,PDCD6IP,0.9
CHMP6,SNF8,0.999
CHMP6,STAM,0.964
CHMP6,TSG101,0.996
CHMP6,VPS25,0.999
CHMP6,VPS28,0.998
CHMP6,VPS36,0.999
CHMP6,VPS37A,0.956
CHMP6,VPS37B,0.957
CHMP6,VPS37C,0.951
CHMP6,VPS37D,0.931
CHRAC1,CRCP,0.917
CHRAC1,MAD2L2,0.9
CHRAC1,NFYB,0.924
CHRAC1,POLA1,0.906
CHRAC1,POLA2,0.92
CHRAC1,POLD1,0.906
CHRAC1,POLD2,0.901
CHRAC1,POLD3,0.902
CHRAC1,POLE,0.957
CHRAC1,POLE2,0.963
CHRAC1,POLE3,0.999
CHRAC1,POLE4,0.921
CHRAC1,PRIM1,0.907
CHRAC1,PRIM2,0.901
CHRAC1,REV3L,0.905
CHRAC1,SMARCA1,0.982
CHRAC1,SMARCA5,0.997
CHRM1,CHRM2,0.908
CHRM1,CHRM3,0.91
CHRM1,CHRM5,0.905
CHRM1,F2R,0.907
CHRM1,GNA11,0.92
CHRM1,GNAQ,0.963
CHRM1,GNG12,0.911
CHRM1,GRM5,0.95
CHRM1,LPAR1,0.916
CHRM1,LPAR2,0.9
CHRM1,LPAR3,0.908
CHRM1,LPAR5,0.901
CHRM2,F2R,0.919
CHRM2,GNG12,0.913
CHRM2,LPAR1,0.91
CHRM2,LPAR2,0.9
CHRM2,LPAR3,0.9
CHRM2,LPAR5,0.905
CHRM3,CHRM5,0.933
CHRM3,GNA11,0.908
CHRM3,GNAQ,0.95
CHRM3,GNG12,0.91
CHRM3,GRM5,0.929
CHRM4,GNG12,0.91
CHRM5,GNA11,0.902
CHRM5,GNAQ,0.91
CHRM5,GNG12,0.903
CHRM5,GRM5,0.946
CHRNA10,CHRNA9,0.934
CHRNA2,CHRNA3,0.915
CHRNA2,CHRNA4,0.939
CHRNA2,CHRNA7,0.93
CHRNA2,CHRNA9,0.916
CHRNA2,CHRNB2,0.948
CHRNA2,CHRNB4,0.918
CHRNA3,CHRNA4,0.915
CHRNA3,CHRNA5,0.98
CHRNA3,CHRNA7,0.918
CHRNA3,CHRNA9,0.942
CHRNA3,CHRNB2,0.962
CHRNA3,CHRNB4,0.998
CHRNA3,JAK2,0.902
CHRNA3,PSMA4,0.939
CHRNA4,CHRNA7,0.925
CHRNA4,CHRNA9,0.916
CHRNA4,CHRNB2,0.994
CHRNA4,CHRNB4,0.92
CHRNA4,JAK2,0.903
CHRNA4,KCNQ2,0.924
CHRNA5,CHRNB4,0.919
CHRNA5,PSMA4,0.946
CHRNA7,CHRNA9,0.919
CHRNA7,CHRNB2,0.923
CHRNA7,CHRNB4,0.924
CHRNA9,CHRNB2,0.919
CHRNA9,CHRNB4,0.92
CHRNB2,CHRNB4,0.91
CHRNB2,JAK2,0.9
CHRNB4,JAK2,0.9
CHRNB4,PSMA4,0.938
CHTF18,CHTF8,0.999
CHTF18,DDX11,0.927
CHTF18,DSCC1,0.999
CHTF18,ESCO1,0.964
CHTF18,MCM2,0.91
CHTF18,PCNA,0.95
CHTF18,PDS5A,0.943
CHTF18,POLA1,0.967
CHTF18,POLD1,0.955
CHTF18,POLE,0.99
CHTF18,POLE2,0.934
CHTF18,RAD17,0.961
CHTF18,RFC2,0.999
CHTF18,RFC3,0.999
CHTF18,RFC4,0.999
CHTF18,RFC5,0.999
CHTF18,SMC3,0.947
CHTF18,WDHD1,0.967
CHTF8,DSCC1,0.999
CHTF8,ESCO1,0.904
CHTF8,RFC2,0.999
CHTF8,RFC3,0.997
CHTF8,RFC4,0.997
CHTF8,RFC5,0.999
CHTF8,SMC3,0.936
CHTOP,DDX39A,0.911
CHTOP,DDX39B,0.999
CHTOP,EIF4A3,0.929
CHTOP,ERH,0.943
CHTOP,MAGOH,0.92
CHTOP,SARNP,0.998
CHTOP,THOC1,0.988
CHTOP,THOC2,0.987
CHTOP,THOC3,0.962
CHTOP,THOC5,0.992
CHTOP,THOC6,0.953
CHTOP,THOC7,0.982
CHUK,CYLD,0.921
CHUK,ERC1,0.996
CHUK,FKBP5,0.949
CHUK,FOXO1,0.936
CHUK,FOXO3,0.957
CHUK,FOXO4,0.92
CHUK,GPR83,0.9
CHUK,HSP90AA1,0.992
CHUK,HSP90AB1,0.979
CHUK,IKBKB,0.999
CHUK,IKBKE,0.954
CHUK,IKBKG,0.999
CHUK,IRAK1,0.999
CHUK,IRAK4,0.99
CHUK,IRF7,0.993
CHUK,IRS1,0.953
CHUK,IRS2,0.919
CHUK,IRS4,0.906
CHUK,MALT1,0.968
CHUK,MAP3K1,0.971
CHUK,MAP3K14,0.997
CHUK,MAP3K3,0.961
CHUK,MAP3K7,0.994
CHUK,MAP3K8,0.96
CHUK,MAVS,0.994
CHUK,MTOR,0.973
CHUK,MYD88,0.985
CHUK,NFKB1,0.999
CHUK,NFKB2,0.998
CHUK,NFKBIA,0.999
CHUK,NFKBIB,0.997
CHUK,NFKBIE,0.978
CHUK,PDPK1,0.922
CHUK,PRKCQ,0.969
CHUK,PTEN,0.964
CHUK,REL,0.967
CHUK,RELA,0.999
CHUK,RELB,0.995
CHUK,RIPK1,0.998
CHUK,RIPK2,0.943
CHUK,SMAD2,0.922
CHUK,TAB1,0.993
CHUK,TAB2,0.991
CHUK,TAB3,0.973
CHUK,TBK1,0.964
CHUK,TNF,0.999
CHUK,TNFRSF1A,0.999
CHUK,TP53,0.914
CHUK,TRADD,0.984
CHUK,TRAF2,0.995
CHUK,TRAF3,0.998
CHUK,TRAF6,0.999
CIAO1,CIAO2B,0.999
CIAO1,CIAO3,0.998
CIAO1,ERCC2,0.986
CIAO1,MMS19,0.999
CIAO1,NUBP1,0.969
CIAO1,SLC25A5,0.993
CIAO2B,CIAO3,0.994
CIAO2B,ERCC2,0.989
CIAO2B,MMS19,0.999
CIAO2B,SLC25A5,0.994
CIAO3,MMS19,0.998
CIAO3,NUBP1,0.959
CIAO3,NUBP2,0.902
CIB1,CRY2,0.996
CIB1,ITGA2B,0.983
CIB1,PSEN2,0.956
CITED1,EP300,0.975
CKAP5,MAD2L1,0.911
CKAP5,MAPRE1,0.954
CKAP5,MAPRE3,0.948
CKAP5,NDC80,0.994
CKAP5,NUF2,0.947
CKAP5,PLK1,0.917
CKAP5,TACC1,0.985
CKAP5,TACC2,0.975
CKAP5,TACC3,0.999
CKS1B,CUL1,0.998
CKS1B,ESPL1,0.926
CKS1B,RBX1,0.988
CKS1B,RPS27A,0.906
CKS1B,SKP1,0.999
CKS1B,SKP2,0.999
CKS1B,UBA52,0.909
CKS1B,UBB,0.91
CLCF1,CNTF,0.952
CLCF1,CNTFR,0.994
CLCF1,CRLF1,0.999
CLCF1,IL6ST,0.959
CLCF1,LIFR,0.982
CLDN1,F11R,0.991
CLDN1,OCLN,0.999
CLDN1,PATJ,0.964
CLDN1,TJP1,0.999
CLDN11,OCLN,0.958
CLDN11,TJP1,0.981
CLDN7,EPCAM,0.993
CLDN7,F11R,0.982
CLDN7,OCLN,0.999
CLDN7,PATJ,0.902
CLDN7,TACSTD2,0.966
CLDN7,TJP1,0.999
CLEC4E,FCER1G,0.999
CLEC4E,SF3B3,0.947
CLEC4E,SYK,0.995
CLEC4E,TYROBP,0.932
CLEC4M,KSR1,0.902
CLEC4M,RHOA,0.908
CLEC5A,TYROBP,0.997
CLIC5,EZR,0.974
CLIC5,RDX,0.954
CLIP1,DCTN1,0.999
CLIP1,IQGAP1,0.999
CLIP1,MAPRE1,0.989
CLIP1,MAPRE3,0.951
CLIP1,MTOR,0.946
CLIP1,PAFAH1B1,0.929
CLIP1,PLK1,0.902
CLIP1,TUBA1A,0.972
CLIP1,TUBA1B,0.927
CLN3,DNAJC5,0.914
CLN3,HOOK1,0.936
CLNS1A,ERH,0.916
CLNS1A,LSM10,0.932
CLNS1A,LSM6,0.927
CLNS1A,PRMT1,0.926
CLNS1A,PRMT5,0.999
CLNS1A,SMN1,0.926
CLNS1A,SNRPB,0.994
CLNS1A,SNRPD1,0.999
CLNS1A,SNRPD2,0.998
CLNS1A,SNRPD3,0.997
CLNS1A,SNRPE,0.989
CLNS1A,SNRPF,0.987
CLNS1A,SNRPG,0.983
CLNS1A,WDR77,0.999
CLOCK,CREBBP,0.976
CLOCK,CRY1,0.999
CLOCK,CRY2,0.999
CLOCK,CSNK1E,0.994
CLOCK,EP300,0.994
CLOCK,FBXL3,0.931
CLOCK,NPAS2,0.998
CLOCK,NR1D1,0.975
CLOCK,PER1,0.913
CLOCK,PER2,0.991
CLOCK,RORA,0.923
CLOCK,SIRT1,0.999
CLOCK,TIMELESS,0.954
CLP1,CPSF1,0.925
CLP1,CPSF4,0.933
CLP1,CPSF6,0.936
CLP1,CSTF2,0.977
CLP1,CSTF3,0.904
CLP1,DICER1,0.903
CLP1,FIP1L1,0.923
CLP1,GTF3C3,0.959
CLP1,HSD17B10,0.902
CLP1,PCF11,0.999
CLP1,POP1,0.903
CLP1,POP4,0.904
CLP1,POP5,0.9
CLP1,POP7,0.91
CLP1,PRORP,0.9
CLP1,RPP14,0.901
CLP1,RPP21,0.9
CLP1,RPP25,0.9
CLP1,RPP30,0.905
CLP1,RPP38,0.908
CLP1,RPP40,0.903
CLP1,TARBP2,0.922
CLP1,TSEN15,0.979
CLP1,TSEN2,0.99
CLP1,TSEN34,0.969
CLP1,TSEN54,0.974
CLPP,CLPX,0.999
CLPP,GRPEL1,0.924
CLPP,HSPD1,0.921
CLPS,LIPF,0.945
CLPS,PNLIP,0.999
CLPX,YME1L1,0.963
CLRN1,MYO7A,0.951
CLRN1,USH1C,0.909
CLTA,CLTC,0.999
CLTA,EHD2,0.925
CLTA,HIP1,0.913
CLTA,HTT,0.91
CLTA,KCNQ5,0.9
CLTA,PICALM,0.922
CLTC,DNM1,0.941
CLTC,DNM2,0.911
CLTC,EHD2,0.945
CLTC,EPN1,0.929
CLTC,EPS15,0.974
CLTC,GAK,0.998
CLTC,GGA1,0.911
CLTC,GGA2,0.908
CLTC,HGS,0.928
CLTC,HIP1,0.98
CLTC,HIP1R,0.95
CLTC,HTT,0.941
CLTC,ITSN1,0.912
CLTC,KCNQ5,0.904
CLTC,OCRL,0.949
CLTC,PICALM,0.971
CLTC,SNAP91,0.948
CLTC,SYNJ1,0.928
CLTC,TNK2,0.91
CLTRN,SLC6A19,0.957
CLU,LRP2,0.994
CLU,LTF,0.993
CLU,PICALM,0.923
CLU,TREM2,0.985
CLU,VTN,0.962
CLU,XRCC6,0.973
CLUAP1,HSPB11,0.986
CLUAP1,IFT172,0.998
CLUAP1,IFT20,0.995
CLUAP1,IFT22,0.991
CLUAP1,IFT27,0.992
CLUAP1,IFT46,0.995
CLUAP1,IFT52,0.999
CLUAP1,IFT57,0.999
CLUAP1,IFT74,0.971
CLUAP1,IFT80,0.999
CLUAP1,IFT81,0.991
CLUAP1,IFT88,0.999
CLUAP1,TRAF3IP1,0.999
CLUAP1,TTC26,0.992
CLUAP1,TTC30B,0.991
CNIH2,GRIA1,0.995
CNIH2,GRIA2,0.99
CNIH2,GRIA3,0.97
CNIH2,GRIA4,0.94
CNIH2,SHISA9,0.949
CNIH3,GRIA1,0.958
CNIH3,GRIA2,0.981
CNIH3,GRIA3,0.953
CNIH3,GRIA4,0.919
CNIH4,GRIA1,0.916
CNKSR1,KSR1,0.941
CNKSR1,RASSF1,0.915
CNOT1,CNOT10,0.999
CNOT1,CNOT11,0.999
CNOT1,CNOT2,0.999
CNOT1,CNOT3,0.999
CNOT1,CNOT6,0.999
CNOT1,CNOT6L,0.999
CNOT1,CNOT7,0.999
CNOT1,CNOT8,0.999
CNOT1,CNOT9,0.999
CNOT1,DDX6,0.999
CNOT1,EIF4ENIF1,0.941
CNOT1,NANOS2,0.971
CNOT1,RC3H1,0.935
CNOT1,TNKS1BP1,0.985
CNOT1,TOB1,0.984
CNOT1,ZFP36,0.983
CNOT10,CNOT11,0.999
CNOT10,CNOT2,0.999
CNOT10,CNOT3,0.999
CNOT10,CNOT6,0.999
CNOT10,CNOT6L,0.998
CNOT10,CNOT7,0.999
CNOT10,CNOT8,0.996
CNOT10,CNOT9,0.999
CNOT10,TNKS1BP1,0.99
CNOT10,TOB1,0.98
CNOT11,CNOT2,0.999
CNOT11,CNOT3,0.999
CNOT11,CNOT6,0.998
CNOT11,CNOT6L,0.997
CNOT11,CNOT7,0.997
CNOT11,CNOT8,0.995
CNOT11,CNOT9,0.999
CNOT11,TNKS1BP1,0.994
CNOT11,TOB1,0.979
CNOT2,CNOT3,0.999
CNOT2,CNOT6,0.999
CNOT2,CNOT6L,0.999
CNOT2,CNOT7,0.999
CNOT2,CNOT8,0.999
CNOT2,CNOT9,0.999
CNOT2,TNKS1BP1,0.988
CNOT2,TOB1,0.978
CNOT3,CNOT6,0.999
CNOT3,CNOT6L,0.999
CNOT3,CNOT7,0.999
CNOT3,CNOT8,0.999
CNOT3,CNOT9,0.999
CNOT3,DDX6,0.958
CNOT3,NANOS2,0.902
CNOT3,TNKS1BP1,0.989
CNOT3,TOB1,0.98
CNOT6,CNOT6L,0.999
CNOT6,CNOT7,0.999
CNOT6,CNOT8,0.999
CNOT6,CNOT9,0.999
CNOT6,TNKS1BP1,0.965
CNOT6,TOB1,0.977
CNOT6,ZNF335,0.9
CNOT6L,CNOT7,0.999
CNOT6L,CNOT8,0.999
CNOT6L,CNOT9,0.999
CNOT6L,TNKS1BP1,0.991
CNOT6L,TOB1,0.983
CNOT7,CNOT8,0.993
CNOT7,CNOT9,0.999
CNOT7,DCP2,0.997
CNOT7,DDX6,0.963
CNOT7,TNKS1BP1,0.994
CNOT7,TOB1,0.999
CNOT8,CNOT9,0.999
CNOT8,DDX6,0.93
CNOT8,TNKS1BP1,0.941
CNOT8,TOB1,0.987
CNOT9,MTREX,0.97
CNOT9,TNKS1BP1,0.986
CNOT9,TOB1,0.979
CNPY3,HSP90B1,0.955
CNR1,CNR2,0.981
CNR1,DRD2,0.99
CNR1,GNAI1,0.995
CNR1,GNAI2,0.993
CNR1,GNAI3,0.933
CNR1,GNB1,0.943
CNR1,GNG2,0.94
CNR1,GPR55,0.983
CNR2,GNAI1,0.909
CNR2,GNB1,0.921
CNR2,ZC3H12D,0.91
CNTF,CNTFR,0.999
CNTF,CSF3,0.936
CNTF,EPO,0.939
CNTF,GDNF,0.914
CNTF,GH1,0.907
CNTF,IL11,0.927
CNTF,IL6R,0.978
CNTF,IL6ST,0.996
CNTF,LEP,0.967
CNTF,LIF,0.945
CNTF,LIFR,0.999
CNTF,OSMR,0.928
CNTF,THPO,0.916
CNTFR,IL11,0.937
CNTFR,IL6,0.908
CNTFR,IL6R,0.91
CNTFR,IL6ST,0.986
CNTFR,LIF,0.938
CNTFR,LIFR,0.999
CNTN1,CNTNAP1,0.999
CNTN1,L1CAM,0.945
CNTN1,NFASC,0.998
CNTN1,NRCAM,0.969
CNTNAP1,KCNA2,0.9
CNTNAP1,NFASC,0.999
CNTNAP2,KCNA1,0.979
CNTNAP2,KCNA2,0.983
CNTNAP2,LGI1,0.994
CNTRL,NIN,0.992
CNTRL,ODF2,0.983
COA1,MT-ND2,0.92
COA3,COX14,0.996
COA3,SURF1,0.92
COG1,COG2,0.999
COG1,COG3,0.999
COG1,COG4,0.999
COG1,COG5,0.999
COG1,COG6,0.999
COG1,COG7,0.999
COG1,COG8,0.999
COG2,COG3,0.999
COG2,COG4,0.999
COG2,COG5,0.999
COG2,COG6,0.999
COG2,COG7,0.999
COG2,COG8,0.999
COG3,COG4,0.999
COG3,COG5,0.999
COG3,COG6,0.999
COG3,COG7,0.999
COG3,COG8,0.999
COG3,COPB1,0.927
COG3,GOSR2,0.909
COG3,VPS52,0.918
COG4,COG5,0.999
COG4,COG6,0.999
COG4,COG7,0.999
COG4,COG8,0.999
COG4,SCFD1,0.966
COG4,STX5,0.978
COG4,VPS53,0.914
COG5,COG6,0.999
COG5,COG7,0.999
COG5,COG8,0.999
COG6,COG7,0.999
COG6,COG8,0.999
COG6,SNAP29,0.905
COG6,STX6,0.914
COG7,COG8,0.999
COG8,STX16,0.929
COG8,STX5,0.914
COIL,FBL,0.947
COIL,NOLC1,0.976
COIL,SMN1,0.97
COIL,SNRPB,0.911
COL18A1,DR1,0.959
COL18A1,KDR,0.96
COL18A1,MMP2,0.96
COL18A1,MMP9,0.92
COL18A1,NCL,0.966
COL1A1,COL3A1,0.999
COL1A1,COL6A3,0.974
COL1A1,CRTAP,0.971
COL1A1,DCN,0.923
COL1A1,FBN1,0.929
COL1A1,FN1,0.974
COL1A1,GP6,0.943
COL1A1,ITGA2,0.983
COL1A1,ITGA5,0.944
COL1A1,ITGB1,0.984
COL1A1,ITGB3,0.932
COL1A1,P3H1,0.945
COL1A1,RUNX2,0.955
COL1A1,SERPINH1,0.921
COL1A1,SPARC,0.968
COL3A1,COL6A3,0.952
COL3A1,DCN,0.935
COL3A1,FBN1,0.97
COL3A1,FN1,0.928
COL3A1,GP6,0.936
COL3A1,ITGA2,0.976
COL3A1,ITGB1,0.942
COL3A1,SPARC,0.911
COL4A1,GP6,0.906
COL4A1,ITGA1,0.923
COL4A3,GP6,0.903
COL6A3,GP6,0.913
COLGALT1,PLOD1,0.965
COLGALT1,PLOD2,0.945
COLGALT1,PLOD3,0.982
COLQ,DOK7,0.942
COLQ,MUSK,0.985
COMMD1,COMMD10,0.98
COMMD1,COMMD2,0.974
COMMD1,COMMD3,0.966
COMMD1,COMMD4,0.976
COMMD1,COMMD5,0.974
COMMD1,COMMD6,0.995
COMMD1,COMMD7,0.966
COMMD1,COMMD8,0.958
COMMD1,COMMD9,0.977
COMMD1,CUL2,0.999
COMMD1,ELOB,0.929
COMMD1,ELOC,0.955
COMMD1,FEM1A,0.9
COMMD1,KAT2A,0.986
COMMD1,KAT2B,0.948
COMMD1,PRAME,0.9
COMMD1,RBX1,0.93
COMMD1,RELA,0.969
COMMD1,SOCS1,0.958
COMMD1,VPS35L,0.988
COMMD1,ZER1,0.9
COMMD1,ZYG11B,0.901
COMMD10,COMMD2,0.987
COMMD10,COMMD3,0.971
COMMD10,COMMD4,0.957
COMMD10,COMMD5,0.979
COMMD10,COMMD6,0.978
COMMD10,COMMD7,0.976
COMMD10,COMMD8,0.97
COMMD10,COMMD9,0.976
COMMD2,COMMD3,0.989
COMMD2,COMMD4,0.987
COMMD2,COMMD5,0.98
COMMD2,COMMD6,0.972
COMMD2,COMMD7,0.967
COMMD2,COMMD8,0.972
COMMD2,COMMD9,0.974
COMMD2,VPS35L,0.913
COMMD3,COMMD4,0.978
COMMD3,COMMD5,0.949
COMMD3,COMMD6,0.975
COMMD3,COMMD7,0.954
COMMD3,COMMD8,0.955
COMMD3,COMMD9,0.971
COMMD3,VPS35L,0.909
COMMD4,COMMD5,0.969
COMMD4,COMMD6,0.968
COMMD4,COMMD7,0.951
COMMD4,COMMD8,0.968
COMMD4,COMMD9,0.976
COMMD4,VPS35L,0.908
COMMD5,COMMD6,0.954
COMMD5,COMMD7,0.938
COMMD5,COMMD8,0.962
COMMD5,COMMD9,0.95
COMMD5,FAU,0.967
COMMD6,COMMD7,0.955
COMMD6,COMMD8,0.955
COMMD6,COMMD9,0.999
COMMD6,VPS35L,0.95
COMMD7,COMMD8,0.954
COMMD8,COMMD9,0.955
COMMD9,VPS29,0.926
COMT,CYP1B1,0.971
COMT,DDC,0.981
COMT,DRD2,0.924
COMT,DRD4,0.942
COMT,MAOA,0.996
COMT,MAOB,0.996
COMT,SLC6A3,0.917
COMT,SLC6A4,0.943
COP1,CRBN,0.901
COP1,CUL4A,0.993
COP1,CUL4B,0.966
COP1,DCAF1,0.919
COP1,DCAF7,0.9
COP1,DDB1,0.995
COP1,DDB2,0.951
COP1,DET1,0.997
COP1,DTL,0.913
COP1,ERCC8,0.914
COP1,RBX1,0.987
COP1,TP53,0.961
COP1,TRIB3,0.903
COPA,COPB1,0.999
COPA,COPB2,0.999
COPA,COPE,0.999
COPA,COPG1,0.998
COPA,COPZ1,0.999
COPA,SCYL1,0.955
COPA,TMED10,0.91
COPB1,COPB2,0.999
COPB1,COPE,0.999
COPB1,COPG1,0.999
COPB1,COPZ1,0.999
COPB1,LMAN1,0.92
COPB1,TMED10,0.909
COPB2,COPE,0.999
COPB2,COPG1,0.999
COPB2,COPZ1,0.999
COPB2,EPRS1,0.967
COPB2,SCYL1,0.948
COPB2,TMED10,0.932
COPE,COPG1,0.996
COPE,COPZ1,0.999
COPE,SCYL1,0.906
COPE,SEC13,0.912
COPG1,COPZ1,0.998
COPG1,TMED10,0.914
COPRS,PRMT5,0.989
COPRS,WDR77,0.925
COPS2,COPS3,0.999
COPS2,COPS4,0.999
COPS2,COPS5,0.999
COPS2,COPS6,0.999
COPS2,COPS7A,0.999
COPS2,COPS8,0.999
COPS2,CUL1,0.91
COPS2,CUL2,0.989
COPS2,CUL3,0.932
COPS2,CUL4A,0.988
COPS2,CUL4B,0.945
COPS2,DDB1,0.944
COPS2,DDB2,0.969
COPS2,GPS1,0.999
COPS2,GRB2,0.902
COPS2,NEDD8,0.956
COPS2,PLCG1,0.912
COPS2,RBX1,0.99
COPS3,COPS4,0.999
COPS3,COPS5,0.999
COPS3,COPS6,0.999
COPS3,COPS7A,0.999
COPS3,COPS8,0.999
COPS3,CUL2,0.965
COPS3,CUL4A,0.949
COPS3,CUL4B,0.943
COPS3,DDB1,0.932
COPS3,DDB2,0.917
COPS3,GPS1,0.999
COPS3,GRB2,0.914
COPS3,NEDD8,0.964
COPS3,PLCG1,0.911
COPS3,RBX1,0.957
COPS3,VHL,0.9
COPS4,COPS5,0.999
COPS4,COPS6,0.999
COPS4,COPS7A,0.999
COPS4,COPS8,0.999
COPS4,CUL1,0.937
COPS4,CUL2,0.946
COPS4,CUL3,0.91
COPS4,CUL4A,0.963
COPS4,CUL4B,0.954
COPS4,DDB1,0.94
COPS4,DDB2,0.949
COPS4,GPS1,0.999
COPS4,GRB2,0.903
COPS4,NEDD8,0.981
COPS4,PLCG1,0.909
COPS4,RBX1,0.993
COPS5,COPS6,0.999
COPS5,COPS7A,0.999
COPS5,COPS8,0.999
COPS5,CUL1,0.995
COPS5,CUL2,0.987
COPS5,CUL3,0.977
COPS5,CUL4A,0.985
COPS5,CUL4B,0.975
COPS5,DDB1,0.963
COPS5,DDB2,0.962
COPS5,EIF3D,0.941
COPS5,EIF3E,0.93
COPS5,EIF3F,0.972
COPS5,EIF3H,0.938
COPS5,EIF3K,0.924
COPS5,EIF3M,0.914
COPS5,ELOC,0.96
COPS5,GPS1,0.999
COPS5,GRB2,0.917
COPS5,HIF1A,0.921
COPS5,JUN,0.998
COPS5,MIF,0.976
COPS5,NEDD8,0.999
COPS5,PLCG1,0.901
COPS5,PSMD12,0.928
COPS5,PSMD7,0.969
COPS5,RBX1,0.983
COPS5,SMAD4,0.906
COPS5,TP53,0.977
COPS5,UBE2M,0.942
COPS5,VHL,0.958
COPS6,COPS7A,0.999
COPS6,COPS8,0.999
COPS6,CUL1,0.941
COPS6,CUL2,0.97
COPS6,CUL3,0.906
COPS6,CUL4A,0.974
COPS6,CUL4B,0.964
COPS6,DDB1,0.935
COPS6,DDB2,0.951
COPS6,GPS1,0.999
COPS6,GRB2,0.904
COPS6,NEDD8,0.995
COPS6,PLCG1,0.905
COPS6,RBX1,0.969
COPS7A,COPS8,0.999
COPS7A,CUL1,0.909
COPS7A,CUL4A,0.945
COPS7A,CUL4B,0.921
COPS7A,DDB2,0.941
COPS7A,GPS1,0.999
COPS7A,GRB2,0.9
COPS7A,PLCG1,0.906
COPS8,CUL1,0.926
COPS8,CUL2,0.95
COPS8,CUL4A,0.986
COPS8,CUL4B,0.947
COPS8,DDB1,0.934
COPS8,DDB2,0.945
COPS8,GPS1,0.999
COPS8,GRB2,0.9
COPS8,NEDD8,0.978
COPS8,PLCG1,0.904
COPS8,RBX1,0.982
COPZ1,SCYL1,0.925
COX14,SURF1,0.913
COX15,COX5A,0.941
COX15,COX6B1,0.931
COX15,CYC1,0.961
COX15,MT-CO1,0.992
COX15,MT-CO2,0.991
COX15,MT-CO3,0.994
COX15,PET117,0.914
COX15,SURF1,0.992
COX15,UQCRFS1,0.978
COX4I1,COX5A,0.999
COX4I1,COX5B,0.999
COX4I1,COX6A1,0.999
COX4I1,COX6A2,0.998
COX4I1,COX6B1,0.999
COX4I1,COX6C,0.999
COX4I1,COX7A1,0.989
COX4I1,COX7A2,0.993
COX4I1,COX7B,0.997
COX4I1,COX7C,0.999
COX4I1,COX8A,0.996
COX4I1,CYC1,0.999
COX4I1,CYCS,0.966
COX4I1,EMC8,0.965
COX4I1,MT-CO1,0.999
COX4I1,MT-CO2,0.999
COX4I1,MT-CO3,0.999
COX4I1,MT-CYB,0.986
COX4I1,MT-ND1,0.944
COX4I1,MT-ND2,0.909
COX4I1,MT-ND4,0.918
COX4I1,MT-ND5,0.915
COX4I1,MT-ND6,0.903
COX4I1,NDUFA1,0.943
COX4I1,NDUFA10,0.979
COX4I1,NDUFA11,0.937
COX4I1,NDUFA12,0.971
COX4I1,NDUFA13,0.995
COX4I1,NDUFA2,0.981
COX4I1,NDUFA3,0.94
COX4I1,NDUFA4,0.99
COX4I1,NDUFA5,0.962
COX4I1,NDUFA6,0.949
COX4I1,NDUFA7,0.926
COX4I1,NDUFA8,0.981
COX4I1,NDUFA9,0.995
COX4I1,NDUFAB1,0.936
COX4I1,NDUFB1,0.921
COX4I1,NDUFB10,0.994
COX4I1,NDUFB11,0.977
COX4I1,NDUFB3,0.936
COX4I1,NDUFB4,0.942
COX4I1,NDUFB5,0.949
COX4I1,NDUFB6,0.963
COX4I1,NDUFB7,0.967
COX4I1,NDUFB8,0.99
COX4I1,NDUFB9,0.984
COX4I1,NDUFC2,0.958
COX4I1,NDUFS1,0.965
COX4I1,NDUFS2,0.994
COX4I1,NDUFS3,0.993
COX4I1,NDUFS4,0.961
COX4I1,NDUFS5,0.954
COX4I1,NDUFS6,0.969
COX4I1,NDUFS7,0.975
COX4I1,NDUFS8,0.98
COX4I1,NDUFV1,0.976
COX4I1,NDUFV2,0.974
COX4I1,NDUFV3,0.916
COX4I1,PMPCB,0.913
COX4I1,SDHB,0.932
COX4I1,UQCR10,0.996
COX4I1,UQCR11,0.991
COX4I1,UQCRB,0.998
COX4I1,UQCRC1,0.998
COX4I1,UQCRC2,0.999
COX4I1,UQCRFS1,0.999
COX4I1,UQCRH,0.997
COX4I1,UQCRQ,0.999
COX5A,COX5B,0.999
COX5A,COX6A1,0.999
COX5A,COX6A2,0.999
COX5A,COX6B1,0.999
COX5A,COX6C,0.999
COX5A,COX7A1,0.994
COX5A,COX7A2,0.991
COX5A,COX7B,0.995
COX5A,COX7C,0.999
COX5A,COX8A,0.996
COX5A,CYC1,0.999
COX5A,CYCS,0.952
COX5A,GATC,0.97
COX5A,HIGD1A,0.906
COX5A,MT-CO1,0.999
COX5A,MT-CO2,0.999
COX5A,MT-CO3,0.999
COX5A,MT-CYB,0.988
COX5A,MT-ND1,0.907
COX5A,MT-ND5,0.9
COX5A,NDUFA1,0.934
COX5A,NDUFA10,0.981
COX5A,NDUFA11,0.921
COX5A,NDUFA12,0.997
COX5A,NDUFA13,0.986
COX5A,NDUFA2,0.972
COX5A,NDUFA3,0.911
COX5A,NDUFA4,0.997
COX5A,NDUFA5,0.985
COX5A,NDUFA6,0.987
COX5A,NDUFA7,0.959
COX5A,NDUFA8,0.989
COX5A,NDUFA9,0.991
COX5A,NDUFAB1,0.986
COX5A,NDUFB1,0.916
COX5A,NDUFB10,0.993
COX5A,NDUFB11,0.982
COX5A,NDUFB3,0.947
COX5A,NDUFB4,0.988
COX5A,NDUFB5,0.992
COX5A,NDUFB6,0.994
COX5A,NDUFB7,0.985
COX5A,NDUFB8,0.996
COX5A,NDUFB9,0.996
COX5A,NDUFC1,0.916
COX5A,NDUFC2,0.976
COX5A,NDUFS1,0.951
COX5A,NDUFS2,0.981
COX5A,NDUFS3,0.996
COX5A,NDUFS4,0.988
COX5A,NDUFS5,0.95
COX5A,NDUFS6,0.987
COX5A,NDUFS7,0.984
COX5A,NDUFS8,0.994
COX5A,NDUFV1,0.987
COX5A,NDUFV2,0.994
COX5A,NDUFV3,0.926
COX5A,PMPCA,0.917
COX5A,PMPCB,0.985
COX5A,SDHB,0.946
COX5A,SDHD,0.917
COX5A,TRIR,0.976
COX5A,UQCR10,0.999
COX5A,UQCR11,0.998
COX5A,UQCRB,0.999
COX5A,UQCRC1,0.999
COX5A,UQCRC2,0.999
COX5A,UQCRFS1,0.999
COX5A,UQCRH,0.995
COX5A,UQCRQ,0.999
COX5B,COX6A1,0.999
COX5B,COX6A2,0.999
COX5B,COX6B1,0.999
COX5B,COX6C,0.999
COX5B,COX7A1,0.996
COX5B,COX7A2,0.997
COX5B,COX7B,0.999
COX5B,COX7C,0.999
COX5B,COX8A,0.999
COX5B,CYC1,0.999
COX5B,CYCS,0.993
COX5B,HSPA9,0.925
COX5B,MT-CO1,0.999
COX5B,MT-CO2,0.999
COX5B,MT-CO3,0.999
COX5B,MT-CYB,0.992
COX5B,MT-ND1,0.918
COX5B,MT-ND3,0.9
COX5B,MT-ND4,0.904
COX5B,NDUFA1,0.963
COX5B,NDUFA10,0.984
COX5B,NDUFA11,0.993
COX5B,NDUFA12,0.989
COX5B,NDUFA13,0.995
COX5B,NDUFA2,0.994
COX5B,NDUFA3,0.961
COX5B,NDUFA4,0.995
COX5B,NDUFA5,0.986
COX5B,NDUFA6,0.984
COX5B,NDUFA7,0.982
COX5B,NDUFA8,0.992
COX5B,NDUFA9,0.987
COX5B,NDUFAB1,0.944
COX5B,NDUFB1,0.951
COX5B,NDUFB10,0.98
COX5B,NDUFB11,0.988
COX5B,NDUFB2,0.969
COX5B,NDUFB3,0.977
COX5B,NDUFB4,0.984
COX5B,NDUFB5,0.991
COX5B,NDUFB6,0.977
COX5B,NDUFB7,0.995
COX5B,NDUFB8,0.991
COX5B,NDUFB9,0.99
COX5B,NDUFC1,0.933
COX5B,NDUFC2,0.972
COX5B,NDUFS1,0.96
COX5B,NDUFS2,0.985
COX5B,NDUFS3,0.985
COX5B,NDUFS4,0.975
COX5B,NDUFS5,0.962
COX5B,NDUFS6,0.995
COX5B,NDUFS7,0.987
COX5B,NDUFS8,0.996
COX5B,NDUFV1,0.981
COX5B,NDUFV2,0.987
COX5B,NDUFV3,0.916
COX5B,PMPCB,0.971
COX5B,SDHA,0.925
COX5B,SDHB,0.972
COX5B,SDHD,0.949
COX5B,TRIR,0.968
COX5B,UQCR10,0.999
COX5B,UQCR11,0.999
COX5B,UQCRB,0.999
COX5B,UQCRC1,0.999
COX5B,UQCRC2,0.999
COX5B,UQCRFS1,0.999
COX5B,UQCRH,0.998
COX5B,UQCRQ,0.999
COX6A1,COX6A2,0.936
COX6A1,COX6B1,0.999
COX6A1,COX6C,0.999
COX6A1,COX7A1,0.979
COX6A1,COX7A2,0.998
COX6A1,COX7B,0.996
COX6A1,COX7C,0.999
COX6A1,COX8A,0.998
COX6A1,CYC1,0.985
COX6A1,CYCS,0.913
COX6A1,MT-CO1,0.999
COX6A1,MT-CO2,0.999
COX6A1,MT-CO3,0.999
COX6A1,MT-CYB,0.924
COX6A1,NDUFA4,0.998
COX6A1,UQCR10,0.995
COX6A1,UQCR11,0.971
COX6A1,UQCRB,0.997
COX6A1,UQCRC1,0.989
COX6A1,UQCRC2,0.98
COX6A1,UQCRFS1,0.986
COX6A1,UQCRH,0.967
COX6A1,UQCRQ,0.996
COX6A2,COX6B1,0.999
COX6A2,COX6C,0.995
COX6A2,COX7A1,0.996
COX6A2,COX7B,0.99
COX6A2,COX7C,0.999
COX6A2,COX8A,0.905
COX6A2,CYC1,0.996
COX6A2,MT-CO1,0.992
COX6A2,MT-CO2,0.992
COX6A2,MT-CO3,0.996
COX6A2,MT-CYB,0.983
COX6A2,NDUFA1,0.915
COX6A2,NDUFA10,0.923
COX6A2,NDUFA11,0.913
COX6A2,NDUFA12,0.957
COX6A2,NDUFA13,0.938
COX6A2,NDUFA2,0.944
COX6A2,NDUFA3,0.905
COX6A2,NDUFA4,0.941
COX6A2,NDUFA5,0.956
COX6A2,NDUFA6,0.954
COX6A2,NDUFA7,0.912
COX6A2,NDUFA8,0.954
COX6A2,NDUFA9,0.938
COX6A2,NDUFAB1,0.926
COX6A2,NDUFB10,0.946
COX6A2,NDUFB11,0.922
COX6A2,NDUFB3,0.9
COX6A2,NDUFB4,0.93
COX6A2,NDUFB5,0.933
COX6A2,NDUFB6,0.939
COX6A2,NDUFB7,0.961
COX6A2,NDUFB8,0.948
COX6A2,NDUFB9,0.962
COX6A2,NDUFC2,0.92
COX6A2,NDUFS1,0.907
COX6A2,NDUFS2,0.919
COX6A2,NDUFS3,0.927
COX6A2,NDUFS4,0.944
COX6A2,NDUFS5,0.944
COX6A2,NDUFS6,0.96
COX6A2,NDUFS7,0.941
COX6A2,NDUFS8,0.927
COX6A2,NDUFV1,0.931
COX6A2,NDUFV2,0.933
COX6A2,PMPCB,0.903
COX6A2,UQCR10,0.998
COX6A2,UQCR11,0.992
COX6A2,UQCRB,0.998
COX6A2,UQCRC1,0.994
COX6A2,UQCRC2,0.995
COX6A2,UQCRFS1,0.996
COX6A2,UQCRH,0.988
COX6A2,UQCRQ,0.997
COX6B1,COX6C,0.999
COX6B1,COX7A1,0.998
COX6B1,COX7A2,0.998
COX6B1,COX7B,0.996
COX6B1,COX7C,0.999
COX6B1,COX8A,0.998
COX6B1,CYC1,0.994
COX6B1,CYCS,0.941
COX6B1,MT-CO1,0.998
COX6B1,MT-CO2,0.999
COX6B1,MT-CO3,0.999
COX6B1,MT-CYB,0.975
COX6B1,MT-ND2,0.917
COX6B1,MT-ND4,0.91
COX6B1,NDUFA1,0.979
COX6B1,NDUFA10,0.948
COX6B1,NDUFA11,0.945
COX6B1,NDUFA12,0.976
COX6B1,NDUFA13,0.957
COX6B1,NDUFA2,0.982
COX6B1,NDUFA3,0.974
COX6B1,NDUFA4,0.999
COX6B1,NDUFA5,0.968
COX6B1,NDUFA6,0.971
COX6B1,NDUFA7,0.955
COX6B1,NDUFA8,0.971
COX6B1,NDUFA9,0.931
COX6B1,NDUFAB1,0.951
COX6B1,NDUFB1,0.944
COX6B1,NDUFB10,0.944
COX6B1,NDUFB11,0.952
COX6B1,NDUFB3,0.952
COX6B1,NDUFB4,0.956
COX6B1,NDUFB5,0.948
COX6B1,NDUFB6,0.964
COX6B1,NDUFB7,0.972
COX6B1,NDUFB8,0.983
COX6B1,NDUFB9,0.987
COX6B1,NDUFC1,0.91
COX6B1,NDUFC2,0.952
COX6B1,NDUFS1,0.971
COX6B1,NDUFS2,0.951
COX6B1,NDUFS3,0.952
COX6B1,NDUFS4,0.958
COX6B1,NDUFS5,0.952
COX6B1,NDUFS6,0.954
COX6B1,NDUFS7,0.936
COX6B1,NDUFS8,0.96
COX6B1,NDUFV1,0.96
COX6B1,NDUFV2,0.972
COX6B1,NDUFV3,0.911
COX6B1,UQCR10,0.999
COX6B1,UQCR11,0.997
COX6B1,UQCRB,0.999
COX6B1,UQCRC1,0.989
COX6B1,UQCRC2,0.997
COX6B1,UQCRFS1,0.997
COX6B1,UQCRH,0.992
COX6B1,UQCRQ,0.999
COX6C,COX7A1,0.952
COX6C,COX7A2,0.997
COX6C,COX7B,0.999
COX6C,COX7C,0.999
COX6C,COX8A,0.998
COX6C,CYC1,0.962
COX6C,CYCS,0.926
COX6C,MT-CO1,0.998
COX6C,MT-CO2,0.999
COX6C,MT-CO3,0.995
COX6C,MT-CYB,0.941
COX6C,NDUFA12,0.969
COX6C,NDUFA13,0.925
COX6C,NDUFA2,0.955
COX6C,NDUFA4,0.999
COX6C,NDUFA5,0.938
COX6C,NDUFA6,0.937
COX6C,NDUFA7,0.903
COX6C,NDUFB10,0.939
COX6C,NDUFB3,0.968
COX6C,NDUFB4,0.985
COX6C,NDUFB5,0.982
COX6C,NDUFB8,0.927
COX6C,NDUFB9,0.985
COX6C,NDUFC2,0.913
COX6C,NDUFS4,0.924
COX6C,NDUFS5,0.959
COX6C,NDUFS6,0.907
COX6C,UQCR10,0.997
COX6C,UQCR11,0.994
COX6C,UQCRB,0.991
COX6C,UQCRC1,0.965
COX6C,UQCRC2,0.967
COX6C,UQCRFS1,0.978
COX6C,UQCRH,0.985
COX6C,UQCRQ,0.998
COX7A1,COX7A2,0.943
COX7A1,COX7B,0.977
COX7A1,COX7C,0.994
COX7A1,CYC1,0.983
COX7A1,MT-CO1,0.979
COX7A1,MT-CO2,0.984
COX7A1,MT-CO3,0.979
COX7A1,MT-CYB,0.973
COX7A1,MT-ND5,0.92
COX7A1,NDUFA1,0.925
COX7A1,NDUFA2,0.901
COX7A1,NDUFA5,0.901
COX7A1,NDUFA9,0.92
COX7A1,NDUFB3,0.904
COX7A1,NDUFB4,0.941
COX7A1,NDUFB6,0.919
COX7A1,NDUFB8,0.927
COX7A1,NDUFV3,0.908
COX7A1,UQCR10,0.988
COX7A1,UQCR11,0.999
COX7A1,UQCRB,0.994
COX7A1,UQCRC1,0.998
COX7A1,UQCRC2,0.984
COX7A1,UQCRFS1,0.985
COX7A1,UQCRH,0.979
COX7A1,UQCRQ,0.988
COX7A2,COX7B,0.991
COX7A2,COX7C,0.997
COX7A2,COX8A,0.988
COX7A2,MT-CO1,0.968
COX7A2,MT-CO2,0.999
COX7A2,MT-CO3,0.968
COX7A2,NDUFA2,0.903
COX7A2,NDUFA4,0.997
COX7A2,NDUFB9,0.947
COX7A2,UQCR11,0.965
COX7A2,UQCRH,0.926
COX7A2,UQCRQ,0.973
COX7B,COX7C,0.999
COX7B,COX8A,0.997
COX7B,CYC1,0.973
COX7B,MT-CO1,0.995
COX7B,MT-CO2,0.996
COX7B,MT-CO3,0.987
COX7B,MT-CYB,0.963
COX7B,NDUFA1,0.983
COX7B,NDUFA10,0.912
COX7B,NDUFA11,0.956
COX7B,NDUFA12,0.934
COX7B,NDUFA13,0.948
COX7B,NDUFA2,0.949
COX7B,NDUFA3,0.93
COX7B,NDUFA4,0.997
COX7B,NDUFA5,0.941
COX7B,NDUFA6,0.964
COX7B,NDUFA7,0.936
COX7B,NDUFA8,0.913
COX7B,NDUFAB1,0.924
COX7B,NDUFB1,0.956
COX7B,NDUFB10,0.928
COX7B,NDUFB11,0.959
COX7B,NDUFB2,0.938
COX7B,NDUFB3,0.967
COX7B,NDUFB4,0.927
COX7B,NDUFB5,0.974
COX7B,NDUFB6,0.935
COX7B,NDUFB7,0.923
COX7B,NDUFB8,0.905
COX7B,NDUFB9,0.977
COX7B,NDUFC1,0.959
COX7B,NDUFC2,0.917
COX7B,NDUFS1,0.936
COX7B,NDUFS2,0.907
COX7B,NDUFS3,0.909
COX7B,NDUFS4,0.946
COX7B,NDUFS5,0.929
COX7B,NDUFS6,0.918
COX7B,NDUFS7,0.905
COX7B,NDUFV1,0.913
COX7B,NDUFV2,0.927
COX7B,NDUFV3,0.911
COX7B,UQCR10,0.992
COX7B,UQCR11,0.99
COX7B,UQCRB,0.984
COX7B,UQCRC1,0.974
COX7B,UQCRC2,0.977
COX7B,UQCRFS1,0.976
COX7B,UQCRH,0.99
COX7B,UQCRQ,0.991
COX7C,COX8A,0.997
COX7C,CYC1,0.997
COX7C,GATC,0.963
COX7C,MT-CO1,0.999
COX7C,MT-CO2,0.999
COX7C,MT-CO3,0.999
COX7C,MT-CYB,0.982
COX7C,MT-ND5,0.954
COX7C,NDUFA1,0.99
COX7C,NDUFA10,0.906
COX7C,NDUFA11,0.954
COX7C,NDUFA12,0.977
COX7C,NDUFA13,0.961
COX7C,NDUFA2,0.992
COX7C,NDUFA3,0.961
COX7C,NDUFA4,0.999
COX7C,NDUFA5,0.989
COX7C,NDUFA6,0.988
COX7C,NDUFA7,0.979
COX7C,NDUFA8,0.947
COX7C,NDUFA9,0.946
COX7C,NDUFAB1,0.928
COX7C,NDUFB1,0.953
COX7C,NDUFB10,0.967
COX7C,NDUFB11,0.965
COX7C,NDUFB2,0.944
COX7C,NDUFB3,0.98
COX7C,NDUFB4,0.984
COX7C,NDUFB5,0.975
COX7C,NDUFB6,0.974
COX7C,NDUFB7,0.977
COX7C,NDUFB8,0.977
COX7C,NDUFB9,0.985
COX7C,NDUFC1,0.97
COX7C,NDUFC2,0.962
COX7C,NDUFS1,0.905
COX7C,NDUFS2,0.943
COX7C,NDUFS3,0.948
COX7C,NDUFS4,0.993
COX7C,NDUFS5,0.98
COX7C,NDUFS6,0.989
COX7C,NDUFS7,0.922
COX7C,NDUFS8,0.945
COX7C,NDUFV1,0.927
COX7C,NDUFV2,0.967
COX7C,NDUFV3,0.946
COX7C,TRIR,0.973
COX7C,UQCR10,0.999
COX7C,UQCR11,0.995
COX7C,UQCRB,0.999
COX7C,UQCRC1,0.994
COX7C,UQCRC2,0.999
COX7C,UQCRFS1,0.999
COX7C,UQCRH,0.997
COX7C,UQCRQ,0.999
COX8A,MT-CO1,0.99
COX8A,MT-CO2,0.982
COX8A,MT-CO3,0.978
COX8A,NDUFA4,0.989
CP,FXN,0.945
CP,HEPH,0.904
CP,HP,0.947
CP,LTF,0.971
CP,MPO,0.965
CP,SERPINA1,0.944
CP,SLC40A1,0.982
CPE,INS,0.943
CPLX1,CPLX2,0.953
CPLX1,CPLX3,0.972
CPLX1,CPLX4,0.962
CPLX1,SNAP25,0.999
CPLX1,STX1A,0.999
CPLX1,STXBP1,0.926
CPLX1,SYT1,0.999
CPLX1,VAMP2,0.999
CPLX1,VAMP3,0.981
CPLX2,CPLX3,0.929
CPLX2,CPLX4,0.958
CPLX2,SNAP25,0.947
CPLX2,STX1A,0.956
CPLX2,VAMP2,0.971
CPLX3,CPLX4,0.904
CPLX3,SNAP25,0.931
CPLX3,STX1A,0.915
CPLX3,VAMP1,0.941
CPLX4,VAMP1,0.908
CPSF1,CPSF2,0.999
CPSF1,CPSF3,0.999
CPSF1,CPSF4,0.999
CPSF1,CPSF6,0.987
CPSF1,CPSF7,0.991
CPSF1,CSTF1,0.966
CPSF1,CSTF2,0.998
CPSF1,CSTF3,0.999
CPSF1,FIP1L1,0.999
CPSF1,GTF3C3,0.978
CPSF1,NUDT21,0.987
CPSF1,PAPOLA,0.998
CPSF1,PCF11,0.996
CPSF1,PPP1CA,0.922
CPSF1,PPP1CB,0.932
CPSF1,PPP1CC,0.912
CPSF1,SSU72,0.925
CPSF1,SYMPK,0.999
CPSF1,WDR82,0.991
CPSF2,CPSF3,0.999
CPSF2,CPSF4,0.999
CPSF2,CPSF6,0.982
CPSF2,CPSF7,0.985
CPSF2,CSTF1,0.998
CPSF2,CSTF2,0.999
CPSF2,CSTF3,0.978
CPSF2,FIP1L1,0.999
CPSF2,GTF3C3,0.982
CPSF2,INTS11,0.971
CPSF2,LSM10,0.934
CPSF2,NUDT21,0.985
CPSF2,PAPOLA,0.987
CPSF2,PCF11,0.998
CPSF2,PPP1CA,0.901
CPSF2,SSU72,0.965
CPSF2,SYMPK,0.999
CPSF2,THOC5,0.939
CPSF2,WDR82,0.992
CPSF3,CPSF4,0.999
CPSF3,CPSF6,0.988
CPSF3,CPSF7,0.983
CPSF3,CSTF1,0.982
CPSF3,CSTF2,0.999
CPSF3,CSTF3,0.993
CPSF3,FIP1L1,0.999
CPSF3,GTF3C3,0.963
CPSF3,LSM10,0.97
CPSF3,LSM11,0.915
CPSF3,NUDT21,0.984
CPSF3,PAPOLA,0.989
CPSF3,PCF11,0.998
CPSF3,PPP1CA,0.93
CPSF3,PPP1CB,0.926
CPSF3,PPP1CC,0.924
CPSF3,SNRPB,0.933
CPSF3,SSU72,0.985
CPSF3,SYMPK,0.999
CPSF3,WDR82,0.995
CPSF4,CPSF6,0.978
CPSF4,CPSF7,0.979
CPSF4,CSTF1,0.974
CPSF4,CSTF2,0.997
CPSF4,CSTF3,0.995
CPSF4,FIP1L1,0.999
CPSF4,NUDT21,0.99
CPSF4,PAPOLA,0.95
CPSF4,PCF11,0.953
CPSF4,SSU72,0.923
CPSF4,SYMPK,0.999
CPSF4,WDR82,0.964
CPSF6,CPSF7,0.996
CPSF6,CSTF2,0.992
CPSF6,NUDT21,0.999
CPSF6,PAPOLA,0.948
CPSF6,PCF11,0.962
CPSF6,SRSF1,0.904
CPSF6,SRSF3,0.944
CPSF6,SYMPK,0.963
CPSF6,U2AF2,0.995
CPSF6,VIRMA,0.969
CPSF7,CSTF1,0.908
CPSF7,CSTF2,0.986
CPSF7,CSTF3,0.902
CPSF7,NUDT21,0.999
CPSF7,SYMPK,0.909
CPSF7,U2AF2,0.98
CPT1A,CPT1C,0.906
CPT1A,PPARA,0.92
CR2,FCER2,0.982
CRABP2,RARA,0.902
CRABP2,RARB,0.967
CRABP2,RARG,0.941
CRADD,FADD,0.967
CRADD,PIDD1,0.999
CRADD,TRADD,0.98
CRB1,MPP5,0.999
CRB1,PATJ,0.995
CRB3,MPP5,0.999
CRB3,PARD6A,0.954
CRB3,PARD6B,0.961
CRB3,PATJ,0.999
CRB3,UBE3A,0.9
CRBN,CSNK1A1,0.997
CRBN,CUL4A,0.999
CRBN,CUL4B,0.999
CRBN,DCAF1,0.919
CRBN,DCAF7,0.905
CRBN,DDB1,0.999
CRBN,DDB2,0.958
CRBN,DET1,0.965
CRBN,DTL,0.923
CRBN,ERCC8,0.9
CRBN,GSPT1,0.99
CRBN,IKZF1,0.999
CRBN,IKZF3,0.999
CRBN,KCNMA1,0.917
CRBN,RBX1,0.999
CRBN,TUSC3,0.918
CRBN,ZFP91,0.988
CRCP,MAD2L2,0.9
CRCP,POLA1,0.905
CRCP,POLA2,0.91
CRCP,POLD1,0.9
CRCP,POLD2,0.9
CRCP,POLD3,0.901
CRCP,POLE,0.906
CRCP,POLE2,0.9
CRCP,POLE3,0.9
CRCP,POLE4,0.9
CRCP,POLR1A,0.902
CRCP,POLR1C,0.999
CRCP,POLR1D,0.999
CRCP,POLR2E,0.999
CRCP,POLR2F,0.996
CRCP,POLR2H,0.999
CRCP,POLR2K,0.987
CRCP,POLR2L,0.998
CRCP,POLR3A,0.999
CRCP,POLR3B,0.999
CRCP,POLR3C,0.999
CRCP,POLR3D,0.999
CRCP,POLR3E,0.999
CRCP,POLR3F,0.999
CRCP,POLR3G,0.998
CRCP,POLR3H,0.999
CRCP,POLR3K,0.998
CRCP,PRIM1,0.9
CRCP,PRIM2,0.901
CRCP,RAMP1,0.981
CRCP,REV3L,0.901
CREB1,CREB3L2,0.936
CREB1,CREB3L3,0.972
CREB1,CREBBP,0.999
CREB1,CTNNB1,0.95
CREB1,EGR1,0.953
CREB1,EP300,0.999
CREB1,FOS,0.998
CREB1,FOSB,0.9
CREB1,FOXO1,0.92
CREB1,GSK3B,0.988
CREB1,HTT,0.982
CREB1,IL6,0.918
CREB1,JUN,0.998
CREB1,JUND,0.965
CREB1,KMT2A,0.917
CREB1,MAPK1,0.962
CREB1,MAPK3,0.987
CREB1,MAPKAPK2,0.916
CREB1,MECP2,0.996
CREB1,NFATC2,0.962
CREB1,NR3C1,0.924
CREB1,PPARGC1A,0.996
CREB1,PRKACA,0.996
CREB1,PRKACB,0.995
CREB1,RELA,0.986
CREB1,RFXANK,0.905
CREB1,RFXAP,0.934
CREB1,RPS6KA1,0.935
CREB1,STAT3,0.924
CREB1,TAF4,0.997
CREB1,TP53,0.998
CREB3L2,CREB3L3,0.94
CREB3L2,CREBBP,0.921
CREB3L2,EP300,0.922
CREB3L2,GSK3B,0.908
CREB3L2,MAPK1,0.903
CREB3L2,MAPK3,0.904
CREB3L2,PPARGC1A,0.906
CREB3L3,CREBBP,0.91
CREB3L3,EP300,0.912
CREB3L3,GSK3B,0.935
CREB3L3,MAPK1,0.907
CREB3L3,MAPK3,0.915
CREB3L3,PPARGC1A,0.95
CREBBP,CTNNB1,0.999
CREBBP,EP300,0.999
CREBBP,EPAS1,0.986
CREBBP,ESR1,0.993
CREBBP,FGFR1,0.923
CREBBP,FOS,0.943
CREBBP,FOXO1,0.993
CREBBP,FOXO3,0.995
CREBBP,FOXO4,0.984
CREBBP,H3-3A,0.921
CREBBP,H3-3B,0.985
CREBBP,H3C1,0.989
CREBBP,H4C1,0.903
CREBBP,H4C2,0.905
CREBBP,HDAC1,0.96
CREBBP,HDAC2,0.934
CREBBP,HELZ2,0.942
CREBBP,HIF1A,0.999
CREBBP,HNF4A,0.96
CREBBP,HTT,0.997
CREBBP,IRF3,0.999
CREBBP,IRF7,0.976
CREBBP,JUN,0.994
CREBBP,KAT2A,0.964
CREBBP,KAT2B,0.999
CREBBP,KAT6A,0.939
CREBBP,KMT2A,0.995
CREBBP,LEF1,0.961
CREBBP,MAML1,0.903
CREBBP,MDM2,0.909
CREBBP,MYC,0.945
CREBBP,MYOD1,0.923
CREBBP,NCOA1,0.999
CREBBP,NCOA2,0.997
CREBBP,NCOA3,0.999
CREBBP,NCOA6,0.962
CREBBP,NCOR1,0.947
CREBBP,NFE2L2,0.942
CREBBP,NFKB1,0.913
CREBBP,NR3C1,0.943
CREBBP,PPARG,0.998
CREBBP,RBPJ,0.939
CREBBP,RBPJL,0.926
CREBBP,RELA,0.999
CREBBP,RUNX1,0.977
CREBBP,RXRA,0.977
CREBBP,SMAD2,0.986
CREBBP,SMAD3,0.995
CREBBP,SMAD4,0.917
CREBBP,SMARCA4,0.944
CREBBP,SP1,0.992
CREBBP,SRC,0.94
CREBBP,SRCAP,0.944
CREBBP,STAT1,0.999
CREBBP,STAT2,0.997
CREBBP,STAT3,0.935
CREBBP,STAT5A,0.975
CREBBP,STAT5B,0.934
CREBBP,STAT6,0.957
CREBBP,SUMO1,0.998
CREBBP,TCF12,0.937
CREBBP,TCF3,0.917
CREBBP,TCF4,0.916
CREBBP,TCF7L2,0.966
CREBBP,TP53,0.999
CREBBP,UBE2I,0.908
CREBBP,YY1,0.951
CRHR1,CRHR2,0.912
CRHR1,GNA12,0.934
CRHR1,GNA13,0.928
CRHR1,GNAI1,0.952
CRHR1,GNAI2,0.951
CRHR1,GNAI3,0.937
CRHR1,GNAS,0.997
CRHR1,GNAZ,0.935
CRHR1,GNB1,0.967
CRHR1,UCN,0.999
CRHR2,GNAS,0.948
CRHR2,UCN,0.999
CRK,CRKL,0.979
CRK,DOCK1,0.999
CRK,EGFR,0.997
CRK,ELMO1,0.998
CRK,ELMO2,0.995
CRK,EPS15,0.916
CRK,FGFR1,0.918
CRK,FRS2,0.997
CRK,FYN,0.938
CRK,GAB1,0.972
CRK,GRB2,0.98
CRK,HCLS1,0.945
CRK,KIDINS220,0.917
CRK,MAP2K4,0.935
CRK,MAP3K1,0.91
CRK,MAPK8,0.984
CRK,MAPK9,0.923
CRK,MET,0.91
CRK,NCK1,0.958
CRK,NEDD9,0.901
CRK,PDGFRA,0.97
CRK,PIK3R1,0.979
CRK,PIK3R2,0.923
CRK,PIK3R3,0.926
CRK,PTK2,0.997
CRK,PTK2B,0.969
CRK,PXN,0.999
CRK,RAPGEF1,0.999
CRK,SHC1,0.966
CRK,SOS1,0.952
CRK,SRC,0.999
CRK,WDR35,0.926
CRKL,DOCK1,0.995
CRKL,EGFR,0.993
CRKL,ELMO1,0.961
CRKL,ELMO2,0.956
CRKL,FRS2,0.97
CRKL,GAB1,0.992
CRKL,GRB2,0.921
CRKL,HCLS1,0.933
CRKL,IGF1R,0.931
CRKL,KIDINS220,0.955
CRKL,KIT,0.952
CRKL,MAP2K4,0.923
CRKL,MAP3K1,0.91
CRKL,MAPK8,0.939
CRKL,MAPK9,0.921
CRKL,NEDD9,0.928
CRKL,PIK3R1,0.951
CRKL,PTK2,0.973
CRKL,PTK2B,0.938
CRKL,PTPN11,0.925
CRKL,PXN,0.97
CRKL,RAPGEF1,0.999
CRKL,SHC1,0.936
CRKL,SOS1,0.952
CRKL,SRC,0.957
CRKL,STAT5A,0.987
CRKL,STAT5B,0.983
CRLF1,IL27,0.982
CRLF2,IL33,0.946
CRLF2,IL7,0.948
CRLF2,IL7R,0.999
CRLF2,JAK1,0.917
CRLF2,JAK2,0.981
CRLF2,TSLP,0.999
CRNKL1,CTNNBL1,0.97
CRNKL1,CWC15,0.999
CRNKL1,CWC22,0.999
CRNKL1,CWC25,0.948
CRNKL1,CWC27,0.959
CRNKL1,DDX23,0.983
CRNKL1,DHX15,0.988
CRNKL1,DHX16,0.991
CRNKL1,DHX38,0.994
CRNKL1,DHX8,0.999
CRNKL1,EFTUD2,0.999
CRNKL1,EIF4A3,0.94
CRNKL1,HTATSF1,0.971
CRNKL1,ISY1,0.998
CRNKL1,LSM2,0.967
CRNKL1,LSM3,0.921
CRNKL1,LSM5,0.956
CRNKL1,LSM6,0.959
CRNKL1,LSM7,0.955
CRNKL1,MAGOH,0.919
CRNKL1,MFAP1,0.932
CRNKL1,PHF5A,0.965
CRNKL1,PLRG1,0.999
CRNKL1,PPIE,0.998
CRNKL1,PPIL1,0.995
CRNKL1,PPWD1,0.911
CRNKL1,PRCC,0.944
CRNKL1,PRPF19,0.999
CRNKL1,PRPF38A,0.914
CRNKL1,PRPF8,0.999
CRNKL1,RBM22,0.999
CRNKL1,SART1,0.976
CRNKL1,SF3A1,0.977
CRNKL1,SF3A2,0.948
CRNKL1,SF3A3,0.965
CRNKL1,SF3B1,0.995
CRNKL1,SF3B2,0.986
CRNKL1,SF3B3,0.994
CRNKL1,SF3B4,0.946
CRNKL1,SF3B5,0.901
CRNKL1,SLU7,0.997
CRNKL1,SNRNP200,0.997
CRNKL1,SNRNP40,0.998
CRNKL1,SNRPA1,0.999
CRNKL1,SNRPB,0.995
CRNKL1,SNRPB2,0.997
CRNKL1,SNRPD1,0.999
CRNKL1,SNRPD2,0.999
CRNKL1,SNRPD3,0.999
CRNKL1,SNRPE,0.999
CRNKL1,SNRPF,0.999
CRNKL1,SNRPG,0.999
CRNKL1,SNRPN,0.974
CRNKL1,SNW1,0.999
CRNKL1,SRRM2,0.996
CRNKL1,SYF2,0.999
CRNKL1,TCERG1,0.926
CRNKL1,TFIP11,0.988
CRNKL1,XAB2,0.999
CRNKL1,YJU2,0.997
CRNKL1,ZMAT2,0.914
CRNKL1,ZNF830,0.969
CRP,F2,0.906
CRP,HP,0.902
CRP,IL6,0.968
CRP,LEP,0.914
CRP,MBL2,0.906
CRP,TNF,0.938
CRTAP,P3H1,0.999
CRTAP,PPIB,0.999
CRTAP,SERPINH1,0.9
CRX,NR2E3,0.972
CRX,NRL,0.99
CRX,RHO,0.937
CRY1,CRY2,0.999
CRY1,CSNK1E,0.999
CRY1,FBXL3,0.999
CRY1,NPAS2,0.999
CRY1,NR1D1,0.976
CRY1,NR3C1,0.914
CRY1,PER1,0.998
CRY1,PER2,0.999
CRY1,PER3,0.999
CRY1,PRKAA1,0.923
CRY1,PRKAA2,0.923
CRY1,PRKAB1,0.92
CRY1,PRKAB2,0.923
CRY1,PRKAG1,0.913
CRY1,PRKAG2,0.908
CRY1,PRKAG3,0.918
CRY1,RORA,0.935
CRY1,TIMELESS,0.997
CRY2,CSNK1E,0.997
CRY2,FBXL3,0.999
CRY2,NPAS2,0.998
CRY2,NR1D1,0.949
CRY2,PER1,0.998
CRY2,PER2,0.999
CRY2,PER3,0.999
CRY2,PRKAA1,0.92
CRY2,PRKAA2,0.922
CRY2,PRKAB1,0.912
CRY2,PRKAB2,0.914
CRY2,PRKAG1,0.905
CRY2,PRKAG2,0.904
CRY2,PRKAG3,0.918
CRY2,TIMELESS,0.996
CRYAB,HSPB1,0.94
CRYAB,HSPB2,0.921
CS,DLAT,0.996
CS,DLD,0.911
CS,DLST,0.951
CS,HADHB,0.951
CS,IDH1,0.993
CS,IDH2,0.994
CS,IDH3A,0.925
CS,LDHA,0.949
CS,OGDH,0.941
CS,PDHB,0.941
CS,PDHX,0.909
CS,SDHA,0.984
CS,SDHB,0.996
CS,SUCLA2,0.96
CS,SUCLG1,0.929
CS,SUCLG2,0.948
CSDE1,DHX9,0.929
CSDE1,HNRNPD,0.931
CSDE1,HNRNPU,0.947
CSDE1,IGF2BP1,0.932
CSDE1,PABPC1,0.985
CSDE1,PAIP1,0.919
CSDE1,STRAP,0.977
CSDE1,SYNCRIP,0.984
CSDE1,YBX1,0.975
CSE1L,KPNA1,0.996
CSE1L,KPNA2,0.961
CSE1L,KPNA3,0.98
CSE1L,KPNA4,0.99
CSE1L,RAN,0.956
CSE1L,XPO1,0.976
CSE1L,XPO4,0.908
CSF1,CSF1R,0.999
CSF1,CSF2,0.964
CSF1,CSF3,0.933
CSF1,EGF,0.942
CSF1,EGFR,0.941
CSF1,FLT3,0.9
CSF1,IL3,0.9
CSF1,KIT,0.918
CSF1,NTRK1,0.913
CSF1,PDGFRB,0.909
CSF1,SRC,0.91
CSF1,TNFSF11,0.912
CSF1R,CSF2,0.974
CSF1R,FLT3LG,0.91
CSF1R,GRB2,0.95
CSF1R,KITLG,0.949
CSF1R,PIK3R1,0.925
CSF1R,RUNX1,0.983
CSF1R,SPI1,0.992
CSF1R,TNFSF11,0.987
CSF1R,TYROBP,0.962
CSF2,CSF2RA,0.999
CSF2,CSF2RB,0.999
CSF2,CSF3,0.999
CSF2,CSF3R,0.973
CSF2,FGF13,0.954
CSF2,FGF2,0.965
CSF2,FLT3LG,0.957
CSF2,IFNG,0.984
CSF2,IL10,0.959
CSF2,IL13,0.934
CSF2,IL1A,0.997
CSF2,IL1B,0.998
CSF2,IL2,0.997
CSF2,IL3,0.998
CSF2,IL3RA,0.949
CSF2,IL4,0.963
CSF2,IL5,0.993
CSF2,IL5RA,0.977
CSF2,IL6,0.974
CSF2,IL7,0.911
CSF2,JAK2,0.956
CSF2,RUNX1,0.941
CSF2,STAT5A,0.937
CSF2,STAT5B,0.935
CSF2,TNF,0.97
CSF2RA,CSF2RB,0.999
CSF2RB,EPOR,0.985
CSF2RB,HRAS,0.901
CSF2RB,IL3,0.999
CSF2RB,IL3RA,0.999
CSF2RB,IL5,0.997
CSF2RB,IL5RA,0.993
CSF2RB,JAK1,0.9
CSF2RB,JAK2,0.992
CSF2RB,KRAS,0.903
CSF2RB,NRAS,0.901
CSF3,CSF3R,0.999
CSF3,EGF,0.957
CSF3,EPO,0.99
CSF3,FGF13,0.952
CSF3,FGF2,0.961
CSF3,FLT3LG,0.96
CSF3,GH1,0.915
CSF3,IFNG,0.989
CSF3,IL10,0.927
CSF3,IL17A,0.928
CSF3,IL1A,0.991
CSF3,IL1B,0.996
CSF3,IL2,0.962
CSF3,IL3,0.964
CSF3,IL6,0.988
CSF3,JAK2,0.988
CSF3,LEP,0.952
CSF3,PSMB2,0.903
CSF3,PSMC1,0.933
CSF3,PSMC2,0.909
CSF3,PSMC3,0.906
CSF3,PSMD1,0.916
CSF3,PSMD11,0.924
CSF3,PSMD12,0.946
CSF3,PSMD13,0.953
CSF3,PSMD2,0.944
CSF3,PSMD4,0.951
CSF3,PSMD6,0.954
CSF3,PSMD8,0.904
CSF3,STAT3,0.916
CSF3,THPO,0.984
CSF3,TNF,0.949
CSF3R,EPO,0.907
CSF3R,JAK1,0.961
CSF3R,JAK2,0.983
CSF3R,JAK3,0.948
CSF3R,LYN,0.916
CSF3R,SOCS3,0.954
CSF3R,SPI1,0.918
CSF3R,STAT3,0.907
CSF3R,THPO,0.903
CSK,EGFR,0.929
CSK,LCK,0.912
CSK,LYN,0.948
CSK,PAG1,0.999
CSK,PXN,0.992
CSK,SHC1,0.933
CSK,SRC,0.998
CSNK1A1,CTNNB1,0.999
CSNK1A1,DVL1,0.934
CSNK1A1,GSK3A,0.991
CSNK1A1,GSK3B,0.999
CSNK1A1,MDM2,0.961
CSNK1A1,MDM4,0.971
CSNK1A1,RPS27A,0.927
CSNK1A1,TP53,0.926
CSNK1E,DDX3X,0.945
CSNK1E,DVL1,0.957
CSNK1E,DVL2,0.967
CSNK1E,DVL3,0.94
CSNK1E,FOXO1,0.912
CSNK1E,FOXO3,0.912
CSNK1E,FOXO4,0.905
CSNK1E,GRK2,0.911
CSNK1E,GSK3B,0.989
CSNK1E,NPAS2,0.989
CSNK1E,PER1,0.996
CSNK1E,PER2,0.999
CSNK1E,PER3,0.994
CSNK1E,PRKACA,0.925
CSNK1E,PRKACB,0.914
CSNK1E,SMO,0.911
CSNK1E,WWTR1,0.904
CSNK1E,YAP1,0.909
CSNK1E,YWHAB,0.908
CSNK1E,YWHAE,0.909
CSNK1E,YWHAG,0.908
CSNK1E,YWHAH,0.932
CSNK1E,YWHAQ,0.908
CSNK1E,YWHAZ,0.909
CSNK2A1,CSNK2A2,0.993
CSNK2A1,CSNK2B,0.999
CSNK2A1,CTNNB1,0.936
CSNK2A1,DVL1,0.968
CSNK2A1,DVL2,0.943
CSNK2A1,DVL3,0.949
CSNK2A1,HDAC1,0.961
CSNK2A1,HDAC2,0.972
CSNK2A1,NFKBIA,0.929
CSNK2A1,OGT,0.982
CSNK2A1,PCGF5,0.922
CSNK2A1,PRNP,0.939
CSNK2A1,PTEN,0.971
CSNK2A1,RNF2,0.911
CSNK2A1,SIN3A,0.95
CSNK2A1,SSRP1,0.936
CSNK2A1,SUPT16H,0.927
CSNK2A1,TP53,0.959
CSNK2A2,CSNK2B,0.999
CSNK2A2,CTNNB1,0.945
CSNK2A2,DVL1,0.93
CSNK2A2,DVL2,0.918
CSNK2A2,DVL3,0.927
CSNK2A2,KIF5C,0.946
CSNK2A2,NFKBIA,0.927
CSNK2A2,PCGF5,0.923
CSNK2A2,PRNP,0.915
CSNK2A2,PTEN,0.954
CSNK2A2,RING1,0.909
CSNK2A2,RNF2,0.92
CSNK2A2,RYBP,0.921
CSNK2A2,SSRP1,0.904
CSNK2A2,TP53,0.939
CSNK2A2,YAF2,0.915
CSNK2B,CTNNB1,0.955
CSNK2B,DVL1,0.917
CSNK2B,DVL2,0.94
CSNK2B,DVL3,0.917
CSNK2B,NFKBIA,0.964
CSNK2B,PCGF5,0.961
CSNK2B,PRNP,0.909
CSNK2B,PTEN,0.91
CSNK2B,RNF2,0.902
CSNK2B,RYBP,0.964
CSNK2B,SSRP1,0.943
CSNK2B,SUPT16H,0.926
CSTF1,CSTF2,0.999
CSTF1,CSTF3,0.999
CSTF1,FIP1L1,0.941
CSTF1,NUDT21,0.9
CSTF1,PCF11,0.94
CSTF1,SYMPK,0.939
CSTF2,CSTF3,0.999
CSTF2,FIP1L1,0.99
CSTF2,NUDT21,0.983
CSTF2,PAPOLA,0.967
CSTF2,PCF11,0.991
CSTF2,SSU72,0.945
CSTF2,SYMPK,0.999
CSTF3,FIP1L1,0.999
CSTF3,MYCBPAP,0.927
CSTF3,NUDT21,0.902
CSTF3,PAPOLA,0.988
CSTF3,PCF11,0.998
CSTF3,SYMPK,0.999
CSTF3,TPI1,0.983
CTBP1,CTBP2,0.999
CTBP1,CTNNB1,0.965
CTBP1,EP300,0.955
CTBP1,HDAC1,0.999
CTBP1,HDAC2,0.999
CTBP1,HIC1,0.979
CTBP1,HNF4A,0.936
CTBP1,IKZF1,0.927
CTBP1,KDM1A,0.998
CTBP1,LCOR,0.98
CTBP1,LEF1,0.961
CTBP1,MECOM,0.994
CTBP1,NRIP1,0.968
CTBP1,PHF21A,0.918
CTBP1,RBBP8,0.998
CTBP1,RBPJ,0.969
CTBP1,RBPJL,0.928
CTBP1,RCOR1,0.999
CTBP1,RUNX1,0.973
CTBP1,TCF7L2,0.977
CTBP1,TLE1,0.902
CTBP1,ZEB1,0.998
CTBP1,ZEB2,0.951
CTBP1,ZNF217,0.997
CTBP1,ZNF516,0.967
CTBP2,EP300,0.95
CTBP2,HDAC1,0.974
CTBP2,HDAC2,0.98
CTBP2,HIC1,0.937
CTBP2,LEF1,0.954
CTBP2,MECOM,0.958
CTBP2,RBBP8,0.996
CTBP2,RBPJ,0.94
CTBP2,RBPJL,0.927
CTBP2,RCOR1,0.958
CTBP2,RUNX1,0.942
CTBP2,TCF7L2,0.935
CTBP2,ZEB1,0.989
CTBP2,ZNF217,0.989
CTC1,POLA1,0.983
CTC1,POLA2,0.929
CTC1,POT1,0.939
CTC1,PRIM1,0.902
CTC1,PRIM2,0.955
CTC1,STN1,0.999
CTC1,TEN1,0.999
CTC1,TERF1,0.946
CTC1,TINF2,0.972
CTCF,EP300,0.959
CTCF,EZH2,0.916
CTCF,IGF2,0.935
CTCF,NPM1,0.975
CTCF,PARP1,0.924
CTCF,POU5F1,0.955
CTCF,RAD21,0.999
CTCF,SIN3A,0.932
CTCF,SMC1A,0.963
CTCF,SMC3,0.989
CTCF,STAG2,0.983
CTCF,SUZ12,0.987
CTCF,YY1,0.991
CTDP1,GTF2B,0.95
CTDP1,GTF2F1,0.999
CTDP1,GTF2F2,0.979
CTDP1,POLR2A,0.998
CTDP1,POLR2B,0.935
CTDP1,POLR2C,0.96
CTDP1,POLR2D,0.922
CTDP1,POLR2G,0.972
CTDP1,POLR2J,0.905
CTDSP1,REST,0.987
CTIF,NCBP1,0.963
CTIF,NCBP2,0.928
CTNNA1,CTNNB1,0.999
CTNNA1,CTNND1,0.998
CTNNA1,JUP,0.991
CTNNA1,TJP1,0.987
CTNNA1,VCL,0.999
CTNNA1,YWHAB,0.903
CTNNA1,YWHAE,0.912
CTNNA1,YWHAG,0.942
CTNNA1,YWHAH,0.923
CTNNA1,YWHAQ,0.911
CTNNA1,YWHAZ,0.914
CTNNAL1,DMD,0.923
CTNNB1,CTNNBIP1,0.999
CTNNB1,CTNND1,0.999
CTNNB1,CUL1,0.906
CTNNB1,DKK1,0.963
CTNNB1,DVL1,0.994
CTNNB1,DVL2,0.93
CTNNB1,EGFR,0.998
CTNNB1,EMD,0.973
CTNNB1,EP300,0.999
CTNNB1,ERBB2,0.998
CTNNB1,ESR1,0.965
CTNNB1,EZH2,0.986
CTNNB1,FBXW11,0.993
CTNNB1,FBXW7,0.924
CTNNB1,FER,0.945
CTNNB1,FGFR1,0.947
CTNNB1,FHL2,0.993
CTNNB1,FOXM1,0.994
CTNNB1,FOXO1,0.985
CTNNB1,FOXO3,0.998
CTNNB1,FOXO4,0.915
CTNNB1,FYN,0.986
CTNNB1,GSK3A,0.996
CTNNB1,GSK3B,0.999
CTNNB1,HDAC1,0.985
CTNNB1,HIF1A,0.998
CTNNB1,HNF4A,0.999
CTNNB1,IGF1R,0.985
CTNNB1,IQGAP1,0.999
CTNNB1,JUP,0.978
CTNNB1,KDR,0.996
CTNNB1,KMT2D,0.936
CTNNB1,KRIT1,0.961
CTNNB1,LDB1,0.918
CTNNB1,LEF1,0.999
CTNNB1,LRP5,0.992
CTNNB1,LRP6,0.992
CTNNB1,MAGI1,0.963
CTNNB1,MAGI2,0.986
CTNNB1,MEF2C,0.939
CTNNB1,MEN1,0.978
CTNNB1,MET,0.985
CTNNB1,MUC1,0.998
CTNNB1,MYC,0.985
CTNNB1,NANOG,0.946
CTNNB1,NFKB1,0.964
CTNNB1,NOTCH1,0.976
CTNNB1,NR5A2,0.961
CTNNB1,OCLN,0.937
CTNNB1,PECAM1,0.998
CTNNB1,PIK3CA,0.901
CTNNB1,PITX2,0.963
CTNNB1,PKM,0.996
CTNNB1,POU5F1,0.999
CTNNB1,PPARG,0.994
CTNNB1,PRKACA,0.957
CTNNB1,PRKACB,0.957
CTNNB1,PSEN1,0.999
CTNNB1,PTEN,0.943
CTNNB1,PTPN1,0.97
CTNNB1,PTPN11,0.902
CTNNB1,PTPRB,0.967
CTNNB1,PTPRF,0.982
CTNNB1,PXN,0.985
CTNNB1,RBBP5,0.935
CTNNB1,RBPJ,0.971
CTNNB1,RELA,0.92
CTNNB1,ROCK1,0.953
CTNNB1,ROCK2,0.945
CTNNB1,RUNX3,0.977
CTNNB1,RUVBL1,0.999
CTNNB1,RUVBL2,0.997
CTNNB1,SETD1A,0.947
CTNNB1,SIAH1,0.991
CTNNB1,SIRT1,0.902
CTNNB1,SKP1,0.999
CTNNB1,SLC9A3R1,0.903
CTNNB1,SMAD2,0.998
CTNNB1,SMAD3,0.999
CTNNB1,SMAD4,0.998
CTNNB1,SMAD7,0.946
CTNNB1,SMARCA4,0.998
CTNNB1,SNAI1,0.934
CTNNB1,SOX2,0.991
CTNNB1,SOX9,0.982
CTNNB1,SRC,0.999
CTNNB1,TBL1X,0.998
CTNNB1,TBL1XR1,0.997
CTNNB1,TBL1Y,0.992
CTNNB1,TBX5,0.992
CTNNB1,TCF3,0.958
CTNNB1,TCF4,0.999
CTNNB1,TCF7L2,0.999
CTNNB1,TERT,0.995
CTNNB1,TJP1,0.995
CTNNB1,TLE1,0.96
CTNNB1,TLE3,0.952
CTNNB1,TLE4,0.935
CTNNB1,TP53,0.927
CTNNB1,TRRAP,0.964
CTNNB1,UBE3A,0.974
CTNNB1,VCL,0.997
CTNNB1,WNT1,0.973
CTNNB1,WNT3A,0.976
CTNNB1,YAP1,0.997
CTNNB1,YWHAZ,0.993
CTNNBL1,CWC15,0.999
CTNNBL1,EFTUD2,0.91
CTNNBL1,HSPA8,0.986
CTNNBL1,PLRG1,0.996
CTNNBL1,PPIE,0.904
CTNNBL1,PRPF19,0.999
CTNNBL1,PRPF38A,0.902
CTNNBL1,RBM22,0.953
CTNNBL1,SF3A1,0.92
CTNNBL1,SF3A2,0.925
CTNNBL1,SF3A3,0.914
CTNNBL1,SF3B6,0.9
CTNNBL1,SNRPA1,0.901
CTNNBL1,SNRPB,0.904
CTNNBL1,SNRPD2,0.929
CTNNBL1,SNRPD3,0.901
CTNNBL1,SNRPE,0.929
CTNNBL1,SNRPF,0.94
CTNNBL1,SNRPG,0.929
CTNNBL1,SNW1,0.959
CTNNBL1,WBP11,0.927
CTNNBL1,XAB2,0.974
CTNND1,EGFR,0.994
CTNND1,ERBB2,0.938
CTNND1,FER,0.952
CTNND1,FYN,0.983
CTNND1,JUP,0.901
CTNND1,MET,0.977
CTNND1,PLEKHA7,0.973
CTNND1,PTPN6,0.936
CTNND1,RAC2,0.925
CTNND1,RHOA,0.986
CTNND1,TJP1,0.956
CTNND1,VAV2,0.985
CTNND1,VCL,0.952
CTNND1,YES1,0.944
CTNND1,ZBTB33,0.999
CTR9,EAF1,0.904
CTR9,EAF2,0.9
CTR9,ELL,0.93
CTR9,ELL2,0.93
CTR9,ELL3,0.915
CTR9,ELOA,0.977
CTR9,ELOB,0.936
CTR9,ELOC,0.932
CTR9,ELP4,0.909
CTR9,ERCC6,0.984
CTR9,ICE1,0.91
CTR9,ICE2,0.906
CTR9,LEO1,0.999
CTR9,MLLT1,0.924
CTR9,MLLT3,0.921
CTR9,NELFA,0.935
CTR9,NELFB,0.949
CTR9,NELFCD,0.907
CTR9,NELFE,0.939
CTR9,PAF1,0.999
CTR9,PEX2,0.905
CTR9,POLR2A,0.998
CTR9,POLR2B,0.971
CTR9,POLR2C,0.983
CTR9,POLR2D,0.939
CTR9,POLR2E,0.963
CTR9,POLR2F,0.922
CTR9,POLR2G,0.938
CTR9,POLR2H,0.958
CTR9,POLR2I,0.917
CTR9,POLR2J,0.915
CTR9,POLR2K,0.901
CTR9,POLR2L,0.913
CTR9,RNF20,0.93
CTR9,SSRP1,0.989
CTR9,SUPT16H,0.997
CTR9,SUPT4H1,0.996
CTR9,SUPT5H,0.999
CTR9,SUPT6H,0.994
CTR9,ZC3H8,0.911
CTSA,GLB1,0.999
CTSA,NEU1,0.999
CTSG,ELANE,0.999
CTSG,LTF,0.997
CTSG,MMP9,0.992
CTSG,MPO,0.999
CTSG,SERPINA3,0.988
CTTN,DLG4,0.924
CTTN,DNM2,0.993
CTTN,GSN,0.987
CTTN,HAX1,0.9
CTTN,HDAC6,0.996
CTTN,HIP1R,0.921
CTTN,KCNA2,0.982
CTTN,NCF1,0.922
CTTN,NCK1,0.957
CTTN,PTK2,0.919
CTTN,PTK2B,0.925
CTTN,PXN,0.997
CTTN,SCIN,0.985
CTTN,SHANK2,0.969
CTTN,SHANK3,0.901
CTTN,SRC,0.998
CTTN,TJP1,0.992
CTTN,TLN1,0.937
CTTN,VASP,0.936
CTTN,VCL,0.97
CTTN,WAS,0.996
CTTN,WASF2,0.947
CTTN,WASL,0.999
CTTN,WIPF1,0.978
CTTNBP2NL,MOB4,0.998
CTTNBP2NL,PDCD10,0.998
CTTNBP2NL,PPP2CA,0.996
CTTNBP2NL,PPP2CB,0.995
CTTNBP2NL,PPP2R1A,0.997
CTTNBP2NL,PPP2R1B,0.994
CTTNBP2NL,STK26,0.996
CTTNBP2NL,STRIP1,0.999
CTTNBP2NL,STRN,0.997
CTTNBP2NL,STRN3,0.999
CTTNBP2NL,STRN4,0.998
CUBN,LRP2,0.999
CUL1,CUL3,0.978
CUL1,CUL4A,0.991
CUL1,CUL4B,0.964
CUL1,CUL5,0.958
CUL1,DCUN1D1,0.999
CUL1,DCUN1D3,0.962
CUL1,DDB1,0.968
CUL1,ELOB,0.95
CUL1,ELOC,0.983
CUL1,FBH1,0.976
CUL1,FBXL2,0.946
CUL1,FBXL20,0.948
CUL1,FBXL3,0.973
CUL1,FBXO10,0.935
CUL1,FBXO11,0.98
CUL1,FBXO17,0.966
CUL1,FBXO2,0.973
CUL1,FBXO27,0.939
CUL1,FBXO31,0.969
CUL1,FBXO32,0.987
CUL1,FBXO44,0.962
CUL1,FBXO45,0.911
CUL1,FBXO6,0.987
CUL1,FBXW11,0.999
CUL1,FBXW2,0.979
CUL1,FBXW7,0.999
CUL1,FBXW8,0.992
CUL1,GLI1,0.934
CUL1,GLI2,0.934
CUL1,GLI3,0.935
CUL1,GLMN,0.993
CUL1,GPS1,0.921
CUL1,HEY1,0.988
CUL1,KEAP1,0.918
CUL1,MYC,0.97
CUL1,NAE1,0.923
CUL1,NEDD8,0.999
CUL1,NFKBIA,0.999
CUL1,NFKBIB,0.932
CUL1,PER1,0.9
CUL1,PER2,0.915
CUL1,PER3,0.911
CUL1,RBX1,0.999
CUL1,RICTOR,0.927
CUL1,RNF7,0.999
CUL1,RPS27A,0.977
CUL1,SKP1,0.999
CUL1,SKP2,0.999
CUL1,SMAD2,0.926
CUL1,SMAD3,0.947
CUL1,UBA3,0.962
CUL1,UBA52,0.92
CUL1,UBB,0.937
CUL1,UBE2D2,0.993
CUL1,UBE2M,0.999
CUL1,ZC3HC1,0.904
CUL2,CUL3,0.988
CUL2,CUL4A,0.979
CUL2,CUL4B,0.926
CUL2,CUL5,0.961
CUL2,CUL7,0.959
CUL2,DCUN1D1,0.963
CUL2,ELOB,0.999
CUL2,ELOC,0.999
CUL2,EPAS1,0.967
CUL2,FEM1A,0.948
CUL2,GPS1,0.919
CUL2,HIF1A,0.999
CUL2,KAT2A,0.96
CUL2,KAT2B,0.904
CUL2,MCM7,0.902
CUL2,NEDD8,0.999
CUL2,PRAME,0.99
CUL2,RBX1,0.999
CUL2,RNF7,0.998
CUL2,SKP1,0.976
CUL2,SKP2,0.902
CUL2,SOCS1,0.987
CUL2,VHL,0.999
CUL2,ZER1,0.995
CUL2,ZYG11B,0.99
CUL3,CUL4A,0.968
CUL3,CUL4B,0.916
CUL3,CUL5,0.974
CUL3,CUL7,0.96
CUL3,DCUN1D1,0.987
CUL3,DCUN1D2,0.961
CUL3,DCUN1D3,0.912
CUL3,ENC1,0.982
CUL3,GAN,0.989
CUL3,GLI1,0.945
CUL3,GLI2,0.957
CUL3,GLI3,0.941
CUL3,GPS1,0.92
CUL3,IBTK,0.906
CUL3,KBTBD6,0.991
CUL3,KBTBD7,0.998
CUL3,KCTD10,0.996
CUL3,KCTD11,0.978
CUL3,KCTD6,0.986
CUL3,KEAP1,0.999
CUL3,KLHL12,0.999
CUL3,KLHL13,0.999
CUL3,KLHL20,0.999
CUL3,KLHL24,0.962
CUL3,KLHL25,0.995
CUL3,KLHL3,0.999
CUL3,KLHL41,0.978
CUL3,KLHL42,0.993
CUL3,KLHL7,0.985
CUL3,KLHL8,0.989
CUL3,KLHL9,0.999
CUL3,NEDD8,0.994
CUL3,NFE2L2,0.975
CUL3,PEF1,0.956
CUL3,RBX1,0.999
CUL3,RHOBTB3,0.931
CUL3,RNF7,0.988
CUL3,SKP1,0.968
CUL3,SPOP,0.999
CUL3,SQSTM1,0.906
CUL3,SUFU,0.949
CUL3,UBE2M,0.958
CUL3,ZBTB16,0.925
CUL4A,CUL4B,0.999
CUL4A,CUL5,0.952
CUL4A,CUL7,0.954
CUL4A,DCAF1,0.999
CUL4A,DCAF7,0.983
CUL4A,DCUN1D1,0.957
CUL4A,DDB1,0.999
CUL4A,DDB2,0.999
CUL4A,DET1,0.999
CUL4A,DTL,0.999
CUL4A,ERCC6,0.954
CUL4A,ERCC8,0.999
CUL4A,GPS1,0.955
CUL4A,NEDD8,0.995
CUL4A,POLR2A,0.915
CUL4A,POLR2B,0.916
CUL4A,POLR2C,0.913
CUL4A,POLR2G,0.901
CUL4A,POLR2H,0.909
CUL4A,POLR2J,0.901
CUL4A,RBX1,0.999
CUL4A,RNF7,0.998
CUL4A,SKP1,0.913
CUL4A,UBE2M,0.944
CUL4A,WDTC1,0.93
CUL4B,CUL7,0.904
CUL4B,DCAF1,0.999
CUL4B,DCAF7,0.984
CUL4B,DCUN1D1,0.953
CUL4B,DDB1,0.999
CUL4B,DDB2,0.998
CUL4B,DET1,0.998
CUL4B,DTL,0.999
CUL4B,ERCC8,0.984
CUL4B,GPS1,0.94
CUL4B,NEDD8,0.958
CUL4B,RBX1,0.999
CUL4B,RNF7,0.967
CUL4B,SUV39H1,0.902
CUL5,DCUN1D1,0.934
CUL5,ELOA,0.934
CUL5,ELOB,0.999
CUL5,ELOC,0.999
CUL5,LRRC41,0.91
CUL5,NEDD8,0.999
CUL5,RBX1,0.999
CUL5,RNF7,0.999
CUL5,SOCS1,0.977
CUL5,SOCS2,0.998
CUL5,SOCS3,0.956
CUL5,SOCS6,0.958
CUL5,WSB1,0.97
CUL7,CUL9,0.966
CUL7,FAU,0.992
CUL7,FBXW11,0.915
CUL7,FBXW8,0.999
CUL7,GLMN,0.992
CUL7,MRPL11,0.931
CUL7,MRPL12,0.971
CUL7,MRPL13,0.964
CUL7,MRPL16,0.952
CUL7,MRPL17,0.978
CUL7,MRPL19,0.976
CUL7,MRPL20,0.976
CUL7,MRPL21,0.977
CUL7,MRPL22,0.954
CUL7,MRPL24,0.935
CUL7,MRPL27,0.973
CUL7,MRPL3,0.956
CUL7,MRPL32,0.949
CUL7,MRPL33,0.972
CUL7,MRPL36,0.98
CUL7,MRPL4,0.938
CUL7,MRPL46,0.903
CUL7,MRPL9,0.97
CUL7,MRPS10,0.951
CUL7,MRPS11,0.96
CUL7,MRPS12,0.964
CUL7,MRPS14,0.96
CUL7,MRPS15,0.961
CUL7,MRPS16,0.978
CUL7,MRPS2,0.932
CUL7,MRPS5,0.959
CUL7,MRPS6,0.976
CUL7,MRPS9,0.984
CUL7,NEDD8,0.944
CUL7,OBSL1,0.999
CUL7,PCGF2,0.901
CUL7,PCGF6,0.9
CUL7,PHC1,0.907
CUL7,PHC2,0.902
CUL7,PHC3,0.9
CUL7,RBX1,0.999
CUL7,RING1,0.918
CUL7,RNF2,0.946
CUL7,RNF7,0.977
CUL7,RPL11,0.98
CUL7,RPL13,0.957
CUL7,RPL15,0.972
CUL7,RPL18,0.975
CUL7,RPL18A,0.937
CUL7,RPL19,0.977
CUL7,RPL21,0.973
CUL7,RPL23,0.985
CUL7,RPL23A,0.983
CUL7,RPL24,0.958
CUL7,RPL28,0.919
CUL7,RPL29,0.946
CUL7,RPL30,0.949
CUL7,RPL31,0.945
CUL7,RPL34,0.962
CUL7,RPL35,0.978
CUL7,RPL35A,0.936
CUL7,RPL36,0.945
CUL7,RPL37A,0.957
CUL7,RPL38,0.912
CUL7,RPL5,0.972
CUL7,RPL9,0.917
CUL7,RPLP0,0.917
CUL7,RPLP1,0.949
CUL7,RPLP2,0.927
CUL7,RPS11,0.971
CUL7,RPS15,0.971
CUL7,RPS17,0.952
CUL7,RPS18,0.984
CUL7,RPS19,0.963
CUL7,RPS2,0.919
CUL7,RPS21,0.925
CUL7,RPS24,0.946
CUL7,RPS25,0.957
CUL7,RPS26,0.956
CUL7,RPS28,0.939
CUL7,RPS3,0.978
CUL7,RPS3A,0.972
CUL7,RPS6,0.969
CUL7,RPS7,0.941
CUL7,RPS8,0.958
CUL7,RPS9,0.966
CUL7,SEC61A1,0.907
CUL7,SKP1,0.999
CUL7,TP53,0.969
CUL7,TUFM,0.98
CUL7,UBA52,0.968
CUL9,RBX1,0.995
CUL9,TP53,0.971
CWC15,CWC22,0.997
CWC15,CWC25,0.961
CWC15,CWC27,0.965
CWC15,DHX15,0.925
CWC15,DHX16,0.976
CWC15,DHX38,0.989
CWC15,DHX8,0.993
CWC15,EFTUD2,0.999
CWC15,EIF4A3,0.935
CWC15,HSPA8,0.98
CWC15,ISY1,0.987
CWC15,MAGOH,0.938
CWC15,PHF5A,0.943
CWC15,PLRG1,0.999
CWC15,PPIE,0.992
CWC15,PPIL1,0.995
CWC15,PRPF19,0.999
CWC15,PRPF38A,0.926
CWC15,PRPF8,0.999
CWC15,RBM22,0.999
CWC15,SF3A1,0.945
CWC15,SF3A2,0.971
CWC15,SF3A3,0.926
CWC15,SF3B1,0.952
CWC15,SF3B2,0.93
CWC15,SF3B3,0.904
CWC15,SF3B4,0.933
CWC15,SF3B5,0.969
CWC15,SLU7,0.973
CWC15,SNRNP200,0.994
CWC15,SNRNP40,0.99
CWC15,SNRPA1,0.999
CWC15,SNRPB,0.993
CWC15,SNRPB2,0.998
CWC15,SNRPD1,0.998
CWC15,SNRPD2,0.998
CWC15,SNRPD3,0.997
CWC15,SNRPE,0.998
CWC15,SNRPF,0.998
CWC15,SNRPG,0.998
CWC15,SNRPN,0.945
CWC15,SNW1,0.999
CWC15,SRRM1,0.907
CWC15,SRRM2,0.997
CWC15,SYF2,0.998
CWC15,TCERG1,0.981
CWC15,UBL5,0.904
CWC15,WBP11,0.963
CWC15,XAB2,0.998
CWC15,YJU2,0.98
CWC22,CWC25,0.997
CWC22,CWC27,0.999
CWC22,DHX16,0.998
CWC22,DHX38,0.998
CWC22,DHX8,0.996
CWC22,EFTUD2,0.999
CWC22,EIF4A3,0.999
CWC22,FRG1,0.998
CWC22,ISY1,0.994
CWC22,LSM2,0.923
CWC22,LSM3,0.925
CWC22,LSM4,0.904
CWC22,LSM5,0.925
CWC22,LSM6,0.908
CWC22,LSM7,0.911
CWC22,LSM8,0.907
CWC22,MAGOH,0.971
CWC22,MFAP1,0.948
CWC22,PHF5A,0.993
CWC22,PLRG1,0.998
CWC22,PPIE,0.983
CWC22,PPIL1,0.982
CWC22,PRPF19,0.999
CWC22,PRPF3,0.932
CWC22,PRPF31,0.927
CWC22,PRPF38A,0.951
CWC22,PRPF4,0.916
CWC22,PRPF6,0.943
CWC22,PRPF8,0.999
CWC22,RBM22,0.998
CWC22,RBM8A,0.99
CWC22,SART1,0.94
CWC22,SF3A1,0.995
CWC22,SF3A2,0.995
CWC22,SF3A3,0.995
CWC22,SF3B1,0.998
CWC22,SF3B2,0.995
CWC22,SF3B3,0.994
CWC22,SF3B4,0.992
CWC22,SF3B5,0.992
CWC22,SLU7,0.999
CWC22,SMU1,0.912
CWC22,SNRNP200,0.999
CWC22,SNRNP40,0.983
CWC22,SNRPA1,0.998
CWC22,SNRPB,0.989
CWC22,SNRPB2,0.991
CWC22,SNRPD1,0.992
CWC22,SNRPD2,0.993
CWC22,SNRPD3,0.99
CWC22,SNRPE,0.991
CWC22,SNRPF,0.99
CWC22,SNRPG,0.99
CWC22,SNU13,0.913
CWC22,SNW1,0.999
CWC22,SRRM1,0.968
CWC22,SRRM2,0.999
CWC22,SYF2,0.995
CWC22,TXNL4A,0.911
CWC22,UPF3B,0.906
CWC22,WBP4,0.926
CWC22,XAB2,0.999
CWC22,YJU2,0.999
CWC22,ZMAT2,0.948
CWC25,DHX38,0.998
CWC25,DHX8,0.946
CWC25,EFTUD2,0.986
CWC25,EIF4A3,0.982
CWC25,ISY1,0.993
CWC25,PLRG1,0.96
CWC25,PRPF18,0.955
CWC25,PRPF19,0.997
CWC25,PRPF8,0.998
CWC25,RBM22,0.983
CWC25,RBM8A,0.979
CWC25,SLU7,0.976
CWC25,SNRNP200,0.999
CWC25,SNRPA1,0.985
CWC25,SNRPB2,0.9
CWC25,SNRPD1,0.951
CWC25,SNRPD2,0.922
CWC25,SNRPD3,0.909
CWC25,SNRPE,0.912
CWC25,SNRPF,0.901
CWC25,SNRPG,0.921
CWC25,SNW1,0.959
CWC25,SRRM2,0.971
CWC25,SYF2,0.966
CWC25,XAB2,0.974
CWC25,YJU2,0.999
CWC27,DHX16,0.998
CWC27,DHX38,0.924
CWC27,EFTUD2,0.995
CWC27,EIF4A3,0.979
CWC27,LSM2,0.957
CWC27,LSM3,0.915
CWC27,LSM4,0.903
CWC27,LSM5,0.918
CWC27,LSM6,0.962
CWC27,LSM7,0.908
CWC27,LSM8,0.912
CWC27,MFAP1,0.931
CWC27,MTREX,0.938
CWC27,PHF5A,0.991
CWC27,PLRG1,0.934
CWC27,PPIL1,0.963
CWC27,PRPF19,0.992
CWC27,PRPF3,0.948
CWC27,PRPF31,0.947
CWC27,PRPF38A,0.933
CWC27,PRPF4,0.941
CWC27,PRPF6,0.947
CWC27,PRPF8,0.997
CWC27,RBM22,0.943
CWC27,SART1,0.923
CWC27,SF3A1,0.993
CWC27,SF3A2,0.994
CWC27,SF3A3,0.995
CWC27,SF3B1,0.994
CWC27,SF3B2,0.993
CWC27,SF3B3,0.993
CWC27,SF3B4,0.994
CWC27,SF3B5,0.991
CWC27,SMU1,0.907
CWC27,SNRNP200,0.999
CWC27,SNRPA1,0.997
CWC27,SNRPB,0.991
CWC27,SNRPB2,0.989
CWC27,SNRPD1,0.992
CWC27,SNRPD2,0.991
CWC27,SNRPD3,0.991
CWC27,SNRPE,0.992
CWC27,SNRPF,0.991
CWC27,SNRPG,0.99
CWC27,SNU13,0.916
CWC27,SNW1,0.977
CWC27,SRRM2,0.992
CWC27,TXNL4A,0.944
CWC27,WBP4,0.932
CWC27,XAB2,0.941
CWC27,ZMAT2,0.908
CXADR,JAML,0.998
CXADR,LNX1,0.91
CXCL12,CXCR1,0.992
CXCL12,CXCR2,0.998
CXCL12,CXCR3,0.998
CXCL12,CXCR4,0.999
CXCL12,CXCR5,0.998
CXCL12,HMGB1,0.984
CXCL12,KIT,0.974
CXCL12,MET,0.902
CXCR1,CXCR2,0.999
CXCR1,CXCR3,0.943
CXCR1,GNAQ,0.925
CXCR2,CXCR4,0.992
CXCR2,GNAI1,0.969
CXCR2,GNAQ,0.953
CXCR2,GRK2,0.956
CXCR2,MIF,0.993
CXCR3,CXCR4,0.969
CXCR3,GNAQ,0.919
CXCR3,IFNG,0.914
CXCR4,CXCR5,0.946
CXCR4,DPP4,0.985
CXCR4,F2,0.918
CXCR4,GDF5,0.938
CXCR4,GNA11,0.921
CXCR4,GNA12,0.972
CXCR4,GNA13,0.952
CXCR4,GNAI1,0.944
CXCR4,GNAI2,0.923
CXCR4,GNAI3,0.915
CXCR4,GNAQ,0.963
CXCR4,GNB1,0.919
CXCR4,GNB2,0.917
CXCR4,GNB3,0.916
CXCR4,GNB4,0.922
CXCR4,GNB5,0.923
CXCR4,GNG10,0.911
CXCR4,GNG11,0.945
CXCR4,GNG12,0.912
CXCR4,GNG13,0.908
CXCR4,GNG2,0.917
CXCR4,GNG3,0.911
CXCR4,GNG4,0.919
CXCR4,GNG5,0.913
CXCR4,GNG7,0.913
CXCR4,GNG8,0.918
CXCR4,GNGT1,0.91
CXCR4,GNGT2,0.925
CXCR4,HIF1A,0.915
CXCR4,HMGB1,0.932
CXCR4,IL6,0.921
CXCR4,JAK3,0.914
CXCR4,KITLG,0.96
CXCR4,MIF,0.991
CXCR4,PTPRC,0.933
CXCR4,VCAM1,0.978
CXCR5,GNAI2,0.901
CXCR5,GNAQ,0.938
CXCR5,ICOS,0.95
CXXC1,DPY30,0.999
CXXC1,HCFC1,0.993
CXXC1,RBBP5,0.999
CXXC1,SETD1A,0.999
CXXC1,SETD1B,0.999
CXXC1,WDR5,0.999
CXXC1,WDR82,0.999
CYB5A,CYB5R3,0.999
CYB5A,CYCS,0.996
CYB5A,CYP2E1,0.959
CYB5A,CYP3A4,0.96
CYBA,CYBB,0.999
CYBA,DUOX1,0.98
CYBA,DUOX2,0.945
CYBA,MAPK1,0.909
CYBA,MAPK3,0.937
CYBA,MMP2,0.949
CYBA,MMP9,0.941
CYBA,NCF1,0.999
CYBA,NCF2,0.999
CYBA,NCF4,0.999
CYBA,NOX1,0.999
CYBA,NOXA1,0.999
CYBA,NOXO1,0.999
CYBA,PRKCD,0.917
CYBA,RAC2,0.999
CYBA,RAP1A,0.947
CYBA,VCAM1,0.938
CYBB,DUOX1,0.986
CYBB,MAPK1,0.926
CYBB,MAPK3,0.955
CYBB,MMP2,0.957
CYBB,MMP9,0.963
CYBB,NCF1,0.999
CYBB,NCF2,0.999
CYBB,NCF4,0.999
CYBB,NOX1,0.998
CYBB,NOXA1,0.994
CYBB,NOXO1,0.995
CYBB,PRKCD,0.93
CYBB,RAC2,0.999
CYBB,RAP1A,0.971
CYBB,RIPK3,0.934
CYBB,TLR4,0.902
CYBB,VCAM1,0.959
CYC1,CYCS,0.999
CYC1,GATC,0.936
CYC1,HTT,0.933
CYC1,IFNGR2,0.933
CYC1,MT-CO1,0.999
CYC1,MT-CO2,0.998
CYC1,MT-CO3,0.999
CYC1,MT-CYB,0.999
CYC1,MT-ND1,0.995
CYC1,MT-ND2,0.989
CYC1,MT-ND3,0.995
CYC1,MT-ND4,0.996
CYC1,MT-ND4L,0.969
CYC1,MT-ND5,0.99
CYC1,MT-ND6,0.918
CYC1,NDUFA10,0.98
CYC1,NDUFA11,0.96
CYC1,NDUFA12,0.998
CYC1,NDUFA13,0.994
CYC1,NDUFA2,0.994
CYC1,NDUFA3,0.901
CYC1,NDUFA5,0.997
CYC1,NDUFA6,0.996
CYC1,NDUFA7,0.936
CYC1,NDUFA8,0.998
CYC1,NDUFA9,0.998
CYC1,NDUFAB1,0.985
CYC1,NDUFB1,0.903
CYC1,NDUFB10,0.995
CYC1,NDUFB11,0.961
CYC1,NDUFB3,0.93
CYC1,NDUFB4,0.928
CYC1,NDUFB5,0.939
CYC1,NDUFB6,0.973
CYC1,NDUFB7,0.996
CYC1,NDUFB8,0.994
CYC1,NDUFB9,0.997
CYC1,NDUFC2,0.943
CYC1,NDUFS1,0.999
CYC1,NDUFS2,0.999
CYC1,NDUFS3,0.999
CYC1,NDUFS4,0.999
CYC1,NDUFS5,0.933
CYC1,NDUFS6,0.998
CYC1,NDUFS7,0.998
CYC1,NDUFS8,0.999
CYC1,NDUFV1,0.999
CYC1,NDUFV2,0.999
CYC1,PALB2,0.906
CYC1,PMPCA,0.985
CYC1,PMPCB,0.995
CYC1,SDHA,0.966
CYC1,SDHB,0.975
CYC1,SDHC,0.923
CYC1,TRIR,0.918
CYC1,TUFM,0.906
CYC1,UQCR10,0.999
CYC1,UQCR11,0.999
CYC1,UQCRB,0.999
CYC1,UQCRC1,0.999
CYC1,UQCRC2,0.999
CYC1,UQCRFS1,0.999
CYC1,UQCRH,0.999
CYC1,UQCRQ,0.999
CYCS,FDX1,0.981
CYCS,HSPB1,0.993
CYCS,HSPB2,0.989
CYCS,HSPB3,0.989
CYCS,HTRA2,0.977
CYCS,INS,0.952
CYCS,ITPR1,0.993
CYCS,ITPR3,0.979
CYCS,MT-CO1,0.996
CYCS,MT-CO2,0.993
CYCS,MT-CO3,0.987
CYCS,MT-CYB,0.998
CYCS,PPIF,0.983
CYCS,SDHA,0.93
CYCS,SDHB,0.908
CYCS,SDHC,0.946
CYCS,SDHD,0.904
CYCS,SIRT5,0.968
CYCS,SLC25A4,0.96
CYCS,SLC25A5,0.978
CYCS,TP53,0.911
CYCS,TRAP1,0.94
CYCS,TUFM,0.909
CYCS,UQCR10,0.965
CYCS,UQCRB,0.99
CYCS,UQCRC1,0.925
CYCS,UQCRC2,0.954
CYCS,UQCRFS1,0.999
CYCS,UQCRH,0.942
CYCS,UQCRQ,0.946
CYCS,VDAC1,0.996
CYCS,VDAC2,0.995
CYCS,XIAP,0.935
CYFIP1,EIF4E,0.997
CYFIP1,EIF4E2,0.905
CYFIP1,FMR1,0.999
CYFIP1,FXR1,0.999
CYFIP1,NCK1,0.902
CYFIP1,NCKAP1,0.999
CYFIP1,RAC1,0.993
CYFIP1,RAC2,0.93
CYFIP1,TUBGCP5,0.989
CYFIP1,WASF1,0.999
CYFIP1,WASF2,0.999
CYFIP1,WASF3,0.996
CYLD,DDX58,0.989
CYLD,FADD,0.931
CYLD,GLI2,0.988
CYLD,IKBKE,0.994
CYLD,IKBKG,0.999
CYLD,ITCH,0.912
CYLD,OPTN,0.938
CYLD,RIPK1,0.999
CYLD,RNF31,0.993
CYLD,RPS27A,0.975
CYLD,SHARPIN,0.936
CYLD,SPATA2,0.997
CYLD,SQSTM1,0.979
CYLD,TBK1,0.969
CYLD,THOC1,0.962
CYLD,THOC2,0.992
CYLD,THOC3,0.989
CYLD,TNF,0.985
CYLD,TNFRSF1A,0.999
CYLD,TRADD,0.995
CYLD,TRAF2,0.992
CYLD,TRAF6,0.999
CYLD,UBA52,0.966
CYLD,UBB,0.971
CYP11A1,DHCR7,0.904
CYP11A1,FDX1,0.999
CYP11A1,FDXR,0.997
CYP11A1,HSD3B2,0.994
CYP11A1,NR5A1,0.913
CYP11B1,CYP19A1,0.949
CYP11B1,HSD11B1,0.967
CYP11B1,HSD3B2,0.992
CYP11B1,MC2R,0.9
CYP19A1,CYP3A4,0.95
CYP19A1,CYP3A5,0.944
CYP19A1,ESR1,0.927
CYP19A1,ESR2,0.925
CYP19A1,HSD3B2,0.979
CYP1B1,GSTP1,0.973
CYP1B1,PPIG,0.911
CYP27B1,FGF23,0.907
CYP27B1,MED1,0.913
CYP2C9,CYP2E1,0.936
CYP2C9,CYP3A4,0.98
CYP2C9,CYP3A5,0.96
CYP2C9,GSTP1,0.951
CYP2C9,PPIG,0.956
CYP2C9,PTGS1,0.936
CYP2C9,PTGS2,0.936
CYP2D6,CYP3A4,0.961
CYP2D6,HSD11B1,0.927
CYP2D6,MAOA,0.963
CYP2D6,MAOB,0.961
CYP2D6,PPIG,0.962
CYP2E1,CYP3A4,0.991
CYP2E1,FANCG,0.965
CYP2E1,GSTP1,0.979
CYP2E1,HSD11B1,0.931
CYP2E1,HSD3B2,0.931
CYP2E1,PPIG,0.939
CYP2E1,PTGS1,0.921
CYP2E1,PTGS2,0.943
CYP3A4,CYP3A5,0.95
CYP3A4,GSTP1,0.976
CYP3A4,HSD11B1,0.941
CYP3A4,HSD3B2,0.945
CYP3A4,MAOA,0.953
CYP3A4,MAOB,0.953
CYP3A4,NR1I2,0.962
CYP3A4,NR1I3,0.919
CYP3A4,PPIG,0.973
CYP3A5,HSD3B2,0.937
CYP3A5,PPIG,0.926
CYTH2,GRASP,0.982
DAAM1,DVL1,0.999
DAAM1,DVL2,0.978
DAAM1,DVL3,0.948
DAAM1,RHOA,0.996
DAB2,DAB2IP,0.992
DAB2,DVL3,0.91
DAB2,GRB2,0.948
DAB2,LDLR,0.934
DAB2,LRP2,0.993
DAB2IP,MAP3K5,0.995
DAB2IP,TNFRSF1B,0.901
DAB2IP,TRAF2,0.969
DACH1,EYA1,0.942
DACH1,SIX1,0.939
DACH1,SMAD4,0.927
DAD1,DDOST,0.999
DAD1,KRTCAP2,0.983
DAD1,MAGT1,0.999
DAD1,OSTC,0.993
DAD1,RPN1,0.999
DAD1,RPN2,0.999
DAD1,SEC61A1,0.986
DAD1,SEC61B,0.985
DAD1,SSR2,0.935
DAD1,SSR4,0.921
DAD1,STT3A,0.999
DAD1,STT3B,0.999
DAD1,TUSC3,0.998
DAG1,DMD,0.999
DAG1,DTNA,0.974
DAG1,DTNB,0.937
DAG1,EGFLAM,0.996
DAG1,GRB2,0.921
DAG1,HSPG2,0.999
DAG1,LAMA2,0.999
DAG1,LAMA5,0.912
DAG1,NRXN1,0.998
DAG1,SGCA,0.999
DAG1,SGCB,0.99
DAG1,SGCD,0.999
DAG1,SGCE,0.981
DAG1,SGCG,0.995
DAG1,SNTA1,0.985
DAG1,SNTB1,0.915
DAG1,SNTB2,0.901
DAG1,SSPN,0.999
DAG1,UTRN,0.999
DAP3,MRPL1,0.902
DAP3,MRPL10,0.99
DAP3,MRPL11,0.996
DAP3,MRPL12,0.989
DAP3,MRPL13,0.995
DAP3,MRPL14,0.907
DAP3,MRPL15,0.995
DAP3,MRPL16,0.993
DAP3,MRPL17,0.993
DAP3,MRPL19,0.995
DAP3,MRPL2,0.992
DAP3,MRPL20,0.995
DAP3,MRPL21,0.994
DAP3,MRPL22,0.994
DAP3,MRPL23,0.994
DAP3,MRPL24,0.994
DAP3,MRPL27,0.994
DAP3,MRPL3,0.996
DAP3,MRPL30,0.98
DAP3,MRPL32,0.991
DAP3,MRPL33,0.993
DAP3,MRPL34,0.987
DAP3,MRPL36,0.992
DAP3,MRPL37,0.914
DAP3,MRPL38,0.982
DAP3,MRPL39,0.903
DAP3,MRPL4,0.995
DAP3,MRPL40,0.995
DAP3,MRPL41,0.997
DAP3,MRPL42,0.983
DAP3,MRPL43,0.993
DAP3,MRPL44,0.995
DAP3,MRPL45,0.948
DAP3,MRPL46,0.994
DAP3,MRPL47,0.994
DAP3,MRPL48,0.937
DAP3,MRPL49,0.996
DAP3,MRPL51,0.916
DAP3,MRPL54,0.96
DAP3,MRPL9,0.976
DAP3,MRPS10,0.999
DAP3,MRPS11,0.999
DAP3,MRPS12,0.998
DAP3,MRPS14,0.998
DAP3,MRPS15,0.999
DAP3,MRPS16,0.999
DAP3,MRPS17,0.986
DAP3,MRPS18A,0.993
DAP3,MRPS18B,0.998
DAP3,MRPS18C,0.995
DAP3,MRPS2,0.999
DAP3,MRPS21,0.991
DAP3,MRPS22,0.998
DAP3,MRPS23,0.997
DAP3,MRPS24,0.988
DAP3,MRPS25,0.998
DAP3,MRPS26,0.992
DAP3,MRPS27,0.998
DAP3,MRPS28,0.994
DAP3,MRPS30,0.991
DAP3,MRPS31,0.997
DAP3,MRPS33,0.981
DAP3,MRPS34,0.993
DAP3,MRPS35,0.999
DAP3,MRPS5,0.999
DAP3,MRPS6,0.998
DAP3,MRPS7,0.999
DAP3,MRPS9,0.999
DAP3,MTIF2,0.982
DAP3,PTCD3,0.998
DAP3,RPL23,0.956
DAP3,RPS11,0.973
DAP3,RPS18,0.945
DAP3,RPS9,0.913
DAP3,TUFM,0.949
DAPK1,FADD,0.916
DAPK1,KLHL20,0.949
DAPK1,MAPK1,0.956
DAPK1,MAPK3,0.98
DAPK1,UNC5B,0.923
DARS1,EEF1E1,0.999
DARS1,EPRS1,0.999
DARS1,GATB,0.987
DARS1,IARS1,0.996
DARS1,KARS1,0.996
DARS1,LARS1,0.996
DARS1,MARS1,0.999
DARS1,QARS1,0.999
DARS1,QRSL1,0.938
DARS1,RARS1,0.996
DAXX,DNMT1,0.928
DAXX,FAS,0.999
DAXX,H3-3A,0.957
DAXX,H3-3B,0.999
DAXX,H4C1,0.905
DAXX,H4C2,0.913
DAXX,HDAC1,0.922
DAXX,HDAC2,0.911
DAXX,HSPB1,0.964
DAXX,MAP3K5,0.999
DAXX,MAPK8,0.931
DAXX,MAPK9,0.917
DAXX,MDM2,0.995
DAXX,NR3C1,0.903
DAXX,PARK7,0.969
DAXX,PML,0.999
DAXX,RASSF1,0.948
DAXX,SMAD4,0.938
DAXX,SPOP,0.974
DAXX,SUMO1,0.999
DAXX,TGFBR1,0.916
DAXX,TGFBR2,0.981
DAXX,TNFRSF1A,0.944
DAXX,TNFRSF1B,0.903
DAXX,TP53,0.999
DAXX,UBE2I,0.975
DAXX,USP7,0.999
DBF4,MCM2,0.996
DBF4,MCM3,0.997
DBF4,MCM4,0.999
DBF4,MCM5,0.991
DBF4,MCM6,0.993
DBF4,MCM7,0.997
DBF4,ORC2,0.998
DBF4,ORC4,0.998
DBF4,ORC5,0.919
DBF4,ORC6,0.998
DBF4,TICRR,0.982
DBT,DLD,0.999
DBT,OGDH,0.961
DBT,PCCA,0.961
DBT,PCCB,0.972
DBT,PDHB,0.957
DBT,SUCLA2,0.901
DBT,SUCLG1,0.956
DCAF1,DCAF7,0.908
DCAF1,DDB1,0.999
DCAF1,DDB2,0.967
DCAF1,DET1,0.928
DCAF1,DTL,0.996
DCAF1,DYRK2,0.941
DCAF1,ERCC8,0.9
DCAF1,NF2,0.956
DCAF1,RBX1,0.999
DCAF7,DDB1,0.995
DCAF7,DDB2,0.912
DCAF7,DET1,0.903
DCAF7,DTL,0.932
DCAF7,DYRK1A,0.997
DCAF7,DYRK1B,0.989
DCAF7,ERCC8,0.936
DCAF7,HIPK2,0.939
DCAF7,PAX6,0.993
DCAF7,RBX1,0.918
DCC,NCK1,0.926
DCC,PLCG1,0.904
DCC,PLCG2,0.9
DCC,PTK2,0.991
DCC,SRC,0.943
DCC,UNC5B,0.961
DCC,UNC5D,0.938
DCLRE1C,ERCC1,0.943
DCLRE1C,ERCC4,0.937
DCLRE1C,ERCC5,0.944
DCLRE1C,ERCC8,0.921
DCLRE1C,KDM1A,0.903
DCLRE1C,LIG4,0.997
DCLRE1C,MSH2,0.944
DCLRE1C,MSH6,0.935
DCLRE1C,NHEJ1,0.992
DCLRE1C,PAXX,0.928
DCLRE1C,PHF21A,0.909
DCLRE1C,POLD1,0.923
DCLRE1C,PRKDC,0.999
DCLRE1C,RAD23B,0.919
DCLRE1C,RCOR1,0.9
DCLRE1C,SWSAP1,0.9
DCLRE1C,XPC,0.911
DCLRE1C,XRCC4,0.983
DCLRE1C,XRCC5,0.998
DCLRE1C,XRCC6,0.997
DCLRE1C,ZSWIM7,0.9
DCN,EGF,0.917
DCN,EGFR,0.999
DCN,ELN,0.993
DCN,ERBB2,0.958
DCN,ERBB3,0.913
DCN,ERBB4,0.922
DCN,FBN1,0.912
DCN,FGF4,0.936
DCN,FGF7,0.954
DCN,FN1,0.996
DCN,HSPG2,0.986
DCN,IGF1,0.989
DCN,KDR,0.931
DCN,MET,0.986
DCN,MFAP2,0.954
DCN,P3H3,0.964
DCN,SDC1,0.935
DCN,SPARC,0.905
DCN,TGFB1,0.999
DCN,TGFB3,0.961
DCN,TLR2,0.99
DCN,TLR4,0.988
DCN,TNF,0.9
DCN,VTN,0.945
DCN,YBX1,0.989
DCN,YBX3,0.991
DCP1A,DCP2,0.999
DCP1A,DDX6,0.999
DCP1A,EDC3,0.999
DCP1A,EDC4,0.999
DCP1A,LSM1,0.907
DCP1A,LSM4,0.903
DCP1A,PABPC1,0.916
DCP1A,PNRC2,0.999
DCP1A,UPF1,0.994
DCP1A,XRN1,0.999
DCP2,DDX6,0.999
DCP2,DHX9,0.914
DCP2,DICER1,0.943
DCP2,EDC3,0.999
DCP2,EDC4,0.999
DCP2,EIF4E,0.98
DCP2,LIMD1,0.905
DCP2,LSM1,0.991
DCP2,LSM4,0.901
DCP2,PARN,0.929
DCP2,PNRC2,0.934
DCP2,TARBP2,0.911
DCP2,UPF1,0.98
DCP2,XPO5,0.929
DCP2,XRN1,0.999
DCP2,XRN2,0.901
DCP2,ZFP36,0.909
DCP2,ZFP36L1,0.929
DCT,MITF,0.956
DCT,TYR,0.958
DCTN1,DCTN2,0.999
DCTN1,DCTN3,0.999
DCTN1,DCTN4,0.999
DCTN1,DCTN5,0.999
DCTN1,DCTN6,0.999
DCTN1,DYNC1H1,0.999
DCTN1,DYNC1I1,0.998
DCTN1,DYNC1I2,0.997
DCTN1,DYNC1LI1,0.998
DCTN1,DYNLL1,0.943
DCTN1,DYNLRB1,0.94
DCTN1,HAP1,0.997
DCTN1,KIF11,0.926
DCTN1,MAPRE1,0.997
DCTN1,MAPRE3,0.984
DCTN1,NIN,0.964
DCTN1,PAFAH1B1,0.956
DCTN1,PLK1,0.915
DCTN1,SNX6,0.934
DCTN1,TPPP,0.959
DCTN2,DCTN3,0.999
DCTN2,DCTN4,0.999
DCTN2,DCTN5,0.999
DCTN2,DCTN6,0.999
DCTN2,DYNC1H1,0.998
DCTN2,DYNC1I1,0.998
DCTN2,DYNC1I2,0.996
DCTN2,DYNC1LI1,0.911
DCTN2,DYNLL1,0.915
DCTN2,DYNLRB1,0.937
DCTN2,HSP90AA1,0.908
DCTN2,PAFAH1B1,0.964
DCTN2,TPPP,0.968
DCTN2,ZW10,0.932
DCTN3,DCTN4,0.996
DCTN3,DCTN5,0.997
DCTN3,DCTN6,0.999
DCTN3,DYNC1H1,0.966
DCTN3,DYNC1I2,0.981
DCTN4,DCTN5,0.999
DCTN4,DCTN6,0.999
DCTN4,DYNC1H1,0.974
DCTN4,DYNC1I2,0.964
DCTN4,EMC1,0.939
DCTN4,EMC3,0.903
DCTN5,DCTN6,0.999
DCTN5,DYNC1H1,0.991
DCTN5,DYNC1I2,0.914
DCTN6,DYNC1H1,0.991
DCTN6,DYNC1I2,0.948
DCTN6,DYNLRB1,0.932
DCUN1D1,NEDD8,0.996
DCUN1D1,RBX1,0.998
DCUN1D1,UBE2M,0.999
DCUN1D2,UBE2M,0.959
DCUN1D3,RBX1,0.902
DCUN1D3,UBE2M,0.966
DCX,TUBA1B,0.932
DCX,TUBB2B,0.95
DDB1,DDB2,0.999
DDB1,DET1,0.999
DDB1,DTL,0.999
DDB1,DYRK2,0.911
DDB1,ERCC6,0.988
DDB1,ERCC8,0.999
DDB1,GPS1,0.949
DDB1,GSPT1,0.92
DDB1,IKZF1,0.945
DDB1,MTOR,0.995
DDB1,NEDD8,0.969
DDB1,POLR2A,0.929
DDB1,POLR2B,0.932
DDB1,POLR2C,0.907
DDB1,POLR2D,0.912
DDB1,POLR2E,0.912
DDB1,POLR2F,0.905
DDB1,POLR2G,0.912
DDB1,POLR2H,0.91
DDB1,POLR2I,0.907
DDB1,POLR2J,0.922
DDB1,POLR2K,0.902
DDB1,POLR2L,0.907
DDB1,RAD23B,0.937
DDB1,RBBP7,0.952
DDB1,RBM39,0.977
DDB1,RBX1,0.999
DDB1,SKP2,0.915
DDB1,SUV39H1,0.902
DDB1,WDTC1,0.996
DDB1,XPA,0.915
DDB1,XPC,0.92
DDB2,DET1,0.982
DDB2,DTL,0.98
DDB2,ERCC2,0.915
DDB2,ERCC8,0.96
DDB2,GPS1,0.908
DDB2,H3C1,0.931
DDB2,RAD23B,0.929
DDB2,RBX1,0.999
DDB2,TP53,0.979
DDB2,XPA,0.989
DDB2,XPC,0.982
DDC,MAOA,0.986
DDC,MAOB,0.987
DDC,PAH,0.983
DDC,SLC18A2,0.967
DDC,TH,0.995
DDC,TPO,0.918
DDC,TYR,0.962
DDIT3,EIF2S1,0.951
DDIT3,FOS,0.905
DDIT3,HSPA5,0.921
DDIT3,MAPK11,0.928
DDIT3,MAPK14,0.95
DDIT3,NFE2L2,0.968
DDIT3,TRIB3,0.931
DDIT4,HUWE1,0.956
DDIT4,TBC1D7,0.938
DDIT4,TP53,0.911
DDIT4,TSC1,0.971
DDIT4,TSC2,0.991
DDIT4,TXNIP,0.991
DDN,MAGI2,0.904
DDN,WWC1,0.998
DDOST,KRTCAP2,0.966
DDOST,MAGT1,0.999
DDOST,OSTC,0.994
DDOST,PDIA6,0.902
DDOST,PRKCSH,0.948
DDOST,RPN1,0.999
DDOST,RPN2,0.999
DDOST,SEC61A1,0.998
DDOST,SEC61B,0.995
DDOST,SEC61G,0.996
DDOST,SSR1,0.972
DDOST,SSR2,0.964
DDOST,SSR3,0.986
DDOST,SSR4,0.99
DDOST,STT3A,0.999
DDOST,STT3B,0.999
DDOST,TUSC3,0.998
DDX1,DDX21,0.991
DDX1,DDX56,0.99
DDX1,DHX36,0.997
DDX1,FAM98B,0.999
DDX1,RTCB,0.999
DDX1,RTRAF,0.999
DDX1,ZBTB8OS,0.974
DDX11,SYMPK,0.959
DDX11,TIMELESS,0.956
DDX11,WDHD1,0.916
DDX17,DDX5,0.994
DDX17,DGCR8,0.996
DDX17,DROSHA,0.998
DDX17,ESR1,0.992
DDX17,HDAC1,0.936
DDX17,HNRNPM,0.901
DDX17,TP53,0.97
DDX18,DDX24,0.979
DDX18,DDX56,0.95
DDX18,DHX15,0.939
DDX18,DKC1,0.989
DDX18,EBNA1BP2,0.99
DDX18,EIF6,0.966
DDX18,FTSJ3,0.996
DDX18,GNL2,0.975
DDX18,GNL3,0.984
DDX18,GRWD1,0.967
DDX18,GTPBP4,0.997
DDX18,IMP4,0.982
DDX18,LYAR,0.924
DDX18,MPHOSPH10,0.988
DDX18,MRTO4,0.996
DDX18,NIFK,0.999
DDX18,NOP2,0.983
DDX18,NOP56,0.902
DDX18,NOP58,0.993
DDX18,PA2G4,0.935
DDX18,PES1,0.997
DDX18,RBM28,0.962
DDX18,RPF2,0.992
DDX18,RPL13,0.936
DDX18,RPL14,0.913
DDX18,RPL15,0.911
DDX18,RPL18,0.909
DDX18,RPL23A,0.96
DDX18,RPL27A,0.908
DDX18,RPL30,0.912
DDX18,RPL31,0.9
DDX18,RPL32,0.91
DDX18,RPL35,0.94
DDX18,RPL36,0.955
DDX18,RPL38,0.916
DDX18,RPL4,0.93
DDX18,RPL6,0.902
DDX18,RPL7A,0.957
DDX18,RRP1,0.938
DDX18,RSL1D1,0.999
DDX18,RSL24D1,0.988
DDX18,TBL3,0.927
DDX18,WDR12,0.997
DDX18,WDR43,0.923
DDX20,GEMIN2,0.999
DDX20,GEMIN4,0.999
DDX20,GEMIN5,0.999
DDX20,GEMIN6,0.999
DDX20,GEMIN7,0.999
DDX20,GEMIN8,0.996
DDX20,SMN1,0.998
DDX20,SNRPB,0.981
DDX20,SNRPD1,0.967
DDX20,SNRPD2,0.975
DDX20,SNRPD3,0.955
DDX20,SNRPE,0.979
DDX20,SNRPF,0.98
DDX20,SNRPG,0.967
DDX20,STRAP,0.997
DDX21,DEK,0.913
DDX21,DHX36,0.998
DDX21,DHX9,0.908
DDX21,EBNA1BP2,0.992
DDX21,GNL3,0.963
DDX21,HNRNPC,0.906
DDX21,MYBBP1A,0.963
DDX21,PES1,0.975
DDX21,SF3B1,0.927
DDX21,SMARCA5,0.922
DDX21,SSRP1,0.937
DDX23,DHX38,0.983
DDX23,EFTUD2,0.999
DDX23,LSM2,0.99
DDX23,LSM3,0.983
DDX23,LSM4,0.99
DDX23,LSM5,0.988
DDX23,LSM6,0.99
DDX23,LSM7,0.993
DDX23,LSM8,0.981
DDX23,PHF5A,0.908
DDX23,PRPF3,0.999
DDX23,PRPF31,0.997
DDX23,PRPF4,0.996
DDX23,PRPF4B,0.937
DDX23,PRPF6,0.999
DDX23,PRPF8,0.999
DDX23,RBM42,0.945
DDX23,SART1,0.996
DDX23,SF3A1,0.955
DDX23,SF3A2,0.962
DDX23,SF3A3,0.94
DDX23,SF3B1,0.956
DDX23,SF3B2,0.923
DDX23,SF3B3,0.923
DDX23,SNRNP200,0.999
DDX23,SNRNP40,0.997
DDX23,SNRNP70,0.953
DDX23,SNRPA,0.953
DDX23,SNRPA1,0.91
DDX23,SNRPB,0.994
DDX23,SNRPC,0.995
DDX23,SNRPD1,0.998
DDX23,SNRPD2,0.999
DDX23,SNRPD3,0.996
DDX23,SNRPE,0.998
DDX23,SNRPF,0.997
DDX23,SNRPG,0.997
DDX23,SNRPN,0.93
DDX23,SNU13,0.991
DDX23,SRPK1,0.942
DDX23,TFIP11,0.928
DDX23,TXNL4A,0.999
DDX23,USP39,0.996
DDX24,DDX56,0.954
DDX24,EBNA1BP2,0.909
DDX24,PES1,0.925
DDX24,RBM28,0.959
DDX24,WDR12,0.94
DDX27,DDX56,0.929
DDX27,DKC1,0.919
DDX27,EBNA1BP2,0.919
DDX27,FTSJ3,0.985
DDX27,GTPBP4,0.911
DDX27,NIFK,0.979
DDX27,NOP2,0.934
DDX27,NOP56,0.941
DDX27,PES1,0.979
DDX27,RBM28,0.986
DDX27,RPF2,0.949
DDX27,RRP8,0.915
DDX27,WDR12,0.955
DDX28,FASTKD2,0.911
DDX28,MRPL11,0.915
DDX28,MRPL13,0.914
DDX28,MRPL2,0.927
DDX28,MRPL27,0.912
DDX28,MRPL3,0.905
DDX28,MRPL38,0.91
DDX28,MRPL4,0.95
DDX28,MRPS30,0.919
DDX28,NGDN,0.908
DDX28,RPUSD4,0.904
DDX39A,DDX39B,0.967
DDX39A,SARNP,0.999
DDX39A,THOC1,0.937
DDX39A,THOC2,0.98
DDX39A,THOC7,0.919
DDX39B,DDX5,0.915
DDX39B,DHX38,0.943
DDX39B,DHX8,0.94
DDX39B,DHX9,0.962
DDX39B,EIF4A3,0.999
DDX39B,HNRNPA1,0.951
DDX39B,MAGOH,0.983
DDX39B,NCBP1,0.968
DDX39B,NCBP2,0.93
DDX39B,NXF1,0.939
DDX39B,PRPF6,0.911
DDX39B,RAE1,0.948
DDX39B,RBM39,0.922
DDX39B,RBM8A,0.998
DDX39B,RNPS1,0.954
DDX39B,SARNP,0.999
DDX39B,SNRPD1,0.919
DDX39B,SNRPD2,0.938
DDX39B,SNRPD3,0.929
DDX39B,SNRPE,0.922
DDX39B,SNRPF,0.934
DDX39B,SNRPG,0.917
DDX39B,SRRM1,0.962
DDX39B,SRRT,0.973
DDX39B,SRSF1,0.914
DDX39B,SRSF3,0.908
DDX39B,SRSF7,0.905
DDX39B,THOC1,0.999
DDX39B,THOC2,0.999
DDX39B,THOC3,0.999
DDX39B,THOC5,0.999
DDX39B,THOC6,0.999
DDX39B,THOC7,0.999
DDX39B,U2AF2,0.996
DDX39B,UPF3B,0.921
DDX3X,EIF2S1,0.927
DDX3X,EIF4E,0.995
DDX3X,EIF4G1,0.977
DDX3X,G3BP1,0.912
DDX3X,IKBKE,0.996
DDX3X,MAVS,0.966
DDX3X,PABPC1,0.956
DDX3X,TBK1,0.999
DDX3X,XPO1,0.992
DDX41,IFI16,0.926
DDX41,IRF3,0.913
DDX41,TBK1,0.936
DDX41,TRIM21,0.929
DDX42,DHX15,0.965
DDX42,PHF5A,0.992
DDX42,SF3A1,0.903
DDX42,SF3A2,0.997
DDX42,SF3B1,0.999
DDX42,SF3B2,0.979
DDX42,SF3B3,0.995
DDX42,SF3B4,0.987
DDX42,SF3B5,0.994
DDX42,SF3B6,0.94
DDX46,DHX15,0.962
DDX46,DHX38,0.978
DDX46,HTATSF1,0.983
DDX46,MFAP1,0.97
DDX46,NCBP2,0.901
DDX46,PHF5A,0.994
DDX46,RBM17,0.909
DDX46,RBM25,0.97
DDX46,SF1,0.991
DDX46,SF3A1,0.999
DDX46,SF3A2,0.999
DDX46,SF3A3,0.999
DDX46,SF3B1,0.999
DDX46,SF3B2,0.997
DDX46,SF3B3,0.997
DDX46,SF3B4,0.99
DDX46,SF3B5,0.998
DDX46,SF3B6,0.948
DDX46,SNRPA1,0.995
DDX46,SNRPB,0.964
DDX46,SNRPB2,0.985
DDX46,SNRPD1,0.996
DDX46,SNRPD2,0.989
DDX46,SNRPD3,0.964
DDX46,SNRPE,0.975
DDX46,SNRPF,0.961
DDX46,SNRPG,0.956
DDX46,SNRPN,0.937
DDX46,TCERG1,0.927
DDX46,U2SURP,0.918
DDX5,DGCR8,0.993
DDX5,DHX16,0.918
DDX5,DHX9,0.996
DDX5,DROSHA,0.999
DDX5,EIF4A3,0.934
DDX5,EP300,0.917
DDX5,ESR1,0.973
DDX5,HDAC1,0.944
DDX5,HNRNPA1,0.929
DDX5,HNRNPC,0.925
DDX5,HNRNPH1,0.96
DDX5,HNRNPK,0.935
DDX5,MTREX,0.909
DDX5,NANOG,0.916
DDX5,RBM39,0.971
DDX5,SF1,0.906
DDX5,SF3B1,0.901
DDX5,SMAD3,0.963
DDX5,SRRM2,0.912
DDX5,TP53,0.997
DDX5,UPF3B,0.905
DDX5,WBP11,0.922
DDX56,DHX36,0.996
DDX56,DKC1,0.905
DDX56,EBNA1BP2,0.971
DDX56,FBL,0.934
DDX56,FTSJ3,0.961
DDX56,GNL2,0.936
DDX56,GNL3,0.919
DDX56,GRWD1,0.963
DDX56,GTPBP4,0.978
DDX56,MRTO4,0.909
DDX56,NOP2,0.937
DDX56,NOP58,0.959
DDX56,PES1,0.97
DDX56,RBM28,0.931
DDX56,RPF2,0.987
DDX56,RRS1,0.914
DDX56,TBL3,0.938
DDX56,WDR12,0.917
DDX58,IFIT1,0.995
DDX58,IFIT2,0.982
DDX58,IFIT3,0.966
DDX58,IFNB1,0.961
DDX58,IKBKE,0.978
DDX58,IRF3,0.99
DDX58,IRF7,0.99
DDX58,MAVS,0.999
DDX6,DHX9,0.967
DDX6,DICER1,0.984
DDX6,EDC3,0.999
DDX6,EDC4,0.999
DDX6,EIF4E,0.991
DDX6,EIF4ENIF1,0.999
DDX6,G3BP1,0.917
DDX6,GIGYF2,0.925
DDX6,LIMD1,0.939
DDX6,LSM1,0.998
DDX6,LSM4,0.913
DDX6,LSM7,0.989
DDX6,PABPC1,0.962
DDX6,POLR2A,0.963
DDX6,TARBP2,0.952
DDX6,UPF1,0.93
DDX6,XPO5,0.943
DDX6,XRN1,0.993
DDX6,YBX1,0.91
DEK,MYBBP1A,0.932
DEK,NUP214,0.932
DEK,RNPS1,0.973
DEK,SF3B1,0.928
DEK,SMARCA5,0.922
DEK,SRRM1,0.978
DEK,U2AF1,0.907
DEK,UPF1,0.996
DEPDC5,ITFG2,0.999
DEPDC5,KPTN,0.999
DEPDC5,LAMTOR1,0.938
DEPDC5,LAMTOR2,0.94
DEPDC5,LAMTOR3,0.936
DEPDC5,LAMTOR4,0.946
DEPDC5,LAMTOR5,0.94
DEPDC5,MIOS,0.999
DEPDC5,NPRL2,0.999
DEPDC5,NPRL3,0.999
DEPDC5,RRAGA,0.999
DEPDC5,RRAGB,0.985
DEPDC5,RRAGC,0.999
DEPDC5,SEC13,0.993
DEPDC5,SEH1L,0.994
DEPDC5,SESN2,0.998
DEPDC5,SZT2,0.999
DEPDC5,WDR24,0.999
DEPDC5,WDR59,0.999
DEPTOR,FKBP8,0.955
DEPTOR,IGBP1,0.906
DEPTOR,MAPKAP1,0.999
DEPTOR,MLST8,0.999
DEPTOR,MTOR,0.999
DEPTOR,PRR5,0.998
DEPTOR,PRR5L,0.963
DEPTOR,RICTOR,0.999
DEPTOR,RPTOR,0.999
DEPTOR,TELO2,0.946
DEPTOR,TTI1,0.995
DEPTOR,ULK1,0.951
DEPTOR,ULK2,0.932
DERL1,DERL2,0.989
DERL1,ERLEC1,0.985
DERL1,FAF2,0.93
DERL1,HSPA5,0.982
DERL1,NGLY1,0.905
DERL1,NPLOC4,0.967
DERL1,NSFL1C,0.914
DERL1,OS9,0.985
DERL1,RNF139,0.931
DERL1,SEC61A1,0.909
DERL1,SEL1L,0.999
DERL1,SELENOS,0.991
DERL1,SYVN1,0.999
DERL1,UBE2J1,0.901
DERL1,UBXN1,0.919
DERL1,UFD1,0.995
DERL1,VCP,0.999
DERL2,EMC2,0.904
DERL2,EMC3,0.907
DERL2,ERLEC1,0.99
DERL2,FAF2,0.996
DERL2,HSPA5,0.946
DERL2,NPLOC4,0.934
DERL2,OS9,0.999
DERL2,SEL1L,0.999
DERL2,SELENOS,0.977
DERL2,SYVN1,0.998
DERL2,UBE2J1,0.963
DERL2,UFD1,0.963
DERL2,VCP,0.994
DET1,DTL,0.928
DET1,ERCC8,0.901
DET1,RBX1,0.999
DGAT1,DGAT2,0.999
DGAT1,LPIN1,0.911
DGAT1,PLPP3,0.962
DGAT1,RDH5,0.921
DGAT1,RPE65,0.931
DGAT2,PLPP3,0.952
DGCR8,DICER1,0.993
DGCR8,DROSHA,0.999
DGCR8,HNRNPA2B1,0.991
DGCR8,MECP2,0.974
DGCR8,METTL14,0.989
DGCR8,METTL3,0.985
DGCR8,TARBP2,0.966
DGCR8,TP53,0.929
DGCR8,XPO5,0.936
DGKZ,SNX27,0.987
DHCR24,DHCR7,0.996
DHCR24,SOAT1,0.94
DHCR7,HMGCR,0.904
DHCR7,SOAT1,0.942
DHCR7,SREBF2,0.907
DHDDS,FDPS,0.966
DHDDS,FNTA,0.943
DHDDS,FNTB,0.95
DHDDS,NUS1,0.998
DHFR,GART,0.989
DHFR,PAH,0.93
DHFR,SHMT1,0.995
DHFR,SHMT2,0.992
DHFR,TH,0.916
DHFR,TYMS,0.999
DHX15,DHX8,0.907
DHX15,DKC1,0.9
DHX15,EBNA1BP2,0.917
DHX15,EFTUD2,0.997
DHX15,EIF4A3,0.929
DHX15,FBL,0.939
DHX15,GCFC2,0.973
DHX15,MTREX,0.959
DHX15,NOP56,0.968
DHX15,NOP58,0.981
DHX15,NTSR2,0.995
DHX15,PHF5A,0.915
DHX15,PLRG1,0.986
DHX15,PPIL1,0.964
DHX15,PRPF19,0.997
DHX15,PRPF8,0.996
DHX15,RBM10,0.996
DHX15,RBM17,0.999
DHX15,RBM22,0.936
DHX15,RBM5,0.973
DHX15,RPF2,0.949
DHX15,RSL1D1,0.903
DHX15,SART1,0.972
DHX15,SF3A1,0.977
DHX15,SF3A2,0.969
DHX15,SF3A3,0.969
DHX15,SF3B1,0.987
DHX15,SF3B2,0.964
DHX15,SF3B3,0.978
DHX15,SF3B4,0.961
DHX15,SF3B5,0.951
DHX15,SF3B6,0.949
DHX15,SNRNP200,0.908
DHX15,SNRPA1,0.999
DHX15,SNRPB,0.983
DHX15,SNRPB2,0.993
DHX15,SNRPD1,0.991
DHX15,SNRPD2,0.994
DHX15,SNRPD3,0.99
DHX15,SNRPE,0.993
DHX15,SNRPF,0.996
DHX15,SNRPG,0.991
DHX15,SNRPN,0.918
DHX15,SNW1,0.988
DHX15,SRSF2,0.906
DHX15,SUGP1,0.999
DHX15,SYF2,0.987
DHX15,TFIP11,0.999
DHX15,U2SURP,0.95
DHX15,XAB2,0.993
DHX15,YJU2,0.972
DHX16,DHX38,0.997
DHX16,EFTUD2,0.999
DHX16,EIF4A3,0.909
DHX16,LSM2,0.952
DHX16,LSM3,0.915
DHX16,LSM4,0.91
DHX16,LSM5,0.956
DHX16,LSM6,0.958
DHX16,LSM7,0.919
DHX16,LSM8,0.913
DHX16,MFAP1,0.932
DHX16,MTREX,0.903
DHX16,PHF5A,0.998
DHX16,PLRG1,0.984
DHX16,PPIL1,0.977
DHX16,PRPF19,0.988
DHX16,PRPF3,0.973
DHX16,PRPF31,0.965
DHX16,PRPF38A,0.945
DHX16,PRPF4,0.95
DHX16,PRPF6,0.966
DHX16,PRPF8,0.999
DHX16,RBM22,0.985
DHX16,SART1,0.953
DHX16,SF3A1,0.998
DHX16,SF3A2,0.998
DHX16,SF3A3,0.998
DHX16,SF3B1,0.999
DHX16,SF3B2,0.999
DHX16,SF3B3,0.999
DHX16,SF3B4,0.997
DHX16,SF3B5,0.997
DHX16,SMU1,0.914
DHX16,SNRNP200,0.999
DHX16,SNRPA1,0.998
DHX16,SNRPB,0.985
DHX16,SNRPB2,0.995
DHX16,SNRPD1,0.992
DHX16,SNRPD2,0.991
DHX16,SNRPD3,0.99
DHX16,SNRPE,0.995
DHX16,SNRPF,0.996
DHX16,SNRPG,0.989
DHX16,SNU13,0.931
DHX16,SNW1,0.985
DHX16,SRRM2,0.995
DHX16,SYF2,0.94
DHX16,THOC2,0.906
DHX16,TXNL4A,0.928
DHX16,WBP4,0.916
DHX16,XAB2,0.999
DHX16,YJU2,0.917
DHX16,ZC3H13,0.9
DHX16,ZMAT2,0.915
DHX35,PRPF19,0.917
DHX36,MYD88,0.928
DHX38,DHX8,0.911
DHX38,EFTUD2,0.996
DHX38,EIF4A3,0.945
DHX38,ISY1,0.972
DHX38,MAGOH,0.913
DHX38,NCBP1,0.921
DHX38,PLRG1,0.989
DHX38,PPIG,0.963
DHX38,PPIL1,0.963
DHX38,PPWD1,0.964
DHX38,PRPF18,0.997
DHX38,PRPF19,0.996
DHX38,PRPF8,0.998
DHX38,RBM10,0.995
DHX38,RBM22,0.994
DHX38,RBM8A,0.928
DHX38,SLU7,0.998
DHX38,SNRNP200,0.999
DHX38,SNRPA1,0.993
DHX38,SNRPB2,0.975
DHX38,SNRPD1,0.919
DHX38,SNRPD2,0.912
DHX38,SNRPD3,0.926
DHX38,SNRPE,0.91
DHX38,SNRPF,0.903
DHX38,SNRPG,0.901
DHX38,SNW1,0.995
DHX38,SRRM2,0.995
DHX38,SYF2,0.998
DHX38,TFIP11,0.924
DHX38,U2AF2,0.924
DHX38,XAB2,0.996
DHX38,YJU2,0.998
DHX8,DOCK1,0.929
DHX8,EFTUD2,0.998
DHX8,EIF4A3,0.969
DHX8,MAGOH,0.93
DHX8,PLRG1,0.994
DHX8,PPIE,0.993
DHX8,PPIL1,0.985
DHX8,PRPF18,0.976
DHX8,PRPF19,0.998
DHX8,PRPF3,0.999
DHX8,PRPF8,0.997
DHX8,RBM22,0.996
DHX8,SLU7,0.999
DHX8,SNRNP200,0.977
DHX8,SNRNP40,0.987
DHX8,SNRPA1,0.995
DHX8,SNRPB,0.988
DHX8,SNRPB2,0.992
DHX8,SNRPD1,0.993
DHX8,SNRPD2,0.993
DHX8,SNRPD3,0.992
DHX8,SNRPE,0.991
DHX8,SNRPF,0.99
DHX8,SNRPG,0.99
DHX8,SNW1,0.999
DHX8,SRRM2,0.994
DHX8,SYF2,0.997
DHX8,TFIP11,0.954
DHX8,XAB2,0.998
DHX8,YJU2,0.928
DHX9,DICER1,0.987
DHX9,EIF4E,0.962
DHX9,ELAVL1,0.92
DHX9,EWSR1,0.997
DHX9,HNRNPA1,0.964
DHX9,HNRNPA2B1,0.932
DHX9,HNRNPC,0.992
DHX9,HNRNPK,0.939
DHX9,HNRNPL,0.901
DHX9,HNRNPM,0.974
DHX9,HNRNPR,0.909
DHX9,HNRNPU,0.999
DHX9,IGF2BP1,0.985
DHX9,ILF2,0.985
DHX9,ILF3,0.981
DHX9,KHDRBS1,0.956
DHX9,LIMD1,0.902
DHX9,MTREX,0.901
DHX9,MYD88,0.952
DHX9,PRPF40A,0.918
DHX9,RBM39,0.909
DHX9,RPL10A,0.914
DHX9,RPL11,0.93
DHX9,RPL18,0.908
DHX9,RPL18A,0.906
DHX9,RPL19,0.926
DHX9,RPL24,0.912
DHX9,RPL30,0.913
DHX9,RPL31,0.927
DHX9,RPL32,0.907
DHX9,RPL36,0.921
DHX9,RPL36A,0.902
DHX9,RPL38,0.915
DHX9,RPL39,0.906
DHX9,RPL41,0.9
DHX9,RPL6,0.958
DHX9,RPL8,0.918
DHX9,RPS21,0.916
DHX9,RPS23,0.918
DHX9,RPS26,0.923
DHX9,RPS28,0.926
DHX9,RPS29,0.922
DHX9,SRRM2,0.914
DHX9,SRRT,0.92
DHX9,SSRP1,0.902
DHX9,SYNCRIP,0.995
DHX9,TARBP2,0.962
DHX9,XPO5,0.931
DHX9,XRCC5,0.948
DHX9,YBX1,0.994
DIAPH1,DIAPH3,0.93
DIAPH1,PFN1,0.97
DIAPH1,RHOA,0.994
DIAPH1,RHOD,0.955
DIAPH3,RHOA,0.965
DIAPH3,RHOB,0.935
DICER1,DROSHA,0.992
DICER1,EIF4E,0.948
DICER1,ERI1,0.967
DICER1,FMR1,0.991
DICER1,FXR1,0.959
DICER1,HSD17B10,0.9
DICER1,KHSRP,0.979
DICER1,LIMD1,0.913
DICER1,MOV10,0.991
DICER1,PIWIL1,0.957
DICER1,POP1,0.948
DICER1,POP4,0.911
DICER1,POP5,0.907
DICER1,POP7,0.902
DICER1,PRORP,0.908
DICER1,RBM8A,0.994
DICER1,RPP14,0.901
DICER1,RPP21,0.9
DICER1,RPP25,0.909
DICER1,RPP30,0.907
DICER1,RPP38,0.927
DICER1,RPP40,0.915
DICER1,TARBP2,0.999
DICER1,TARDBP,0.979
DICER1,XPO5,0.995
DIS3,DIS3L,0.947
DIS3,EXOSC1,0.999
DIS3,EXOSC10,0.999
DIS3,EXOSC2,0.999
DIS3,EXOSC3,0.999
DIS3,EXOSC4,0.999
DIS3,EXOSC5,0.999
DIS3,EXOSC6,0.999
DIS3,EXOSC7,0.999
DIS3,EXOSC8,0.999
DIS3,EXOSC9,0.999
DIS3,HBS1L,0.947
DIS3,MPHOSPH6,0.989
DIS3,MTREX,0.994
DIS3,ZFC3H1,0.957
DIS3L,EXOSC1,0.999
DIS3L,EXOSC10,0.999
DIS3L,EXOSC2,0.999
DIS3L,EXOSC3,0.999
DIS3L,EXOSC4,0.999
DIS3L,EXOSC5,0.999
DIS3L,EXOSC6,0.999
DIS3L,EXOSC7,0.999
DIS3L,EXOSC8,0.999
DIS3L,EXOSC9,0.999
DIS3L,HBS1L,0.98
DIS3L,MPHOSPH6,0.977
DIS3L,MTREX,0.933
DIS3L,ZFC3H1,0.938
DISC1,DIXDC1,0.961
DISC1,DRD2,0.958
DISC1,DTNBP1,0.953
DISC1,FBXW7,0.931
DISC1,GSK3B,0.977
DISC1,NDE1,0.999
DISC1,PAFAH1B1,0.954
DISC1,PCNT,0.983
DISC1,PDE4A,0.993
DISC1,PDE4B,0.998
DISC1,RHOT1,0.904
DISC1,TRAF3IP1,0.941
DISC1,TSNAX,0.915
DISC1,YWHAE,0.946
DISC1,ZNF365,0.918
DISP1,SHH,0.996
DISP1,SIX3,0.91
DISP1,ZIC2,0.919
DKC1,FBL,0.999
DKC1,FTSJ3,0.91
DKC1,GAR1,0.999
DKC1,GNL3,0.909
DKC1,KPNB1,0.969
DKC1,NHP2,0.999
DKC1,NIFK,0.959
DKC1,NOLC1,0.997
DKC1,NOP10,0.999
DKC1,NOP56,0.999
DKC1,NOP58,0.999
DKC1,PA2G4,0.911
DKC1,PES1,0.959
DKC1,PTGES3,0.961
DKC1,PUS1,0.963
DKC1,RBM28,0.955
DKC1,RPF2,0.943
DKC1,RSL1D1,0.925
DKC1,RUVBL1,0.994
DKC1,RUVBL2,0.995
DKC1,SNU13,0.996
DKC1,TERF1,0.94
DKC1,TERT,0.999
DKC1,TINF2,0.97
DKC1,WDR12,0.947
DKC1,WRAP53,0.999
DKC1,XRN1,0.966
DKK1,KREMEN1,0.999
DKK1,KREMEN2,0.999
DKK1,LRP5,0.999
DKK1,LRP6,0.999
DKK1,SOST,0.957
DKK1,WNT1,0.965
DKK1,WNT3A,0.967
DKK1,WNT5A,0.942
DLAT,DLD,0.999
DLAT,DLST,0.942
DLAT,HADHB,0.906
DLAT,OGDH,0.989
DLAT,PDHA1,0.999
DLAT,PDHB,0.999
DLAT,PDHX,0.998
DLAT,SUCLA2,0.982
DLAT,SUCLG1,0.99
DLAT,SUCLG2,0.967
DLC1,RASA1,0.961
DLC1,RHOA,0.903
DLC1,TLN1,0.932
DLC1,TNS2,0.992
DLD,DLST,0.999
DLD,IDH3A,0.905
DLD,NDUFS1,0.946
DLD,OGDH,0.999
DLD,PDHA1,0.999
DLD,PDHB,0.999
DLD,PDHX,0.999
DLD,SHMT1,0.966
DLD,SHMT2,0.968
DLD,SUCLA2,0.986
DLD,SUCLG1,0.947
DLG1,DLG2,0.962
DLG1,DLG3,0.974
DLG1,DLG4,0.956
DLG1,DLGAP1,0.952
DLG1,EPB41,0.922
DLG1,GRIA1,0.999
DLG1,GRIK2,0.924
DLG1,GRIN2A,0.979
DLG1,GRIN2B,0.992
DLG1,KCNA4,0.929
DLG1,KCNA5,0.955
DLG1,LCK,0.964
DLG1,LIN7C,0.956
DLG1,LLGL1,0.975
DLG1,LLGL2,0.916
DLG1,MAPK11,0.92
DLG1,MAPK14,0.918
DLG1,PTEN,0.996
DLG1,SCN5A,0.905
DLG1,SCRIB,0.917
DLG1,UBE3A,0.974
DLG1,ZAP70,0.954
DLG2,DLG3,0.984
DLG2,DLG4,0.969
DLG2,GRIA1,0.908
DLG2,GRIN2A,0.997
DLG2,GRIN2B,0.996
DLG2,KCNA4,0.923
DLG2,SHANK3,0.919
DLG2,UBE3A,0.913
DLG3,DLG4,0.997
DLG3,GRIN2A,0.998
DLG3,GRIN2B,0.998
DLG3,LLGL1,0.939
DLG3,NEDD4,0.946
DLG3,NEDD4L,0.922
DLG3,SCRIB,0.908
DLG3,SYNGAP1,0.946
DLG3,UBE3A,0.913
DLG4,DLGAP1,0.999
DLG4,ERBB4,0.998
DLG4,FMR1,0.938
DLG4,FYN,0.996
DLG4,GRIA1,0.994
DLG4,GRIA2,0.968
DLG4,GRIK1,0.943
DLG4,GRIK2,0.998
DLG4,GRIK5,0.949
DLG4,GRIN1,0.998
DLG4,GRIN2A,0.999
DLG4,GRIN2B,0.999
DLG4,GRIN2C,0.99
DLG4,GRIN2D,0.976
DLG4,GRIN3A,0.966
DLG4,GRIN3B,0.942
DLG4,GRM5,0.902
DLG4,HCLS1,0.925
DLG4,HOMER1,0.988
DLG4,HTR2A,0.915
DLG4,KALRN,0.956
DLG4,KCNA4,0.997
DLG4,LGI1,0.965
DLG4,LIN7C,0.96
DLG4,LLGL1,0.983
DLG4,LLGL2,0.982
DLG4,LRP1,0.946
DLG4,LRRC4C,0.906
DLG4,MDM2,0.936
DLG4,NLGN1,0.999
DLG4,NLGN2,0.998
DLG4,NOS1,0.996
DLG4,NRXN1,0.991
DLG4,PICK1,0.962
DLG4,PRKCA,0.957
DLG4,PTK2B,0.919
DLG4,SCRIB,0.921
DLG4,SHANK1,0.992
DLG4,SHANK2,0.993
DLG4,SHANK3,0.996
DLG4,SLC17A7,0.978
DLG4,SRC,0.979
DLG4,SYN1,0.958
DLG4,SYNGAP1,0.996
DLG4,TJP1,0.988
DLG5,SCRIB,0.907
DLG5,SORBS3,0.934
DLGAP1,GRIN2B,0.9
DLGAP1,GRM1,0.938
DLGAP1,GRM5,0.915
DLGAP1,HOMER1,0.986
DLGAP1,HOMER3,0.943
DLGAP1,NLGN1,0.927
DLGAP1,SHANK1,0.996
DLGAP1,SHANK2,0.981
DLGAP1,SHANK3,0.997
DLGAP4,SHANK3,0.909
DLL1,NOTCH1,0.999
DLL1,NOTCH2,0.999
DLL1,NOTCH3,0.999
DLL1,NOTCH4,0.998
DLL1,RBPJ,0.924
DLST,IDH3A,0.929
DLST,IDH3B,0.902
DLST,OGDH,0.999
DLST,PDHB,0.974
DLST,SUCLA2,0.989
DLST,SUCLG1,0.995
DLST,SUCLG2,0.981
DMAP1,DNMT1,0.998
DMAP1,EP400,0.999
DMAP1,EPC1,0.999
DMAP1,EPC2,0.997
DMAP1,H2AZ1,0.959
DMAP1,HDAC2,0.911
DMAP1,ING3,0.998
DMAP1,KAT5,0.999
DMAP1,KAT8,0.965
DMAP1,MBTD1,0.979
DMAP1,MEAF6,0.999
DMAP1,MORF4L1,0.998
DMAP1,MORF4L2,0.986
DMAP1,MRGBP,0.999
DMAP1,MSL1,0.903
DMAP1,MSL2,0.9
DMAP1,MSL3,0.95
DMAP1,RUVBL1,0.999
DMAP1,RUVBL2,0.999
DMAP1,SRCAP,0.992
DMAP1,TRRAP,0.999
DMAP1,VPS72,0.999
DMAP1,YEATS4,0.999
DMAP1,ZNHIT1,0.95
DMC1,RAD51,0.991
DMD,DTNA,0.988
DMD,DTNB,0.956
DMD,DYSF,0.959
DMD,KCNJ10,0.912
DMD,LAMA2,0.978
DMD,NOS1,0.929
DMD,PLEC,0.902
DMD,SGCA,0.995
DMD,SGCB,0.992
DMD,SGCD,0.996
DMD,SGCE,0.981
DMD,SGCG,0.984
DMD,SNTA1,0.998
DMD,SNTB1,0.996
DMD,SNTB2,0.985
DMD,SNTG1,0.992
DMD,SSPN,0.998
DMD,UTRN,0.992
DMD,VCL,0.94
DMTN,EPB41,0.991
DMTN,TMOD1,0.933
DMXL1,ROGDI,0.969
DMXL2,ROGDI,0.958
DMXL2,WDR7,0.992
DNAJA1,DNAJA2,0.92
DNAJA1,DNAJB1,0.944
DNAJA1,HSP90AA1,0.989
DNAJA1,HSP90AB1,0.967
DNAJA1,HSPA1A,0.956
DNAJA1,HSPA1B,0.984
DNAJA1,HSPA1L,0.96
DNAJA1,HSPA2,0.921
DNAJA1,HSPA4,0.992
DNAJA1,HSPA5,0.904
DNAJA1,HSPA8,0.998
DNAJA1,HSPA9,0.908
DNAJA1,HSPH1,0.948
DNAJA1,STIP1,0.954
DNAJA1,STUB1,0.908
DNAJA2,DNAJB1,0.917
DNAJA2,HSPA1B,0.958
DNAJA2,HSPA1L,0.928
DNAJA2,HSPA2,0.919
DNAJA2,HSPA4,0.902
DNAJA2,HSPA8,0.993
DNAJB1,DNAJC3,0.976
DNAJB1,FKBP4,0.957
DNAJB1,FKBP5,0.936
DNAJB1,GRPEL1,0.963
DNAJB1,HSF1,0.906
DNAJB1,HSP90AA1,0.999
DNAJB1,HSP90AB1,0.999
DNAJB1,HSPA1A,0.989
DNAJB1,HSPA1B,0.998
DNAJB1,HSPA1L,0.969
DNAJB1,HSPA2,0.967
DNAJB1,HSPA4,0.999
DNAJB1,HSPA5,0.95
DNAJB1,HSPA8,0.999
DNAJB1,HSPA9,0.952
DNAJB1,HSPB8,0.916
DNAJB1,HSPBP1,0.954
DNAJB1,HSPH1,0.99
DNAJB1,HTT,0.93
DNAJB1,MAPKAPK5,0.947
DNAJB1,NUDC,0.967
DNAJB1,ST13,0.943
DNAJB1,STIP1,0.997
DNAJB1,STUB1,0.979
DNAJB1,TP53,0.951
DNAJB11,HSP90B1,0.999
DNAJB11,HSPA5,0.997
DNAJB11,HSPA8,0.923
DNAJB11,HYOU1,0.976
DNAJB11,PDIA4,0.986
DNAJB11,PDIA6,0.959
DNAJB11,PPIB,0.955
DNAJB11,SDF2,0.988
DNAJB11,SDF2L1,0.99
DNAJB12,HSPA2,0.901
DNAJB12,HSPA8,0.972
DNAJB14,HSPA8,0.94
DNAJB2,HSPA1B,0.907
DNAJB2,HSPA4,0.944
DNAJB2,HSPA8,0.946
DNAJB9,HSPA5,0.985
DNAJB9,HYOU1,0.945
DNAJC10,HSP90B1,0.902
DNAJC10,HSPA5,0.998
DNAJC10,HYOU1,0.961
DNAJC10,SEL1L,0.934
DNAJC11,HSPA9,0.95
DNAJC11,IMMT,0.984
DNAJC11,MICOS10,0.938
DNAJC11,MICOS13,0.926
DNAJC11,MTX1,0.949
DNAJC11,MTX2,0.936
DNAJC11,SAMM50,0.975
DNAJC19,HSPA4,0.9
DNAJC19,HSPA9,0.998
DNAJC19,PAM16,0.999
DNAJC19,TIMM17A,0.989
DNAJC19,TIMM17B,0.921
DNAJC19,TIMM21,0.964
DNAJC19,TIMM23,0.909
DNAJC19,TIMM44,0.999
DNAJC19,TIMM50,0.973
DNAJC2,HSPA14,0.998
DNAJC2,HSPA4,0.986
DNAJC2,HSPA8,0.951
DNAJC3,HSP90B1,0.927
DNAJC3,HSPA4,0.916
DNAJC3,HSPA5,0.978
DNAJC3,HYOU1,0.928
DNAJC3,PDIA6,0.944
DNAJC5,HSPA4,0.903
DNAJC5,HSPA8,0.998
DNAJC5,RAB3A,0.934
DNAJC5,SYT1,0.956
DNAJC5,VAMP2,0.949
DNAJC7,HSP90AA1,0.97
DNAJC7,HSPA1B,0.939
DNAJC7,HSPA1L,0.914
DNAJC7,HSPA4,0.983
DNAJC7,HSPA8,0.961
DNM1,DNM2,0.983
DNM1,FIS1,0.997
DNM1,GRB2,0.953
DNM1,HCLS1,0.971
DNM1,ITSN1,0.979
DNM1,SH3GL2,0.95
DNM1L,FIS1,0.999
DNM1L,LRRK2,0.943
DNM1L,MFF,0.999
DNM1L,MIEF1,0.998
DNM1L,PGAM5,0.993
DNM1L,PINK1,0.947
DNM1L,PRKN,0.94
DNM1L,RIPK1,0.942
DNM1L,RIPK3,0.942
DNM1L,VPS35,0.9
DNM2,GRB2,0.937
DNM2,HCLS1,0.998
DNM2,ITSN1,0.947
DNM2,SH3GL2,0.973
DNM2,SH3GL3,0.962
DNM2,SRC,0.909
DNM2,WASL,0.979
DNMT1,DNMT3A,0.999
DNMT1,DNMT3B,0.999
DNMT1,DNMT3L,0.921
DNMT1,E2F1,0.964
DNMT1,EED,0.921
DNMT1,EHMT2,0.998
DNMT1,EZH2,0.999
DNMT1,H3-3B,0.987
DNMT1,H3C1,0.961
DNMT1,HDAC1,0.999
DNMT1,HDAC2,0.999
DNMT1,HNRNPD,0.968
DNMT1,KDM1A,0.998
DNMT1,MAT1A,0.929
DNMT1,MAT2A,0.936
DNMT1,MAT2B,0.94
DNMT1,MBD2,0.983
DNMT1,MECP2,0.998
DNMT1,PARP1,0.952
DNMT1,PCNA,0.991
DNMT1,RPS27A,0.944
DNMT1,SETD7,0.936
DNMT1,SETDB1,0.962
DNMT1,SIN3A,0.918
DNMT1,SIRT1,0.922
DNMT1,SNAI1,0.995
DNMT1,STAT3,0.957
DNMT1,SUV39H1,0.998
DNMT1,SUZ12,0.911
DNMT1,TP53,0.997
DNMT1,TRIM28,0.985
DNMT1,UBA52,0.934
DNMT1,UBB,0.956
DNMT1,UHRF1,0.999
DNMT1,USP7,0.999
DNMT3A,DNMT3B,0.998
DNMT3A,DNMT3L,0.999
DNMT3A,EHMT2,0.993
DNMT3A,EZH2,0.999
DNMT3A,H3-3A,0.931
DNMT3A,H3-3B,0.999
DNMT3A,H3C1,0.964
DNMT3A,HDAC1,0.997
DNMT3A,HDAC2,0.97
DNMT3A,MAT1A,0.924
DNMT3A,MAT2A,0.931
DNMT3A,MAT2B,0.932
DNMT3A,MBD2,0.92
DNMT3A,MECP2,0.949
DNMT3A,MPHOSPH8,0.993
DNMT3A,MYC,0.991
DNMT3A,PRMT5,0.924
DNMT3A,SETDB1,0.996
DNMT3A,SMARCA4,0.957
DNMT3A,SPI1,0.939
DNMT3A,SUV39H1,0.996
DNMT3A,TCL1A,0.952
DNMT3A,TET2,0.946
DNMT3A,TLE3,0.914
DNMT3A,TRIM28,0.942
DNMT3A,UHRF1,0.967
DNMT3B,DNMT3L,0.999
DNMT3B,EED,0.923
DNMT3B,EHMT2,0.933
DNMT3B,EZH2,0.999
DNMT3B,H2BC21,0.991
DNMT3B,H3-3B,0.971
DNMT3B,H3C1,0.928
DNMT3B,HDAC1,0.999
DNMT3B,HDAC2,0.994
DNMT3B,MAT1A,0.931
DNMT3B,MAT2A,0.934
DNMT3B,MAT2B,0.924
DNMT3B,SETDB1,0.985
DNMT3B,SIRT1,0.926
DNMT3B,SMARCA5,0.942
DNMT3B,SUV39H1,0.99
DNMT3B,UHRF1,0.985
DNMT3L,H3-3B,0.999
DNMT3L,HDAC1,0.989
DNTT,DNTTIP1,0.963
DNTTIP1,ELMSAN1,0.997
DNTTIP1,HDAC1,0.994
DNTTIP1,TRERF1,0.97
DNTTIP2,EXOSC10,0.945
DNTTIP2,FBL,0.984
DNTTIP2,IMP3,0.991
DNTTIP2,IMP4,0.996
DNTTIP2,MPHOSPH10,0.997
DNTTIP2,NGDN,0.997
DNTTIP2,NIFK,0.91
DNTTIP2,NOL10,0.993
DNTTIP2,NOP56,0.989
DNTTIP2,NOP58,0.996
DNTTIP2,RPS11,0.973
DNTTIP2,RPS12,0.929
DNTTIP2,RPS13,0.985
DNTTIP2,RPS14,0.955
DNTTIP2,RPS15A,0.927
DNTTIP2,RPS16,0.971
DNTTIP2,RPS18,0.976
DNTTIP2,RPS19,0.976
DNTTIP2,RPS23,0.988
DNTTIP2,RPS24,0.973
DNTTIP2,RPS27,0.955
DNTTIP2,RPS28,0.97
DNTTIP2,RPS3A,0.976
DNTTIP2,RPS4X,0.921
DNTTIP2,RPS5,0.98
DNTTIP2,RPS6,0.979
DNTTIP2,RPS7,0.976
DNTTIP2,RPS8,0.976
DNTTIP2,RPS9,0.983
DNTTIP2,RSL1D1,0.983
DNTTIP2,SNU13,0.983
DNTTIP2,TBL3,0.99
DNTTIP2,UTP4,0.989
DNTTIP2,WDR43,0.997
DOCK1,ELMO1,0.999
DOCK1,ELMO2,0.999
DOCK1,FYN,0.911
DOCK1,GRB2,0.903
DOCK1,PTK2,0.979
DOCK1,PXN,0.977
DOCK1,RAC1,0.975
DOCK1,RAC2,0.993
DOCK1,RHOG,0.999
DOCK1,SRC,0.984
DOCK1,WDR35,0.991
DOCK2,ELMO1,0.999
DOCK2,FGR,0.936
DOCK2,HCK,0.933
DOCK2,LYN,0.927
DOCK2,RAC1,0.94
DOCK2,RAC2,0.994
DOCK2,SRC,0.929
DOCK3,ELMO1,0.944
DOCK3,NEDD9,0.94
DOCK4,EEF1G,0.935
DOCK4,EEF2,0.956
DOCK4,EIF6,0.904
DOCK4,ELMO1,0.935
DOCK4,ELMO2,0.967
DOCK4,FAU,0.995
DOCK4,FLT3LG,0.932
DOCK4,MED1,0.922
DOCK4,MRNIP,0.901
DOCK4,MRTO4,0.919
DOCK4,RAP1A,0.936
DOCK4,RAP1B,0.923
DOCK4,RPL10,0.909
DOCK4,RPL11,0.977
DOCK4,RPL13,0.977
DOCK4,RPL13A,0.932
DOCK4,RPL14,0.976
DOCK4,RPL15,0.975
DOCK4,RPL17,0.933
DOCK4,RPL18,0.979
DOCK4,RPL18A,0.973
DOCK4,RPL19,0.976
DOCK4,RPL21,0.978
DOCK4,RPL23,0.977
DOCK4,RPL23A,0.978
DOCK4,RPL24,0.979
DOCK4,RPL26,0.919
DOCK4,RPL27A,0.971
DOCK4,RPL28,0.976
DOCK4,RPL29,0.974
DOCK4,RPL3,0.917
DOCK4,RPL30,0.954
DOCK4,RPL31,0.978
DOCK4,RPL34,0.978
DOCK4,RPL35,0.955
DOCK4,RPL35A,0.972
DOCK4,RPL36,0.974
DOCK4,RPL37A,0.975
DOCK4,RPL38,0.97
DOCK4,RPL39,0.908
DOCK4,RPL4,0.977
DOCK4,RPL5,0.976
DOCK4,RPL6,0.978
DOCK4,RPL8,0.974
DOCK4,RPL9,0.924
DOCK4,RPLP0,0.975
DOCK4,RPLP1,0.969
DOCK4,RPLP2,0.967
DOCK4,RPS10,0.926
DOCK4,RPS11,0.978
DOCK4,RPS14,0.909
DOCK4,RPS15,0.977
DOCK4,RPS16,0.977
DOCK4,RPS17,0.977
DOCK4,RPS18,0.976
DOCK4,RPS19,0.976
DOCK4,RPS2,0.977
DOCK4,RPS20,0.977
DOCK4,RPS21,0.973
DOCK4,RPS23,0.976
DOCK4,RPS24,0.98
DOCK4,RPS25,0.977
DOCK4,RPS26,0.973
DOCK4,RPS27A,0.974
DOCK4,RPS28,0.961
DOCK4,RPS3,0.979
DOCK4,RPS3A,0.978
DOCK4,RPS6,0.979
DOCK4,RPS7,0.98
DOCK4,RPS8,0.975
DOCK4,RPS9,0.973
DOCK4,RPSA,0.925
DOCK4,RSL24D1,0.901
DOCK4,UBA52,0.955
DOCK8,WAS,0.956
DOCK8,WIPF1,0.904
DOK1,RASA1,0.997
DOK1,RET,0.931
DOK2,NCK1,0.91
DOK2,RASA1,0.982
DOK7,MUSK,0.998
DONSON,GART,0.951
DONSON,POLA1,0.938
DONSON,POLA2,0.946
DONSON,POLD1,0.938
DONSON,POLD2,0.952
DONSON,POLD3,0.902
DONSON,PRIM1,0.928
DONSON,PRIM2,0.97
DONSON,RPA1,0.917
DONSON,RPA2,0.909
DONSON,RPA3,0.908
DOT1L,H3C1,0.932
DOT1L,H4C1,0.937
DOT1L,H4C2,0.937
DOT1L,MLLT1,0.995
DOT1L,MLLT10,0.999
DOT1L,MLLT3,0.998
DOT1L,RPS27A,0.96
DOT1L,SETD1A,0.911
DOT1L,SIRT1,0.909
DOT1L,UBA52,0.938
DOT1L,UBB,0.949
DPF2,PBRM1,0.971
DPF2,PHF10,0.937
DPF2,SMARCA2,0.991
DPF2,SMARCA4,0.999
DPF2,SMARCB1,0.999
DPF2,SMARCC1,0.996
DPF2,SMARCC2,0.999
DPF2,SMARCD1,0.999
DPF2,SMARCD2,0.987
DPF2,SMARCD3,0.984
DPF2,SMARCE1,0.999
DPF2,SS18,0.966
DPF2,SS18L1,0.972
DPM1,DPM2,0.999
DPM1,DPM3,0.999
DPM2,DPM3,0.999
DPM2,PIGA,0.999
DPM2,PIGC,0.999
DPM2,PIGH,0.999
DPM2,PIGQ,0.999
DPP10,KCND2,0.98
DPP10,KCND3,0.977
DPP4,FN1,0.983
DPP4,GCG,0.987
DPP4,GLP1R,0.965
DPP4,IGF2R,0.945
DPP4,INS,0.906
DPP4,ITGB1,0.967
DPP4,MEP1A,0.926
DPP4,MEP1B,0.925
DPP4,PLG,0.904
DPP4,PTPRC,0.99
DPP4,SLC5A2,0.909
DPP6,KCND2,0.994
DPP6,KCND3,0.933
DPP6,KCNIP1,0.964
DPP6,SCN5A,0.909
DPP9,NLRP1,0.951
DPY30,HCFC1,0.997
DPY30,KDM6A,0.993
DPY30,KMT2A,0.995
DPY30,KMT2B,0.912
DPY30,KMT2C,0.999
DPY30,KMT2D,0.983
DPY30,MEN1,0.925
DPY30,NCOA6,0.985
DPY30,PAGR1,0.996
DPY30,PAXIP1,0.996
DPY30,RBBP5,0.999
DPY30,RPS27A,0.964
DPY30,SETD1A,0.999
DPY30,SETD1B,0.999
DPY30,UBA52,0.962
DPY30,WDR5,0.999
DPY30,WDR82,0.993
DPYD,PNP,0.941
DPYD,TYMP,0.996
DPYD,TYMS,0.979
DPYD,UMPS,0.999
DPYSL2,DPYSL5,0.99
DPYSL2,FES,0.926
DPYSL2,GSK3B,0.989
DPYSL2,NUMB,0.992
DPYSL5,FES,0.918
DR1,DRAP1,0.999
DR1,KAT14,0.977
DR1,KAT2A,0.964
DR1,KAT2B,0.966
DR1,MBIP,0.994
DR1,POLE3,0.98
DR1,SGF29,0.979
DR1,TADA2A,0.984
DR1,TADA3,0.981
DR1,TBP,0.998
DR1,WDR5,0.989
DR1,YEATS2,0.991
DR1,ZZZ3,0.967
DRAP1,FOXH1,0.994
DRAP1,TBP,0.991
DRD1,GCG,0.913
DRD1,GNAQ,0.939
DRD1,GNAS,0.994
DRD1,GNB1,0.927
DRD1,SLC6A3,0.906
DRD2,GHRL,0.954
DRD2,GNAI1,0.998
DRD2,GNAI2,0.985
DRD2,GNAI3,0.956
DRD2,GNAO1,0.95
DRD2,GNB1,0.991
DRD2,GNB5,0.935
DRD2,GNG2,0.981
DRD2,PPP2CA,0.915
DRD2,PPP2CB,0.913
DRD2,PPP2R1A,0.905
DRD2,PPP2R1B,0.905
DRD2,PPP2R2A,0.903
DRD2,PPP2R2B,0.913
DRD2,PPP2R3A,0.904
DRD2,PPP2R3B,0.9
DRD2,PPP2R3C,0.9
DRD2,PPP2R5A,0.903
DRD2,SLC6A3,0.999
DRD2,SLC6A4,0.91
DRD3,DRD4,0.943
DRD3,GNAI1,0.983
DRD3,GNB1,0.984
DRD3,GNG2,0.941
DRD4,SLC6A3,0.96
DRD4,SLC6A4,0.978
DRD5,GCG,0.906
DRD5,GNAQ,0.919
DRD5,GNAS,0.958
DRG1,RWDD1,0.982
DRG1,ZC3H15,0.999
DRG2,GCN1,0.964
DRG2,RWDD1,0.999
DRG2,ZC3H15,0.968
DROSHA,FUS,0.992
DROSHA,HNRNPA1,0.915
DROSHA,KHSRP,0.985
DROSHA,NANOG,0.96
DROSHA,PDCD4,0.918
DROSHA,SMAD2,0.978
DROSHA,SMAD3,0.907
DROSHA,TARBP2,0.989
DROSHA,TARDBP,0.992
DROSHA,TP53,0.996
DROSHA,XPO5,0.946
DRP2,PRX,0.997
DSCC1,POLE,0.943
DSCC1,RFC2,0.999
DSCC1,RFC3,0.999
DSCC1,RFC4,0.998
DSCC1,RFC5,0.999
DSCC1,SMC3,0.905
DSN1,KNL1,0.996
DSN1,MIS12,0.999
DSN1,NDC80,0.987
DSN1,NSL1,0.999
DSN1,NUF2,0.991
DSN1,PMF1,0.999
DSN1,SPC24,0.993
DSN1,SPC25,0.963
DSN1,ZWINT,0.998
DTL,ERCC8,0.938
DTL,EXO1,0.901
DTL,PCNA,0.995
DTL,RBX1,0.995
DTL,WDHD1,0.947
DTNA,SGCA,0.901
DTNA,SNTA1,0.984
DTNA,SNTB1,0.946
DTNA,SNTB2,0.974
DTNA,SSPN,0.99
DTNA,UTRN,0.926
DTNB,DTNBP1,0.919
DTNB,SNTA1,0.915
DTNB,SNTB1,0.922
DTNB,SNTB2,0.937
DTNB,SNTG1,0.951
DTNBP1,HPS3,0.978
DTNBP1,HPS4,0.972
DTNBP1,HPS5,0.984
DTNBP1,HPS6,0.982
DTNBP1,SNAPIN,0.999
DTX3L,PARP9,0.999
DTX3L,STAT1,0.926
DUOX1,DUOX2,0.962
DUOX1,DUOXA1,0.999
DUOX1,NCF1,0.985
DUOX1,NCF2,0.979
DUOX1,NCF4,0.968
DUOX1,NOX1,0.992
DUOX2,DUOXA1,0.981
DUOX2,NCF1,0.914
DUOX2,NCF2,0.958
DUOX2,NCF4,0.919
DUOX2,NOX1,0.977
DUSP16,MAPK14,0.95
DUSP16,MAPK8,0.998
DUSP16,MAPK9,0.985
DUSP4,MAPK1,0.931
DUSP4,MAPK14,0.921
DUSP4,MAPK3,0.964
DUSP4,MAPK8,0.981
DUSP4,MAPK9,0.978
DUSP6,MAPK1,0.996
DUSP6,MAPK3,0.985
DVL1,DVL2,0.991
DVL1,DVL3,0.966
DVL1,FRAT1,0.996
DVL1,FZD4,0.953
DVL1,FZD5,0.961
DVL1,FZD7,0.992
DVL1,GNAQ,0.918
DVL1,GSK3B,0.999
DVL1,INVS,0.999
DVL1,KLHL12,0.987
DVL1,LRP5,0.999
DVL1,LRP6,0.998
DVL1,MUSK,0.913
DVL1,NOTCH1,0.935
DVL1,NOTCH2,0.93
DVL1,NOTCH3,0.93
DVL1,NOTCH4,0.919
DVL1,RYK,0.917
DVL1,VANGL1,0.997
DVL1,VANGL2,0.998
DVL1,WNT1,0.949
DVL1,WNT3A,0.966
DVL1,WNT5A,0.961
DVL2,DVL3,0.99
DVL2,FRAT1,0.921
DVL2,FZD4,0.985
DVL2,FZD5,0.964
DVL2,FZD7,0.964
DVL2,FZD8,0.937
DVL2,GNAQ,0.911
DVL2,GSK3B,0.976
DVL2,INVS,0.942
DVL2,LRP6,0.993
DVL2,NOTCH1,0.931
DVL2,NOTCH2,0.926
DVL2,NOTCH3,0.93
DVL2,NOTCH4,0.914
DVL2,PARD6A,0.958
DVL2,PLK1,0.914
DVL2,VANGL1,0.994
DVL2,VANGL2,0.994
DVL2,WNT3A,0.916
DVL2,WNT5A,0.978
DVL2,WWTR1,0.942
DVL3,FRAT1,0.918
DVL3,FZD4,0.946
DVL3,FZD5,0.905
DVL3,FZD7,0.962
DVL3,FZD8,0.926
DVL3,GNAQ,0.908
DVL3,GSK3B,0.956
DVL3,INVS,0.934
DVL3,KLHL12,0.91
DVL3,LRP6,0.915
DVL3,NOTCH1,0.926
DVL3,NOTCH2,0.921
DVL3,NOTCH3,0.928
DVL3,NOTCH4,0.913
DVL3,VANGL1,0.99
DVL3,VANGL2,0.993
DVL3,WNT5A,0.913
DYNC1H1,DYNC1I1,0.999
DYNC1H1,DYNC1I2,0.999
DYNC1H1,DYNC1LI1,0.999
DYNC1H1,DYNC2H1,0.927
DYNC1H1,DYNC2LI1,0.962
DYNC1H1,DYNLL1,0.995
DYNC1H1,DYNLL2,0.983
DYNC1H1,DYNLRB1,0.998
DYNC1H1,DYNLT1,0.987
DYNC1H1,DYNLT3,0.961
DYNC1H1,HSD17B10,0.902
DYNC1H1,HSP90AA1,0.909
DYNC1H1,NUDC,0.937
DYNC1H1,NUDCD3,0.943
DYNC1H1,PAFAH1B1,0.994
DYNC1H1,TUBA1A,0.985
DYNC1H1,TUBB2B,0.984
DYNC1H1,TUBB4B,0.906
DYNC1I1,DYNC1I2,0.983
DYNC1I1,DYNC1LI1,0.999
DYNC1I1,DYNC2H1,0.961
DYNC1I1,DYNC2LI1,0.942
DYNC1I1,DYNLL1,0.997
DYNC1I1,DYNLL2,0.989
DYNC1I1,DYNLRB1,0.99
DYNC1I1,DYNLRB2,0.952
DYNC1I1,DYNLT1,0.981
DYNC1I1,DYNLT3,0.982
DYNC1I1,NUDCD3,0.932
DYNC1I1,PAFAH1B1,0.909
DYNC1I1,TUBB2A,0.919
DYNC1I1,WDR34,0.901
DYNC1I2,DYNC1LI1,0.996
DYNC1I2,DYNC2H1,0.959
DYNC1I2,DYNC2LI1,0.953
DYNC1I2,DYNLL1,0.998
DYNC1I2,DYNLL2,0.995
DYNC1I2,DYNLRB1,0.999
DYNC1I2,DYNLRB2,0.923
DYNC1I2,DYNLT1,0.989
DYNC1I2,DYNLT3,0.983
DYNC1I2,PAFAH1B1,0.972
DYNC1LI1,DYNC2H1,0.946
DYNC1LI1,DYNC2LI1,0.952
DYNC1LI1,DYNLL1,0.986
DYNC1LI1,DYNLL2,0.968
DYNC1LI1,DYNLRB1,0.987
DYNC1LI1,DYNLT1,0.987
DYNC1LI1,DYNLT3,0.993
DYNC1LI1,HOOK3,0.986
DYNC1LI1,PAFAH1B1,0.925
DYNC1LI1,PCNT,0.97
DYNC1LI1,SNX4,0.927
DYNC1LI1,TPR,0.901
DYNC1LI1,WDR34,0.923
DYNC1LI1,WDR60,0.926
DYNC2H1,DYNC2LI1,0.999
DYNC2H1,DYNLL1,0.999
DYNC2H1,DYNLL2,0.97
DYNC2H1,DYNLRB1,0.978
DYNC2H1,DYNLT1,0.905
DYNC2H1,IFT80,0.971
DYNC2H1,NEK1,0.972
DYNC2H1,WDR34,0.999
DYNC2H1,WDR60,0.999
DYNC2LI1,DYNLL1,0.995
DYNC2LI1,DYNLL2,0.978
DYNC2LI1,DYNLRB1,0.99
DYNC2LI1,DYNLT1,0.941
DYNC2LI1,DYNLT3,0.965
DYNC2LI1,SNX4,0.902
DYNC2LI1,TPR,0.9
DYNC2LI1,WDR34,0.997
DYNC2LI1,WDR60,0.999
DYNLL1,DYNLL2,0.99
DYNLL1,DYNLRB1,0.997
DYNLL1,DYNLRB2,0.956
DYNLL1,DYNLT1,0.988
DYNLL1,DYNLT3,0.976
DYNLL1,MOB4,0.994
DYNLL1,NDE1,0.948
DYNLL1,NOS1,0.957
DYNLL1,PAFAH1B1,0.941
DYNLL1,STRN4,0.994
DYNLL1,TP53BP1,0.945
DYNLL1,WDR34,0.997
DYNLL1,WDR60,0.998
DYNLL2,DYNLRB1,0.954
DYNLL2,DYNLRB2,0.946
DYNLL2,DYNLT1,0.96
DYNLL2,DYNLT3,0.962
DYNLL2,STRN4,0.994
DYNLL2,WDR34,0.946
DYNLL2,WDR60,0.923
DYNLRB1,DYNLT1,0.988
DYNLRB1,DYNLT3,0.965
DYNLRB1,WDR34,0.996
DYNLRB1,WDR60,0.997
DYNLRB2,DYNLT1,0.97
DYNLRB2,DYNLT3,0.97
DYNLRB2,WDR34,0.956
DYNLRB2,WDR60,0.956
DYNLT1,WDR34,0.957
DYNLT1,WDR60,0.979
DYNLT3,SNX4,0.904
DYNLT3,TPR,0.909
DYNLT3,WDR34,0.978
DYNLT3,WDR60,0.978
DYRK1A,LIN52,0.903
DYSF,SGCA,0.906
E2F1,E2F2,0.993
E2F1,E2F3,0.979
E2F1,E2F4,0.962
E2F1,EP300,0.973
E2F1,EZH2,0.916
E2F1,FOXO3,0.994
E2F1,HCFC1,0.963
E2F1,HDAC1,0.999
E2F1,KAT2B,0.963
E2F1,MDM2,0.992
E2F1,MYBL2,0.937
E2F1,MYC,0.995
E2F1,NDN,0.969
E2F1,NFKB1,0.932
E2F1,RB1,0.999
E2F1,RBL1,0.994
E2F1,RBL2,0.991
E2F1,SIRT1,0.924
E2F1,SKP2,0.953
E2F1,SP1,0.983
E2F1,TDRD1,0.902
E2F1,TFDP1,0.999
E2F1,TOPBP1,0.991
E2F1,TP53,0.986
E2F2,E2F3,0.962
E2F2,RB1,0.999
E2F2,RBL1,0.983
E2F2,RBL2,0.987
E2F2,TFDP1,0.989
E2F3,RB1,0.998
E2F3,RBL1,0.985
E2F3,RBL2,0.984
E2F3,TFDP1,0.996
E2F4,E2F5,0.992
E2F4,HDAC1,0.996
E2F4,LIN37,0.988
E2F4,LIN54,0.986
E2F4,LIN9,0.994
E2F4,MCIDAS,0.93
E2F4,MYBL2,0.948
E2F4,MYC,0.937
E2F4,RB1,0.999
E2F4,RBBP4,0.94
E2F4,RBL1,0.998
E2F4,RBL2,0.999
E2F4,SIN3A,0.924
E2F4,SMAD2,0.977
E2F4,SMAD3,0.999
E2F4,SMAD4,0.997
E2F4,SUV39H1,0.941
E2F4,TFDP1,0.999
E2F5,LIN37,0.934
E2F5,RB1,0.992
E2F5,RBL1,0.998
E2F5,RBL2,0.999
E2F5,SMAD2,0.942
E2F5,SMAD3,0.996
E2F5,SMAD4,0.986
E2F5,TFDP1,0.999
E2F6,EZH2,0.903
E2F6,HCFC1,0.917
E2F6,INO80C,0.9
E2F6,KANSL1,0.9
E2F6,KAT8,0.901
E2F6,KMT2A,0.93
E2F6,L3MBTL2,0.992
E2F6,LAS1L,0.9
E2F6,MAX,0.984
E2F6,MCRS1,0.903
E2F6,MGA,0.989
E2F6,PCGF2,0.903
E2F6,PCGF6,0.997
E2F6,PELP1,0.9
E2F6,PHF20,0.911
E2F6,PRPF31,0.9
E2F6,RBBP5,0.919
E2F6,RING1,0.985
E2F6,RNF2,0.995
E2F6,RUVBL1,0.906
E2F6,RUVBL2,0.908
E2F6,RYBP,0.987
E2F6,SENP3,0.9
E2F6,TAF1,0.947
E2F6,TAF4,0.902
E2F6,TAF6,0.907
E2F6,TAF7,0.914
E2F6,TAF9,0.902
E2F6,TEX10,0.906
E2F6,TFDP1,0.999
E2F6,WDR5,0.991
E2F6,YAF2,0.971
EAF1,EAF2,0.982
EAF1,ELL,0.999
EAF1,ELL2,0.999
EAF1,ELL3,0.992
EAF1,ELOA,0.927
EAF1,ELOB,0.9
EAF1,ELOC,0.909
EAF1,ELP4,0.9
EAF1,ERCC6,0.9
EAF1,ICE1,0.982
EAF1,ICE2,0.974
EAF1,LEO1,0.911
EAF1,MLLT1,0.99
EAF1,MLLT3,0.991
EAF1,NELFA,0.901
EAF1,NELFB,0.9
EAF1,NELFCD,0.9
EAF1,NELFE,0.9
EAF1,PAF1,0.908
EAF1,PEX2,0.9
EAF1,POLR2B,0.902
EAF1,POLR2I,0.901
EAF1,SUPT4H1,0.948
EAF1,SUPT5H,0.961
EAF1,ZC3H8,0.902
EAF2,ELL,0.998
EAF2,ELL2,0.977
EAF2,ELL3,0.989
EAF2,ELOA,0.925
EAF2,ELOB,0.901
EAF2,ELOC,0.905
EAF2,ELP4,0.9
EAF2,ERCC6,0.9
EAF2,ICE1,0.916
EAF2,ICE2,0.943
EAF2,LEO1,0.91
EAF2,MLLT1,0.93
EAF2,MLLT3,0.92
EAF2,NELFA,0.9
EAF2,NELFB,0.9
EAF2,NELFCD,0.9
EAF2,NELFE,0.9
EAF2,PAF1,0.908
EAF2,PEX2,0.9
EAF2,SUPT4H1,0.928
EAF2,SUPT5H,0.937
EAF2,ZC3H8,0.9
EBI3,IL12A,0.985
EBI3,IL27,0.999
EBI3,IL6ST,0.963
EBNA1BP2,EIF6,0.989
EBNA1BP2,FBL,0.935
EBNA1BP2,FTSJ3,0.999
EBNA1BP2,GNL2,0.972
EBNA1BP2,GNL3,0.998
EBNA1BP2,GTPBP4,0.997
EBNA1BP2,IMP4,0.917
EBNA1BP2,KCTD19,0.902
EBNA1BP2,MPHOSPH10,0.932
EBNA1BP2,MRTO4,0.998
EBNA1BP2,NHP2,0.955
EBNA1BP2,NIFK,0.999
EBNA1BP2,NOP2,0.997
EBNA1BP2,NOP56,0.983
EBNA1BP2,NOP58,0.968
EBNA1BP2,PES1,0.999
EBNA1BP2,PWP1,0.981
EBNA1BP2,RBM28,0.972
EBNA1BP2,RPF2,0.999
EBNA1BP2,RPL14,0.946
EBNA1BP2,RPL18,0.924
EBNA1BP2,RPL18A,0.919
EBNA1BP2,RPL23A,0.947
EBNA1BP2,RPL27,0.901
EBNA1BP2,RPL27A,0.923
EBNA1BP2,RPL3,0.954
EBNA1BP2,RPL30,0.922
EBNA1BP2,RPL31,0.924
EBNA1BP2,RPL34,0.901
EBNA1BP2,RPL35,0.9
EBNA1BP2,RPL36,0.922
EBNA1BP2,RPL6,0.947
EBNA1BP2,RPL7,0.929
EBNA1BP2,RPL7A,0.968
EBNA1BP2,RPLP0,0.923
EBNA1BP2,RRP1,0.987
EBNA1BP2,RRP8,0.92
EBNA1BP2,RRS1,0.996
EBNA1BP2,RSL1D1,0.998
EBNA1BP2,RSL24D1,0.993
EBNA1BP2,WDR12,0.998
EBNA1BP2,WDR43,0.923
ECSIT,MAP3K1,0.901
ECSIT,MT-ND4,0.995
ECSIT,NDUFA13,0.998
ECSIT,NDUFA8,0.938
ECSIT,NDUFAF1,0.999
ECSIT,NDUFB1,0.909
ECSIT,NDUFB11,0.998
ECSIT,NDUFC2,0.921
ECSIT,NDUFS1,0.997
ECSIT,NDUFS2,0.998
ECSIT,NDUFS3,0.998
ECSIT,NDUFS5,0.994
ECSIT,NDUFS7,0.922
ECSIT,NDUFS8,0.939
ECSIT,TRAF6,0.999
ECT2,KIF20A,0.922
ECT2,KIF23,0.999
ECT2,PLK1,0.937
ECT2,RACGAP1,0.999
ECT2,RHOA,0.966
EDC3,EDC4,0.999
EDC3,LSM1,0.995
EDC3,LSM4,0.948
EDC3,UPF1,0.92
EDC3,XRN1,0.999
EDC4,LSM1,0.945
EDC4,SMG5,0.922
EDC4,UPF1,0.942
EDC4,XRN1,0.995
EDN1,EDNRA,0.999
EDN1,EDNRB,0.999
EDN1,MMP2,0.958
EDN1,MMP9,0.963
EDN1,REN,0.914
EDNRA,EDNRB,0.994
EDNRA,F2,0.907
EDNRA,GNA11,0.96
EDNRA,GNA12,0.98
EDNRA,GNA13,0.942
EDNRA,GNAQ,0.98
EDNRB,F2,0.91
EDNRB,GDNF,0.9
EDNRB,GNA11,0.971
EDNRB,GNA12,0.93
EDNRB,GNA13,0.96
EDNRB,GNAI1,0.921
EDNRB,GNAI2,0.919
EDNRB,GNAI3,0.916
EDNRB,GNAQ,0.975
EEA1,PIK3C3,0.967
EEA1,RAB5A,0.999
EEA1,RABEP1,0.983
EEA1,RABGEF1,0.985
EEA1,STX6,0.964
EEA1,TFRC,0.913
EED,EZH2,0.999
EED,H3-3B,0.957
EED,HDAC1,0.952
EED,HDAC2,0.988
EED,PCGF1,0.957
EED,PCGF2,0.974
EED,PCGF3,0.938
EED,PCGF5,0.94
EED,PCGF6,0.95
EED,PHC1,0.989
EED,PHC2,0.961
EED,PHC3,0.924
EED,PHF19,0.972
EED,RBBP4,0.999
EED,RBBP7,0.999
EED,RING1,0.986
EED,RNF2,0.997
EED,SUZ12,0.999
EED,UBAP2L,0.908
EEF1A1,EEF1A2,0.994
EEF1A1,EEF1G,0.999
EEF1A1,EEF2,0.982
EEF1A1,EIF4A1,0.935
EEF1A1,ETF1,0.959
EEF1A1,FAU,0.963
EEF1A1,GAPDH,0.972
EEF1A1,GNL1,0.969
EEF1A1,HLA-DRA,0.907
EEF1A1,HLA-DRB1,0.914
EEF1A1,HSF1,0.955
EEF1A1,HSPA4,0.916
EEF1A1,HSPA8,0.941
EEF1A1,PCBP1,0.973
EEF1A1,PTPN6,0.903
EEF1A1,RACK1,0.993
EEF1A1,RAN,0.973
EEF1A1,RPL10,0.977
EEF1A1,RPL10A,0.984
EEF1A1,RPL11,0.987
EEF1A1,RPL12,0.985
EEF1A1,RPL13,0.991
EEF1A1,RPL13A,0.989
EEF1A1,RPL14,0.986
EEF1A1,RPL15,0.99
EEF1A1,RPL17,0.98
EEF1A1,RPL18,0.989
EEF1A1,RPL18A,0.996
EEF1A1,RPL19,0.983
EEF1A1,RPL21,0.979
EEF1A1,RPL22,0.968
EEF1A1,RPL23,0.962
EEF1A1,RPL23A,0.977
EEF1A1,RPL24,0.969
EEF1A1,RPL26,0.964
EEF1A1,RPL27,0.989
EEF1A1,RPL27A,0.988
EEF1A1,RPL28,0.967
EEF1A1,RPL29,0.954
EEF1A1,RPL3,0.995
EEF1A1,RPL30,0.988
EEF1A1,RPL31,0.989
EEF1A1,RPL32,0.985
EEF1A1,RPL34,0.967
EEF1A1,RPL35,0.969
EEF1A1,RPL35A,0.982
EEF1A1,RPL36,0.947
EEF1A1,RPL36A,0.937
EEF1A1,RPL37,0.958
EEF1A1,RPL37A,0.969
EEF1A1,RPL38,0.947
EEF1A1,RPL39,0.956
EEF1A1,RPL4,0.997
EEF1A1,RPL5,0.995
EEF1A1,RPL6,0.994
EEF1A1,RPL7,0.995
EEF1A1,RPL7A,0.99
EEF1A1,RPL8,0.986
EEF1A1,RPL9,0.992
EEF1A1,RPLP0,0.995
EEF1A1,RPLP1,0.959
EEF1A1,RPS10,0.96
EEF1A1,RPS11,0.992
EEF1A1,RPS12,0.978
EEF1A1,RPS13,0.978
EEF1A1,RPS14,0.976
EEF1A1,RPS15,0.98
EEF1A1,RPS15A,0.98
EEF1A1,RPS16,0.992
EEF1A1,RPS17,0.964
EEF1A1,RPS18,0.986
EEF1A1,RPS19,0.981
EEF1A1,RPS2,0.998
EEF1A1,RPS20,0.995
EEF1A1,RPS21,0.946
EEF1A1,RPS23,0.991
EEF1A1,RPS24,0.97
EEF1A1,RPS25,0.968
EEF1A1,RPS26,0.965
EEF1A1,RPS27,0.979
EEF1A1,RPS27A,0.984
EEF1A1,RPS28,0.973
EEF1A1,RPS29,0.947
EEF1A1,RPS3,0.997
EEF1A1,RPS3A,0.997
EEF1A1,RPS4X,0.993
EEF1A1,RPS5,0.983
EEF1A1,RPS6,0.995
EEF1A1,RPS7,0.977
EEF1A1,RPS8,0.995
EEF1A1,RPS9,0.989
EEF1A1,RPSA,0.993
EEF1A1,UBA52,0.96
EEF1A1,WDR82,0.93
EEF1A2,EEF1G,0.979
EEF1A2,ETF1,0.931
EEF1A2,HLA-DRA,0.9
EEF1A2,HLA-DRB1,0.908
EEF1A2,HSF1,0.912
EEF1A2,PTPN6,0.903
EEF1A2,RAN,0.942
EEF1E1,EPRS1,0.999
EEF1E1,IARS1,0.996
EEF1E1,KARS1,0.997
EEF1E1,LARS1,0.997
EEF1E1,MARS1,0.999
EEF1E1,QARS1,0.996
EEF1E1,RARS1,0.996
EEF1G,EEF2,0.994
EEF1G,FAU,0.932
EEF1G,MRTO4,0.931
EEF1G,NACA,0.946
EEF1G,RACK1,0.994
EEF1G,RPL10A,0.908
EEF1G,RPL11,0.987
EEF1G,RPL13,0.978
EEF1G,RPL13A,0.969
EEF1G,RPL14,0.939
EEF1G,RPL15,0.983
EEF1G,RPL18,0.99
EEF1G,RPL18A,0.985
EEF1G,RPL19,0.993
EEF1G,RPL21,0.976
EEF1G,RPL23,0.978
EEF1G,RPL23A,0.979
EEF1G,RPL24,0.921
EEF1G,RPL3,0.968
EEF1G,RPL30,0.932
EEF1G,RPL35,0.937
EEF1G,RPL4,0.983
EEF1G,RPL5,0.993
EEF1G,RPL6,0.987
EEF1G,RPL7,0.95
EEF1G,RPL7A,0.963
EEF1G,RPL8,0.971
EEF1G,RPL9,0.941
EEF1G,RPLP0,0.996
EEF1G,RPLP1,0.985
EEF1G,RPLP2,0.907
EEF1G,RPS10,0.964
EEF1G,RPS11,0.972
EEF1G,RPS13,0.95
EEF1G,RPS15,0.965
EEF1G,RPS16,0.961
EEF1G,RPS18,0.97
EEF1G,RPS19,0.967
EEF1G,RPS2,0.986
EEF1G,RPS20,0.949
EEF1G,RPS24,0.957
EEF1G,RPS26,0.945
EEF1G,RPS3,0.996
EEF1G,RPS3A,0.994
EEF1G,RPS4X,0.982
EEF1G,RPS4Y1,0.91
EEF1G,RPS5,0.968
EEF1G,RPS6,0.956
EEF1G,RPS7,0.961
EEF1G,RPS8,0.989
EEF1G,RPS9,0.911
EEF1G,RPSA,0.984
EEF2,EIF3B,0.966
EEF2,EIF4A1,0.97
EEF2,FANCE,0.932
EEF2,FAU,0.998
EEF2,FLT3LG,0.94
EEF2,IFI35,0.902
EEF2,MED1,0.949
EEF2,MRNIP,0.932
EEF2,MRPL12,0.946
EEF2,MRPL17,0.935
EEF2,MRPL19,0.927
EEF2,MRPL20,0.923
EEF2,MRPL21,0.939
EEF2,MRPL27,0.938
EEF2,MRPL32,0.923
EEF2,MRPL36,0.936
EEF2,MRPL9,0.943
EEF2,MRPS16,0.924
EEF2,MRPS6,0.942
EEF2,MRPS7,0.921
EEF2,MRPS9,0.94
EEF2,PA2G4,0.957
EEF2,RACK1,0.999
EEF2,RPL10,0.996
EEF2,RPL10A,0.997
EEF2,RPL11,0.999
EEF2,RPL12,0.999
EEF2,RPL13,0.999
EEF2,RPL13A,0.997
EEF2,RPL14,0.999
EEF2,RPL15,0.999
EEF2,RPL17,0.996
EEF2,RPL18,0.999
EEF2,RPL18A,0.999
EEF2,RPL19,0.999
EEF2,RPL21,0.998
EEF2,RPL22,0.99
EEF2,RPL23,0.999
EEF2,RPL23A,0.999
EEF2,RPL24,0.998
EEF2,RPL26,0.996
EEF2,RPL27,0.999
EEF2,RPL27A,0.999
EEF2,RPL28,0.998
EEF2,RPL29,0.997
EEF2,RPL3,0.999
EEF2,RPL30,0.999
EEF2,RPL31,0.998
EEF2,RPL32,0.999
EEF2,RPL34,0.998
EEF2,RPL35,0.999
EEF2,RPL35A,0.998
EEF2,RPL36,0.997
EEF2,RPL36A,0.986
EEF2,RPL37,0.996
EEF2,RPL37A,0.997
EEF2,RPL38,0.998
EEF2,RPL39,0.988
EEF2,RPL4,0.999
EEF2,RPL5,0.999
EEF2,RPL6,0.999
EEF2,RPL7,0.997
EEF2,RPL7A,0.999
EEF2,RPL8,0.999
EEF2,RPL9,0.999
EEF2,RPLP0,0.999
EEF2,RPLP1,0.985
EEF2,RPLP2,0.981
EEF2,RPS10,0.993
EEF2,RPS11,0.999
EEF2,RPS12,0.998
EEF2,RPS13,0.999
EEF2,RPS14,0.996
EEF2,RPS15,0.999
EEF2,RPS15A,0.993
EEF2,RPS16,0.999
EEF2,RPS17,0.997
EEF2,RPS18,0.999
EEF2,RPS19,0.999
EEF2,RPS2,0.999
EEF2,RPS20,0.999
EEF2,RPS21,0.998
EEF2,RPS23,0.999
EEF2,RPS24,0.998
EEF2,RPS25,0.998
EEF2,RPS26,0.998
EEF2,RPS27,0.992
EEF2,RPS27A,0.997
EEF2,RPS28,0.999
EEF2,RPS29,0.998
EEF2,RPS3,0.999
EEF2,RPS3A,0.999
EEF2,RPS4X,0.998
EEF2,RPS4Y1,0.99
EEF2,RPS5,0.999
EEF2,RPS6,0.999
EEF2,RPS7,0.998
EEF2,RPS8,0.999
EEF2,RPS9,0.999
EEF2,RPSA,0.999
EEF2,SERBP1,0.971
EEF2,TUFM,0.948
EEF2,UBA52,0.998
EFCAB6,PARK7,0.934
EFNB1,EFNB2,0.949
EFNB1,EPHA1,0.998
EFNB1,EPHA2,0.932
EFNB1,EPHA4,0.998
EFNB1,EPHA8,0.904
EFNB1,EPHB1,0.999
EFNB1,EPHB2,0.999
EFNB2,EPHA1,0.999
EFNB2,EPHA2,0.973
EFNB2,EPHA4,0.999
EFNB2,EPHB1,0.999
EFNB2,EPHB2,0.999
EFTUD2,EIF4A3,0.992
EFTUD2,FAU,0.976
EFTUD2,ISY1,0.986
EFTUD2,LSM2,0.998
EFTUD2,LSM3,0.997
EFTUD2,LSM4,0.997
EFTUD2,LSM5,0.998
EFTUD2,LSM6,0.996
EFTUD2,LSM7,0.998
EFTUD2,LSM8,0.999
EFTUD2,MAGOH,0.947
EFTUD2,MFAP1,0.999
EFTUD2,MRPL12,0.953
EFTUD2,MRPL17,0.937
EFTUD2,MRPL19,0.928
EFTUD2,MRPL20,0.933
EFTUD2,MRPL21,0.942
EFTUD2,MRPL27,0.94
EFTUD2,MRPL32,0.923
EFTUD2,MRPL36,0.936
EFTUD2,MRPL9,0.943
EFTUD2,MRPS16,0.941
EFTUD2,MRPS6,0.942
EFTUD2,MRPS9,0.95
EFTUD2,NCBP1,0.966
EFTUD2,NCBP2,0.959
EFTUD2,PHF5A,0.994
EFTUD2,PLRG1,0.999
EFTUD2,PPIE,0.992
EFTUD2,PPIH,0.981
EFTUD2,PPIL1,0.999
EFTUD2,PRPF18,0.904
EFTUD2,PRPF19,0.999
EFTUD2,PRPF3,0.999
EFTUD2,PRPF31,0.999
EFTUD2,PRPF38A,0.991
EFTUD2,PRPF4,0.999
EFTUD2,PRPF4B,0.956
EFTUD2,PRPF6,0.999
EFTUD2,PRPF8,0.999
EFTUD2,RBM22,0.999
EFTUD2,RBM42,0.933
EFTUD2,RPL11,0.954
EFTUD2,RPL19,0.935
EFTUD2,RPL23,0.949
EFTUD2,RPL23A,0.95
EFTUD2,RPL24,0.919
EFTUD2,RPL30,0.924
EFTUD2,RPL35,0.947
EFTUD2,RPL5,0.955
EFTUD2,RPS11,0.949
EFTUD2,RPS15,0.951
EFTUD2,RPS18,0.949
EFTUD2,RPS19,0.928
EFTUD2,RPS28,0.936
EFTUD2,RPS3,0.955
EFTUD2,RPS3A,0.934
EFTUD2,RPS6,0.931
EFTUD2,SART1,0.999
EFTUD2,SF3A1,0.999
EFTUD2,SF3A2,0.998
EFTUD2,SF3A3,0.998
EFTUD2,SF3B1,0.999
EFTUD2,SF3B2,0.999
EFTUD2,SF3B3,0.999
EFTUD2,SF3B4,0.999
EFTUD2,SF3B5,0.993
EFTUD2,SF3B6,0.927
EFTUD2,SLU7,0.974
EFTUD2,SMU1,0.991
EFTUD2,SNRNP200,0.999
EFTUD2,SNRNP40,0.999
EFTUD2,SNRNP70,0.956
EFTUD2,SNRPA,0.995
EFTUD2,SNRPA1,0.999
EFTUD2,SNRPB,0.999
EFTUD2,SNRPB2,0.998
EFTUD2,SNRPC,0.944
EFTUD2,SNRPD1,0.999
EFTUD2,SNRPD2,0.999
EFTUD2,SNRPD3,0.999
EFTUD2,SNRPE,0.999
EFTUD2,SNRPF,0.999
EFTUD2,SNRPG,0.999
EFTUD2,SNRPN,0.993
EFTUD2,SNU13,0.998
EFTUD2,SNW1,0.999
EFTUD2,SRRM2,0.999
EFTUD2,SRSF1,0.964
EFTUD2,SYF2,0.999
EFTUD2,TCERG1,0.974
EFTUD2,TFIP11,0.989
EFTUD2,TUFM,0.914
EFTUD2,TXNL4A,0.999
EFTUD2,USP39,0.995
EFTUD2,WBP4,0.986
EFTUD2,XAB2,0.999
EFTUD2,YJU2,0.993
EFTUD2,ZMAT2,0.998
EGF,EGFR,0.999
EGF,EPGN,0.929
EGF,ERBB2,0.999
EGF,ERBB3,0.999
EGF,ERBB4,0.999
EGF,EREG,0.958
EGF,FGF13,0.975
EGF,FGF2,0.969
EGF,FGF4,0.989
EGF,FGF7,0.992
EGF,FGFR1,0.926
EGF,FGFR2,0.936
EGF,FGFR3,0.902
EGF,FLT1,0.902
EGF,FLT4,0.911
EGF,FN1,0.96
EGF,GRB2,0.995
EGF,HBEGF,0.992
EGF,IGF1,0.995
EGF,IGF1R,0.997
EGF,INS,0.995
EGF,INSR,0.968
EGF,KDR,0.928
EGF,KIT,0.973
EGF,MET,0.945
EGF,NRG1,0.972
EGF,NTRK1,0.997
EGF,P4HB,0.938
EGF,PDGFB,0.955
EGF,PDGFRA,0.987
EGF,PDGFRB,0.989
EGF,PIK3R1,0.911
EGF,SHC1,0.924
EGF,SRC,0.922
EGF,STAT3,0.907
EGF,TGFA,0.998
EGF,TGFB1,0.904
EGFR,EPCAM,0.923
EGFR,EPGN,0.999
EGFR,EPHA2,0.903
EGFR,EPN1,0.958
EGFR,EPS15,0.994
EGFR,EPS8,0.952
EGFR,ERBB2,0.999
EGFR,ERBB3,0.999
EGFR,ERBB4,0.996
EGFR,EREG,0.999
EGFR,ERRFI1,0.996
EGFR,ESR1,0.988
EGFR,FGF2,0.957
EGFR,FGF4,0.922
EGFR,FGF7,0.927
EGFR,FHL2,0.929
EGFR,FN1,0.944
EGFR,FOS,0.94
EGFR,GAB1,0.999
EGFR,GAB2,0.984
EGFR,GAPDH,0.955
EGFR,GRB10,0.924
EGFR,GRB2,0.999
EGFR,GRB7,0.974
EGFR,HBEGF,0.999
EGFR,HDAC6,0.919
EGFR,HGF,0.98
EGFR,HGS,0.964
EGFR,HIF1A,0.934
EGFR,HRAS,0.994
EGFR,HSP90AA1,0.999
EGFR,HSP90AB1,0.998
EGFR,HSPA1B,0.923
EGFR,HSPA4,0.954
EGFR,HSPA8,0.932
EGFR,IGF1,0.991
EGFR,IGF1R,0.989
EGFR,IGFBP3,0.981
EGFR,IL6,0.979
EGFR,INS,0.992
EGFR,IRS1,0.939
EGFR,ITGB1,0.966
EGFR,JAK1,0.97
EGFR,JAK2,0.986
EGFR,JAK3,0.956
EGFR,KITLG,0.95
EGFR,KRAS,0.997
EGFR,L1CAM,0.976
EGFR,LAPTM4B,0.927
EGFR,LGALS3,0.964
EGFR,LRIG1,0.975
EGFR,MET,0.996
EGFR,MUC1,0.999
EGFR,NCK1,0.958
EGFR,NCL,0.905
EGFR,NEDD4,0.932
EGFR,NRAS,0.991
EGFR,NRG1,0.999
EGFR,PDCD6IP,0.913
EGFR,PDGFB,0.968
EGFR,PDGFRA,0.986
EGFR,PDGFRB,0.998
EGFR,PIK3C2B,0.928
EGFR,PIK3CA,0.999
EGFR,PIK3CB,0.993
EGFR,PIK3CD,0.942
EGFR,PIK3R1,0.998
EGFR,PIK3R2,0.993
EGFR,PIK3R3,0.99
EGFR,PLCG1,0.997
EGFR,PLCG2,0.993
EGFR,PRKCA,0.932
EGFR,PRKDC,0.936
EGFR,PTEN,0.969
EGFR,PTK2,0.999
EGFR,PTPN1,0.997
EGFR,PTPN11,0.999
EGFR,PTPN6,0.919
EGFR,RASA1,0.97
EGFR,RHOA,0.903
EGFR,SH3GL2,0.972
EGFR,SH3KBP1,0.98
EGFR,SHC1,0.999
EGFR,SHC2,0.987
EGFR,SHC3,0.988
EGFR,SLC5A1,0.954
EGFR,SOS1,0.999
EGFR,SRC,0.999
EGFR,STAT1,0.975
EGFR,STAT3,0.998
EGFR,STAT5A,0.998
EGFR,STAT5B,0.997
EGFR,STUB1,0.93
EGFR,TGFA,0.999
EGFR,TGFB1,0.975
EGFR,TLR2,0.933
EGFR,TP53,0.943
EGFR,TRIM21,0.901
EGFR,USP8,0.994
EGFR,VAV2,0.944
EGFR,YBX1,0.913
EGFR,YES1,0.913
EGFR,YWHAZ,0.925
EGFR,ZPR1,0.921
EGLN1,EGLN2,0.942
EGLN1,EGLN3,0.953
EGLN1,ELOC,0.92
EGLN1,EPAS1,0.999
EGLN1,FKBP8,0.95
EGLN1,HIF1A,0.999
EGLN1,HIF3A,0.95
EGLN1,LIMD1,0.91
EGLN1,OS9,0.959
EGLN1,PRKCA,0.911
EGLN1,PRKCB,0.905
EGLN1,PRKCG,0.901
EGLN1,VHL,0.987
EGLN2,EGLN3,0.954
EGLN2,EPAS1,0.998
EGLN2,H3-3B,0.917
EGLN2,HIF1A,0.999
EGLN2,HIF3A,0.958
EGLN2,PRKCA,0.929
EGLN2,PRKCB,0.902
EGLN2,PRKCG,0.901
EGLN2,SIAH2,0.96
EGLN2,VHL,0.9
EGLN3,EPAS1,0.999
EGLN3,HIF1A,0.999
EGLN3,HIF3A,0.945
EGLN3,PRKCA,0.906
EGLN3,PRKCB,0.919
EGLN3,PRKCG,0.901
EGLN3,SIAH2,0.976
EGLN3,VHL,0.946
EGLN3,WDR83,0.948
EGR1,EP300,0.952
EGR1,FOS,0.995
EGR1,FOSB,0.987
EGR1,JUN,0.99
EGR1,JUNB,0.97
EGR1,JUND,0.962
EGR1,MAPK1,0.946
EGR1,MAPK3,0.963
EGR1,PPARG,0.934
EGR1,SRF,0.904
EGR1,TP53,0.969
EHBP1,EHD2,0.996
EHBP1,EHD3,0.981
EHBP1,RAB8A,0.986
EHD1,MICALL1,0.997
EHD1,PACSIN2,0.907
EHD1,RAB11FIP1,0.925
EHD1,RAB11FIP2,0.986
EHD1,RAB11FIP5,0.927
EHD1,RBSN,0.998
EHD1,SNAP29,0.983
EHD3,MICALL1,0.931
EHD3,RBSN,0.995
EHMT1,EHMT2,0.999
EHMT1,H3-3A,0.923
EHMT1,H3-3B,0.98
EHMT1,H3C1,0.979
EHMT1,HDAC1,0.942
EHMT1,TP53,0.92
EHMT2,EZH2,0.953
EHMT2,GFI1,0.909
EHMT2,H3-3A,0.925
EHMT2,H3-3B,0.998
EHMT2,H3C1,0.971
EHMT2,HDAC1,0.999
EHMT2,HDAC2,0.982
EHMT2,KDM1A,0.995
EHMT2,MED12,0.925
EHMT2,RCOR1,0.986
EHMT2,REST,0.926
EHMT2,SETDB1,0.965
EHMT2,SNAI1,0.99
EHMT2,SUV39H1,0.978
EHMT2,TP53,0.919
EHMT2,UHRF1,0.997
EHMT2,WIZ,0.989
EID3,NSMCE1,0.998
EID3,NSMCE2,0.998
EID3,NSMCE3,0.996
EID3,NSMCE4A,0.907
EID3,SMC5,0.999
EID3,SMC6,0.999
EIF1,EIF1AX,0.999
EIF1,EIF2S1,0.998
EIF1,EIF2S2,0.998
EIF1,EIF2S3,0.991
EIF1,EIF3A,0.995
EIF1,EIF3B,0.998
EIF1,EIF3C,0.999
EIF1,EIF3D,0.989
EIF1,EIF3E,0.991
EIF1,EIF3F,0.978
EIF1,EIF3G,0.998
EIF1,EIF3H,0.975
EIF1,EIF3I,0.997
EIF1,EIF3J,0.996
EIF1,EIF3K,0.973
EIF1,EIF3L,0.964
EIF1,EIF3M,0.954
EIF1,EIF4A1,0.998
EIF1,EIF4G1,0.996
EIF1,FAU,0.994
EIF1,RACK1,0.984
EIF1,RPS10,0.968
EIF1,RPS11,0.987
EIF1,RPS12,0.967
EIF1,RPS13,0.974
EIF1,RPS14,0.972
EIF1,RPS15,0.982
EIF1,RPS15A,0.92
EIF1,RPS16,0.98
EIF1,RPS17,0.982
EIF1,RPS18,0.979
EIF1,RPS19,0.982
EIF1,RPS2,0.98
EIF1,RPS20,0.985
EIF1,RPS21,0.971
EIF1,RPS23,0.984
EIF1,RPS24,0.979
EIF1,RPS25,0.987
EIF1,RPS26,0.977
EIF1,RPS27,0.978
EIF1,RPS27A,0.978
EIF1,RPS28,0.981
EIF1,RPS29,0.966
EIF1,RPS3,0.991
EIF1,RPS3A,0.977
EIF1,RPS4X,0.948
EIF1,RPS5,0.975
EIF1,RPS6,0.984
EIF1,RPS7,0.977
EIF1,RPS8,0.979
EIF1,RPS9,0.98
EIF1,RPSA,0.96
EIF1AX,EIF2S1,0.995
EIF1AX,EIF2S2,0.995
EIF1AX,EIF2S3,0.986
EIF1AX,EIF3A,0.991
EIF1AX,EIF3B,0.981
EIF1AX,EIF3C,0.983
EIF1AX,EIF3D,0.975
EIF1AX,EIF3E,0.985
EIF1AX,EIF3F,0.956
EIF1AX,EIF3G,0.977
EIF1AX,EIF3H,0.96
EIF1AX,EIF3I,0.975
EIF1AX,EIF3J,0.978
EIF1AX,EIF3K,0.963
EIF1AX,EIF3M,0.902
EIF1AX,EIF4A1,0.981
EIF1AX,EIF4G1,0.932
EIF1AX,FAU,0.997
EIF1AX,IMP3,0.929
EIF1AX,IPO13,0.981
EIF1AX,MRPL4,0.911
EIF1AX,MRPS10,0.943
EIF1AX,MRPS12,0.942
EIF1AX,MRPS5,0.938
EIF1AX,RACK1,0.965
EIF1AX,RAN,0.911
EIF1AX,RPL11,0.945
EIF1AX,RPL23,0.945
EIF1AX,RPL23A,0.924
EIF1AX,RPL35,0.947
EIF1AX,RPL4,0.951
EIF1AX,RPL5,0.932
EIF1AX,RPS10,0.965
EIF1AX,RPS11,0.996
EIF1AX,RPS12,0.971
EIF1AX,RPS13,0.979
EIF1AX,RPS14,0.987
EIF1AX,RPS15,0.998
EIF1AX,RPS15A,0.953
EIF1AX,RPS16,0.991
EIF1AX,RPS17,0.976
EIF1AX,RPS18,0.996
EIF1AX,RPS19,0.974
EIF1AX,RPS2,0.992
EIF1AX,RPS20,0.994
EIF1AX,RPS21,0.968
EIF1AX,RPS23,0.996
EIF1AX,RPS24,0.978
EIF1AX,RPS25,0.975
EIF1AX,RPS26,0.973
EIF1AX,RPS27,0.955
EIF1AX,RPS27A,0.973
EIF1AX,RPS28,0.976
EIF1AX,RPS29,0.987
EIF1AX,RPS3,0.996
EIF1AX,RPS3A,0.978
EIF1AX,RPS4X,0.962
EIF1AX,RPS5,0.989
EIF1AX,RPS6,0.975
EIF1AX,RPS7,0.973
EIF1AX,RPS8,0.972
EIF1AX,RPS9,0.991
EIF1AX,RPSA,0.979
EIF2B1,EIF2B2,0.999
EIF2B1,EIF2B3,0.999
EIF2B1,EIF2B4,0.999
EIF2B1,EIF2B5,0.999
EIF2B1,EIF2S1,0.999
EIF2B1,EIF2S2,0.999
EIF2B1,EIF2S3,0.999
EIF2B2,EIF2B3,0.999
EIF2B2,EIF2B4,0.999
EIF2B2,EIF2B5,0.999
EIF2B2,EIF2S1,0.999
EIF2B2,EIF2S2,0.999
EIF2B2,EIF2S3,0.999
EIF2B3,EIF2B4,0.999
EIF2B3,EIF2B5,0.999
EIF2B3,EIF2S1,0.999
EIF2B3,EIF2S2,0.999
EIF2B3,EIF2S3,0.999
EIF2B4,EIF2B5,0.999
EIF2B4,EIF2S1,0.999
EIF2B4,EIF2S2,0.998
EIF2B4,EIF2S3,0.998
EIF2B5,EIF2S1,0.999
EIF2B5,EIF2S2,0.999
EIF2B5,EIF2S3,0.999
EIF2B5,RABIF,0.901
EIF2S1,EIF2S2,0.999
EIF2S1,EIF2S3,0.999
EIF2S1,EIF3A,0.999
EIF2S1,EIF3B,0.999
EIF2S1,EIF3C,0.996
EIF2S1,EIF3D,0.996
EIF2S1,EIF3E,0.994
EIF2S1,EIF3F,0.984
EIF2S1,EIF3G,0.992
EIF2S1,EIF3H,0.971
EIF2S1,EIF3I,0.999
EIF2S1,EIF3J,0.972
EIF2S1,EIF3K,0.982
EIF2S1,EIF3L,0.973
EIF2S1,EIF3M,0.985
EIF2S1,EIF4A1,0.99
EIF2S1,EIF4E,0.954
EIF2S1,EIF4G1,0.986
EIF2S1,FAU,0.996
EIF2S1,HSPA5,0.939
EIF2S1,MRPS10,0.909
EIF2S1,MRPS5,0.915
EIF2S1,NOP10,0.904
EIF2S1,PPP1CA,0.996
EIF2S1,PPP1CB,0.949
EIF2S1,PPP1CC,0.955
EIF2S1,PSMD14,0.999
EIF2S1,RACK1,0.989
EIF2S1,RPL15,0.901
EIF2S1,RPL19,0.925
EIF2S1,RPL21,0.9
EIF2S1,RPL23A,0.933
EIF2S1,RPL27A,0.906
EIF2S1,RPL4,0.936
EIF2S1,RPL7,0.9
EIF2S1,RPL7A,0.939
EIF2S1,RPLP0,0.912
EIF2S1,RPS10,0.992
EIF2S1,RPS11,0.997
EIF2S1,RPS12,0.993
EIF2S1,RPS13,0.995
EIF2S1,RPS14,0.997
EIF2S1,RPS15,0.998
EIF2S1,RPS15A,0.985
EIF2S1,RPS16,0.998
EIF2S1,RPS17,0.989
EIF2S1,RPS18,0.997
EIF2S1,RPS19,0.997
EIF2S1,RPS2,0.998
EIF2S1,RPS20,0.998
EIF2S1,RPS21,0.995
EIF2S1,RPS23,0.997
EIF2S1,RPS24,0.998
EIF2S1,RPS25,0.998
EIF2S1,RPS26,0.998
EIF2S1,RPS27,0.99
EIF2S1,RPS27A,0.994
EIF2S1,RPS28,0.997
EIF2S1,RPS29,0.988
EIF2S1,RPS3,0.999
EIF2S1,RPS3A,0.999
EIF2S1,RPS4X,0.993
EIF2S1,RPS5,0.998
EIF2S1,RPS6,0.998
EIF2S1,RPS7,0.997
EIF2S1,RPS8,0.998
EIF2S1,RPS9,0.995
EIF2S1,RPSA,0.993
EIF2S2,EIF2S3,0.999
EIF2S2,EIF3A,0.998
EIF2S2,EIF3B,0.998
EIF2S2,EIF3C,0.998
EIF2S2,EIF3D,0.985
EIF2S2,EIF3E,0.986
EIF2S2,EIF3F,0.976
EIF2S2,EIF3G,0.995
EIF2S2,EIF3H,0.96
EIF2S2,EIF3I,0.991
EIF2S2,EIF3J,0.982
EIF2S2,EIF3K,0.972
EIF2S2,EIF3L,0.97
EIF2S2,EIF3M,0.973
EIF2S2,EIF4A1,0.974
EIF2S2,EIF4G1,0.978
EIF2S2,FAU,0.997
EIF2S2,RACK1,0.96
EIF2S2,RALY,0.936
EIF2S2,RPS10,0.988
EIF2S2,RPS11,0.989
EIF2S2,RPS12,0.988
EIF2S2,RPS13,0.984
EIF2S2,RPS14,0.984
EIF2S2,RPS15,0.995
EIF2S2,RPS15A,0.96
EIF2S2,RPS16,0.994
EIF2S2,RPS17,0.986
EIF2S2,RPS18,0.994
EIF2S2,RPS19,0.993
EIF2S2,RPS2,0.996
EIF2S2,RPS20,0.996
EIF2S2,RPS21,0.988
EIF2S2,RPS23,0.992
EIF2S2,RPS24,0.991
EIF2S2,RPS25,0.989
EIF2S2,RPS26,0.992
EIF2S2,RPS27,0.983
EIF2S2,RPS27A,0.988
EIF2S2,RPS28,0.986
EIF2S2,RPS29,0.977
EIF2S2,RPS3,0.997
EIF2S2,RPS3A,0.991
EIF2S2,RPS4X,0.981
EIF2S2,RPS5,0.975
EIF2S2,RPS6,0.994
EIF2S2,RPS7,0.991
EIF2S2,RPS8,0.994
EIF2S2,RPS9,0.991
EIF2S2,RPSA,0.986
EIF2S3,EIF3A,0.995
EIF2S3,EIF3B,0.998
EIF2S3,EIF3C,0.994
EIF2S3,EIF3D,0.989
EIF2S3,EIF3E,0.992
EIF2S3,EIF3F,0.978
EIF2S3,EIF3G,0.997
EIF2S3,EIF3H,0.969
EIF2S3,EIF3I,0.995
EIF2S3,EIF3J,0.971
EIF2S3,EIF3K,0.972
EIF2S3,EIF3L,0.978
EIF2S3,EIF3M,0.985
EIF2S3,EIF4A1,0.977
EIF2S3,EIF4G1,0.952
EIF2S3,FAU,0.997
EIF2S3,RACK1,0.975
EIF2S3,RPL4,0.932
EIF2S3,RPS10,0.965
EIF2S3,RPS11,0.99
EIF2S3,RPS12,0.984
EIF2S3,RPS13,0.985
EIF2S3,RPS14,0.976
EIF2S3,RPS15,0.985
EIF2S3,RPS15A,0.968
EIF2S3,RPS16,0.992
EIF2S3,RPS17,0.981
EIF2S3,RPS18,0.986
EIF2S3,RPS19,0.989
EIF2S3,RPS2,0.995
EIF2S3,RPS20,0.995
EIF2S3,RPS21,0.986
EIF2S3,RPS23,0.992
EIF2S3,RPS24,0.991
EIF2S3,RPS25,0.987
EIF2S3,RPS26,0.991
EIF2S3,RPS27,0.969
EIF2S3,RPS27A,0.983
EIF2S3,RPS28,0.99
EIF2S3,RPS29,0.968
EIF2S3,RPS3,0.995
EIF2S3,RPS3A,0.992
EIF2S3,RPS4X,0.993
EIF2S3,RPS5,0.979
EIF2S3,RPS6,0.992
EIF2S3,RPS7,0.988
EIF2S3,RPS8,0.994
EIF2S3,RPS9,0.986
EIF2S3,RPSA,0.99
EIF2S3,SUV39H2,0.905
EIF3A,EIF3B,0.999
EIF3A,EIF3C,0.999
EIF3A,EIF3D,0.999
EIF3A,EIF3E,0.999
EIF3A,EIF3F,0.999
EIF3A,EIF3G,0.999
EIF3A,EIF3H,0.999
EIF3A,EIF3I,0.999
EIF3A,EIF3J,0.999
EIF3A,EIF3K,0.999
EIF3A,EIF3L,0.999
EIF3A,EIF3M,0.999
EIF3A,EIF4A1,0.989
EIF3A,EIF4G1,0.966
EIF3A,FAU,0.995
EIF3A,RACK1,0.99
EIF3A,RPS10,0.953
EIF3A,RPS11,0.984
EIF3A,RPS12,0.983
EIF3A,RPS13,0.982
EIF3A,RPS14,0.962
EIF3A,RPS15,0.974
EIF3A,RPS15A,0.954
EIF3A,RPS16,0.983
EIF3A,RPS17,0.967
EIF3A,RPS18,0.981
EIF3A,RPS19,0.978
EIF3A,RPS2,0.993
EIF3A,RPS20,0.992
EIF3A,RPS21,0.979
EIF3A,RPS23,0.987
EIF3A,RPS24,0.981
EIF3A,RPS25,0.984
EIF3A,RPS26,0.995
EIF3A,RPS27,0.976
EIF3A,RPS27A,0.971
EIF3A,RPS28,0.977
EIF3A,RPS29,0.963
EIF3A,RPS3,0.995
EIF3A,RPS3A,0.994
EIF3A,RPS4X,0.95
EIF3A,RPS5,0.978
EIF3A,RPS6,0.984
EIF3A,RPS7,0.982
EIF3A,RPS8,0.983
EIF3A,RPS9,0.981
EIF3A,RPSA,0.988
EIF3B,EIF3C,0.999
EIF3B,EIF3D,0.999
EIF3B,EIF3E,0.999
EIF3B,EIF3F,0.999
EIF3B,EIF3G,0.999
EIF3B,EIF3H,0.999
EIF3B,EIF3I,0.999
EIF3B,EIF3J,0.999
EIF3B,EIF3K,0.999
EIF3B,EIF3L,0.999
EIF3B,EIF3M,0.999
EIF3B,EIF4A1,0.998
EIF3B,EIF4E,0.987
EIF3B,EIF4G1,0.998
EIF3B,FAU,0.994
EIF3B,G3BP1,0.983
EIF3B,RACK1,0.999
EIF3B,RPS10,0.976
EIF3B,RPS11,0.978
EIF3B,RPS12,0.987
EIF3B,RPS13,0.988
EIF3B,RPS14,0.968
EIF3B,RPS15,0.981
EIF3B,RPS15A,0.959
EIF3B,RPS16,0.988
EIF3B,RPS17,0.931
EIF3B,RPS18,0.986
EIF3B,RPS19,0.989
EIF3B,RPS2,0.994
EIF3B,RPS20,0.994
EIF3B,RPS21,0.973
EIF3B,RPS23,0.984
EIF3B,RPS24,0.986
EIF3B,RPS25,0.981
EIF3B,RPS26,0.985
EIF3B,RPS27,0.96
EIF3B,RPS27A,0.971
EIF3B,RPS28,0.981
EIF3B,RPS29,0.965
EIF3B,RPS3,0.995
EIF3B,RPS3A,0.989
EIF3B,RPS4X,0.975
EIF3B,RPS5,0.986
EIF3B,RPS6,0.995
EIF3B,RPS7,0.986
EIF3B,RPS8,0.99
EIF3B,RPS9,0.994
EIF3B,RPSA,0.992
EIF3C,EIF3D,0.999
EIF3C,EIF3E,0.999
EIF3C,EIF3F,0.999
EIF3C,EIF3G,0.999
EIF3C,EIF3H,0.999
EIF3C,EIF3I,0.999
EIF3C,EIF3J,0.999
EIF3C,EIF3K,0.999
EIF3C,EIF3L,0.999
EIF3C,EIF3M,0.999
EIF3C,EIF4A1,0.992
EIF3C,EIF4G1,0.99
EIF3C,FAU,0.993
EIF3C,RACK1,0.994
EIF3C,RPS10,0.969
EIF3C,RPS11,0.981
EIF3C,RPS12,0.974
EIF3C,RPS13,0.973
EIF3C,RPS14,0.961
EIF3C,RPS15,0.979
EIF3C,RPS15A,0.943
EIF3C,RPS16,0.977
EIF3C,RPS17,0.963
EIF3C,RPS18,0.982
EIF3C,RPS19,0.987
EIF3C,RPS2,0.978
EIF3C,RPS20,0.983
EIF3C,RPS21,0.975
EIF3C,RPS23,0.977
EIF3C,RPS24,0.985
EIF3C,RPS25,0.981
EIF3C,RPS26,0.987
EIF3C,RPS27,0.985
EIF3C,RPS27A,0.965
EIF3C,RPS28,0.979
EIF3C,RPS29,0.947
EIF3C,RPS3,0.988
EIF3C,RPS3A,0.986
EIF3C,RPS4X,0.955
EIF3C,RPS5,0.977
EIF3C,RPS6,0.986
EIF3C,RPS7,0.988
EIF3C,RPS8,0.982
EIF3C,RPS9,0.968
EIF3C,RPSA,0.975
EIF3D,EIF3E,0.999
EIF3D,EIF3F,0.999
EIF3D,EIF3G,0.999
EIF3D,EIF3H,0.999
EIF3D,EIF3I,0.999
EIF3D,EIF3J,0.999
EIF3D,EIF3K,0.999
EIF3D,EIF3L,0.999
EIF3D,EIF3M,0.999
EIF3D,EIF4A1,0.992
EIF3D,EIF4G1,0.974
EIF3D,FAU,0.995
EIF3D,MICALL1,0.932
EIF3D,PSMD7,0.947
EIF3D,RACK1,0.99
EIF3D,RPL4,0.937
EIF3D,RPS10,0.978
EIF3D,RPS11,0.988
EIF3D,RPS12,0.979
EIF3D,RPS13,0.962
EIF3D,RPS14,0.966
EIF3D,RPS15,0.977
EIF3D,RPS15A,0.966
EIF3D,RPS16,0.983
EIF3D,RPS17,0.927
EIF3D,RPS18,0.991
EIF3D,RPS19,0.991
EIF3D,RPS2,0.982
EIF3D,RPS20,0.979
EIF3D,RPS21,0.972
EIF3D,RPS23,0.98
EIF3D,RPS24,0.984
EIF3D,RPS25,0.984
EIF3D,RPS26,0.982
EIF3D,RPS27,0.984
EIF3D,RPS27A,0.958
EIF3D,RPS28,0.988
EIF3D,RPS29,0.953
EIF3D,RPS3,0.989
EIF3D,RPS3A,0.983
EIF3D,RPS4X,0.969
EIF3D,RPS5,0.99
EIF3D,RPS6,0.988
EIF3D,RPS7,0.988
EIF3D,RPS8,0.985
EIF3D,RPS9,0.962
EIF3D,RPSA,0.949
EIF3E,EIF3F,0.999
EIF3E,EIF3G,0.999
EIF3E,EIF3H,0.999
EIF3E,EIF3I,0.999
EIF3E,EIF3J,0.999
EIF3E,EIF3K,0.999
EIF3E,EIF3L,0.999
EIF3E,EIF3M,0.999
EIF3E,EIF4A1,0.986
EIF3E,EIF4G1,0.994
EIF3E,FAU,0.995
EIF3E,IFIT1,0.983
EIF3E,MICALL1,0.939
EIF3E,PSMD12,0.986
EIF3E,RACK1,0.986
EIF3E,RPS10,0.968
EIF3E,RPS11,0.978
EIF3E,RPS12,0.964
EIF3E,RPS13,0.965
EIF3E,RPS14,0.964
EIF3E,RPS15,0.974
EIF3E,RPS15A,0.946
EIF3E,RPS16,0.986
EIF3E,RPS17,0.943
EIF3E,RPS18,0.983
EIF3E,RPS19,0.99
EIF3E,RPS2,0.987
EIF3E,RPS20,0.984
EIF3E,RPS21,0.966
EIF3E,RPS23,0.982
EIF3E,RPS24,0.982
EIF3E,RPS25,0.986
EIF3E,RPS26,0.986
EIF3E,RPS27,0.975
EIF3E,RPS27A,0.972
EIF3E,RPS28,0.974
EIF3E,RPS29,0.951
EIF3E,RPS3,0.994
EIF3E,RPS3A,0.99
EIF3E,RPS4X,0.971
EIF3E,RPS5,0.961
EIF3E,RPS6,0.983
EIF3E,RPS7,0.978
EIF3E,RPS8,0.986
EIF3E,RPS9,0.961
EIF3E,RPSA,0.973
EIF3F,EIF3G,0.999
EIF3F,EIF3H,0.999
EIF3F,EIF3I,0.999
EIF3F,EIF3J,0.998
EIF3F,EIF3K,0.999
EIF3F,EIF3L,0.999
EIF3F,EIF3M,0.999
EIF3F,EIF4A1,0.966
EIF3F,EIF4G1,0.952
EIF3F,FAU,0.965
EIF3F,RACK1,0.979
EIF3F,RPS10,0.944
EIF3F,RPS11,0.958
EIF3F,RPS12,0.953
EIF3F,RPS13,0.96
EIF3F,RPS14,0.939
EIF3F,RPS15,0.939
EIF3F,RPS15A,0.944
EIF3F,RPS16,0.971
EIF3F,RPS18,0.929
EIF3F,RPS19,0.955
EIF3F,RPS2,0.968
EIF3F,RPS20,0.966
EIF3F,RPS21,0.903
EIF3F,RPS23,0.93
EIF3F,RPS24,0.96
EIF3F,RPS25,0.956
EIF3F,RPS26,0.951
EIF3F,RPS27,0.936
EIF3F,RPS27A,0.919
EIF3F,RPS28,0.935
EIF3F,RPS29,0.925
EIF3F,RPS3,0.979
EIF3F,RPS3A,0.97
EIF3F,RPS4X,0.97
EIF3F,RPS5,0.961
EIF3F,RPS6,0.957
EIF3F,RPS7,0.944
EIF3F,RPS8,0.974
EIF3F,RPS9,0.949
EIF3F,RPSA,0.98
EIF3G,EIF3H,0.999
EIF3G,EIF3I,0.999
EIF3G,EIF3J,0.999
EIF3G,EIF3K,0.999
EIF3G,EIF3L,0.999
EIF3G,EIF3M,0.999
EIF3G,EIF4A1,0.994
EIF3G,EIF4G1,0.977
EIF3G,FAU,0.983
EIF3G,PAIP1,0.94
EIF3G,RACK1,0.98
EIF3G,RPS10,0.949
EIF3G,RPS11,0.968
EIF3G,RPS12,0.96
EIF3G,RPS13,0.969
EIF3G,RPS14,0.941
EIF3G,RPS15,0.97
EIF3G,RPS15A,0.921
EIF3G,RPS16,0.973
EIF3G,RPS17,0.931
EIF3G,RPS18,0.956
EIF3G,RPS19,0.957
EIF3G,RPS2,0.979
EIF3G,RPS20,0.996
EIF3G,RPS21,0.951
EIF3G,RPS23,0.991
EIF3G,RPS24,0.947
EIF3G,RPS25,0.95
EIF3G,RPS26,0.957
EIF3G,RPS27,0.929
EIF3G,RPS27A,0.918
EIF3G,RPS28,0.957
EIF3G,RPS29,0.932
EIF3G,RPS3,0.998
EIF3G,RPS3A,0.961
EIF3G,RPS4X,0.951
EIF3G,RPS5,0.979
EIF3G,RPS6,0.97
EIF3G,RPS7,0.96
EIF3G,RPS8,0.963
EIF3G,RPS9,0.955
EIF3G,RPSA,0.969
EIF3H,EIF3I,0.999
EIF3H,EIF3J,0.998
EIF3H,EIF3K,0.999
EIF3H,EIF3L,0.999
EIF3H,EIF3M,0.999
EIF3H,EIF4A1,0.977
EIF3H,EIF4G1,0.963
EIF3H,FAU,0.946
EIF3H,METTL3,0.991
EIF3H,PSMD7,0.94
EIF3H,RACK1,0.932
EIF3H,RPL10A,0.934
EIF3H,RPL30,0.919
EIF3H,RPS10,0.921
EIF3H,RPS11,0.941
EIF3H,RPS12,0.921
EIF3H,RPS13,0.943
EIF3H,RPS14,0.928
EIF3H,RPS15,0.917
EIF3H,RPS15A,0.919
EIF3H,RPS16,0.925
EIF3H,RPS18,0.926
EIF3H,RPS19,0.938
EIF3H,RPS2,0.919
EIF3H,RPS20,0.917
EIF3H,RPS21,0.949
EIF3H,RPS23,0.954
EIF3H,RPS24,0.917
EIF3H,RPS25,0.944
EIF3H,RPS26,0.953
EIF3H,RPS27,0.925
EIF3H,RPS28,0.94
EIF3H,RPS29,0.952
EIF3H,RPS3,0.928
EIF3H,RPS3A,0.911
EIF3H,RPS4X,0.94
EIF3H,RPS5,0.945
EIF3H,RPS6,0.953
EIF3H,RPS7,0.918
EIF3H,RPS8,0.94
EIF3H,RPS9,0.933
EIF3H,RPSA,0.911
EIF3I,EIF3J,0.999
EIF3I,EIF3K,0.999
EIF3I,EIF3L,0.999
EIF3I,EIF3M,0.999
EIF3I,EIF4A1,0.997
EIF3I,EIF4G1,0.984
EIF3I,FAU,0.995
EIF3I,PSMB7,0.999
EIF3I,RACK1,0.997
EIF3I,RPL11,0.934
EIF3I,RPL5,0.9
EIF3I,RPL7,0.93
EIF3I,RPS10,0.956
EIF3I,RPS11,0.982
EIF3I,RPS12,0.992
EIF3I,RPS13,0.993
EIF3I,RPS14,0.973
EIF3I,RPS15,0.986
EIF3I,RPS15A,0.943
EIF3I,RPS16,0.987
EIF3I,RPS17,0.944
EIF3I,RPS18,0.988
EIF3I,RPS19,0.983
EIF3I,RPS2,0.995
EIF3I,RPS20,0.996
EIF3I,RPS21,0.954
EIF3I,RPS23,0.986
EIF3I,RPS24,0.982
EIF3I,RPS25,0.964
EIF3I,RPS26,0.983
EIF3I,RPS27,0.956
EIF3I,RPS27A,0.953
EIF3I,RPS28,0.963
EIF3I,RPS29,0.943
EIF3I,RPS3,0.997
EIF3I,RPS3A,0.989
EIF3I,RPS4X,0.98
EIF3I,RPS5,0.983
EIF3I,RPS6,0.983
EIF3I,RPS7,0.975
EIF3I,RPS8,0.991
EIF3I,RPS9,0.992
EIF3I,RPSA,0.99
EIF3J,EIF3K,0.999
EIF3J,EIF3L,0.997
EIF3J,EIF3M,0.998
EIF3J,EIF4A1,0.931
EIF3J,EIF4G1,0.979
EIF3J,FAU,0.993
EIF3J,RACK1,0.98
EIF3J,RPS10,0.934
EIF3J,RPS11,0.92
EIF3J,RPS12,0.929
EIF3J,RPS13,0.964
EIF3J,RPS14,0.936
EIF3J,RPS15,0.963
EIF3J,RPS15A,0.905
EIF3J,RPS16,0.923
EIF3J,RPS17,0.93
EIF3J,RPS18,0.953
EIF3J,RPS19,0.935
EIF3J,RPS2,0.985
EIF3J,RPS20,0.973
EIF3J,RPS21,0.924
EIF3J,RPS23,0.986
EIF3J,RPS24,0.928
EIF3J,RPS25,0.928
EIF3J,RPS26,0.919
EIF3J,RPS27,0.913
EIF3J,RPS27A,0.925
EIF3J,RPS28,0.92
EIF3J,RPS29,0.902
EIF3J,RPS3,0.987
EIF3J,RPS3A,0.949
EIF3J,RPS4X,0.902
EIF3J,RPS5,0.947
EIF3J,RPS6,0.942
EIF3J,RPS7,0.934
EIF3J,RPS8,0.964
EIF3J,RPS9,0.931
EIF3J,RPSA,0.962
EIF3K,EIF3L,0.999
EIF3K,EIF3M,0.999
EIF3K,EIF4A1,0.901
EIF3K,EIF4G1,0.914
EIF3K,FAU,0.995
EIF3K,RACK1,0.963
EIF3K,RPS10,0.98
EIF3K,RPS11,0.972
EIF3K,RPS12,0.933
EIF3K,RPS13,0.976
EIF3K,RPS14,0.952
EIF3K,RPS15,0.994
EIF3K,RPS15A,0.922
EIF3K,RPS16,0.984
EIF3K,RPS17,0.922
EIF3K,RPS18,0.975
EIF3K,RPS19,0.986
EIF3K,RPS2,0.969
EIF3K,RPS20,0.972
EIF3K,RPS21,0.98
EIF3K,RPS23,0.974
EIF3K,RPS24,0.969
EIF3K,RPS25,0.973
EIF3K,RPS26,0.976
EIF3K,RPS27,0.95
EIF3K,RPS27A,0.963
EIF3K,RPS28,0.97
EIF3K,RPS29,0.939
EIF3K,RPS3,0.985
EIF3K,RPS3A,0.966
EIF3K,RPS4X,0.952
EIF3K,RPS5,0.963
EIF3K,RPS6,0.973
EIF3K,RPS7,0.977
EIF3K,RPS8,0.99
EIF3K,RPS9,0.957
EIF3K,RPSA,0.917
EIF3L,EIF3M,0.999
EIF3L,EIF4A1,0.917
EIF3L,EIF4G1,0.924
EIF3L,FAU,0.995
EIF3L,RACK1,0.96
EIF3L,RPS10,0.953
EIF3L,RPS11,0.946
EIF3L,RPS12,0.944
EIF3L,RPS13,0.943
EIF3L,RPS14,0.938
EIF3L,RPS15,0.943
EIF3L,RPS15A,0.911
EIF3L,RPS16,0.962
EIF3L,RPS17,0.93
EIF3L,RPS18,0.949
EIF3L,RPS19,0.97
EIF3L,RPS2,0.955
EIF3L,RPS20,0.958
EIF3L,RPS21,0.925
EIF3L,RPS23,0.95
EIF3L,RPS24,0.948
EIF3L,RPS25,0.964
EIF3L,RPS26,0.946
EIF3L,RPS27,0.926
EIF3L,RPS27A,0.925
EIF3L,RPS28,0.937
EIF3L,RPS29,0.923
EIF3L,RPS3,0.98
EIF3L,RPS3A,0.968
EIF3L,RPS4X,0.971
EIF3L,RPS5,0.952
EIF3L,RPS6,0.96
EIF3L,RPS7,0.936
EIF3L,RPS8,0.954
EIF3L,RPS9,0.951
EIF3L,RPSA,0.96
EIF3M,EIF4A1,0.987
EIF3M,EIF4G1,0.959
EIF3M,FAU,0.923
EIF3M,RACK1,0.979
EIF3M,RPS10,0.918
EIF3M,RPS11,0.948
EIF3M,RPS12,0.944
EIF3M,RPS13,0.946
EIF3M,RPS14,0.935
EIF3M,RPS15A,0.941
EIF3M,RPS16,0.959
EIF3M,RPS18,0.914
EIF3M,RPS19,0.939
EIF3M,RPS2,0.97
EIF3M,RPS20,0.957
EIF3M,RPS23,0.913
EIF3M,RPS24,0.938
EIF3M,RPS25,0.914
EIF3M,RPS26,0.948
EIF3M,RPS27,0.918
EIF3M,RPS27A,0.91
EIF3M,RPS28,0.909
EIF3M,RPS3,0.964
EIF3M,RPS3A,0.965
EIF3M,RPS4X,0.974
EIF3M,RPS5,0.938
EIF3M,RPS6,0.921
EIF3M,RPS7,0.93
EIF3M,RPS8,0.968
EIF3M,RPS9,0.949
EIF3M,RPSA,0.97
EIF4A1,EIF4A3,0.979
EIF4A1,EIF4E,0.999
EIF4A1,EIF4E2,0.979
EIF4A1,EIF4G1,0.999
EIF4A1,EIF4G3,0.999
EIF4A1,G3BP1,0.933
EIF4A1,MAGOH,0.921
EIF4A1,MKNK1,0.927
EIF4A1,PABPC1,0.999
EIF4A1,PAIP1,0.996
EIF4A1,PDCD4,0.999
EIF4A1,RACK1,0.985
EIF4A1,RPS10,0.9
EIF4A1,RPS11,0.953
EIF4A1,RPS12,0.921
EIF4A1,RPS13,0.969
EIF4A1,RPS14,0.916
EIF4A1,RPS15,0.929
EIF4A1,RPS15A,0.916
EIF4A1,RPS16,0.939
EIF4A1,RPS18,0.923
EIF4A1,RPS19,0.915
EIF4A1,RPS2,0.952
EIF4A1,RPS20,0.954
EIF4A1,RPS23,0.921
EIF4A1,RPS24,0.95
EIF4A1,RPS25,0.918
EIF4A1,RPS26,0.943
EIF4A1,RPS28,0.927
EIF4A1,RPS3,0.981
EIF4A1,RPS3A,0.968
EIF4A1,RPS4X,0.94
EIF4A1,RPS5,0.933
EIF4A1,RPS6,0.976
EIF4A1,RPS7,0.908
EIF4A1,RPS8,0.963
EIF4A1,RPS9,0.938
EIF4A1,RPSA,0.978
EIF4A3,EIF4E,0.993
EIF4A3,EIF4G1,0.991
EIF4A3,FUS,0.902
EIF4A3,HNRNPA1,0.939
EIF4A3,HNRNPC,0.918
EIF4A3,ISY1,0.981
EIF4A3,MAGOH,0.999
EIF4A3,MTREX,0.935
EIF4A3,NCBP1,0.94
EIF4A3,NCBP2,0.942
EIF4A3,NGDN,0.985
EIF4A3,NXF1,0.967
EIF4A3,PABPC1,0.964
EIF4A3,PLRG1,0.945
EIF4A3,PNN,0.959
EIF4A3,PPIE,0.933
EIF4A3,PPIL1,0.969
EIF4A3,PRPF19,0.985
EIF4A3,PRPF8,0.997
EIF4A3,PYM1,0.982
EIF4A3,RBM22,0.975
EIF4A3,RBM8A,0.999
EIF4A3,RNPS1,0.999
EIF4A3,SAP18,0.961
EIF4A3,SLU7,0.939
EIF4A3,SMG1,0.998
EIF4A3,SNRNP200,0.996
EIF4A3,SNRNP40,0.939
EIF4A3,SNRPB,0.965
EIF4A3,SNRPB2,0.921
EIF4A3,SNRPD2,0.922
EIF4A3,SNRPD3,0.963
EIF4A3,SNRPE,0.904
EIF4A3,SNRPF,0.92
EIF4A3,SNW1,0.936
EIF4A3,SRRM1,0.949
EIF4A3,SRRM2,0.965
EIF4A3,SRSF1,0.999
EIF4A3,SRSF2,0.919
EIF4A3,SRSF3,0.998
EIF4A3,SRSF7,0.908
EIF4A3,UPF1,0.999
EIF4A3,UPF2,0.991
EIF4A3,UPF3A,0.999
EIF4A3,UPF3B,0.999
EIF4A3,XAB2,0.932
EIF4A3,YJU2,0.983
EIF4E,EIF4E2,0.932
EIF4E,EIF4ENIF1,0.999
EIF4E,EIF4G1,0.999
EIF4E,EIF4G3,0.999
EIF4E,FKBP1A,0.939
EIF4E,FMR1,0.974
EIF4E,G3BP1,0.914
EIF4E,GEMIN5,0.952
EIF4E,LIMD1,0.943
EIF4E,MKNK1,0.965
EIF4E,MTOR,0.962
EIF4E,NCBP1,0.997
EIF4E,NCBP2,0.991
EIF4E,NCBP3,0.928
EIF4E,NGDN,0.998
EIF4E,PABPC1,0.999
EIF4E,PAIP1,0.978
EIF4E,RPS6,0.974
EIF4E,RPTOR,0.949
EIF4E,SLBP,0.936
EIF4E,TARBP2,0.939
EIF4E,TIA1,0.938
EIF4E,XPO5,0.929
EIF4E,XRN1,0.969
EIF4E2,EIF4ENIF1,0.935
EIF4E2,EIF4G1,0.978
EIF4E2,EIF4G3,0.995
EIF4E2,EPAS1,0.955
EIF4E2,GIGYF2,0.999
EIF4E2,MKNK1,0.915
EIF4E2,NCBP1,0.935
EIF4E2,NCBP2,0.941
EIF4E2,NCBP3,0.912
EIF4E2,ZNF598,0.926
EIF4G1,EIF4G3,0.972
EIF4G1,G3BP1,0.991
EIF4G1,HNRNPD,0.99
EIF4G1,HSPA4,0.904
EIF4G1,HSPA8,0.97
EIF4G1,HSPB1,0.99
EIF4G1,HSPB2,0.906
EIF4G1,HSPB3,0.906
EIF4G1,MKNK1,0.99
EIF4G1,NCBP1,0.991
EIF4G1,NCBP2,0.973
EIF4G1,PABPC1,0.999
EIF4G1,PAIP1,0.911
EIF4G1,PDCD4,0.974
EIF4G1,RACK1,0.943
EIF4G1,RPL13A,0.904
EIF4G1,RPS13,0.937
EIF4G1,RPS16,0.911
EIF4G1,RPS25,0.903
EIF4G1,RPS27A,0.906
EIF4G1,RPS3,0.936
EIF4G1,RPS6,0.975
EIF4G1,TIA1,0.966
EIF4G1,TIAL1,0.905
EIF4G1,UPF1,0.974
EIF4G3,PABPC1,0.996
EIF6,FTSJ3,0.981
EIF6,GNL2,0.993
EIF6,GNL3,0.947
EIF6,GTPBP4,0.998
EIF6,MRTO4,0.995
EIF6,NIFK,0.969
EIF6,NMD3,0.997
EIF6,NOP2,0.948
EIF6,PA2G4,0.994
EIF6,PES1,0.988
EIF6,RACK1,0.963
EIF6,RPF2,0.984
EIF6,RPL10,0.928
EIF6,RPL10A,0.962
EIF6,RPL11,0.995
EIF6,RPL13,0.993
EIF6,RPL13A,0.98
EIF6,RPL14,0.996
EIF6,RPL15,0.994
EIF6,RPL17,0.985
EIF6,RPL18,0.993
EIF6,RPL18A,0.999
EIF6,RPL19,0.995
EIF6,RPL21,0.993
EIF6,RPL22,0.978
EIF6,RPL23,0.997
EIF6,RPL23A,0.995
EIF6,RPL24,0.995
EIF6,RPL26,0.987
EIF6,RPL27,0.989
EIF6,RPL27A,0.992
EIF6,RPL29,0.99
EIF6,RPL3,0.99
EIF6,RPL30,0.998
EIF6,RPL31,0.999
EIF6,RPL32,0.986
EIF6,RPL34,0.997
EIF6,RPL35,0.994
EIF6,RPL35A,0.994
EIF6,RPL36,0.994
EIF6,RPL36A,0.957
EIF6,RPL37,0.978
EIF6,RPL37A,0.995
EIF6,RPL38,0.994
EIF6,RPL39,0.98
EIF6,RPL4,0.997
EIF6,RPL5,0.997
EIF6,RPL6,0.996
EIF6,RPL7,0.985
EIF6,RPL7A,0.994
EIF6,RPL8,0.995
EIF6,RPL9,0.993
EIF6,RPLP0,0.979
EIF6,RPS16,0.9
EIF6,RRP1,0.928
EIF6,RSL1D1,0.955
EIF6,RSL24D1,0.995
EIF6,UBA52,0.976
EIF6,WDR12,0.989
EIF6,WDR18,0.929
ELANE,LTF,0.997
ELANE,MMP9,0.973
ELANE,MPO,0.999
ELANE,SERPINA1,0.999
ELANE,SLPI,0.998
ELAVL1,G3BP1,0.942
ELAVL1,HNRNPA1,0.965
ELAVL1,HNRNPA2B1,0.934
ELAVL1,HNRNPC,0.976
ELAVL1,HNRNPD,0.97
ELAVL1,HNRNPH1,0.933
ELAVL1,HNRNPK,0.955
ELAVL1,HNRNPL,0.901
ELAVL1,HNRNPU,0.94
ELAVL1,IGF2BP1,0.978
ELAVL1,ILF3,0.915
ELAVL1,KHSRP,0.912
ELAVL1,PCBP2,0.911
ELAVL1,PRKAA1,0.915
ELAVL1,PRKAA2,0.916
ELAVL1,PRKAB1,0.909
ELAVL1,PRKAB2,0.905
ELAVL1,PRKAG1,0.904
ELAVL1,PRKAG2,0.901
ELAVL1,PRKAG3,0.901
ELAVL1,PRKCA,0.902
ELAVL1,PRKCD,0.944
ELAVL1,PTBP1,0.974
ELAVL1,SRSF1,0.917
ELAVL1,TIA1,0.975
ELAVL1,TIAL1,0.974
ELAVL1,XPO1,0.925
ELF3,MED23,0.923
ELK1,MAPK1,0.994
ELK1,MAPK11,0.916
ELK1,MAPK14,0.909
ELK1,MAPK3,0.988
ELK1,MAPK8,0.976
ELK1,MAPK9,0.967
ELK1,PRKCA,0.912
ELK1,PRKCB,0.902
ELK1,PRKCG,0.902
ELK1,SRF,0.985
ELK4,KCNH8,0.966
ELK4,MAPK1,0.937
ELK4,MAPK11,0.906
ELK4,MAPK14,0.91
ELK4,MAPK3,0.936
ELK4,SRF,0.998
ELL,ELL2,0.973
ELL,ELL3,0.992
ELL,ELOA,0.931
ELL,ELOB,0.908
ELL,ELOC,0.906
ELL,ELP4,0.9
ELL,ERCC6,0.905
ELL,ICE1,0.979
ELL,ICE2,0.981
ELL,LEO1,0.921
ELL,MED26,0.969
ELL,MLLT1,0.999
ELL,MLLT10,0.916
ELL,MLLT3,0.999
ELL,NELFA,0.902
ELL,NELFB,0.942
ELL,NELFCD,0.903
ELL,NELFE,0.923
ELL,PAF1,0.906
ELL,PEX2,0.903
ELL,SNF8,0.971
ELL,SUPT4H1,0.951
ELL,SUPT5H,0.958
ELL,VPS25,0.926
ELL,VPS36,0.947
ELL,ZC3H8,0.977
ELL2,ELL3,0.958
ELL2,ELOA,0.914
ELL2,ELOB,0.901
ELL2,ELOC,0.903
ELL2,ELP4,0.9
ELL2,ERCC6,0.901
ELL2,ICE1,0.946
ELL2,ICE2,0.944
ELL2,LEO1,0.923
ELL2,MLLT1,0.999
ELL2,MLLT3,0.999
ELL2,NELFA,0.904
ELL2,NELFB,0.924
ELL2,NELFCD,0.903
ELL2,NELFE,0.935
ELL2,PAF1,0.9
ELL2,PEX2,0.9
ELL2,SUPT4H1,0.962
ELL2,SUPT5H,0.972
ELL2,ZC3H8,0.913
ELL3,ELOA,0.907
ELL3,ELOB,0.901
ELL3,ELOC,0.902
ELL3,ELP4,0.9
ELL3,ERCC6,0.9
ELL3,ICE1,0.986
ELL3,ICE2,0.972
ELL3,LEO1,0.908
ELL3,MLLT1,0.997
ELL3,MLLT3,0.997
ELL3,NELFA,0.9
ELL3,NELFB,0.928
ELL3,NELFCD,0.901
ELL3,NELFE,0.92
ELL3,PAF1,0.9
ELL3,PEX2,0.9
ELL3,SUPT4H1,0.936
ELL3,SUPT5H,0.943
ELL3,ZC3H8,0.918
ELMO1,ELMO2,0.98
ELMO1,FGR,0.907
ELMO1,HCK,0.965
ELMO1,LYN,0.908
ELMO1,RAC2,0.975
ELMO1,RHOG,0.997
ELMO1,SRC,0.928
ELMO1,WDR35,0.986
ELMO2,RAC2,0.969
ELMO2,RHOG,0.999
ELMO2,WDR35,0.983
ELMSAN1,HDAC1,0.971
ELN,FBLN2,0.975
ELN,FBLN5,0.999
ELN,FBN1,0.999
ELN,FKBP10,0.925
ELN,FN1,0.998
ELN,GLB1,0.987
ELN,LGALS3,0.984
ELN,MFAP2,0.996
ELN,MMP9,0.979
ELN,VTN,0.991
ELOA,ELOB,0.999
ELOA,ELOC,0.999
ELOA,ELP4,0.904
ELOA,ERCC6,0.953
ELOA,ICE1,0.914
ELOA,ICE2,0.914
ELOA,LEO1,0.984
ELOA,MLLT1,0.907
ELOA,MLLT3,0.907
ELOA,NELFA,0.905
ELOA,NELFB,0.914
ELOA,NELFCD,0.901
ELOA,NELFE,0.92
ELOA,PAF1,0.927
ELOA,PEX2,0.9
ELOA,POLR2A,0.907
ELOA,RPL11,0.924
ELOA,SUPT4H1,0.918
ELOA,SUPT5H,0.943
ELOA,ZC3H8,0.901
ELOB,ELOC,0.999
ELOB,ELP4,0.906
ELOB,EPAS1,0.995
ELOB,ERCC6,0.902
ELOB,FEM1A,0.932
ELOB,GPS1,0.944
ELOB,HIF1A,0.999
ELOB,ICE1,0.9
ELOB,ICE2,0.9
ELOB,LEO1,0.921
ELOB,MLLT1,0.903
ELOB,MLLT3,0.902
ELOB,NEDD8,0.998
ELOB,NELFA,0.9
ELOB,NELFB,0.9
ELOB,NELFCD,0.9
ELOB,NELFE,0.91
ELOB,PAF1,0.901
ELOB,PEX2,0.9
ELOB,PRAME,0.966
ELOB,RBX1,0.999
ELOB,RNF7,0.999
ELOB,SKP1,0.931
ELOB,SOCS1,0.997
ELOB,SOCS2,0.998
ELOB,SOCS3,0.991
ELOB,SOCS6,0.977
ELOB,SUPT4H1,0.911
ELOB,SUPT5H,0.9
ELOB,VHL,0.999
ELOB,ZC3H8,0.9
ELOB,ZER1,0.976
ELOB,ZYG11B,0.975
ELOC,ELP4,0.901
ELOC,EPAS1,0.995
ELOC,ERCC6,0.943
ELOC,GPS1,0.902
ELOC,HIF1A,0.999
ELOC,ICE1,0.9
ELOC,ICE2,0.9
ELOC,LEO1,0.921
ELOC,MCM7,0.926
ELOC,MLLT1,0.904
ELOC,MLLT3,0.901
ELOC,NEDD8,0.998
ELOC,NELFA,0.902
ELOC,NELFB,0.905
ELOC,NELFCD,0.904
ELOC,NELFE,0.905
ELOC,PAF1,0.901
ELOC,PEX2,0.908
ELOC,PRAME,0.901
ELOC,RACK1,0.975
ELOC,RBX1,0.999
ELOC,RNF7,0.999
ELOC,SKP1,0.936
ELOC,SOCS1,0.989
ELOC,SOCS2,0.999
ELOC,SOCS3,0.973
ELOC,SOCS6,0.986
ELOC,SUPT4H1,0.91
ELOC,SUPT5H,0.903
ELOC,VHL,0.999
ELOC,ZC3H8,0.9
ELOC,ZER1,0.943
ELOC,ZYG11B,0.941
ELP1,ELP2,0.998
ELP1,ELP3,0.999
ELP1,ELP4,0.999
ELP1,ELP5,0.999
ELP1,ELP6,0.99
ELP2,ELP3,0.999
ELP2,ELP4,0.997
ELP2,ELP5,0.998
ELP2,ELP6,0.992
ELP3,ELP4,0.999
ELP3,ELP5,0.999
ELP3,ELP6,0.996
ELP4,ELP5,0.999
ELP4,ELP6,0.999
ELP4,ERCC6,0.902
ELP4,ICE1,0.9
ELP4,ICE2,0.914
ELP4,LEO1,0.906
ELP4,MLLT1,0.9
ELP4,MLLT3,0.9
ELP4,NELFA,0.903
ELP4,NELFB,0.901
ELP4,NELFCD,0.901
ELP4,NELFE,0.906
ELP4,PAF1,0.91
ELP4,PEX2,0.927
ELP4,SUPT4H1,0.906
ELP4,SUPT5H,0.904
ELP4,ZC3H8,0.9
ELP5,ELP6,0.999
EMC1,EMC10,0.999
EMC1,EMC2,0.999
EMC1,EMC3,0.999
EMC1,EMC4,0.999
EMC1,EMC6,0.999
EMC1,EMC7,0.999
EMC1,EMC8,0.999
EMC1,EMC9,0.998
EMC1,MMGT1,0.999
EMC10,EMC2,0.999
EMC10,EMC3,0.999
EMC10,EMC4,0.999
EMC10,EMC6,0.998
EMC10,EMC7,0.999
EMC10,EMC8,0.998
EMC10,EMC9,0.998
EMC10,MMGT1,0.999
EMC2,EMC3,0.999
EMC2,EMC4,0.999
EMC2,EMC6,0.999
EMC2,EMC7,0.999
EMC2,EMC8,0.999
EMC2,EMC9,0.999
EMC2,MMGT1,0.999
EMC3,EMC4,0.999
EMC3,EMC6,0.999
EMC3,EMC7,0.999
EMC3,EMC8,0.999
EMC3,EMC9,0.999
EMC3,MMGT1,0.999
EMC4,EMC6,0.999
EMC4,EMC7,0.999
EMC4,EMC8,0.999
EMC4,EMC9,0.999
EMC4,MMGT1,0.999
EMC4,VPS28,0.96
EMC6,EMC7,0.999
EMC6,EMC8,0.999
EMC6,EMC9,0.999
EMC6,MMGT1,0.999
EMC7,EMC8,0.999
EMC7,EMC9,0.999
EMC7,MMGT1,0.999
EMC8,EMC9,0.912
EMC8,MMGT1,0.999
EMC9,MMGT1,0.999
EMD,GUCY2C,0.989
EMD,HDAC3,0.925
EMD,LEMD3,0.989
EMD,LMNA,0.999
EMD,LMNB1,0.994
EMD,LMO7,0.992
EMD,SYNE2,0.995
EME1,ERCC1,0.931
EME1,ERCC4,0.96
EME1,EXO1,0.915
EME1,MUS81,0.999
EMSY,MORF4L1,0.941
EMSY,SIN3B,0.906
ENAH,PFN1,0.9
ENAH,VASP,0.999
ENAH,ZYX,0.923
ENC1,GAN,0.926
ENC1,HEXB,0.912
ENC1,KBTBD6,0.9
ENC1,KBTBD7,0.9
ENC1,KEAP1,0.936
ENC1,KLHL12,0.914
ENC1,KLHL13,0.936
ENC1,KLHL20,0.913
ENC1,KLHL25,0.978
ENC1,KLHL3,0.915
ENC1,KLHL41,0.921
ENC1,KLHL42,0.92
ENC1,KLHL7,0.921
ENC1,KLHL8,0.912
ENC1,KLHL9,0.953
ENC1,RBX1,0.936
ENC1,SPOP,0.908
ENG,GDF2,0.996
ENG,GIPC1,0.902
ENG,ITGB1,0.92
ENG,PECAM1,0.923
ENG,PTPRC,0.91
ENG,TGFB1,0.998
ENG,TGFB3,0.995
ENG,TGFBR1,0.969
ENG,TGFBR2,0.997
ENTPD1,ENTPD2,0.944
ENTPD1,IMPDH1,0.9
ENTPD1,IMPDH2,0.912
ENTPD1,P2RY2,0.936
ENTPD1,PKLR,0.9
ENTPD1,PKM,0.913
ENTPD1,RRM1,0.919
ENTPD1,RRM2,0.914
ENTPD1,RRM2B,0.914
ENTPD1,TYMS,0.906
ENTPD1,UMPS,0.908
ENTPD2,NME1,0.903
ENTPD2,NME2,0.905
ENTPD2,PKLR,0.9
ENTPD2,PKM,0.905
ENTPD2,RRM1,0.919
ENTPD2,RRM2,0.918
ENTPD2,RRM2B,0.914
ENY2,KAT2A,0.997
ENY2,KAT2B,0.997
ENY2,MAD1L1,0.907
ENY2,MAD2L1,0.902
ENY2,MCM3AP,0.999
ENY2,NUP153,0.983
ENY2,NUP98,0.929
ENY2,PCID2,0.999
ENY2,RANBP2,0.92
ENY2,SEM1,0.993
ENY2,SGF29,0.999
ENY2,SUPT20H,0.994
ENY2,SUPT3H,0.993
ENY2,SUPT7L,0.96
ENY2,TADA1,0.989
ENY2,TADA2A,0.991
ENY2,TADA2B,0.994
ENY2,TADA3,0.998
ENY2,TAF10,0.998
ENY2,TAF12,0.996
ENY2,TAF2,0.912
ENY2,TAF4,0.913
ENY2,TAF5,0.983
ENY2,TAF5L,0.986
ENY2,TAF6,0.994
ENY2,TAF6L,0.992
ENY2,TAF7,0.903
ENY2,TAF9,0.994
ENY2,TAF9B,0.986
ENY2,TPR,0.932
ENY2,TRRAP,0.998
ENY2,USP22,0.999
EP300,EPAS1,0.998
EP300,ESR1,0.997
EP300,ETS1,0.954
EP300,EZH2,0.963
EP300,FOS,0.964
EP300,FOXA1,0.933
EP300,FOXM1,0.957
EP300,FOXO1,0.984
EP300,FOXO3,0.991
EP300,FOXO4,0.983
EP300,GATA1,0.984
EP300,GATA3,0.959
EP300,GATA4,0.973
EP300,GTF2B,0.966
EP300,H2AC20,0.952
EP300,H2BC21,0.96
EP300,H2BC3,0.933
EP300,H3-3B,0.962
EP300,H3C1,0.998
EP300,H4C1,0.905
EP300,H4C2,0.906
EP300,HDAC1,0.999
EP300,HDAC2,0.944
EP300,HDAC3,0.958
EP300,HDAC6,0.99
EP300,HDAC7,0.94
EP300,HDAC9,0.964
EP300,HIF1A,0.999
EP300,HMGN1,0.947
EP300,HNF4A,0.978
EP300,ING2,0.929
EP300,ING5,0.934
EP300,IRF1,0.984
EP300,IRF3,0.999
EP300,IRF7,0.979
EP300,JUN,0.999
EP300,JUND,0.933
EP300,KAT2A,0.994
EP300,KAT2B,0.999
EP300,KAT5,0.966
EP300,KAT6A,0.956
EP300,KDM6A,0.902
EP300,KLF5,0.931
EP300,LEF1,0.981
EP300,MAML1,0.997
EP300,MAML2,0.95
EP300,MAML3,0.934
EP300,MDM2,0.999
EP300,MED1,0.918
EP300,MEF2A,0.989
EP300,MEF2D,0.923
EP300,MYC,0.999
EP300,MYOD1,0.991
EP300,NCOA1,0.999
EP300,NCOA2,0.998
EP300,NCOA3,0.999
EP300,NCOA6,0.911
EP300,NCOR1,0.959
EP300,NFE2L2,0.933
EP300,NFKB1,0.998
EP300,NFYA,0.939
EP300,NFYB,0.904
EP300,NOTCH1,0.94
EP300,NPAS2,0.948
EP300,NR3C1,0.914
EP300,NR4A1,0.984
EP300,PCNA,0.9
EP300,POU2F1,0.917
EP300,PPARG,0.997
EP300,PPARGC1A,0.99
EP300,PRMT1,0.994
EP300,RBPJ,0.98
EP300,RBPJL,0.925
EP300,REL,0.903
EP300,RELA,0.999
EP300,RORA,0.96
EP300,RUNX1,0.989
EP300,RUNX3,0.948
EP300,RXRA,0.934
EP300,SIRT1,0.972
EP300,SKP2,0.942
EP300,SMAD2,0.987
EP300,SMAD3,0.999
EP300,SMAD4,0.994
EP300,SMARCA4,0.969
EP300,SOX9,0.94
EP300,SP1,0.999
EP300,SPI1,0.946
EP300,SRC,0.959
EP300,SRCAP,0.911
EP300,SREBF1,0.963
EP300,STAT1,0.998
EP300,STAT2,0.937
EP300,STAT3,0.999
EP300,STAT5A,0.946
EP300,STAT5B,0.907
EP300,STAT6,0.945
EP300,TBP,0.946
EP300,TCF12,0.912
EP300,TCF3,0.941
EP300,TCF7L2,0.975
EP300,TP53,0.999
EP300,TP73,0.927
EP300,USF1,0.912
EP300,XPA,0.928
EP300,YY1,0.999
EP300,ZEB1,0.932
EP400,EPC1,0.976
EP400,EPC2,0.966
EP400,H2AC18,0.906
EP400,H2AC20,0.906
EP400,H2AZ1,0.991
EP400,H2AZ2,0.947
EP400,ING3,0.989
EP400,INO80,0.934
EP400,INO80B,0.921
EP400,INO80C,0.95
EP400,INO80E,0.914
EP400,KAT5,0.999
EP400,KAT8,0.934
EP400,MBTD1,0.967
EP400,MCRS1,0.902
EP400,MEAF6,0.994
EP400,MORF4L1,0.997
EP400,MORF4L2,0.978
EP400,MRGBP,0.988
EP400,MSL1,0.94
EP400,MSL2,0.905
EP400,MSL3,0.924
EP400,MYC,0.954
EP400,NFRKB,0.929
EP400,RUVBL1,0.999
EP400,RUVBL2,0.999
EP400,SRCAP,0.903
EP400,TP53,0.902
EP400,TRRAP,0.999
EP400,VPS72,0.988
EP400,YEATS4,0.999
EP400,YY1,0.925
EP400,ZNHIT1,0.959
EPAS1,EPO,0.939
EPAS1,HIF1A,0.998
EPAS1,HIF1AN,0.937
EPAS1,HIF3A,0.997
EPAS1,MYC,0.932
EPAS1,POU5F1,0.955
EPAS1,RBX1,0.939
EPAS1,VHL,0.999
EPB41,EZR,0.94
EPB41,GYPC,0.997
EPB41,SLC4A1,0.931
EPC1,ING3,0.996
EPC1,KAT5,0.997
EPC1,KAT8,0.958
EPC1,MBTD1,0.938
EPC1,MEAF6,0.999
EPC1,MORF4L1,0.997
EPC1,MORF4L2,0.985
EPC1,MRGBP,0.995
EPC1,MSL1,0.91
EPC1,MSL2,0.909
EPC1,MSL3,0.95
EPC1,RUVBL1,0.986
EPC1,RUVBL2,0.985
EPC1,TRRAP,0.998
EPC1,VPS72,0.944
EPC1,YEATS4,0.998
EPC2,ING3,0.993
EPC2,KAT5,0.987
EPC2,KAT8,0.912
EPC2,MBTD1,0.968
EPC2,MEAF6,0.998
EPC2,MORF4L1,0.991
EPC2,MORF4L2,0.978
EPC2,MRGBP,0.991
EPC2,RUVBL1,0.969
EPC2,RUVBL2,0.968
EPC2,TRRAP,0.997
EPC2,VPS72,0.926
EPC2,YEATS4,0.993
EPCAM,ERBB2,0.927
EPCAM,MSH2,0.914
EPCAM,MUC1,0.92
EPGN,HBEGF,0.91
EPHA1,EPHA2,0.976
EPHA1,NGEF,0.987
EPHA1,RASA1,0.927
EPHA2,GRB2,0.917
EPHA2,INPPL1,0.998
EPHA2,NGEF,0.937
EPHA2,RASA1,0.927
EPHA2,SHC1,0.907
EPHA4,EPHB2,0.915
EPHA4,NGEF,0.984
EPHA4,RASA1,0.95
EPHA8,NGEF,0.929
EPHA8,RASA1,0.909
EPHB1,NGEF,0.936
EPHB1,RASA1,0.917
EPHB2,ITSN1,0.939
EPHB2,L1CAM,0.945
EPHB2,NGEF,0.958
EPHB2,RASA1,0.977
EPHB2,TIAM1,0.932
EPM2A,GYS1,0.965
EPM2A,NHLRC1,0.999
EPN1,EPS15,0.998
EPN1,SNAP91,0.908
EPO,EPOR,0.999
EPO,GH1,0.959
EPO,HIF1A,0.967
EPO,IL3,0.956
EPO,JAK2,0.99
EPO,LEP,0.947
EPO,MPL,0.941
EPO,PRLR,0.902
EPO,THPO,0.992
EPOR,GRB2,0.978
EPOR,IL3,0.91
EPOR,IRS2,0.919
EPOR,JAK1,0.968
EPOR,JAK2,0.999
EPOR,JAK3,0.933
EPOR,LYN,0.904
EPOR,PIK3R1,0.909
EPOR,PTPN6,0.923
EPOR,SHC1,0.908
EPOR,SOCS2,0.943
EPOR,SOCS3,0.906
EPOR,STAT5A,0.989
EPOR,STAT5B,0.972
EPOR,TFR2,0.946
EPOR,THPO,0.97
EPRS1,F10,0.94
EPRS1,FAU,0.991
EPRS1,GAPDH,0.999
EPRS1,GATB,0.979
EPRS1,IARS1,0.999
EPRS1,IMP3,0.914
EPRS1,KARS1,0.999
EPRS1,LARS1,0.999
EPRS1,MARS1,0.999
EPRS1,MRPL13,0.993
EPRS1,MRPL24,0.903
EPRS1,MRPS10,0.908
EPRS1,PSMD1,0.915
EPRS1,QARS1,0.999
EPRS1,QRSL1,0.962
EPRS1,RARS1,0.999
EPRS1,RPL13A,0.999
EPRS1,RPL15,0.902
EPRS1,RPL21,0.937
EPRS1,RPL23,0.923
EPRS1,RPL23A,0.966
EPRS1,RPL30,0.912
EPRS1,RPL31,0.932
EPRS1,RPL38,0.901
EPRS1,RPL5,0.919
EPRS1,RPS11,0.933
EPRS1,RPS15,0.962
EPRS1,RPS18,0.949
EPRS1,RPS19,0.939
EPRS1,RPS20,0.91
EPRS1,RPS24,0.926
EPRS1,RPS3,0.975
EPRS1,RPS3A,0.965
EPRS1,RPS6,0.911
EPRS1,RPS8,0.968
EPRS1,RPS9,0.917
EPRS1,SYNCRIP,0.999
EPS15,HGS,0.989
EPS15,ITSN1,0.997
EPS15,NUMB,0.99
EPS15,PICALM,0.946
EPS15,SNAP91,0.955
EPS15,STAM,0.903
EPS15,STAM2,0.931
EPS15,STON2,0.999
EPS15,SYNJ1,0.943
EPS15,UBQLN1,0.93
EPS15,UBQLN2,0.908
EPS8,ESPN,0.959
EPS8,MYO15A,0.991
EPS8,SOS1,0.999
EPS8,WHRN,0.987
EPS8L2,ESPN,0.949
EPS8L2,MYO15A,0.963
EPS8L2,WHRN,0.947
ERBB2,ERBB3,0.999
ERBB2,ERBB4,0.999
ERBB2,ESR1,0.976
ERBB2,GAB1,0.948
ERBB2,GRB2,0.999
ERBB2,GRB7,0.999
ERBB2,HBEGF,0.944
ERBB2,HGF,0.918
ERBB2,HRAS,0.907
ERBB2,HSP90AA1,0.999
ERBB2,HSP90AB1,0.993
ERBB2,HSPA4,0.951
ERBB2,IGF1,0.992
ERBB2,IGF1R,0.993
ERBB2,INS,0.965
ERBB2,IRS1,0.909
ERBB2,ITGB4,0.944
ERBB2,JAK1,0.959
ERBB2,JAK2,0.966
ERBB2,JAK3,0.951
ERBB2,KRAS,0.966
ERBB2,MUC1,0.979
ERBB2,NRAS,0.904
ERBB2,NRG1,0.999
ERBB2,PGR,0.98
ERBB2,PIK3CA,0.992
ERBB2,PIK3CB,0.972
ERBB2,PIK3CD,0.941
ERBB2,PIK3R1,0.995
ERBB2,PIK3R2,0.985
ERBB2,PIK3R3,0.975
ERBB2,PLCG1,0.981
ERBB2,PLCG2,0.979
ERBB2,PLXNB1,0.994
ERBB2,PTK2,0.99
ERBB2,PTPN11,0.971
ERBB2,SHC1,0.999
ERBB2,SHC2,0.96
ERBB2,SHC3,0.961
ERBB2,SRC,0.999
ERBB2,STAT3,0.948
ERBB2,STUB1,0.982
ERBB2,TGFA,0.998
ERBB2,TP53,0.935
ERBB2,TRIM21,0.945
ERBB3,ERBB4,0.999
ERBB3,EREG,0.982
ERBB3,GAB1,0.932
ERBB3,GRB2,0.999
ERBB3,GRB7,0.964
ERBB3,HBEGF,0.991
ERBB3,HGF,0.952
ERBB3,HSP90AA1,0.916
ERBB3,IGF1R,0.933
ERBB3,JAK1,0.947
ERBB3,JAK2,0.955
ERBB3,KRAS,0.919
ERBB3,MET,0.987
ERBB3,NRG1,0.999
ERBB3,PA2G4,0.996
ERBB3,PIK3CA,0.993
ERBB3,PIK3CB,0.966
ERBB3,PIK3CD,0.951
ERBB3,PIK3R1,0.998
ERBB3,PIK3R2,0.99
ERBB3,PIK3R3,0.96
ERBB3,PLCG1,0.959
ERBB3,PLCG2,0.933
ERBB3,SHC1,0.999
ERBB3,SHC2,0.959
ERBB3,SHC3,0.958
ERBB3,SRC,0.968
ERBB3,STAT3,0.905
ERBB3,TGFA,0.998
ERBB4,EREG,0.999
ERBB4,ESR1,0.961
ERBB4,GRB2,0.999
ERBB4,HBEGF,0.999
ERBB4,ITCH,0.924
ERBB4,NRG1,0.999
ERBB4,PIK3CA,0.97
ERBB4,PIK3CB,0.947
ERBB4,PIK3CD,0.925
ERBB4,PIK3R1,0.948
ERBB4,PIK3R2,0.977
ERBB4,PIK3R3,0.942
ERBB4,PLCG1,0.968
ERBB4,PLCG2,0.938
ERBB4,PTPN11,0.927
ERBB4,SHC1,0.999
ERBB4,SHC2,0.958
ERBB4,SHC3,0.947
ERBB4,SRC,0.916
ERBB4,STAT5A,0.995
ERBB4,STAT5B,0.993
ERBB4,TAB2,0.907
ERBB4,TGFA,0.989
ERBB4,WWOX,0.993
ERBB4,WWP1,0.929
ERBB4,YAP1,0.994
ERC1,IKBKB,0.994
ERC1,IKBKG,0.999
ERC1,PPFIA1,0.987
ERC1,PPFIA3,0.966
ERC1,RIMS1,0.957
ERC1,UNC13B,0.993
ERC2,PCNT,0.906
ERC2,RIMS1,0.958
ERCC1,ERCC2,0.996
ERCC1,ERCC3,0.994
ERCC1,ERCC4,0.999
ERCC1,ERCC5,0.997
ERCC1,ERCC6,0.926
ERCC1,ERCC8,0.977
ERCC1,FANCD2,0.951
ERCC1,FANCI,0.907
ERCC1,FANCM,0.933
ERCC1,FEN1,0.946
ERCC1,KDM1A,0.907
ERCC1,LIG4,0.966
ERCC1,MSH2,0.992
ERCC1,MSH3,0.95
ERCC1,MSH6,0.974
ERCC1,MUS81,0.998
ERCC1,NHEJ1,0.943
ERCC1,PAXX,0.926
ERCC1,PHF21A,0.938
ERCC1,POLD1,0.953
ERCC1,PRKDC,0.958
ERCC1,RAD23B,0.998
ERCC1,RAD51,0.908
ERCC1,RAD52,0.974
ERCC1,RCOR1,0.901
ERCC1,SWSAP1,0.9
ERCC1,XPA,0.999
ERCC1,XPC,0.994
ERCC1,XRCC1,0.967
ERCC1,XRCC4,0.962
ERCC1,XRCC5,0.982
ERCC1,XRCC6,0.972
ERCC1,ZSWIM7,0.9
ERCC2,ERCC3,0.999
ERCC2,ERCC4,0.988
ERCC2,ERCC5,0.999
ERCC2,ERCC6,0.973
ERCC2,ERCC8,0.915
ERCC2,GTF2A1,0.991
ERCC2,GTF2A2,0.993
ERCC2,GTF2B,0.998
ERCC2,GTF2E1,0.999
ERCC2,GTF2E2,0.999
ERCC2,GTF2F1,0.996
ERCC2,GTF2F2,0.976
ERCC2,GTF2H1,0.999
ERCC2,GTF2H2,0.999
ERCC2,GTF2H3,0.999
ERCC2,GTF2H4,0.999
ERCC2,GTF2H5,0.999
ERCC2,LIG1,0.908
ERCC2,MED10,0.925
ERCC2,MED14,0.943
ERCC2,MED17,0.918
ERCC2,MED21,0.926
ERCC2,MED31,0.929
ERCC2,MED6,0.933
ERCC2,MED7,0.956
ERCC2,MMS19,0.999
ERCC2,MNAT1,0.999
ERCC2,POLR2A,0.98
ERCC2,POLR2B,0.977
ERCC2,POLR2C,0.982
ERCC2,POLR2D,0.985
ERCC2,POLR2E,0.983
ERCC2,POLR2F,0.972
ERCC2,POLR2G,0.972
ERCC2,POLR2H,0.97
ERCC2,POLR2I,0.973
ERCC2,POLR2J,0.962
ERCC2,POLR2K,0.972
ERCC2,POLR2L,0.971
ERCC2,RAD23B,0.975
ERCC2,SLC25A5,0.909
ERCC2,TAF1,0.981
ERCC2,TAF10,0.981
ERCC2,TAF11,0.979
ERCC2,TAF12,0.95
ERCC2,TAF13,0.979
ERCC2,TAF2,0.979
ERCC2,TAF3,0.979
ERCC2,TAF4,0.944
ERCC2,TAF5,0.98
ERCC2,TAF6,0.983
ERCC2,TAF7,0.98
ERCC2,TAF8,0.979
ERCC2,TAF9,0.98
ERCC2,TAF9B,0.903
ERCC2,TBP,0.994
ERCC2,XPA,0.999
ERCC2,XPC,0.926
ERCC2,XRCC1,0.985
ERCC3,ERCC4,0.987
ERCC3,ERCC5,0.999
ERCC3,ERCC6,0.976
ERCC3,ERCC8,0.933
ERCC3,GTF2A1,0.997
ERCC3,GTF2A2,0.993
ERCC3,GTF2B,0.999
ERCC3,GTF2E1,0.999
ERCC3,GTF2E2,0.999
ERCC3,GTF2F1,0.997
ERCC3,GTF2F2,0.993
ERCC3,GTF2H1,0.999
ERCC3,GTF2H2,0.999
ERCC3,GTF2H3,0.999
ERCC3,GTF2H4,0.999
ERCC3,GTF2H5,0.999
ERCC3,MED1,0.939
ERCC3,MED10,0.927
ERCC3,MED14,0.963
ERCC3,MED17,0.921
ERCC3,MED21,0.925
ERCC3,MED23,0.931
ERCC3,MED24,0.918
ERCC3,MED26,0.947
ERCC3,MED27,0.933
ERCC3,MED31,0.928
ERCC3,MED6,0.94
ERCC3,MED7,0.966
ERCC3,MMS19,0.993
ERCC3,MNAT1,0.999
ERCC3,MYC,0.942
ERCC3,POLR2A,0.998
ERCC3,POLR2B,0.977
ERCC3,POLR2C,0.98
ERCC3,POLR2D,0.984
ERCC3,POLR2E,0.996
ERCC3,POLR2F,0.985
ERCC3,POLR2G,0.971
ERCC3,POLR2H,0.967
ERCC3,POLR2I,0.972
ERCC3,POLR2J,0.956
ERCC3,POLR2K,0.962
ERCC3,POLR2L,0.961
ERCC3,PUF60,0.953
ERCC3,RAD23B,0.968
ERCC3,TAF1,0.982
ERCC3,TAF10,0.98
ERCC3,TAF11,0.98
ERCC3,TAF12,0.947
ERCC3,TAF13,0.979
ERCC3,TAF2,0.984
ERCC3,TAF3,0.98
ERCC3,TAF4,0.948
ERCC3,TAF5,0.981
ERCC3,TAF6,0.983
ERCC3,TAF7,0.982
ERCC3,TAF8,0.982
ERCC3,TAF9,0.98
ERCC3,TAF9B,0.903
ERCC3,TBP,0.998
ERCC3,TP53,0.908
ERCC3,XPA,0.999
ERCC3,XPC,0.972
ERCC4,ERCC5,0.998
ERCC4,ERCC6,0.934
ERCC4,ERCC8,0.975
ERCC4,FAAP24,0.981
ERCC4,FANCA,0.912
ERCC4,FANCD2,0.957
ERCC4,KDM1A,0.907
ERCC4,LIG4,0.965
ERCC4,MSH2,0.989
ERCC4,MSH3,0.936
ERCC4,MSH6,0.966
ERCC4,MUS81,0.994
ERCC4,NHEJ1,0.923
ERCC4,PAXX,0.906
ERCC4,PHF21A,0.915
ERCC4,POLD1,0.962
ERCC4,PRKDC,0.935
ERCC4,RAD23B,0.99
ERCC4,RAD51,0.927
ERCC4,RAD52,0.962
ERCC4,RCOR1,0.902
ERCC4,RPA1,0.917
ERCC4,SWSAP1,0.903
ERCC4,XPA,0.999
ERCC4,XPC,0.983
ERCC4,XRCC4,0.945
ERCC4,XRCC5,0.976
ERCC4,XRCC6,0.972
ERCC4,ZSWIM7,0.9
ERCC5,ERCC6,0.999
ERCC5,ERCC8,0.99
ERCC5,GTF2H1,0.999
ERCC5,GTF2H2,0.998
ERCC5,GTF2H4,0.92
ERCC5,KDM1A,0.9
ERCC5,LIG4,0.962
ERCC5,MSH2,0.962
ERCC5,MSH6,0.963
ERCC5,NHEJ1,0.929
ERCC5,PAXX,0.907
ERCC5,PHF21A,0.914
ERCC5,POLD1,0.966
ERCC5,PRKDC,0.94
ERCC5,RAD23B,0.981
ERCC5,RCOR1,0.901
ERCC5,SWSAP1,0.9
ERCC5,XPA,0.992
ERCC5,XPC,0.971
ERCC5,XRCC4,0.946
ERCC5,XRCC5,0.966
ERCC5,XRCC6,0.963
ERCC5,ZSWIM7,0.9
ERCC6,ERCC8,0.999
ERCC6,HMGN1,0.961
ERCC6,ICE1,0.908
ERCC6,ICE2,0.9
ERCC6,LEO1,0.985
ERCC6,MLLT1,0.912
ERCC6,MLLT3,0.913
ERCC6,NELFA,0.9
ERCC6,NELFB,0.9
ERCC6,NELFCD,0.903
ERCC6,NELFE,0.904
ERCC6,PAF1,0.981
ERCC6,PEX2,0.9
ERCC6,POLR2A,0.999
ERCC6,POLR2B,0.997
ERCC6,POLR2C,0.98
ERCC6,POLR2D,0.979
ERCC6,POLR2E,0.954
ERCC6,POLR2F,0.958
ERCC6,POLR2G,0.967
ERCC6,POLR2H,0.953
ERCC6,POLR2I,0.995
ERCC6,POLR2J,0.938
ERCC6,POLR2K,0.952
ERCC6,POLR2L,0.952
ERCC6,RBX1,0.927
ERCC6,RPS27A,0.952
ERCC6,SUPT4H1,0.977
ERCC6,SUPT5H,0.948
ERCC6,SUPT6H,0.928
ERCC6,UBA52,0.951
ERCC6,UBB,0.952
ERCC6,XPA,0.99
ERCC6,ZC3H8,0.903
ERCC8,GTF2H2,0.949
ERCC8,KDM1A,0.9
ERCC8,LIG4,0.939
ERCC8,MSH2,0.924
ERCC8,MSH6,0.921
ERCC8,NHEJ1,0.918
ERCC8,PAXX,0.9
ERCC8,PHF21A,0.904
ERCC8,POLD1,0.939
ERCC8,POLR2A,0.963
ERCC8,POLR2B,0.905
ERCC8,POLR2C,0.902
ERCC8,POLR2D,0.911
ERCC8,POLR2E,0.902
ERCC8,POLR2F,0.902
ERCC8,POLR2G,0.913
ERCC8,POLR2H,0.903
ERCC8,POLR2I,0.919
ERCC8,POLR2J,0.905
ERCC8,POLR2K,0.904
ERCC8,POLR2L,0.902
ERCC8,PRKDC,0.928
ERCC8,RAD23B,0.957
ERCC8,RBX1,0.994
ERCC8,RCOR1,0.9
ERCC8,SWSAP1,0.9
ERCC8,XAB2,0.923
ERCC8,XPA,0.915
ERCC8,XPC,0.951
ERCC8,XRCC4,0.936
ERCC8,XRCC5,0.929
ERCC8,XRCC6,0.928
ERCC8,ZSWIM7,0.9
EREG,HBEGF,0.959
EREG,TGFA,0.92
ERG,TMPRSS2,0.933
ERH,PRMT1,0.968
ERH,PRMT5,0.936
ERH,SNRPB,0.936
ERH,SNRPD1,0.982
ERH,SNRPD2,0.98
ERH,SNRPD3,0.982
ERH,SNRPE,0.981
ERH,SNRPF,0.983
ERH,SNRPG,0.979
ERH,WDR77,0.92
ERI1,SLBP,0.999
ERI1,SYNCRIP,0.937
ERLEC1,FAM8A1,0.92
ERLEC1,HSP90B1,0.925
ERLEC1,KREMEN2,0.916
ERLEC1,OS9,0.936
ERLEC1,SEL1L,0.998
ERLEC1,SYVN1,0.992
ERLEC1,UBE2J1,0.922
ERLIN1,ERLIN2,0.998
ERLIN1,PHB,0.986
ERLIN1,RNF170,0.931
ERLIN2,ITPR1,0.924
ERLIN2,PHB,0.991
ERLIN2,RNF170,0.941
ERLIN2,TMUB1,0.919
ERN1,HSPA5,0.999
ERN1,MAP3K5,0.999
ERN1,PSEN1,0.958
ERN1,PSEN2,0.914
ERN1,RACK1,0.905
ERN1,TNF,0.901
ERN1,TRAF2,0.999
ESAM,OCLN,0.989
ESCO1,PDS5A,0.994
ESCO1,RAD21,0.959
ESCO1,SMC3,0.997
ESCO1,STAG1,0.952
ESPL1,FOXM1,0.923
ESPL1,INCENP,0.944
ESPL1,KIF11,0.947
ESPL1,MAD2L1,0.941
ESPL1,NDC80,0.925
ESPL1,PDS5A,0.947
ESPL1,PLK1,0.994
ESPL1,PLK4,0.906
ESPL1,PTTG1,0.999
ESPL1,RAD21,0.997
ESPL1,REC8,0.993
ESPL1,SGO2,0.913
ESPL1,SMC1A,0.975
ESPL1,SMC1B,0.976
ESPL1,SMC3,0.994
ESPL1,SPAG5,0.922
ESPL1,STAG1,0.989
ESPL1,STAG2,0.987
ESPL1,TOP2A,0.909
ESPN,MYO15A,0.97
ESPN,MYO3B,0.985
ESPN,WHRN,0.958
ESR1,ESR2,0.998
ESR1,EZH2,0.915
ESR1,FN1,0.969
ESR1,FOS,0.999
ESR1,FOXA1,0.998
ESR1,FOXO1,0.919
ESR1,GATA3,0.982
ESR1,GNA13,0.985
ESR1,GPER1,0.953
ESR1,GTF2B,0.907
ESR1,HDAC1,0.998
ESR1,HDAC2,0.903
ESR1,HIF1A,0.948
ESR1,HSP90AA1,0.999
ESR1,HSP90AB1,0.993
ESR1,HSPA4,0.931
ESR1,HSPA8,0.919
ESR1,IGF1,0.964
ESR1,IGF1R,0.999
ESR1,IRS1,0.903
ESR1,JUN,0.999
ESR1,KDM1A,0.962
ESR1,MAPK1,0.987
ESR1,MAPK11,0.925
ESR1,MAPK14,0.954
ESR1,MAPK3,0.981
ESR1,MAPK8,0.964
ESR1,MAPK9,0.927
ESR1,MDM2,0.946
ESR1,MED1,0.998
ESR1,MEN1,0.923
ESR1,MTA1,0.961
ESR1,MYC,0.982
ESR1,NCOA1,0.999
ESR1,NCOA2,0.999
ESR1,NCOA3,0.999
ESR1,NCOA6,0.913
ESR1,NCOR1,0.999
ESR1,NCOR2,0.993
ESR1,NFKB1,0.957
ESR1,NRIP1,0.999
ESR1,PELP1,0.95
ESR1,PGR,0.974
ESR1,PHB2,0.985
ESR1,PIK3CA,0.941
ESR1,PIK3R1,0.994
ESR1,PPARGC1A,0.98
ESR1,PPID,0.933
ESR1,PRKACA,0.956
ESR1,PRKACB,0.956
ESR1,PTGES3,0.935
ESR1,RELA,0.978
ESR1,RUNX2,0.942
ESR1,SAFB,0.927
ESR1,SHC1,0.99
ESR1,SP1,0.999
ESR1,SRC,0.999
ESR1,STAT1,0.915
ESR1,STAT3,0.93
ESR1,STRN,0.947
ESR1,STUB1,0.936
ESR1,TBP,0.949
ESR1,TFAP2C,0.938
ESR1,TP53,0.992
ESR1,TRIM24,0.96
ESR1,UBE3A,0.923
ESR1,YWHAB,0.952
ESR2,FOS,0.961
ESR2,GPER1,0.943
ESR2,JUN,0.967
ESR2,MAPK1,0.948
ESR2,MAPK11,0.912
ESR2,MAPK14,0.921
ESR2,MAPK3,0.955
ESR2,MAPK8,0.923
ESR2,MAPK9,0.915
ESR2,MED1,0.988
ESR2,NCOA1,0.999
ESR2,NCOA2,0.993
ESR2,NCOA3,0.997
ESR2,NCOA5,0.924
ESR2,NCOR1,0.97
ESR2,NCOR2,0.908
ESR2,PRKACA,0.943
ESR2,PRKACB,0.943
ESR2,SP1,0.988
ESR2,SRC,0.995
ESR2,STRN,0.903
ETF1,FAU,0.959
ETF1,GSPT1,0.999
ETF1,GSPT2,0.997
ETF1,HBS1L,0.914
ETF1,PA2G4,0.936
ETF1,RACK1,0.919
ETF1,RPL10,0.923
ETF1,RPL10A,0.923
ETF1,RPL11,0.937
ETF1,RPL12,0.981
ETF1,RPL13,0.948
ETF1,RPL13A,0.93
ETF1,RPL14,0.945
ETF1,RPL15,0.946
ETF1,RPL17,0.921
ETF1,RPL18,0.935
ETF1,RPL18A,0.931
ETF1,RPL19,0.925
ETF1,RPL21,0.929
ETF1,RPL22,0.909
ETF1,RPL23,0.922
ETF1,RPL23A,0.923
ETF1,RPL24,0.908
ETF1,RPL26,0.94
ETF1,RPL27,0.952
ETF1,RPL27A,0.964
ETF1,RPL28,0.943
ETF1,RPL29,0.917
ETF1,RPL3,0.952
ETF1,RPL30,0.939
ETF1,RPL31,0.952
ETF1,RPL32,0.916
ETF1,RPL34,0.938
ETF1,RPL35,0.906
ETF1,RPL35A,0.945
ETF1,RPL36,0.91
ETF1,RPL36A,0.94
ETF1,RPL37,0.901
ETF1,RPL37A,0.917
ETF1,RPL38,0.904
ETF1,RPL39,0.916
ETF1,RPL4,0.944
ETF1,RPL5,0.938
ETF1,RPL6,0.949
ETF1,RPL7,0.953
ETF1,RPL7A,0.943
ETF1,RPL8,0.963
ETF1,RPL9,0.945
ETF1,RPLP0,0.953
ETF1,RPS10,0.924
ETF1,RPS11,0.924
ETF1,RPS12,0.945
ETF1,RPS13,0.959
ETF1,RPS14,0.923
ETF1,RPS15,0.923
ETF1,RPS15A,0.927
ETF1,RPS16,0.942
ETF1,RPS17,0.908
ETF1,RPS18,0.938
ETF1,RPS19,0.931
ETF1,RPS2,0.964
ETF1,RPS20,0.965
ETF1,RPS21,0.919
ETF1,RPS23,0.972
ETF1,RPS24,0.929
ETF1,RPS25,0.919
ETF1,RPS26,0.947
ETF1,RPS27,0.913
ETF1,RPS27A,0.962
ETF1,RPS28,0.934
ETF1,RPS29,0.915
ETF1,RPS3,0.959
ETF1,RPS3A,0.945
ETF1,RPS4X,0.945
ETF1,RPS4Y1,0.908
ETF1,RPS5,0.93
ETF1,RPS6,0.94
ETF1,RPS7,0.946
ETF1,RPS8,0.956
ETF1,RPS9,0.943
ETF1,RPSA,0.971
ETF1,SMG1,0.999
ETF1,SMG8,0.973
ETF1,SMG9,0.958
ETF1,UPF1,0.991
ETS1,ETS2,0.958
ETS1,FOXO1,0.978
ETS1,GATA3,0.907
ETS1,MAPK1,0.992
ETS1,MAPK3,0.945
ETS1,NFKB2,0.945
ETS1,RUNX1,0.999
ETS1,SRF,0.919
ETS1,TP53,0.972
ETS2,MAPK1,0.945
ETS2,MAPK3,0.929
ETS2,TP53,0.97
ETV6,NTRK3,0.972
ETV6,RUNX1,0.983
EVC,EVC2,0.999
EVC,SMO,0.983
EVC2,SMO,0.979
EVI5,RAB11A,0.936
EWSR1,FLI1,0.912
EWSR1,FUS,0.953
EWSR1,HNRNPA1,0.951
EWSR1,HNRNPM,0.901
EWSR1,NR4A3,0.9
EWSR1,SNRPC,0.966
EWSR1,TARDBP,0.92
EWSR1,YBX1,0.943
EXO1,FEN1,0.901
EXO1,LIG1,0.923
EXO1,MLH1,0.999
EXO1,MRE11,0.985
EXO1,MSH2,0.999
EXO1,MSH3,0.986
EXO1,MSH6,0.996
EXO1,MUS81,0.939
EXO1,ORC1,0.932
EXO1,PCNA,0.96
EXO1,PMS1,0.949
EXO1,PMS2,0.995
EXO1,POLD1,0.95
EXO1,POLD2,0.902
EXO1,RAD51,0.997
EXO1,RAD51AP1,0.928
EXO1,RAD52,0.962
EXO1,RBBP8,0.995
EXO1,RFC3,0.908
EXO1,RFC4,0.955
EXO1,RMI1,0.942
EXO1,RPA1,0.922
EXO1,TOP3A,0.944
EXO1,TP53BP1,0.904
EXO1,WDHD1,0.935
EXO1,WRN,0.998
EXO1,XRCC5,0.922
EXO1,XRCC6,0.951
EXOC1,EXOC2,0.999
EXOC1,EXOC3,0.999
EXOC1,EXOC4,0.999
EXOC1,EXOC5,0.999
EXOC1,EXOC6,0.999
EXOC1,EXOC7,0.999
EXOC1,EXOC8,0.999
EXOC1,IQGAP1,0.962
EXOC1,RALA,0.929
EXOC2,EXOC3,0.999
EXOC2,EXOC4,0.999
EXOC2,EXOC5,0.999
EXOC2,EXOC6,0.999
EXOC2,EXOC7,0.999
EXOC2,EXOC8,0.999
EXOC2,RAB11A,0.921
EXOC2,RALA,0.999
EXOC2,TBK1,0.996
EXOC3,EXOC4,0.999
EXOC3,EXOC5,0.999
EXOC3,EXOC6,0.999
EXOC3,EXOC7,0.999
EXOC3,EXOC8,0.999
EXOC3,MYRIP,0.933
EXOC3,RAB11A,0.934
EXOC3,SNAP25,0.981
EXOC4,EXOC5,0.999
EXOC4,EXOC6,0.999
EXOC4,EXOC7,0.999
EXOC4,EXOC8,0.999
EXOC4,IQGAP1,0.934
EXOC4,MYO5A,0.906
EXOC4,MYRIP,0.926
EXOC4,RAB11A,0.906
EXOC4,RALA,0.988
EXOC5,EXOC6,0.999
EXOC5,EXOC7,0.999
EXOC5,EXOC8,0.999
EXOC5,RALA,0.96
EXOC6,EXOC7,0.999
EXOC6,EXOC8,0.999
EXOC6,RAB11A,0.999
EXOC6,RAB3IP,0.961
EXOC6,RAB8A,0.973
EXOC7,EXOC8,0.999
EXOC7,RAB11A,0.933
EXOC8,RALA,0.999
EXOSC1,EXOSC10,0.999
EXOSC1,EXOSC2,0.999
EXOSC1,EXOSC3,0.999
EXOSC1,EXOSC4,0.999
EXOSC1,EXOSC5,0.999
EXOSC1,EXOSC6,0.999
EXOSC1,EXOSC7,0.999
EXOSC1,EXOSC8,0.999
EXOSC1,EXOSC9,0.999
EXOSC1,HBS1L,0.991
EXOSC1,MPHOSPH6,0.999
EXOSC1,MTREX,0.996
EXOSC1,TBL3,0.912
EXOSC1,WDR43,0.919
EXOSC1,ZFC3H1,0.943
EXOSC10,EXOSC2,0.999
EXOSC10,EXOSC3,0.999
EXOSC10,EXOSC4,0.999
EXOSC10,EXOSC5,0.999
EXOSC10,EXOSC6,0.999
EXOSC10,EXOSC7,0.999
EXOSC10,EXOSC8,0.999
EXOSC10,EXOSC9,0.999
EXOSC10,FBL,0.987
EXOSC10,HBS1L,0.948
EXOSC10,IMP3,0.953
EXOSC10,IMP4,0.973
EXOSC10,KPNB1,0.958
EXOSC10,MPHOSPH10,0.975
EXOSC10,MPHOSPH6,0.998
EXOSC10,MTREX,0.999
EXOSC10,NOP56,0.977
EXOSC10,NOP58,0.965
EXOSC10,RBM7,0.912
EXOSC10,RPS13,0.925
EXOSC10,RPS14,0.927
EXOSC10,RPS16,0.901
EXOSC10,RPS19,0.911
EXOSC10,RPS5,0.903
EXOSC10,RPS6,0.95
EXOSC10,RPS7,0.935
EXOSC10,RPS8,0.902
EXOSC10,RPS9,0.941
EXOSC10,SNU13,0.948
EXOSC10,TBL3,0.977
EXOSC10,UTP4,0.98
EXOSC10,WDR43,0.972
EXOSC10,ZFC3H1,0.968
EXOSC2,EXOSC3,0.999
EXOSC2,EXOSC4,0.999
EXOSC2,EXOSC5,0.999
EXOSC2,EXOSC6,0.999
EXOSC2,EXOSC7,0.999
EXOSC2,EXOSC8,0.999
EXOSC2,EXOSC9,0.999
EXOSC2,HBS1L,0.983
EXOSC2,MPHOSPH6,0.998
EXOSC2,MTREX,0.999
EXOSC2,WDR43,0.903
EXOSC2,ZFC3H1,0.952
EXOSC3,EXOSC4,0.999
EXOSC3,EXOSC5,0.999
EXOSC3,EXOSC6,0.999
EXOSC3,EXOSC7,0.999
EXOSC3,EXOSC8,0.999
EXOSC3,EXOSC9,0.999
EXOSC3,HBS1L,0.991
EXOSC3,MPHOSPH6,0.999
EXOSC3,MTREX,0.998
EXOSC3,RBM7,0.967
EXOSC3,ZCCHC8,0.944
EXOSC3,ZFC3H1,0.953
EXOSC4,EXOSC5,0.999
EXOSC4,EXOSC6,0.999
EXOSC4,EXOSC7,0.999
EXOSC4,EXOSC8,0.999
EXOSC4,EXOSC9,0.999
EXOSC4,HBS1L,0.982
EXOSC4,MPHOSPH6,0.999
EXOSC4,MTREX,0.998
EXOSC4,ZFC3H1,0.956
EXOSC5,EXOSC6,0.999
EXOSC5,EXOSC7,0.999
EXOSC5,EXOSC8,0.999
EXOSC5,EXOSC9,0.999
EXOSC5,HBS1L,0.988
EXOSC5,IMP3,0.904
EXOSC5,MPHOSPH6,0.999
EXOSC5,MTREX,0.999
EXOSC5,ZFC3H1,0.963
EXOSC6,EXOSC7,0.999
EXOSC6,EXOSC8,0.999
EXOSC6,EXOSC9,0.999
EXOSC6,HBS1L,0.912
EXOSC6,MPHOSPH6,0.999
EXOSC6,MTREX,0.995
EXOSC6,ZFC3H1,0.948
EXOSC7,EXOSC8,0.999
EXOSC7,EXOSC9,0.999
EXOSC7,HBS1L,0.991
EXOSC7,MPHOSPH6,0.999
EXOSC7,MTREX,0.998
EXOSC7,RBM7,0.905
EXOSC7,ZCCHC8,0.906
EXOSC7,ZFC3H1,0.969
EXOSC8,EXOSC9,0.999
EXOSC8,HBS1L,0.997
EXOSC8,MPHOSPH6,0.999
EXOSC8,MTREX,0.996
EXOSC8,RBM7,0.944
EXOSC8,ZCCHC8,0.911
EXOSC8,ZFC3H1,0.94
EXOSC8,ZFP36,0.997
EXOSC9,HBS1L,0.989
EXOSC9,MPHOSPH6,0.998
EXOSC9,MTREX,0.999
EXOSC9,ZFC3H1,0.948
EXPH5,RAB27A,0.981
EYA1,SIX1,0.997
EYA1,SIX2,0.972
EYA1,TLX1,0.948
EYA3,SIX1,0.906
EZH2,FOXP3,0.931
EZH2,H3-3B,0.99
EZH2,HDAC1,0.999
EZH2,HDAC2,0.999
EZH2,HDAC3,0.989
EZH2,KDM1A,0.997
EZH2,KDM6A,0.965
EZH2,KDM6B,0.942
EZH2,LCOR,0.9
EZH2,MDM2,0.945
EZH2,MYC,0.984
EZH2,MYCN,0.952
EZH2,PCGF1,0.985
EZH2,PCGF2,0.971
EZH2,PCGF3,0.937
EZH2,PCGF5,0.936
EZH2,PCGF6,0.941
EZH2,PHC1,0.982
EZH2,PHC2,0.955
EZH2,PHC3,0.918
EZH2,PHF19,0.989
EZH2,RBBP4,0.999
EZH2,RBBP7,0.999
EZH2,RCOR1,0.909
EZH2,RELA,0.915
EZH2,RING1,0.989
EZH2,RNF2,0.998
EZH2,SIRT1,0.942
EZH2,SMARCA4,0.909
EZH2,SNAI1,0.998
EZH2,STAT3,0.973
EZH2,STAT5B,0.901
EZH2,SUV39H1,0.957
EZH2,SUZ12,0.999
EZH2,UBAP2L,0.906
EZH2,VAV1,0.978
EZH2,WDR5,0.904
EZH2,YY1,0.998
EZR,HSP90AA1,0.954
EZR,HSP90AB1,0.927
EZR,ICAM1,0.998
EZR,IQGAP1,0.938
EZR,L1CAM,0.939
EZR,MSN,0.999
EZR,MYH9,0.914
EZR,NF2,0.96
EZR,PODXL,0.994
EZR,PPL,0.957
EZR,PRKACA,0.998
EZR,PRKACB,0.998
EZR,PRKCA,0.953
EZR,PRKCB,0.903
EZR,PRKCE,0.903
EZR,PRKCG,0.903
EZR,PRX,0.959
EZR,RDX,0.999
EZR,SDC2,0.978
EZR,SLC9A3R1,0.999
EZR,SLC9A3R2,0.998
EZR,VCAM1,0.98
EZR,VCL,0.979
F10,F2,0.999
F10,F3,0.999
F10,F5,0.995
F10,F7,0.988
F10,F8,0.997
F10,SERPINC1,0.998
F10,TFPI,0.999
F10,VWF,0.978
F11R,IGSF5,0.977
F11R,ITGAL,0.995
F11R,ITGB2,0.998
F11R,JAM2,0.969
F11R,JAM3,0.97
F11R,OCLN,0.998
F11R,PARD3,0.989
F11R,PECAM1,0.932
F11R,TJP1,0.999
F2,F2R,0.998
F2,F2RL2,0.988
F2,F2RL3,0.991
F2,F3,0.996
F2,F5,0.999
F2,F7,0.926
F2,F8,0.985
F2,FGA,0.999
F2,FGB,0.999
F2,FGG,0.999
F2,GP1BA,0.992
F2,LPAR1,0.905
F2,LPAR2,0.902
F2,LPAR3,0.901
F2,LPAR5,0.9
F2,SERPINA5,0.996
F2,SERPINC1,0.999
F2,SERPIND1,0.999
F2,TFPI,0.94
F2,VWF,0.966
F2R,F2RL3,0.916
F2R,GNA12,0.986
F2R,GNA13,0.978
F2R,GNAQ,0.991
F2R,GNAS,0.901
F2R,LPAR1,0.945
F2R,LPAR2,0.923
F2R,LPAR3,0.915
F2R,LPAR5,0.907
F2RL1,GNAQ,0.967
F2RL2,F2RL3,0.911
F2RL3,GNA13,0.912
F2RL3,GNAQ,0.913
F2RL3,GNAS,0.9
F3,F7,0.999
F3,F8,0.942
F3,PLAT,0.932
F3,PLG,0.939
F3,SELP,0.905
F3,SELPLG,0.919
F3,SERPINC1,0.958
F3,SERPINE1,0.902
F3,TFPI,0.999
F3,TFPI2,0.901
F3,VWF,0.98
F7,F8,0.969
F7,SERPINC1,0.909
F7,TFPI,0.995
F7,VWF,0.911
F8,FN1,0.975
F8,LMAN1,0.939
F8,MCFD2,0.97
F8,SERPINC1,0.906
F8,VWF,0.999
FAAP100,FAAP24,0.999
FAAP100,FANCA,0.999
FAAP100,FANCB,0.999
FAAP100,FANCC,0.999
FAAP100,FANCD2,0.997
FAAP100,FANCE,0.999
FAAP100,FANCF,0.999
FAAP100,FANCG,0.999
FAAP100,FANCI,0.996
FAAP100,FANCL,0.999
FAAP100,FANCM,0.999
FAAP100,RMI1,0.996
FAAP100,TOP3A,0.995
FAAP24,FANCA,0.999
FAAP24,FANCB,0.999
FAAP24,FANCC,0.998
FAAP24,FANCD2,0.992
FAAP24,FANCE,0.995
FAAP24,FANCF,0.997
FAAP24,FANCG,0.999
FAAP24,FANCI,0.985
FAAP24,FANCL,0.999
FAAP24,FANCM,0.999
FAAP24,MUS81,0.938
FAAP24,TELO2,0.988
FADD,FAF1,0.988
FADD,FAS,0.999
FADD,IKBKG,0.937
FADD,MAVS,0.978
FADD,MLKL,0.968
FADD,MYD88,0.995
FADD,NGFR,0.923
FADD,PIDD1,0.906
FADD,RIPK1,0.999
FADD,RIPK3,0.999
FADD,TANK,0.901
FADD,TICAM1,0.961
FADD,TIRAP,0.935
FADD,TNF,0.99
FADD,TNFRSF10B,0.999
FADD,TNFRSF1A,0.999
FADD,TNFSF10,0.994
FADD,TRADD,0.999
FADD,TRAF2,0.999
FADD,TRAF6,0.922
FAF1,FAS,0.993
FAF1,HSPA1A,0.901
FAF1,HSPA1B,0.922
FAF1,KCTD10,0.994
FAF1,NPLOC4,0.999
FAF1,NSFL1C,0.997
FAF1,RIPK1,0.913
FAF1,TRADD,0.911
FAF1,UBXN1,0.999
FAF1,UFD1,0.999
FAF1,VCP,0.999
FAF2,MAGED1,0.994
FAF2,NPLOC4,0.999
FAF2,OS9,0.988
FAF2,SEL1L,0.992
FAF2,SELENOS,0.907
FAF2,SYVN1,0.962
FAF2,UBE2J1,0.948
FAF2,UBL4A,0.926
FAF2,UBXN1,0.999
FAF2,UFD1,0.999
FAF2,VCP,0.999
FAM8A1,OS9,0.988
FAM8A1,SEL1L,0.978
FAM8A1,SYVN1,0.988
FAM8A1,USP33,0.903
FAM98B,RTCB,0.999
FAM98B,RTRAF,0.999
FAM98B,ZBTB8OS,0.972
FANCA,FANCB,0.999
FANCA,FANCC,0.999
FANCA,FANCD2,0.999
FANCA,FANCE,0.999
FANCA,FANCF,0.999
FANCA,FANCG,0.999
FANCA,FANCI,0.999
FANCA,FANCL,0.999
FANCA,FANCM,0.999
FANCA,HES1,0.999
FANCA,PALB2,0.9
FANCA,RAD51,0.936
FANCA,RMI1,0.996
FANCA,RPA1,0.997
FANCA,SMARCA4,0.925
FANCA,TOP3A,0.998
FANCB,FANCC,0.999
FANCB,FANCD2,0.999
FANCB,FANCE,0.999
FANCB,FANCF,0.999
FANCB,FANCG,0.999
FANCB,FANCI,0.999
FANCB,FANCL,0.999
FANCB,FANCM,0.999
FANCC,FANCD2,0.999
FANCC,FANCE,0.999
FANCC,FANCF,0.999
FANCC,FANCG,0.999
FANCC,FANCI,0.999
FANCC,FANCL,0.999
FANCC,FANCM,0.999
FANCC,HES1,0.998
FANCC,PALB2,0.908
FANCD2,FANCE,0.999
FANCD2,FANCF,0.999
FANCD2,FANCG,0.999
FANCD2,FANCI,0.999
FANCD2,FANCL,0.999
FANCD2,FANCM,0.997
FANCD2,FOXO3,0.9
FANCD2,HES1,0.933
FANCD2,MDC1,0.936
FANCD2,MEN1,0.913
FANCD2,MLH1,0.971
FANCD2,MSH2,0.957
FANCD2,MUS81,0.937
FANCD2,PALB2,0.991
FANCD2,PRKDC,0.913
FANCD2,RAD18,0.939
FANCD2,RAD51,0.998
FANCD2,RAD51C,0.934
FANCD2,RBBP8,0.969
FANCD2,RPS27A,0.962
FANCD2,UBA52,0.948
FANCD2,UBB,0.961
FANCD2,USP1,0.998
FANCD2,WDR48,0.978
FANCD2,XRCC3,0.926
FANCD2,XRCC5,0.918
FANCD2,XRCC6,0.913
FANCE,FANCF,0.999
FANCE,FANCG,0.999
FANCE,FANCI,0.999
FANCE,FANCL,0.999
FANCE,FANCM,0.999
FANCE,FAU,0.992
FANCE,FLT3LG,0.932
FANCE,HES1,0.998
FANCE,IFI35,0.911
FANCE,MED1,0.932
FANCE,MRNIP,0.921
FANCE,MRPL12,0.953
FANCE,MRPL17,0.971
FANCE,MRPL19,0.971
FANCE,MRPL20,0.969
FANCE,MRPL21,0.971
FANCE,MRPL27,0.967
FANCE,MRPL32,0.967
FANCE,MRPL33,0.955
FANCE,MRPL36,0.97
FANCE,MRPL9,0.97
FANCE,MRPS16,0.969
FANCE,MRPS6,0.97
FANCE,MRPS9,0.97
FANCE,RACK1,0.974
FANCE,RPL10,0.932
FANCE,RPL11,0.982
FANCE,RPL12,0.954
FANCE,RPL13,0.978
FANCE,RPL13A,0.932
FANCE,RPL14,0.974
FANCE,RPL15,0.976
FANCE,RPL17,0.939
FANCE,RPL18,0.977
FANCE,RPL18A,0.98
FANCE,RPL19,0.975
FANCE,RPL21,0.976
FANCE,RPL23,0.981
FANCE,RPL23A,0.98
FANCE,RPL24,0.978
FANCE,RPL26,0.944
FANCE,RPL27,0.976
FANCE,RPL27A,0.975
FANCE,RPL28,0.954
FANCE,RPL29,0.958
FANCE,RPL3,0.929
FANCE,RPL30,0.979
FANCE,RPL31,0.981
FANCE,RPL32,0.975
FANCE,RPL34,0.97
FANCE,RPL35,0.978
FANCE,RPL35A,0.973
FANCE,RPL36,0.975
FANCE,RPL37,0.963
FANCE,RPL37A,0.957
FANCE,RPL38,0.954
FANCE,RPL39,0.907
FANCE,RPL4,0.981
FANCE,RPL5,0.983
FANCE,RPL6,0.975
FANCE,RPL7,0.93
FANCE,RPL7A,0.975
FANCE,RPL8,0.978
FANCE,RPL9,0.978
FANCE,RPLP0,0.979
FANCE,RPLP1,0.97
FANCE,RPLP2,0.938
FANCE,RPS10,0.927
FANCE,RPS11,0.982
FANCE,RPS12,0.975
FANCE,RPS13,0.977
FANCE,RPS14,0.931
FANCE,RPS15,0.983
FANCE,RPS16,0.976
FANCE,RPS17,0.976
FANCE,RPS18,0.981
FANCE,RPS19,0.976
FANCE,RPS2,0.978
FANCE,RPS20,0.98
FANCE,RPS21,0.974
FANCE,RPS23,0.978
FANCE,RPS24,0.982
FANCE,RPS25,0.979
FANCE,RPS26,0.975
FANCE,RPS27,0.92
FANCE,RPS27A,0.976
FANCE,RPS28,0.969
FANCE,RPS29,0.97
FANCE,RPS3,0.981
FANCE,RPS3A,0.975
FANCE,RPS5,0.981
FANCE,RPS6,0.976
FANCE,RPS7,0.976
FANCE,RPS8,0.976
FANCE,RPS9,0.98
FANCE,RPSA,0.977
FANCE,TUFM,0.971
FANCE,UBA52,0.979
FANCF,FANCG,0.999
FANCF,FANCI,0.998
FANCF,FANCL,0.999
FANCF,FANCM,0.999
FANCF,HES1,0.999
FANCF,RMI1,0.998
FANCG,FANCI,0.999
FANCG,FANCL,0.999
FANCG,FANCM,0.999
FANCG,HES1,0.999
FANCG,RAD51C,0.915
FANCG,RPA1,0.997
FANCG,TOP3A,0.998
FANCG,XRCC3,0.984
FANCI,FANCL,0.999
FANCI,FANCM,0.998
FANCI,HES1,0.9
FANCI,PALB2,0.988
FANCI,RAD51,0.949
FANCI,RAD51C,0.944
FANCI,RPS27A,0.978
FANCI,UBA52,0.947
FANCI,UBB,0.961
FANCI,USP1,0.992
FANCI,WDR48,0.998
FANCL,FANCM,0.999
FANCL,HES1,0.999
FANCL,RAD51C,0.92
FANCL,USP1,0.972
FANCL,WDR48,0.957
FANCM,FBH1,0.99
FANCM,MEIOB,0.963
FANCM,MSH6,0.927
FANCM,MUS81,0.994
FANCM,PALB2,0.94
FANCM,RAD18,0.957
FANCM,RAD51,0.973
FANCM,RAD51B,0.958
FANCM,RAD51C,0.96
FANCM,RAD51D,0.979
FANCM,RAD52,0.99
FANCM,REV3L,0.987
FANCM,RMI1,0.999
FANCM,RPA1,0.999
FANCM,RPA2,0.998
FANCM,TELO2,0.998
FANCM,TOP3A,0.999
FANCM,TOP3B,0.966
FANCM,WRN,0.994
FARP2,RAP1A,0.907
FARP2,RAP1B,0.907
FARP2,SRC,0.91
FAS,PTPN13,0.97
FAS,RIPK1,0.966
FAS,TNF,0.997
FAS,TNFRSF10B,0.977
FAS,TNFRSF1A,0.999
FAS,TNFSF10,0.996
FAS,TRADD,0.992
FASTKD2,NGRN,0.968
FASTKD2,RPUSD4,0.929
FASTKD2,TRUB2,0.92
FAU,FLT3LG,0.997
FAU,GCN1,0.913
FAU,GSPT1,0.917
FAU,HBA1,0.905
FAU,HBS1L,0.97
FAU,HMGN1,0.988
FAU,HSD3B2,0.948
FAU,HSPBP1,0.983
FAU,IFI35,0.995
FAU,IFRD1,0.967
FAU,IMP3,0.996
FAU,IPO7,0.931
FAU,IPO8,0.931
FAU,KCNA1,0.911
FAU,KCNA10,0.911
FAU,KCNA2,0.911
FAU,KCNA3,0.911
FAU,KCNA4,0.911
FAU,KCNA5,0.911
FAU,KCNA6,0.911
FAU,KCNA7,0.911
FAU,KCNB1,0.911
FAU,KCNB2,0.911
FAU,KCNC1,0.911
FAU,KCNC2,0.911
FAU,KCNC3,0.911
FAU,KCNC4,0.911
FAU,KCND1,0.911
FAU,KCND2,0.911
FAU,KCND3,0.911
FAU,KCNF1,0.911
FAU,KCNG1,0.911
FAU,KCNG2,0.911
FAU,KCNG3,0.911
FAU,KCNG4,0.911
FAU,KCNQ1,0.911
FAU,KCNQ2,0.911
FAU,KCNQ3,0.911
FAU,KCNQ4,0.911
FAU,KCNQ5,0.911
FAU,KCNS1,0.911
FAU,KCNS2,0.911
FAU,KCNS3,0.911
FAU,KCNV1,0.911
FAU,KCNV2,0.911
FAU,MAT2B,0.948
FAU,MED1,0.997
FAU,MICALL1,0.967
FAU,MRNIP,0.995
FAU,MRPL1,0.991
FAU,MRPL11,0.99
FAU,MRPL13,0.997
FAU,MRPL15,0.962
FAU,MRPL16,0.983
FAU,MRPL2,0.992
FAU,MRPL22,0.994
FAU,MRPL24,0.997
FAU,MRPL3,0.979
FAU,MRPL4,0.992
FAU,MRPS10,0.997
FAU,MRPS11,0.998
FAU,MRPS12,0.997
FAU,MRPS14,0.997
FAU,MRPS15,0.995
FAU,MRPS2,0.991
FAU,MRPS5,0.995
FAU,MRPS7,0.996
FAU,MRTO4,0.996
FAU,MTIF2,0.969
FAU,MTREX,0.931
FAU,NHP2,0.99
FAU,PELO,0.989
FAU,QARS1,0.991
FAU,RACK1,0.999
FAU,RPL10,0.999
FAU,RPL10A,0.999
FAU,RPL11,0.999
FAU,RPL12,0.999
FAU,RPL13,0.999
FAU,RPL13A,0.999
FAU,RPL14,0.999
FAU,RPL15,0.999
FAU,RPL17,0.999
FAU,RPL18,0.999
FAU,RPL18A,0.999
FAU,RPL19,0.999
FAU,RPL21,0.999
FAU,RPL22,0.998
FAU,RPL23,0.999
FAU,RPL23A,0.999
FAU,RPL24,0.999
FAU,RPL26,0.999
FAU,RPL27,0.999
FAU,RPL27A,0.999
FAU,RPL28,0.999
FAU,RPL29,0.999
FAU,RPL3,0.997
FAU,RPL30,0.999
FAU,RPL31,0.999
FAU,RPL32,0.999
FAU,RPL34,0.999
FAU,RPL35,0.999
FAU,RPL35A,0.999
FAU,RPL36,0.999
FAU,RPL36A,0.999
FAU,RPL37,0.999
FAU,RPL37A,0.999
FAU,RPL38,0.999
FAU,RPL39,0.999
FAU,RPL4,0.999
FAU,RPL41,0.943
FAU,RPL5,0.999
FAU,RPL6,0.999
FAU,RPL7,0.999
FAU,RPL7A,0.999
FAU,RPL8,0.999
FAU,RPL9,0.999
FAU,RPLP0,0.999
FAU,RPLP1,0.999
FAU,RPLP2,0.999
FAU,RPP38,0.988
FAU,RPS10,0.999
FAU,RPS11,0.999
FAU,RPS12,0.999
FAU,RPS13,0.999
FAU,RPS14,0.999
FAU,RPS15,0.999
FAU,RPS15A,0.999
FAU,RPS16,0.999
FAU,RPS17,0.999
FAU,RPS18,0.999
FAU,RPS19,0.999
FAU,RPS2,0.999
FAU,RPS20,0.999
FAU,RPS21,0.999
FAU,RPS23,0.999
FAU,RPS24,0.999
FAU,RPS25,0.999
FAU,RPS26,0.999
FAU,RPS27,0.999
FAU,RPS27A,0.999
FAU,RPS28,0.999
FAU,RPS29,0.999
FAU,RPS3,0.999
FAU,RPS3A,0.999
FAU,RPS4X,0.999
FAU,RPS4Y1,0.999
FAU,RPS5,0.999
FAU,RPS6,0.999
FAU,RPS7,0.999
FAU,RPS8,0.999
FAU,RPS9,0.999
FAU,RPSA,0.999
FAU,SEC61B,0.939
FAU,SERBP1,0.995
FAU,SNU13,0.991
FAU,UBA52,0.999
FAU,XRN1,0.937
FBF1,SCLT1,0.997
FBH1,PCNA,0.925
FBH1,RAD18,0.9
FBH1,RAD51,0.962
FBH1,RAD52,0.915
FBH1,RBX1,0.918
FBH1,SKP1,0.999
FBH1,WRN,0.924
FBH1,XRCC3,0.912
FBL,FTSJ3,0.928
FBL,GAR1,0.994
FBL,IMP3,0.988
FBL,IMP4,0.993
FBL,MPHOSPH10,0.998
FBL,NCL,0.997
FBL,NGDN,0.988
FBL,NHP2,0.998
FBL,NIFK,0.914
FBL,NOL10,0.988
FBL,NOL11,0.966
FBL,NOLC1,0.997
FBL,NOP10,0.974
FBL,NOP2,0.968
FBL,NOP56,0.999
FBL,NOP58,0.999
FBL,NPM1,0.921
FBL,POLR1A,0.941
FBL,PRMT1,0.935
FBL,RPL13A,0.934
FBL,RPL27,0.912
FBL,RPL3,0.974
FBL,RPS11,0.99
FBL,RPS12,0.941
FBL,RPS13,0.99
FBL,RPS14,0.988
FBL,RPS15A,0.964
FBL,RPS16,0.99
FBL,RPS18,0.982
FBL,RPS19,0.986
FBL,RPS23,0.99
FBL,RPS24,0.986
FBL,RPS27,0.956
FBL,RPS27A,0.93
FBL,RPS28,0.978
FBL,RPS3A,0.986
FBL,RPS4X,0.949
FBL,RPS5,0.994
FBL,RPS6,0.994
FBL,RPS7,0.992
FBL,RPS8,0.988
FBL,RPS9,0.99
FBL,RRP1,0.952
FBL,RSL1D1,0.948
FBL,SMN1,0.946
FBL,SNU13,0.999
FBL,TBL3,0.996
FBL,UTP4,0.996
FBL,WDR43,0.997
FBLN2,FBN1,0.971
FBLN2,FN1,0.989
FBLN2,HSPG2,0.993
FBLN5,FBN1,0.922
FBN1,FN1,0.982
FBN1,MFAP2,0.997
FBN1,TGFBR1,0.931
FBN1,TGFBR2,0.916
FBRS,PCGF5,0.956
FBRS,RNF2,0.9
FBRS,RYBP,0.921
FBXL2,SKP1,0.996
FBXL3,PER2,0.917
FBXL3,SKP1,0.999
FBXO11,SKP1,0.991
FBXO15,SKP1,0.998
FBXO17,SKP1,0.979
FBXO2,FBXO6,0.962
FBXO2,FBXW11,0.919
FBXO2,FBXW7,0.945
FBXO2,SKP1,0.997
FBXO2,SKP2,0.952
FBXO27,SKP1,0.971
FBXO31,SKP1,0.996
FBXO32,FOXO1,0.917
FBXO32,FOXO3,0.932
FBXO32,MYOD1,0.909
FBXO32,SKP1,0.972
FBXO44,SKP1,0.991
FBXO45,MYCBP2,0.999
FBXO45,SKP1,0.999
FBXO6,SKP1,0.993
FBXW11,FBXW7,0.918
FBXW11,GLI1,0.957
FBXW11,GLI2,0.936
FBXW11,GLI3,0.96
FBXW11,GSK3B,0.915
FBXW11,MDM2,0.95
FBXW11,NFKBIA,0.989
FBXW11,NFKBIB,0.962
FBXW11,PER1,0.938
FBXW11,PER2,0.93
FBXW11,PER3,0.921
FBXW11,RBX1,0.995
FBXW11,SKP1,0.999
FBXW11,SKP2,0.98
FBXW11,WWTR1,0.928
FBXW11,YAP1,0.929
FBXW2,SKP1,0.988
FBXW7,FLI1,0.995
FBXW7,JUN,0.997
FBXW7,KLF5,0.94
FBXW7,MCL1,0.945
FBXW7,MTOR,0.921
FBXW7,MYC,0.999
FBXW7,NOTCH1,0.995
FBXW7,PRKN,0.936
FBXW7,RBX1,0.999
FBXW7,SKP1,0.999
FBXW7,SKP2,0.991
FBXW7,TP53,0.96
FBXW8,GLMN,0.979
FBXW8,OBSL1,0.909
FBXW8,RBX1,0.999
FBXW8,SKP1,0.999
FCER1A,FCER1G,0.997
FCER1A,FYN,0.947
FCER1A,MS4A2,0.996
FCER1A,SYK,0.969
FCER1G,FCGR1A,0.985
FCER1G,FCGR3A,0.999
FCER1G,FYN,0.981
FCER1G,GP6,0.999
FCER1G,HCST,0.932
FCER1G,LYN,0.988
FCER1G,MS4A2,0.985
FCER1G,NCR3,0.998
FCER1G,PIK3CA,0.908
FCER1G,PIK3CB,0.921
FCER1G,PIK3CD,0.926
FCER1G,PIK3R1,0.906
FCER1G,PIK3R2,0.905
FCER1G,PIK3R3,0.904
FCER1G,PLCG2,0.931
FCER1G,SYK,0.999
FCER1G,TREM2,0.991
FCER1G,TYROBP,0.999
FCER1G,ZAP70,0.976
FCGR1A,FCGR3A,0.989
FCGR1A,HCK,0.96
FCGR1A,IGF1,0.987
FCGR1A,IGF2,0.943
FCGR1A,LYN,0.939
FCGR1A,SPI1,0.949
FCGR1A,SYK,0.986
FCGR3A,HCK,0.947
FCGR3A,IFNG,0.926
FCGR3A,IL15,0.924
FCGR3A,ITGAM,0.948
FCGR3A,ITGAX,0.907
FCGR3A,KLRK1,0.954
FCGR3A,LYN,0.958
FCGR3A,NCAM1,0.991
FCGR3A,NCR3,0.92
FCGR3A,PTPRC,0.913
FCGR3A,SCARB2,0.918
FCGR3A,SYK,0.989
FCGR3A,TLR4,0.941
FCGR3A,TNFRSF8,0.99
FCGR3A,TYROBP,0.99
FCHSD2,ITSN1,0.938
FCHSD2,WASL,0.905
FDPS,FNTA,0.954
FDPS,FNTB,0.953
FDPS,HMGCR,0.967
FDPS,NUS1,0.952
FDX1,FDXR,0.999
FDX1,FXN,0.912
FDX1,ISCU,0.97
FDX1,MT-ND3,0.902
FDX1,NDUFS2,0.9
FDX1,NDUFS8,0.914
FDX1,NFS1,0.949
FEM1A,PRAME,0.901
FEM1A,RBX1,0.917
FEM1A,ZER1,0.912
FEM1A,ZYG11B,0.915
FEN1,HUS1,0.934
FEN1,LIG1,0.999
FEN1,LIG3,0.914
FEN1,MCM2,0.912
FEN1,MCM3,0.961
FEN1,MCM4,0.941
FEN1,MCM5,0.942
FEN1,MCM6,0.907
FEN1,MCM7,0.903
FEN1,MRE11,0.984
FEN1,MSH2,0.948
FEN1,MSH6,0.95
FEN1,NEIL1,0.961
FEN1,PARP1,0.941
FEN1,PCNA,0.999
FEN1,POLB,0.987
FEN1,POLD1,0.997
FEN1,POLD2,0.995
FEN1,POLD3,0.983
FEN1,POLD4,0.934
FEN1,POLE,0.906
FEN1,RAD51,0.959
FEN1,RAD52,0.933
FEN1,RAD9A,0.916
FEN1,RFC2,0.939
FEN1,RFC3,0.947
FEN1,RFC4,0.96
FEN1,WRN,0.998
FEN1,XPC,0.911
FEN1,XRCC1,0.946
FER,YES1,0.914
FERMT2,ILK,0.997
FERMT2,PXN,0.98
FERMT3,ITGA2B,0.963
FERMT3,ITGB2,0.96
FERMT3,ITGB3,0.992
FERMT3,TLN1,0.94
FES,PLXNA1,0.956
FES,PLXNA2,0.922
FES,PLXNA3,0.93
FES,PLXNA4,0.914
FGA,FGB,0.999
FGA,FGG,0.999
FGA,FN1,0.932
FGA,HRG,0.936
FGA,ITGA2B,0.928
FGA,ITGB3,0.978
FGA,PLG,0.965
FGA,SERPINC1,0.98
FGA,SERPIND1,0.96
FGA,THBS1,0.903
FGB,FGG,0.999
FGB,FN1,0.922
FGB,ITGA2B,0.925
FGB,ITGB3,0.952
FGB,PLG,0.948
FGB,SERPINC1,0.954
FGB,SERPIND1,0.951
FGF1,FGF13,0.927
FGF1,FGF2,0.962
FGF1,FGFR1,0.999
FGF1,FGFR2,0.999
FGF1,FGFR3,0.999
FGF1,FGFR4,0.999
FGF1,FLT1,0.944
FGF1,HSPG2,0.901
FGF1,KDR,0.919
FGF1,SYT1,0.978
FGF12,MAPK8IP2,0.926
FGF12,SCN5A,0.988
FGF13,FGFR1,0.998
FGF13,FGFR2,0.996
FGF13,FGFR3,0.997
FGF13,FGFR4,0.99
FGF13,FLT3LG,0.908
FGF13,HSPG2,0.966
FGF13,KDR,0.957
FGF13,SCN5A,0.992
FGF19,FGFR1,0.991
FGF19,FGFR2,0.969
FGF19,FGFR3,0.933
FGF19,FGFR4,0.999
FGF19,KL,0.976
FGF19,KLB,0.999
FGF19,LTO1,0.91
FGF19,NR1H4,0.916
FGF2,FGFR1,0.999
FGF2,FGFR2,0.999
FGF2,FGFR3,0.999
FGF2,FGFR4,0.999
FGF2,FLT1,0.993
FGF2,FLT3LG,0.918
FGF2,FLT4,0.942
FGF2,FN1,0.965
FGF2,HGF,0.955
FGF2,HSPG2,0.998
FGF2,IGF1R,0.9
FGF2,KDR,0.998
FGF2,LIF,0.9
FGF2,MET,0.905
FGF2,MMP9,0.919
FGF2,NANOG,0.924
FGF2,NRP1,0.935
FGF2,NTRK1,0.959
FGF2,NTRK2,0.908
FGF2,PDGFB,0.953
FGF2,PDGFRA,0.982
FGF2,PDGFRB,0.953
FGF2,POU5F1,0.931
FGF2,SDC1,0.997
FGF2,SDC4,0.993
FGF2,SOX2,0.933
FGF2,TEK,0.941
FGF2,TGFB1,0.982
FGF21,FGFR1,0.998
FGF21,FGFR2,0.977
FGF21,FGFR3,0.941
FGF21,FGFR4,0.992
FGF21,KL,0.978
FGF21,KLB,0.999
FGF23,FGFR1,0.999
FGF23,FGFR2,0.986
FGF23,FGFR3,0.98
FGF23,FGFR4,0.995
FGF23,KL,0.999
FGF23,KLB,0.979
FGF23,PTH,0.976
FGF23,SLC34A1,0.936
FGF4,FGFR1,0.999
FGF4,FGFR2,0.999
FGF4,FGFR3,0.969
FGF4,FGFR4,0.997
FGF4,FLT4,0.91
FGF4,HSPG2,0.953
FGF4,KDR,0.932
FGF4,KL,0.991
FGF4,KLB,0.951
FGF4,SHH,0.928
FGF7,FGFR1,0.999
FGF7,FGFR2,0.999
FGF7,FGFR3,0.976
FGF7,FGFR4,0.995
FGF7,FLT1,0.918
FGF7,FLT4,0.909
FGF7,HSPG2,0.99
FGF7,KDR,0.945
FGF7,KIT,0.911
FGF7,KL,0.99
FGF7,KLB,0.903
FGF7,MET,0.902
FGF7,PDGFRB,0.904
FGFR1,FGFR4,0.967
FGFR1,FRS2,0.999
FGFR1,GRB14,0.946
FGFR1,GRB2,0.961
FGFR1,HRAS,0.962
FGFR1,HTR1A,0.951
FGFR1,INS,0.965
FGFR1,KL,0.999
FGFR1,KLB,0.999
FGFR1,KRAS,0.981
FGFR1,NCAM1,0.996
FGFR1,NRAS,0.966
FGFR1,PIK3CA,0.977
FGFR1,PIK3CB,0.933
FGFR1,PIK3CD,0.924
FGFR1,PIK3R1,0.992
FGFR1,PIK3R2,0.948
FGFR1,PIK3R3,0.923
FGFR1,PKM,0.932
FGFR1,PLCG1,0.999
FGFR1,PLCG2,0.92
FGFR1,SHC1,0.974
FGFR1,SHC2,0.916
FGFR1,SHC3,0.92
FGFR1,SOS1,0.987
FGFR1,ZMYM2,0.957
FGFR1OP,PPP2CA,0.994
FGFR1OP,PPP2CB,0.994
FGFR2,FGFR3,0.987
FGFR2,FRS2,0.987
FGFR2,GAB1,0.918
FGFR2,GRB2,0.993
FGFR2,HGF,0.906
FGFR2,HRAS,0.961
FGFR2,INS,0.936
FGFR2,JAK1,0.913
FGFR2,JAK2,0.921
FGFR2,KLB,0.938
FGFR2,KRAS,0.973
FGFR2,NRAS,0.977
FGFR2,PIK3CA,0.908
FGFR2,PIK3R1,0.924
FGFR2,PLCG1,0.998
FGFR2,PLCG2,0.911
FGFR2,SHC1,0.967
FGFR2,SHC2,0.913
FGFR2,SHC3,0.925
FGFR2,SOS1,0.937
FGFR2,SRC,0.958
FGFR3,GAB1,0.919
FGFR3,GRB2,0.984
FGFR3,HRAS,0.982
FGFR3,INS,0.933
FGFR3,JAK1,0.915
FGFR3,JAK2,0.921
FGFR3,KL,0.966
FGFR3,KLB,0.905
FGFR3,KRAS,0.971
FGFR3,NRAS,0.981
FGFR3,PIK3CA,0.965
FGFR3,PLCG1,0.952
FGFR3,PLCG2,0.916
FGFR3,SHC1,0.929
FGFR3,SHC2,0.916
FGFR3,SHC3,0.919
FGFR3,SOS1,0.937
FGFR3,SRC,0.923
FGFR3,TACC3,0.94
FGFR4,FRS2,0.984
FGFR4,GRB2,0.95
FGFR4,HRAS,0.943
FGFR4,INS,0.946
FGFR4,KL,0.992
FGFR4,KLB,0.999
FGFR4,KRAS,0.948
FGFR4,NRAS,0.945
FGFR4,SOS1,0.927
FGG,FN1,0.963
FGG,ITGA2B,0.917
FGG,ITGB3,0.98
FGG,SERPINC1,0.921
FGG,SERPIND1,0.96
FGR,GNAI1,0.91
FGR,GNAI2,0.914
FGR,GNAI3,0.909
FGR,ITK,0.918
FGR,PIK3CG,0.931
FGR,PIK3R5,0.941
FGR,PIK3R6,0.924
FGR,PTK2,0.944
FGR,PTK2B,0.949
FGR,SHC1,0.954
FGR,SHC2,0.912
FGR,SHC3,0.917
FHL1,RBPJ,0.986
FHL1,STAT1,0.9
FHL1,STAT2,0.9
FHL1,STAT3,0.9
FHL1,STAT5A,0.9
FHL1,STAT5B,0.902
FHL1,STAT6,0.9
FHL2,LEF1,0.988
FHL2,TRAF2,0.914
FHL2,TRAF6,0.962
FHL2,TTN,0.969
FIG4,PIK3C3,0.951
FIG4,PIKFYVE,0.999
FIG4,VAC14,0.999
FILIP1,FLNA,0.98
FIP1L1,NUDT21,0.983
FIP1L1,PAPOLA,0.986
FIP1L1,PCF11,0.976
FIP1L1,PDGFRA,0.981
FIP1L1,SSU72,0.911
FIP1L1,SYMPK,0.999
FIP1L1,WDR82,0.993
FIS1,MFF,0.989
FIS1,MIEF1,0.964
FIS1,OPA1,0.915
FIS1,PINK1,0.931
FIS1,VDAC1,0.959
FKBP10,PLOD2,0.926
FKBP10,SERPINH1,0.947
FKBP1A,GLMN,0.901
FKBP1A,MLST8,0.996
FKBP1A,MTOR,0.999
FKBP1A,PPP3CA,0.937
FKBP1A,PPP3R1,0.996
FKBP1A,RICTOR,0.923
FKBP1A,RPTOR,0.999
FKBP1A,RYR1,0.999
FKBP1A,RYR2,0.982
FKBP1A,RYR3,0.911
FKBP1A,TGFBR1,0.999
FKBP1A,TRDN,0.934
FKBP1B,RYR1,0.994
FKBP1B,RYR2,0.999
FKBP1B,RYR3,0.961
FKBP1B,TRDN,0.981
FKBP4,FKBP5,0.972
FKBP4,GLMN,0.983
FKBP4,HSP90AA1,0.999
FKBP4,HSP90AB1,0.999
FKBP4,HSPA4,0.998
FKBP4,HSPA8,0.942
FKBP4,MTOR,0.961
FKBP4,NR3C1,0.996
FKBP4,NR3C2,0.945
FKBP4,PGR,0.977
FKBP4,PHLPP1,0.993
FKBP4,PPID,0.937
FKBP4,PTGES3,0.99
FKBP4,STIP1,0.979
FKBP5,HSP90AA1,0.999
FKBP5,HSP90AB1,0.999
FKBP5,HSPA4,0.992
FKBP5,MTOR,0.961
FKBP5,NR3C1,0.999
FKBP5,PGR,0.977
FKBP5,PHLPP1,0.996
FKBP5,PTGES3,0.993
FKBP5,SGK1,0.904
FKBP5,STIP1,0.93
FKBP8,HSP90AA1,0.995
FKBP8,HSP90AB1,0.989
FKBP8,MAP1LC3A,0.989
FKBP8,MLST8,0.996
FKBP8,MTOR,0.952
FKBP8,RPTOR,0.995
FKBPL,HSP90AA1,0.99
FKBPL,HSP90AB1,0.974
FLCN,FNIP1,0.999
FLCN,FNIP2,0.999
FLCN,LAMTOR1,0.941
FLCN,LAMTOR2,0.934
FLCN,LAMTOR3,0.933
FLCN,LAMTOR4,0.94
FLCN,LAMTOR5,0.92
FLCN,RRAGA,0.998
FLCN,RRAGB,0.986
FLCN,RRAGC,0.999
FLCN,RRAGD,0.983
FLCN,SLC38A9,0.942
FLI1,GATA2,0.928
FLI1,RUNX1,0.921
FLI1,TAL1,0.911
FLNA,FLNC,0.907
FLNA,GP1BA,0.999
FLNA,IQGAP1,0.952
FLNA,ITGA2B,0.985
FLNA,ITGB1,0.993
FLNA,ITGB2,0.938
FLNA,ITGB3,0.994
FLNA,ITGB4,0.909
FLNA,ITGB7,0.975
FLNA,MAP2K4,0.964
FLNA,PAK1,0.95
FLNA,PXN,0.989
FLNA,RALA,0.93
FLNA,RHOA,0.933
FLNA,RNASEL,0.947
FLNA,TLN1,0.998
FLNA,VCL,0.998
FLNC,ITGB1,0.928
FLNC,LDB3,0.926
FLNC,MAP2K4,0.968
FLNC,PAK1,0.92
FLNC,PXN,0.982
FLNC,SGCD,0.973
FLNC,SGCG,0.947
FLNC,TLN1,0.996
FLNC,VCL,0.994
FLOT1,FLOT2,0.993
FLOT1,SLC6A3,0.94
FLOT1,SORBS1,0.986
FLOT1,STOM,0.915
FLOT2,SLC6A3,0.903
FLOT2,SORBS1,0.901
FLRT3,UNC5B,0.948
FLT1,FLT4,0.92
FLT1,GRB2,0.913
FLT1,HGF,0.908
FLT1,KDR,0.994
FLT1,NRP1,0.993
FLT1,NRP2,0.971
FLT1,PDGFB,0.911
FLT1,PGF,0.999
FLT1,PIK3CB,0.908
FLT1,PIK3R1,0.909
FLT1,PTK2,0.948
FLT1,VEGFB,0.999
FLT1,VEGFC,0.999
FLT1,VEGFD,0.999
FLT3,FLT3LG,0.999
FLT3,GRB2,0.972
FLT3,KITLG,0.983
FLT3,NPM1,0.943
FLT3,NRAS,0.9
FLT3,PIK3CA,0.958
FLT3,PIK3CB,0.93
FLT3,PIK3CD,0.94
FLT3,PIK3R1,0.956
FLT3,PIK3R2,0.922
FLT3,PIK3R3,0.92
FLT3,SPI1,0.965
FLT3,STAT3,0.971
FLT3,STAT5A,0.97
FLT3,STAT5B,0.97
FLT3LG,IFI35,0.918
FLT3LG,IL3,0.968
FLT3LG,KIT,0.95
FLT3LG,KITLG,0.982
FLT3LG,MED1,0.936
FLT3LG,MRNIP,0.937
FLT3LG,MRPL12,0.969
FLT3LG,MRPL17,0.971
FLT3LG,MRPL19,0.971
FLT3LG,MRPL20,0.97
FLT3LG,MRPL21,0.971
FLT3LG,MRPL27,0.971
FLT3LG,MRPL32,0.968
FLT3LG,MRPL33,0.969
FLT3LG,MRPL36,0.97
FLT3LG,MRPL9,0.969
FLT3LG,MRPS16,0.971
FLT3LG,MRPS6,0.969
FLT3LG,MRPS9,0.971
FLT3LG,MRTO4,0.931
FLT3LG,NTRK1,0.912
FLT3LG,RACK1,0.973
FLT3LG,RPL10,0.93
FLT3LG,RPL10A,0.933
FLT3LG,RPL11,0.981
FLT3LG,RPL12,0.977
FLT3LG,RPL13,0.978
FLT3LG,RPL14,0.981
FLT3LG,RPL15,0.978
FLT3LG,RPL17,0.935
FLT3LG,RPL18,0.981
FLT3LG,RPL18A,0.977
FLT3LG,RPL19,0.978
FLT3LG,RPL21,0.975
FLT3LG,RPL23,0.981
FLT3LG,RPL23A,0.981
FLT3LG,RPL24,0.976
FLT3LG,RPL26,0.936
FLT3LG,RPL27,0.977
FLT3LG,RPL27A,0.974
FLT3LG,RPL28,0.977
FLT3LG,RPL29,0.969
FLT3LG,RPL3,0.94
FLT3LG,RPL30,0.978
FLT3LG,RPL31,0.979
FLT3LG,RPL32,0.978
FLT3LG,RPL34,0.98
FLT3LG,RPL35,0.981
FLT3LG,RPL35A,0.974
FLT3LG,RPL36,0.978
FLT3LG,RPL37,0.974
FLT3LG,RPL37A,0.977
FLT3LG,RPL38,0.976
FLT3LG,RPL39,0.93
FLT3LG,RPL4,0.979
FLT3LG,RPL5,0.981
FLT3LG,RPL6,0.981
FLT3LG,RPL7,0.933
FLT3LG,RPL7A,0.977
FLT3LG,RPL8,0.981
FLT3LG,RPL9,0.979
FLT3LG,RPLP0,0.978
FLT3LG,RPLP1,0.966
FLT3LG,RPLP2,0.962
FLT3LG,RPS10,0.935
FLT3LG,RPS11,0.981
FLT3LG,RPS12,0.975
FLT3LG,RPS13,0.98
FLT3LG,RPS14,0.939
FLT3LG,RPS15,0.981
FLT3LG,RPS16,0.977
FLT3LG,RPS17,0.974
FLT3LG,RPS18,0.982
FLT3LG,RPS19,0.981
FLT3LG,RPS2,0.981
FLT3LG,RPS20,0.979
FLT3LG,RPS21,0.979
FLT3LG,RPS23,0.979
FLT3LG,RPS24,0.979
FLT3LG,RPS25,0.98
FLT3LG,RPS26,0.979
FLT3LG,RPS27,0.934
FLT3LG,RPS27A,0.986
FLT3LG,RPS28,0.981
FLT3LG,RPS29,0.977
FLT3LG,RPS3,0.982
FLT3LG,RPS3A,0.978
FLT3LG,RPS5,0.978
FLT3LG,RPS6,0.977
FLT3LG,RPS7,0.973
FLT3LG,RPS8,0.975
FLT3LG,RPS9,0.979
FLT3LG,RPSA,0.977
FLT3LG,THPO,0.968
FLT3LG,TUFM,0.963
FLT3LG,UBA52,0.988
FLT4,GRB2,0.979
FLT4,KDR,0.994
FLT4,LYVE1,0.94
FLT4,NRP2,0.992
FLT4,PECAM1,0.94
FLT4,PGF,0.998
FLT4,PTK2,0.921
FLT4,SHC1,0.974
FLT4,VEGFB,0.999
FLT4,VEGFC,0.999
FLT4,VEGFD,0.999
FMR1,FXR1,0.992
FMR1,G3BP1,0.934
FMR1,MAP1B,0.957
FMR1,MECP2,0.919
FMR1,NUFIP1,0.97
FMR1,NUFIP2,0.993
FMR1,PURA,0.986
FMR1,SND1,0.963
FMR1,STAU1,0.966
FMR1,TARDBP,0.953
FMR1,TDRD3,0.966
FMR1,TIAL1,0.904
FN1,GAPDH,0.945
FN1,GP6,0.932
FN1,HGF,0.967
FN1,HSPG2,0.996
FN1,ICAM1,0.904
FN1,IGF1,0.907
FN1,IGFBP3,0.967
FN1,IL6,0.9
FN1,ITGA1,0.948
FN1,ITGA2,0.986
FN1,ITGA2B,0.999
FN1,ITGA3,0.999
FN1,ITGA4,0.999
FN1,ITGA5,0.999
FN1,ITGA6,0.928
FN1,ITGA8,0.976
FN1,ITGA9,0.945
FN1,ITGAV,0.999
FN1,ITGB1,0.999
FN1,ITGB2,0.976
FN1,ITGB3,0.999
FN1,ITGB5,0.995
FN1,ITGB6,0.986
FN1,ITGB7,0.985
FN1,ITGB8,0.93
FN1,LGALS3,0.985
FN1,LGALS3BP,0.953
FN1,PGF,0.943
FN1,PLG,0.997
FN1,PTK2,0.937
FN1,PXN,0.981
FN1,SDC1,0.999
FN1,SDC2,0.959
FN1,SDC4,0.999
FN1,SPARC,0.969
FN1,SPP1,0.996
FN1,SRC,0.945
FN1,STAT3,0.988
FN1,TGFB1,0.969
FN1,TGFBI,0.995
FN1,TGM2,0.997
FN1,THBS1,0.999
FN1,TIMP1,0.954
FN1,TLN1,0.992
FN1,TLR2,0.917
FN1,TLR4,0.995
FN1,TNF,0.97
FN1,VCAM1,0.983
FN1,VCL,0.992
FN1,VHL,0.927
FN1,VTN,0.999
FN1,VWF,0.998
FN1,YES1,0.919
FNBP1L,SQSTM1,0.909
FNBP1L,WAS,0.96
FNBP1L,WASL,0.998
FNBP1L,WIPF1,0.958
FNIP1,FNIP2,0.996
FNIP1,RRAGA,0.967
FNIP1,RRAGB,0.968
FNIP1,RRAGC,0.969
FNIP1,RRAGD,0.961
FNIP2,LAMTOR1,0.905
FNIP2,LAMTOR2,0.902
FNIP2,LAMTOR3,0.924
FNIP2,LAMTOR4,0.954
FNIP2,LAMTOR5,0.946
FNIP2,RRAGA,0.995
FNIP2,RRAGB,0.955
FNIP2,RRAGC,0.997
FNIP2,RRAGD,0.959
FNIP2,SLC38A9,0.935
FNTA,FNTB,0.999
FNTA,NUS1,0.931
FNTA,PGGT1B,0.999
FNTB,NUS1,0.917
FOLH1,KLK3,0.94
FOS,FOSB,0.999
FOS,FOSL1,0.998
FOS,GDNF,0.934
FOS,JUN,0.999
FOS,JUNB,0.999
FOS,JUND,0.999
FOS,MAPK1,0.992
FOS,MAPK11,0.96
FOS,MAPK14,0.985
FOS,MAPK3,0.994
FOS,MAPK8,0.986
FOS,MAPK9,0.977
FOS,MED1,0.914
FOS,MITF,0.92
FOS,MYC,0.965
FOS,NCOA1,0.949
FOS,NCOA3,0.97
FOS,NFATC2,0.998
FOS,NR3C1,0.961
FOS,NR4A1,0.933
FOS,PRKACA,0.959
FOS,PRKACB,0.959
FOS,PRKCA,0.946
FOS,PRKCB,0.93
FOS,PRKCG,0.938
FOS,RELA,0.917
FOS,RUNX2,0.987
FOS,SMAD3,0.976
FOS,SP1,0.944
FOS,SPI1,0.975
FOS,SRC,0.986
FOS,SRF,0.95
FOS,STAT3,0.995
FOS,TP53,0.952
FOS,YY1,0.933
FOSB,FOSL1,0.998
FOSB,HDAC1,0.957
FOSB,HDAC2,0.93
FOSB,JUN,0.999
FOSB,JUNB,0.999
FOSB,JUND,0.999
FOSB,MAPK8,0.945
FOSB,MAPK9,0.938
FOSB,NR4A1,0.907
FOSB,NR4A2,0.903
FOSB,SIRT1,0.92
FOSL1,JUN,0.999
FOSL1,JUNB,0.999
FOSL1,JUND,0.999
FOSL1,MAPK8,0.948
FOSL1,MAPK9,0.938
FOXA1,GATA3,0.997
FOXA1,HDAC7,0.976
FOXA1,NRIP1,0.902
FOXA1,TLE3,0.976
FOXG1,MECP2,0.947
FOXG1,SRF,0.991
FOXG1,TLE1,0.903
FOXH1,SMAD2,0.999
FOXH1,SMAD3,0.998
FOXH1,SMAD4,0.997
FOXK1,HCFC1,0.957
FOXK1,OGT,0.971
FOXK1,SIN3A,0.946
FOXK2,HCFC1,0.93
FOXK2,SIN3A,0.947
FOXM1,HJURP,0.918
FOXM1,KIF11,0.934
FOXM1,KIF20A,0.944
FOXM1,MYBL2,0.998
FOXM1,PLK1,0.995
FOXM1,SMAD3,0.911
FOXM1,SPAG5,0.9
FOXM1,TOP2A,0.927
FOXM1,TPX2,0.932
FOXO1,FOXO3,0.955
FOXO1,FOXO4,0.932
FOXO1,HNF4A,0.973
FOXO1,IGF1,0.91
FOXO1,IKBKB,0.944
FOXO1,INS,0.944
FOXO1,MAPK1,0.941
FOXO1,MAPK11,0.929
FOXO1,MAPK14,0.935
FOXO1,MAPK3,0.959
FOXO1,MAPK8,0.951
FOXO1,MAPK9,0.936
FOXO1,NLK,0.964
FOXO1,OGT,0.948
FOXO1,PAX3,0.938
FOXO1,PAX7,0.925
FOXO1,PPARGC1A,0.999
FOXO1,PRKAA1,0.954
FOXO1,PRKAA2,0.931
FOXO1,PRKAB1,0.916
FOXO1,PRKAB2,0.943
FOXO1,PRKACA,0.974
FOXO1,PRKACB,0.968
FOXO1,PRKAG1,0.906
FOXO1,PRKAG2,0.913
FOXO1,PRKAG3,0.91
FOXO1,PRMT1,0.939
FOXO1,PTEN,0.903
FOXO1,SETD7,0.933
FOXO1,SGK1,0.967
FOXO1,SGK3,0.93
FOXO1,SIRT1,0.999
FOXO1,SKP2,0.94
FOXO1,SMAD2,0.975
FOXO1,SMAD3,0.99
FOXO1,SREBF1,0.924
FOXO1,STAT3,0.964
FOXO1,STK11,0.955
FOXO1,STK4,0.952
FOXO1,USP7,0.939
FOXO1,YWHAB,0.917
FOXO1,YWHAG,0.926
FOXO1,YWHAZ,0.925
FOXO3,FOXO4,0.92
FOXO3,HIF1A,0.997
FOXO3,IKBKB,0.989
FOXO3,MAPK1,0.963
FOXO3,MAPK11,0.929
FOXO3,MAPK14,0.949
FOXO3,MAPK3,0.961
FOXO3,MAPK8,0.954
FOXO3,MAPK9,0.941
FOXO3,MDM2,0.995
FOXO3,NLK,0.937
FOXO3,PINK1,0.923
FOXO3,PPARGC1A,0.987
FOXO3,PRKAA1,0.942
FOXO3,PRKAA2,0.937
FOXO3,PRKAB1,0.926
FOXO3,PRKAB2,0.918
FOXO3,PRKACA,0.938
FOXO3,PRKACB,0.939
FOXO3,PRKAG1,0.921
FOXO3,PRKAG2,0.919
FOXO3,PRKAG3,0.917
FOXO3,PRMT1,0.928
FOXO3,PTK2,0.992
FOXO3,RUNX1,0.908
FOXO3,SETD7,0.931
FOXO3,SGK1,0.979
FOXO3,SGK3,0.932
FOXO3,SIRT1,0.999
FOXO3,SMAD2,0.992
FOXO3,SMAD3,0.995
FOXO3,SMAD4,0.979
FOXO3,STAT3,0.978
FOXO3,STK11,0.96
FOXO3,STK4,0.966
FOXO3,TP53,0.998
FOXO3,USP7,0.971
FOXO3,YWHAB,0.969
FOXO3,YWHAE,0.978
FOXO3,YWHAG,0.954
FOXO3,YWHAH,0.951
FOXO3,YWHAQ,0.969
FOXO3,YWHAZ,0.994
FOXO4,IKBKB,0.929
FOXO4,MAPK1,0.922
FOXO4,MAPK11,0.925
FOXO4,MAPK14,0.923
FOXO4,MAPK3,0.934
FOXO4,MAPK8,0.938
FOXO4,MAPK9,0.924
FOXO4,NLK,0.934
FOXO4,PRMT1,0.924
FOXO4,SETD7,0.914
FOXO4,SGK1,0.952
FOXO4,SGK3,0.911
FOXO4,SIRT1,0.932
FOXO4,STAT3,0.936
FOXO4,STK11,0.937
FOXO4,STK4,0.914
FOXO4,TP53,0.995
FOXO4,USP7,0.978
FOXP3,HDAC1,0.909
FOXP3,HDAC7,0.953
FOXP3,HDAC9,0.957
FOXP3,HIF1A,0.988
FOXP3,IFNG,0.982
FOXP3,IKZF4,0.924
FOXP3,IL10,0.955
FOXP3,IL17A,0.953
FOXP3,IL2,0.991
FOXP3,IL2RA,0.97
FOXP3,IL4,0.925
FOXP3,IL6,0.913
FOXP3,KAT5,0.992
FOXP3,NFATC2,0.995
FOXP3,RUNX1,0.999
FOXP3,STAT3,0.984
FOXP3,TNF,0.909
FRAS1,FREM1,0.987
FRAS1,FREM2,0.982
FRAS1,ITGA8,0.94
FRAS1,ITGB1,0.906
FRAT1,GSK3B,0.999
FREM1,FREM2,0.994
FREM1,ITGA8,0.937
FREM1,ITGB1,0.903
FREM2,ITGA8,0.937
FREM2,ITGB1,0.906
FRG1,PRPF8,0.906
FRG1,SNRPF,0.902
FRMD7,GPR143,0.925
FRRS1L,MRPL23,0.907
FRS2,GAB1,0.959
FRS2,GRB2,0.999
FRS2,NTRK1,0.974
FRS2,NTRK2,0.992
FRS2,PTPN11,0.999
FRS2,RET,0.915
FRS2,SOS1,0.995
FSHR,GCG,0.915
FSHR,GNAS,0.942
FST,GDF11,0.991
FST,MSTN,0.999
FSTL3,MSTN,0.999
FTH1,FTL,0.999
FTH1,NCOA4,0.999
FTH1,TFRC,0.995
FTL,NCOA4,0.991
FTL,SLC40A1,0.929
FTL,TFRC,0.921
FTO,MC4R,0.944
FTO,METTL14,0.939
FTO,METTL3,0.9
FTO,WTAP,0.915
FTSJ3,GNL2,0.975
FTSJ3,GNL3,0.972
FTSJ3,GTPBP4,0.995
FTSJ3,KCTD19,0.959
FTSJ3,MPHOSPH10,0.912
FTSJ3,MRTO4,0.996
FTSJ3,NIFK,0.997
FTSJ3,NOP2,0.997
FTSJ3,NOP56,0.962
FTSJ3,NOP58,0.997
FTSJ3,PES1,0.998
FTSJ3,RBM28,0.927
FTSJ3,RPF2,0.981
FTSJ3,RPL14,0.932
FTSJ3,RPL15,0.947
FTSJ3,RPL18,0.909
FTSJ3,RPL18A,0.938
FTSJ3,RPL19,0.91
FTSJ3,RPL23,0.936
FTSJ3,RPL23A,0.955
FTSJ3,RPL27,0.907
FTSJ3,RPL30,0.956
FTSJ3,RPL31,0.909
FTSJ3,RPL32,0.904
FTSJ3,RPL36,0.944
FTSJ3,RPL4,0.953
FTSJ3,RPL6,0.907
FTSJ3,RPL7A,0.959
FTSJ3,RRP1,0.917
FTSJ3,RRP8,0.91
FTSJ3,RRS1,0.976
FTSJ3,RSL1D1,0.99
FTSJ3,RSL24D1,0.995
FTSJ3,TBL3,0.925
FTSJ3,WDR12,0.996
FURIN,MMP14,0.91
FURIN,PACS1,0.964
FUS,HNRNPA1,0.975
FUS,HNRNPA2B1,0.99
FUS,HNRNPA3,0.931
FUS,HNRNPC,0.976
FUS,HNRNPD,0.938
FUS,HNRNPDL,0.918
FUS,HNRNPH1,0.941
FUS,HNRNPK,0.927
FUS,HNRNPL,0.927
FUS,HNRNPM,0.947
FUS,HNRNPU,0.95
FUS,ILF3,0.982
FUS,MAPT,0.918
FUS,MATR3,0.91
FUS,NONO,0.956
FUS,OPTN,0.948
FUS,PRMT1,0.961
FUS,RBMX,0.9
FUS,SFPQ,0.985
FUS,SMN1,0.921
FUS,SRSF2,0.95
FUS,TARDBP,0.999
FUS,TNPO1,0.994
FUS,UBQLN2,0.952
FUS,YBX1,0.943
FXN,HEPH,0.937
FXN,HSPA9,0.954
FXN,ISCU,0.999
FXN,LYRM4,0.999
FXN,NFS1,0.999
FXN,PMPCB,0.901
FXR1,G3BP1,0.95
FXR1,HNRNPK,0.938
FXR1,NUFIP1,0.959
FXR1,PUF60,0.931
FXR1,SND1,0.904
FXR1,TDRD3,0.929
FXYD1,FXYD2,0.915
FXYD1,PRKACA,0.943
FXYD1,PRKACB,0.942
FXYD2,MAPK1,0.901
FXYD2,MAPK3,0.901
FXYD2,PRKG1,0.903
FYB1,FYN,0.977
FYB1,LCP2,0.999
FYB1,SKAP2,0.981
FYB1,VAV1,0.953
FYN,GAB2,0.975
FYN,GP6,0.996
FYN,GRB2,0.98
FYN,GRIN2A,0.981
FYN,GRIN2B,0.993
FYN,IRS1,0.923
FYN,ITGB1,0.923
FYN,KHDRBS1,0.958
FYN,LCK,0.998
FYN,LCP2,0.993
FYN,LYN,0.996
FYN,MAPT,0.994
FYN,MS4A2,0.91
FYN,NCAM1,0.908
FYN,NCK1,0.96
FYN,NPHS1,0.974
FYN,PAG1,0.948
FYN,PIK3CA,0.951
FYN,PIK3CB,0.951
FYN,PIK3CD,0.936
FYN,PIK3R1,0.988
FYN,PIK3R2,0.955
FYN,PIK3R3,0.937
FYN,PLCG1,0.904
FYN,PLCG2,0.936
FYN,PLXNA1,0.922
FYN,PLXNA2,0.925
FYN,PLXNA3,0.919
FYN,PLXNA4,0.921
FYN,PRNP,0.99
FYN,PTK2,0.998
FYN,PTK2B,0.919
FYN,PTPN11,0.988
FYN,PTPRA,0.957
FYN,PTPRC,0.988
FYN,PXN,0.903
FYN,RAC2,0.956
FYN,RHOA,0.966
FYN,SCARB2,0.942
FYN,SH2D1A,0.999
FYN,SHC1,0.995
FYN,SHC2,0.913
FYN,SHC3,0.921
FYN,SLAMF1,0.948
FYN,SRC,0.999
FYN,SYK,0.983
FYN,TRAF2,0.913
FYN,TRAF6,0.948
FYN,TYROBP,0.933
FYN,VAV1,0.959
FYN,WAS,0.979
FYN,YES1,0.994
FYN,ZAP70,0.993
FZD4,GNAQ,0.917
FZD4,GPC4,0.908
FZD4,LRP5,0.999
FZD4,LRP6,0.999
FZD4,NDP,0.999
FZD4,RNF43,0.934
FZD4,RYK,0.975
FZD4,TSPAN12,0.997
FZD4,WNT1,0.979
FZD4,WNT3A,0.973
FZD4,WNT5A,0.999
FZD4,ZNRF3,0.953
FZD5,GNAQ,0.915
FZD5,GPC4,0.915
FZD5,LRP5,0.955
FZD5,LRP6,0.976
FZD5,RNF43,0.984
FZD5,RYK,0.963
FZD5,WNT1,0.976
FZD5,WNT3A,0.974
FZD5,WNT5A,0.999
FZD5,ZNRF3,0.938
FZD7,GNAQ,0.912
FZD7,GNAS,0.901
FZD7,GPC4,0.93
FZD7,LRP5,0.942
FZD7,LRP6,0.989
FZD7,RNF43,0.934
FZD7,RYK,0.96
FZD7,SDC4,0.982
FZD7,WNT1,0.986
FZD7,WNT3A,0.938
FZD7,WNT5A,0.998
FZD7,ZNRF3,0.955
FZD8,GNAQ,0.913
FZD8,GPC4,0.917
FZD8,LRP5,0.974
FZD8,LRP6,0.994
FZD8,RNF43,0.955
FZD8,RYK,0.962
FZD8,WNT1,0.995
FZD8,WNT3A,0.989
FZD8,WNT5A,0.956
FZD8,ZNRF3,0.942
G3BP1,G3BP2,0.987
G3BP1,HDAC6,0.914
G3BP1,NUFIP2,0.934
G3BP1,PABPC1,0.995
G3BP1,RASA1,0.994
G3BP1,TARDBP,0.983
G3BP1,TIA1,0.998
G3BP1,TIAL1,0.996
G3BP1,UBAP2L,0.948
G3BP1,UPF1,0.952
G3BP1,USP10,0.999
G3BP1,YBX1,0.944
G3BP2,NUFIP2,0.938
G3BP2,PABPC1,0.907
G3BP2,TWIST1,0.96
G3BP2,USP10,0.996
G6PD,GAPDH,0.97
G6PD,GCK,0.967
G6PD,GSR,0.932
G6PD,HK1,0.937
G6PD,LDHA,0.963
G6PD,PKLR,0.927
G6PD,PKM,0.941
G6PD,TP53,0.986
G6PD,TPI1,0.942
GAB1,GAB2,0.953
GAB1,GRB2,0.999
GAB1,IGF1R,0.935
GAB1,IL6R,0.906
GAB1,INSR,0.943
GAB1,KDR,0.92
GAB1,KIT,0.914
GAB1,MET,0.99
GAB1,PDGFRA,0.911
GAB1,PDGFRB,0.925
GAB1,PIK3CA,0.92
GAB1,PIK3CB,0.922
GAB1,PIK3CD,0.925
GAB1,PIK3R1,0.991
GAB1,PIK3R2,0.926
GAB1,PIK3R3,0.924
GAB1,PTPN11,0.999
GAB1,ROCK1,0.95
GAB1,ROCK2,0.909
GAB1,SHC1,0.995
GAB1,SHC2,0.91
GAB1,SHC3,0.932
GAB1,SOS1,0.991
GAB2,GRB2,0.999
GAB2,HCK,0.93
GAB2,INSR,0.905
GAB2,KIT,0.932
GAB2,LYN,0.977
GAB2,PDGFRA,0.911
GAB2,PDGFRB,0.92
GAB2,PIK3CA,0.927
GAB2,PIK3CB,0.966
GAB2,PIK3CD,0.914
GAB2,PIK3R1,0.996
GAB2,PIK3R2,0.973
GAB2,PIK3R3,0.91
GAB2,PLCG2,0.954
GAB2,PTPN11,0.999
GAB2,SHC1,0.997
GAB2,SOS1,0.991
GAB2,SYK,0.975
GAB2,TRAF2,0.9
GAB2,TRAF6,0.948
GABARAPL2,MAP1B,0.905
GABARAPL2,NBR1,0.999
GABARAPL2,OPTN,0.998
GABARAPL2,PEX10,0.953
GABARAPL2,PEX6,0.923
GABARAPL2,PIK3C3,0.984
GABARAPL2,PIK3R4,0.912
GABARAPL2,PRKACA,0.938
GABARAPL2,PRKACB,0.938
GABARAPL2,PSMD4,0.946
GABARAPL2,RB1CC1,0.953
GABARAPL2,SIRT1,0.974
GABARAPL2,SQSTM1,0.999
GABARAPL2,TAX1BP1,0.985
GABARAPL2,ULK1,0.997
GABARAPL2,ULK2,0.936
GABBR1,GABBR2,0.999
GABBR1,GNAI1,0.98
GABBR1,GNAI2,0.904
GABBR1,GNAI3,0.909
GABBR1,GNB1,0.952
GABBR1,GNG2,0.95
GABBR1,GRM1,0.905
GABBR1,KCNJ11,0.912
GABBR1,KCNJ3,0.953
GABBR1,KCNJ5,0.91
GABBR1,KCNJ6,0.96
GABBR2,GABRA1,0.901
GABBR2,GABRB3,0.925
GABBR2,GNAI1,0.992
GABBR2,GNAI2,0.929
GABBR2,GNAI3,0.936
GABBR2,GNB1,0.927
GABBR2,GNG2,0.942
GABBR2,KCNJ11,0.91
GABBR2,KCNJ3,0.959
GABBR2,KCNJ5,0.911
GABBR2,KCNJ6,0.962
GABBR2,KCTD16,0.961
GABRA1,GABRB1,0.97
GABRA1,GABRB2,0.996
GABRA1,GABRB3,0.993
GABRA1,GABRG2,0.998
GABRA1,HAP1,0.935
GABRA1,NSF,0.918
GABRA1,TRAK2,0.954
GABRA2,GABRB1,0.917
GABRA3,HAP1,0.906
GABRA3,NSF,0.907
GABRA3,TRAK2,0.913
GABRA4,GABRB1,0.93
GABRA4,GABRB3,0.969
GABRA4,GABRD,0.973
GABRA4,GABRG2,0.929
GABRA4,HAP1,0.901
GABRA4,NSF,0.913
GABRA4,TRAK2,0.9
GABRA5,HAP1,0.9
GABRA5,NSF,0.906
GABRA5,TRAK2,0.917
GABRA6,HAP1,0.902
GABRA6,NSF,0.907
GABRA6,TRAK2,0.9
GABRB1,GABRB2,0.95
GABRB1,GABRB3,0.95
GABRB1,GABRG1,0.9
GABRB1,HAP1,0.938
GABRB1,NSF,0.916
GABRB1,TRAK2,0.912
GABRB2,GABRB3,0.969
GABRB2,GABRG2,0.989
GABRB2,HAP1,0.935
GABRB2,NSF,0.903
GABRB2,TRAK2,0.968
GABRB3,GABRD,0.959
GABRB3,GABRG2,0.99
GABRB3,HAP1,0.908
GABRB3,NSF,0.913
GABRB3,TRAK2,0.905
GABRD,HAP1,0.939
GABRD,NSF,0.905
GABRD,SLC6A1,0.932
GABRD,TRAK2,0.917
GABRE,HAP1,0.92
GABRE,NSF,0.905
GABRE,TRAK2,0.907
GABRG1,HAP1,0.901
GABRG1,NSF,0.907
GABRG1,TRAK2,0.905
GABRG2,SCN1A,0.952
GABRG2,SCN1B,0.947
GABRG3,HAP1,0.905
GABRG3,NSF,0.904
GABRG3,TRAK2,0.905
GABRP,HAP1,0.9
GABRP,NSF,0.9
GABRP,TRAK2,0.9
GABRQ,HAP1,0.915
GABRQ,NSF,0.903
GABRQ,TRAK2,0.903
GADD45A,GADD45B,0.965
GADD45A,GADD45G,0.959
GADD45A,MAP3K4,0.999
GADD45A,PCNA,0.987
GADD45A,TP53,0.991
GADD45B,GADD45G,0.955
GADD45B,MAP2K7,0.979
GADD45B,MAP3K4,0.999
GADD45B,PCNA,0.912
GADD45B,TP53,0.964
GADD45G,MAP3K4,0.997
GADD45G,PCNA,0.96
GADD45G,TP53,0.937
GAK,HIP1R,0.94
GAK,HSPA8,0.945
GAK,LRRK2,0.981
GALNS,GLB1,0.997
GALR1,GALR2,0.98
GALR1,GNAI1,0.912
GALR1,GNB1,0.909
GALR1,HTR1A,0.911
GALR2,GNAS,0.917
GALR2,GNB1,0.912
GAN,KBTBD6,0.905
GAN,KBTBD7,0.9
GAN,KEAP1,0.918
GAN,KLHL12,0.922
GAN,KLHL13,0.917
GAN,KLHL20,0.918
GAN,KLHL25,0.921
GAN,KLHL3,0.925
GAN,KLHL41,0.922
GAN,KLHL42,0.922
GAN,KLHL7,0.921
GAN,KLHL8,0.908
GAN,KLHL9,0.924
GAN,MAP1B,0.986
GAN,RBX1,0.966
GAN,SPOP,0.915
GAN,VIM,0.915
GANAB,PRKCSH,0.999
GAP43,NGF,0.904
GAP43,SYN1,0.905
GAPDH,HSP90AA1,0.922
GAPDH,HSPA4,0.901
GAPDH,HSPA8,0.986
GAPDH,HTT,0.993
GAPDH,LDHA,0.967
GAPDH,MRPL13,0.958
GAPDH,PKM,0.956
GAPDH,PLG,0.99
GAPDH,RIPK1,0.946
GAPDH,RPL13A,0.999
GAPDH,SHMT2,0.92
GAPDH,SIAH1,0.997
GAPDH,SYNCRIP,0.999
GAPDH,TPI1,0.999
GAPDH,TRADD,0.933
GAPDH,TRAF2,0.923
GAPDH,VDAC1,0.915
GAR1,NHP2,0.999
GAR1,NOLC1,0.915
GAR1,NOP10,0.999
GAR1,NOP56,0.983
GAR1,NOP58,0.985
GAR1,POLR1A,0.91
GAR1,PTGES3,0.902
GAR1,SNU13,0.965
GAR1,TERT,0.971
GAR1,TRUB2,0.907
GAR1,WRAP53,0.998
GART,MTHFD2,0.999
GART,MYBBP1A,0.971
GART,PES1,0.91
GART,PPAT,0.999
GART,SHMT1,0.999
GART,SHMT2,0.999
GART,UMPS,0.956
GAS1,LRP2,0.935
GAS1,PTCH1,0.998
GAS1,SHH,0.999
GATA1,GATA2,0.976
GATA1,GFI1B,0.95
GATA1,IKZF1,0.939
GATA1,ITGA2B,0.917
GATA1,LDB1,0.998
GATA1,LMO2,0.999
GATA1,RUNX1,0.989
GATA1,SPI1,0.996
GATA1,TAL1,0.999
GATA1,TCF3,0.995
GATA1,ZFPM1,0.999
GATA2,GFI1,0.924
GATA2,LDB1,0.994
GATA2,LMO2,0.997
GATA2,RUNX1,0.996
GATA2,SPI1,0.993
GATA2,TAL1,0.999
GATA2,ZFPM1,0.996
GATA3,HDAC1,0.911
GATA3,IL4,0.911
GATA3,LDB1,0.932
GATA3,RUNX1,0.989
GATA3,STAT6,0.971
GATA3,TAL1,0.993
GATA4,MEF2C,0.969
GATA4,NFATC2,0.926
GATA4,NKX2-5,0.999
GATA4,NR5A1,0.96
GATA4,RHOA,0.931
GATA4,SMARCD3,0.975
GATA4,SOX9,0.977
GATA4,SQSTM1,0.949
GATA4,SRF,0.991
GATA4,TBX20,0.991
GATA4,TBX5,0.998
GATA4,ZFPM1,0.904
GATAD2A,GATAD2B,0.989
GATAD2A,HDAC1,0.999
GATAD2A,HDAC2,0.999
GATAD2A,MBD2,0.999
GATAD2A,MBD3,0.987
GATAD2A,MTA1,0.999
GATAD2A,MTA2,0.999
GATAD2A,MTA3,0.995
GATAD2A,RBBP4,0.999
GATAD2A,RBBP7,0.999
GATAD2A,ZMYND8,0.915
GATAD2B,HDAC1,0.999
GATAD2B,HDAC2,0.998
GATAD2B,MBD2,0.986
GATAD2B,MBD3,0.978
GATAD2B,MTA1,0.997
GATAD2B,MTA2,0.998
GATAD2B,MTA3,0.993
GATAD2B,RBBP4,0.999
GATAD2B,RBBP7,0.999
GATB,GATC,0.999
GATB,QARS1,0.993
GATB,QRSL1,0.999
GATC,MT-CO2,0.909
GATC,MT-CO3,0.9
GATC,QARS1,0.96
GATC,QRSL1,0.999
GATC,UQCR10,0.946
GATC,UQCRB,0.96
GATC,UQCRC2,0.917
GATC,UQCRFS1,0.925
GATC,UQCRQ,0.957
GBA,GLB1,0.976
GBA,LRRK2,0.922
GBA,PLPP3,0.906
GBA,PRKN,0.911
GBA,PSAP,0.991
GBA,SCARB2,0.976
GBA,SGMS1,0.928
GBA,SNCA,0.963
GBA,UGCG,0.992
GBP1,STAT1,0.969
GCFC2,SYF2,0.922
GCFC2,TFIP11,0.978
GCG,GCGR,0.999
GCG,GHRH,0.942
GCG,GHRL,0.979
GCG,GIPR,0.999
GCG,GLP1R,0.999
GCG,GLP2R,0.997
GCG,GNAS,0.939
GCG,HTR6,0.906
GCG,INS,0.998
GCG,LEP,0.976
GCG,LHCGR,0.916
GCG,MC2R,0.924
GCG,NPR1,0.92
GCG,PTGER2,0.906
GCG,PTH,0.931
GCG,SCT,0.981
GCG,TSHR,0.918
GCG,VIPR2,0.96
GCGR,GNAI1,0.915
GCGR,GNAQ,0.969
GCGR,GNAS,0.995
GCGR,GNB1,0.961
GCGR,GNG2,0.907
GCH1,GCHFR,0.998
GCH1,MOCS1,0.921
GCH1,TH,0.935
GCK,GLB1,0.9
GCK,HK1,0.917
GCK,HNF1A,0.901
GCK,INS,0.945
GCK,NEUROD1,0.93
GCK,PDX1,0.965
GCLC,GCLM,0.999
GCLC,KEAP1,0.905
GCLC,NFE2L2,0.966
GCLM,KEAP1,0.932
GCLM,NFE2L2,0.951
GCN1,RACK1,0.912
GCN1,RPL19,0.946
GCN1,RPL23A,0.934
GCN1,RPL5,0.916
GCN1,RPS12,0.935
GCN1,RPS13,0.95
GCN1,RPS15,0.949
GCN1,RPS2,0.948
GCN1,RPS20,0.947
GCN1,RPS3,0.95
GCN1,RPS3A,0.904
GCN1,RPS5,0.911
GCN1,RPSA,0.9
GDF11,TGFBR1,0.999
GDF11,WFIKKN2,0.92
GDF15,GFRAL,0.999
GDF15,RET,0.958
GDF15,TGFBR2,0.96
GDF2,TGFBR1,0.906
GDF5,HJV,0.915
GDI1,RAB11B,0.932
GDI1,RAB13,0.916
GDI1,RAB1A,0.996
GDI1,RAB3A,0.942
GDI1,RAB5A,0.927
GDI1,RAB7A,0.919
GDI1,RAB8A,0.982
GDI1,RAB9A,0.927
GDNF,GFRA1,0.999
GDNF,GFRA2,0.999
GDNF,GFRA3,0.997
GDNF,GFRA4,0.986
GDNF,GFRAL,0.92
GDNF,JUN,0.975
GDNF,NCAM1,0.936
GDNF,NGF,0.926
GDNF,NTF3,0.937
GDNF,NTRK1,0.991
GDNF,NTRK2,0.994
GDNF,NTRK3,0.972
GDNF,RET,0.999
GEMIN2,GEMIN4,0.999
GEMIN2,GEMIN5,0.999
GEMIN2,GEMIN6,0.999
GEMIN2,GEMIN7,0.999
GEMIN2,GEMIN8,0.999
GEMIN2,SMN1,0.999
GEMIN2,SNRNP70,0.908
GEMIN2,SNRPB,0.989
GEMIN2,SNRPD1,0.999
GEMIN2,SNRPD2,0.999
GEMIN2,SNRPD3,0.963
GEMIN2,SNRPE,0.999
GEMIN2,SNRPF,0.998
GEMIN2,SNRPG,0.998
GEMIN2,STRAP,0.999
GEMIN4,GEMIN5,0.999
GEMIN4,GEMIN6,0.998
GEMIN4,GEMIN7,0.997
GEMIN4,GEMIN8,0.99
GEMIN4,LGALS3,0.945
GEMIN4,SMN1,0.995
GEMIN4,SNRPB,0.977
GEMIN4,SNRPD1,0.939
GEMIN4,SNRPD2,0.956
GEMIN4,SNRPD3,0.938
GEMIN4,SNRPE,0.953
GEMIN4,SNRPF,0.959
GEMIN4,SNRPG,0.92
GEMIN4,STRAP,0.99
GEMIN5,GEMIN6,0.999
GEMIN5,GEMIN7,0.997
GEMIN5,GEMIN8,0.996
GEMIN5,SMN1,0.992
GEMIN5,SNRPB,0.981
GEMIN5,SNRPD1,0.982
GEMIN5,SNRPD2,0.976
GEMIN5,SNRPD3,0.972
GEMIN5,SNRPE,0.973
GEMIN5,SNRPF,0.965
GEMIN5,SNRPG,0.955
GEMIN5,STRAP,0.995
GEMIN6,GEMIN7,0.999
GEMIN6,GEMIN8,0.999
GEMIN6,SMN1,0.99
GEMIN6,SNRPB,0.981
GEMIN6,SNRPD1,0.959
GEMIN6,SNRPD2,0.975
GEMIN6,SNRPD3,0.97
GEMIN6,SNRPE,0.989
GEMIN6,SNRPF,0.978
GEMIN6,SNRPG,0.966
GEMIN6,STRAP,0.999
GEMIN7,GEMIN8,0.999
GEMIN7,SMN1,0.994
GEMIN7,SNRPB,0.957
GEMIN7,SNRPD1,0.966
GEMIN7,SNRPD2,0.955
GEMIN7,SNRPD3,0.953
GEMIN7,SNRPE,0.984
GEMIN7,SNRPF,0.924
GEMIN7,SNRPG,0.936
GEMIN7,STRAP,0.999
GEMIN8,SMN1,0.993
GEMIN8,SNRPB,0.964
GEMIN8,SNRPD1,0.945
GEMIN8,SNRPD2,0.954
GEMIN8,SNRPD3,0.942
GEMIN8,SNRPE,0.968
GEMIN8,SNRPF,0.97
GEMIN8,SNRPG,0.939
GEMIN8,STRAP,0.996
GET4,SGTA,0.999
GET4,UBL4A,0.999
GFER,SAV1,0.99
GFI1,HDAC1,0.957
GFI1,KDM1A,0.986
GFI1B,KDM1A,0.982
GFI1B,RCOR1,0.973
GFI1B,TAL1,0.905
GFRA1,NCAM1,0.962
GFRA1,NGF,0.95
GFRA1,NRTN,0.999
GFRA1,PSPN,0.998
GFRA1,RET,0.999
GFRA2,NRTN,0.999
GFRA2,PSPN,0.996
GFRA2,RET,0.999
GFRA3,NRTN,0.998
GFRA3,PSPN,0.998
GFRA3,RET,0.999
GFRA4,NRTN,0.993
GFRA4,PSPN,0.999
GFRA4,RET,0.985
GFRAL,RET,0.998
GGA1,GGA2,0.987
GGA1,GGA3,0.983
GGA1,IGF2R,0.994
GGA1,RABEP1,0.997
GGA1,RABGEF1,0.93
GGA1,SORL1,0.986
GGA1,SORT1,0.954
GGA2,GGA3,0.985
GGA2,IGF2R,0.985
GGA2,RABEP1,0.974
GGA2,SORL1,0.951
GGA2,SORT1,0.929
GGA3,IGF2R,0.996
GGA3,RABEP1,0.996
GGA3,RPS27A,0.932
GGA3,UBA52,0.903
GGA3,UBB,0.917
GH1,GHR,0.999
GH1,GHRH,0.964
GH1,GHRHR,0.918
GH1,GHRL,0.956
GH1,IGF1,0.91
GH1,LEP,0.949
GH1,PRLR,0.993
GH1,THPO,0.91
GHR,IGF1,0.956
GHR,JAK2,0.999
GHR,SOCS2,0.993
GHR,STAT5A,0.926
GHR,STAT5B,0.977
GHRH,GHRHR,0.999
GHRH,GHRL,0.949
GHRH,GHSR,0.973
GHRH,GNAS,0.963
GHRH,GNB1,0.908
GHRH,IGF1,0.916
GHRH,SCT,0.924
GHRHR,GNAS,0.995
GHRHR,GNB1,0.959
GHRHR,GNG2,0.907
GHRL,GHSR,0.999
GHRL,GPR39,0.983
GHRL,IGF1,0.948
GHRL,INS,0.983
GHRL,LEP,0.994
GHRL,NPY1R,0.921
GHSR,GNA11,0.943
GHSR,GNAI1,0.967
GHSR,GNAQ,0.963
GHSR,GNB1,0.911
GID4,GID8,0.996
GID4,MAEA,0.914
GID4,MKLN1,0.915
GID4,RANBP10,0.99
GID4,RANBP9,0.99
GID4,RMND5A,0.991
GID4,WDR26,0.972
GID8,MAEA,0.96
GID8,MKLN1,0.995
GID8,RANBP10,0.99
GID8,RANBP9,0.995
GID8,RMND5A,0.999
GID8,RMND5B,0.959
GID8,WDR26,0.999
GIGYF2,GRB10,0.985
GIGYF2,ZNF598,0.973
GINS1,GINS2,0.999
GINS1,GINS3,0.999
GINS1,GINS4,0.999
GINS1,MCM2,0.999
GINS1,MCM3,0.999
GINS1,MCM4,0.999
GINS1,MCM5,0.999
GINS1,MCM6,0.998
GINS1,MCM7,0.999
GINS1,MCM9,0.902
GINS1,POLE,0.989
GINS1,POLE2,0.996
GINS1,TIMELESS,0.974
GINS1,TIPIN,0.996
GINS1,WDHD1,0.996
GINS2,GINS3,0.999
GINS2,GINS4,0.999
GINS2,MCM2,0.998
GINS2,MCM3,0.999
GINS2,MCM4,0.999
GINS2,MCM5,0.999
GINS2,MCM6,0.998
GINS2,MCM7,0.999
GINS2,MCM9,0.914
GINS2,POLE,0.952
GINS2,POLE2,0.996
GINS2,TIMELESS,0.977
GINS2,TIPIN,0.976
GINS2,WDHD1,0.997
GINS3,GINS4,0.999
GINS3,MCM2,0.999
GINS3,MCM3,0.999
GINS3,MCM4,0.999
GINS3,MCM5,0.999
GINS3,MCM6,0.999
GINS3,MCM7,0.999
GINS3,MCM9,0.91
GINS3,POLE,0.978
GINS3,POLE2,0.989
GINS3,TIMELESS,0.991
GINS3,TIPIN,0.993
GINS3,WDHD1,0.998
GINS4,MCM2,0.999
GINS4,MCM3,0.999
GINS4,MCM4,0.999
GINS4,MCM5,0.999
GINS4,MCM6,0.999
GINS4,MCM7,0.999
GINS4,MCM9,0.92
GINS4,POLA1,0.942
GINS4,POLE,0.994
GINS4,POLE2,0.993
GINS4,RPA1,0.996
GINS4,RPA2,0.995
GINS4,RPA3,0.995
GINS4,TIMELESS,0.992
GINS4,TIPIN,0.999
GINS4,WDHD1,0.999
GIPC1,LRP2,0.961
GIPC1,NRP1,0.995
GIPC1,RGS19,0.999
GIPC1,SDC4,0.974
GIPR,GNAS,0.994
GIPR,GNB1,0.961
GIPR,GNG2,0.907
GIT1,GIT2,0.952
GIT1,GRK2,0.997
GIT1,GRK5,0.997
GIT1,GRK6,0.998
GIT1,PAK1,0.935
GIT1,PAK2,0.904
GIT1,PPFIA1,0.931
GIT1,PXN,0.999
GIT1,SCRIB,0.983
GIT2,GRK5,0.934
GIT2,GRK6,0.944
GIT2,PAK1,0.952
GIT2,PXN,0.999
GIT2,SRC,0.934
GJA1,GJB2,0.963
GJA1,GJB6,0.981
GJA1,MAPK1,0.943
GJA1,MAPK3,0.947
GJA1,MAPK7,0.941
GJA1,NEDD4,0.937
GJA1,PKP2,0.973
GJA1,SRC,0.998
GJA1,TJP1,0.999
GJA1,TUBA1A,0.915
GJA1,TUBA1B,0.908
GJA1,TUBA1C,0.903
GJA1,TUBA4A,0.93
GJA1,TUBB,0.943
GJA1,TUBB1,0.934
GJA1,TUBB2A,0.945
GJA1,TUBB2B,0.941
GJA1,TUBB3,0.945
GJA1,TUBB4A,0.94
GJA1,TUBB4B,0.938
GJA1,TUBB6,0.943
GJA1,TUBB8,0.935
GJB2,GJB6,0.99
GJB2,MYO15A,0.912
GJB2,NANOG,0.914
GJB2,SLC26A4,0.961
GJB3,KCNQ4,0.931
GLA,GLB1,0.984
GLA,HEXA,0.939
GLA,HEXB,0.941
GLA,MGAM,0.973
GLA,NEU1,0.931
GLB1,HEXA,0.959
GLB1,HEXB,0.962
GLB1,HK1,0.901
GLB1,NEU1,0.999
GLB1,ST3GAL1,0.919
GLB1,UGCG,0.934
GLE1,NUP107,0.942
GLE1,NUP133,0.933
GLE1,NUP153,0.924
GLE1,NUP155,0.988
GLE1,NUP214,0.998
GLE1,NUP42,0.998
GLE1,NUP54,0.924
GLE1,NUP62,0.925
GLE1,NUP88,0.945
GLE1,NUP98,0.916
GLE1,NXF1,0.933
GLE1,RAE1,0.992
GLE1,RANBP2,0.903
GLE1,SEH1L,0.912
GLG1,SELP,0.983
GLI1,GLI2,0.958
GLI1,GLI3,0.923
GLI1,KAT2B,0.932
GLI1,KIF7,0.997
GLI1,PRKACA,0.966
GLI1,PRKACB,0.954
GLI1,PTCH1,0.978
GLI1,SHH,0.979
GLI1,SMO,0.988
GLI1,SPOP,0.99
GLI1,SUFU,0.999
GLI2,GLI3,0.941
GLI2,GSK3B,0.911
GLI2,KIF7,0.997
GLI2,PRKACA,0.966
GLI2,PRKACB,0.966
GLI2,PTCH1,0.972
GLI2,RUNX2,0.958
GLI2,SHH,0.975
GLI2,SMO,0.98
GLI2,SPOP,0.991
GLI2,SUFU,0.999
GLI2,THOC1,0.96
GLI2,THOC2,0.992
GLI2,THOC3,0.986
GLI3,GSK3B,0.953
GLI3,KIF7,0.995
GLI3,PRKACA,0.963
GLI3,PRKACB,0.963
GLI3,PTCH1,0.989
GLI3,SHH,0.966
GLI3,SMO,0.975
GLI3,SPOP,0.994
GLI3,SUFU,0.999
GLIS3,SUFU,0.929
GLMN,NLRC4,0.922
GLMN,NLRP3,0.914
GLMN,RBX1,0.999
GLMN,SKP1,0.96
GLP1R,GLP2R,0.916
GLP1R,GNAQ,0.901
GLP1R,GNAS,0.995
GLP1R,GNB1,0.975
GLP1R,GNG2,0.909
GLP1R,INS,0.903
GLP1R,SCT,0.914
GLP1R,SLC5A2,0.909
GLP2R,GNB1,0.96
GLP2R,GNG2,0.907
GLRA1,GPHN,0.905
GLRB,GPHN,0.997
GLRX3,PRKCQ,0.922
GMNN,MCIDAS,0.956
GMNN,MCM6,0.951
GMNN,SPOP,0.946
GNA11,GNAQ,0.973
GNA11,GNB1,0.994
GNA11,GNG2,0.948
GNA11,GNRHR,0.922
GNA11,GRM1,0.921
GNA11,GRM5,0.907
GNA11,HTR2A,0.92
GNA11,HTR2B,0.925
GNA11,HTR2C,0.915
GNA11,KISS1R,0.913
GNA11,PLCB1,0.973
GNA11,PLCB2,0.944
GNA11,PLCB3,0.952
GNA11,PLCG1,0.936
GNA11,PLCG2,0.906
GNA11,PTH1R,0.936
GNA12,GNA13,0.992
GNA12,GNG12,0.945
GNA12,GPR55,0.983
GNA12,GRM1,0.916
GNA12,IGF1R,0.917
GNA12,LPAR1,0.995
GNA12,LPAR2,0.985
GNA12,LPAR5,0.98
GNA12,PTH1R,0.925
GNA12,PTK2B,0.952
GNA12,RHOA,0.988
GNA12,S1PR2,0.992
GNA12,S1PR3,0.993
GNA12,S1PR4,0.989
GNA12,S1PR5,0.99
GNA13,GNB1,0.991
GNA13,GNG2,0.968
GNA13,GRM1,0.907
GNA13,IGF1R,0.916
GNA13,ITGA2B,0.957
GNA13,ITGB3,0.994
GNA13,LPAR1,0.962
GNA13,LPAR2,0.935
GNA13,LPAR5,0.916
GNA13,PIK3CG,0.941
GNA13,PIK3R5,0.906
GNA13,PIK3R6,0.9
GNA13,PTH1R,0.917
GNA13,RHOA,0.991
GNA13,RIC8A,0.911
GNA13,S1PR2,0.999
GNA13,S1PR3,0.989
GNA13,S1PR4,0.924
GNA13,S1PR5,0.927
GNA13,SRC,0.958
GNA13,TBXA2R,0.985
GNA14,PLCB1,0.947
GNA14,PLCB2,0.957
GNA14,PLCB3,0.946
GNA15,PLCB1,0.947
GNA15,PLCB2,0.976
GNA15,PLCB3,0.948
GNAI1,GNAI2,0.975
GNAI1,GNAI3,0.984
GNAI1,GNAO1,0.908
GNAI1,GNB1,0.999
GNAI1,GNB2,0.979
GNAI1,GNB4,0.99
GNAI1,GNB5,0.908
GNAI1,GNG10,0.912
GNAI1,GNG2,0.998
GNAI1,GNG3,0.938
GNAI1,GNG4,0.972
GNAI1,GNG5,0.926
GNAI1,GNG7,0.973
GNAI1,GNGT1,0.984
GNAI1,GPR183,0.907
GNAI1,GPR88,0.916
GNAI1,GPSM1,0.989
GNAI1,GRM1,0.907
GNAI1,GRM2,0.99
GNAI1,GRM3,0.92
GNAI1,HCK,0.907
GNAI1,HCRTR2,0.92
GNAI1,HRAS,0.923
GNAI1,HTR1A,0.97
GNAI1,HTR1D,0.967
GNAI1,HTR1E,0.967
GNAI1,HTR4,0.91
GNAI1,IGF1R,0.937
GNAI1,KCNJ3,0.902
GNAI1,KCNJ5,0.904
GNAI1,KCNJ6,0.903
GNAI1,KRAS,0.926
GNAI1,LPAR1,0.997
GNAI1,LYN,0.909
GNAI1,MAPK1,0.931
GNAI1,MAPK3,0.953
GNAI1,MMP14,0.904
GNAI1,MTNR1A,0.976
GNAI1,MTNR1B,0.975
GNAI1,NOS3,0.906
GNAI1,NPY1R,0.992
GNAI1,NPY2R,0.92
GNAI1,NRAS,0.918
GNAI1,NTSR1,0.914
GNAI1,OPRD1,0.991
GNAI1,OPRM1,0.992
GNAI1,OXTR,0.909
GNAI1,P2RY12,0.915
GNAI1,PIK3CA,0.914
GNAI1,PIK3CB,0.942
GNAI1,PIK3CD,0.903
GNAI1,PIK3CG,0.913
GNAI1,PIK3R1,0.912
GNAI1,PIK3R2,0.902
GNAI1,PIK3R3,0.915
GNAI1,PIK3R5,0.925
GNAI1,PIK3R6,0.9
GNAI1,PLCB1,0.928
GNAI1,PLCB2,0.926
GNAI1,PLCB3,0.93
GNAI1,PNOC,0.95
GNAI1,PTGER1,0.909
GNAI1,PTGER2,0.909
GNAI1,PTGER3,0.994
GNAI1,PTGER4,0.911
GNAI1,PTH1R,0.938
GNAI1,RAPGEF4,0.908
GNAI1,RASD1,0.941
GNAI1,RGS14,0.996
GNAI1,RGS4,0.932
GNAI1,RGS9,0.935
GNAI1,RHO,0.946
GNAI1,RIC8A,0.952
GNAI1,RXFP1,0.912
GNAI1,S1PR1,0.993
GNAI1,S1PR2,0.911
GNAI1,S1PR3,0.99
GNAI1,S1PR4,0.909
GNAI1,S1PR5,0.99
GNAI1,SMO,0.969
GNAI1,SRC,0.916
GNAI1,SSTR1,0.923
GNAI1,SSTR2,0.991
GNAI1,SSTR3,0.917
GNAI1,SSTR4,0.913
GNAI1,SSTR5,0.917
GNAI2,GNAI3,0.992
GNAI2,GNB1,0.999
GNAI2,GNB2,0.982
GNAI2,GNB3,0.947
GNAI2,GNB4,0.977
GNAI2,GNB5,0.911
GNAI2,GNG10,0.94
GNAI2,GNG2,0.974
GNAI2,GNG3,0.917
GNAI2,GNG4,0.95
GNAI2,GNG5,0.928
GNAI2,GNG7,0.947
GNAI2,GPSM1,0.969
GNAI2,GPSM2,0.956
GNAI2,GRM1,0.912
GNAI2,GRM2,0.91
GNAI2,GRM3,0.903
GNAI2,HCK,0.916
GNAI2,HRAS,0.922
GNAI2,IGF1R,0.916
GNAI2,KCNJ3,0.903
GNAI2,KCNJ5,0.907
GNAI2,KCNJ6,0.903
GNAI2,KRAS,0.938
GNAI2,LPAR1,0.928
GNAI2,LYN,0.919
GNAI2,MAPK1,0.934
GNAI2,MAPK3,0.937
GNAI2,MMP14,0.906
GNAI2,NOS3,0.906
GNAI2,NPY1R,0.914
GNAI2,NRAS,0.927
GNAI2,OPRD1,0.916
GNAI2,OPRM1,0.917
GNAI2,OXTR,0.909
GNAI2,P2RY12,0.946
GNAI2,PIK3CA,0.915
GNAI2,PIK3CB,0.911
GNAI2,PIK3CD,0.91
GNAI2,PIK3CG,0.913
GNAI2,PIK3R1,0.915
GNAI2,PIK3R2,0.902
GNAI2,PIK3R3,0.902
GNAI2,PIK3R5,0.923
GNAI2,PIK3R6,0.901
GNAI2,PLCB1,0.926
GNAI2,PLCB2,0.934
GNAI2,PLCB3,0.926
GNAI2,PTGER1,0.909
GNAI2,PTGER2,0.91
GNAI2,PTGER3,0.914
GNAI2,PTGER4,0.911
GNAI2,PTH1R,0.91
GNAI2,RAPGEF4,0.906
GNAI2,RASD1,0.918
GNAI2,RGS9,0.942
GNAI2,RIC8A,0.948
GNAI2,RXFP1,0.911
GNAI2,S1PR1,0.922
GNAI2,S1PR2,0.917
GNAI2,S1PR3,0.92
GNAI2,S1PR4,0.912
GNAI2,S1PR5,0.91
GNAI2,SRC,0.92
GNAI2,SSTR1,0.913
GNAI2,SSTR2,0.937
GNAI2,SSTR3,0.913
GNAI2,SSTR5,0.915
GNAI3,GNAO1,0.904
GNAI3,GNB1,0.999
GNAI3,GNB2,0.983
GNAI3,GNB4,0.989
GNAI3,GNG10,0.946
GNAI3,GNG2,0.967
GNAI3,GNG3,0.947
GNAI3,GNG4,0.965
GNAI3,GNG5,0.946
GNAI3,GNG7,0.952
GNAI3,GPSM1,0.989
GNAI3,GPSM2,0.936
GNAI3,GRM1,0.903
GNAI3,GRM2,0.903
GNAI3,GRM3,0.903
GNAI3,GRM4,0.904
GNAI3,HCK,0.91
GNAI3,HRAS,0.924
GNAI3,IGF1R,0.91
GNAI3,KCNJ3,0.912
GNAI3,KCNJ5,0.902
GNAI3,KCNJ6,0.903
GNAI3,KRAS,0.936
GNAI3,LPAR1,0.92
GNAI3,LYN,0.913
GNAI3,MAPK1,0.934
GNAI3,MAPK3,0.929
GNAI3,MMP14,0.903
GNAI3,NOS3,0.906
GNAI3,NPY1R,0.917
GNAI3,NRAS,0.927
GNAI3,OPRD1,0.911
GNAI3,OPRM1,0.911
GNAI3,OXTR,0.91
GNAI3,P2RY12,0.905
GNAI3,PIK3CA,0.923
GNAI3,PIK3CB,0.915
GNAI3,PIK3CD,0.903
GNAI3,PIK3CG,0.913
GNAI3,PIK3R1,0.91
GNAI3,PIK3R2,0.9
GNAI3,PIK3R3,0.915
GNAI3,PIK3R5,0.916
GNAI3,PIK3R6,0.9
GNAI3,PLCB1,0.929
GNAI3,PLCB2,0.925
GNAI3,PLCB3,0.935
GNAI3,PTGER1,0.909
GNAI3,PTGER2,0.909
GNAI3,PTGER3,0.915
GNAI3,PTGER4,0.914
GNAI3,PTH1R,0.91
GNAI3,RAPGEF4,0.905
GNAI3,RASD1,0.927
GNAI3,RGS14,0.947
GNAI3,RGS19,0.947
GNAI3,RGS2,0.976
GNAI3,RGS9,0.935
GNAI3,RIC8A,0.975
GNAI3,RXFP1,0.912
GNAI3,S1PR1,0.963
GNAI3,S1PR2,0.909
GNAI3,S1PR3,0.912
GNAI3,S1PR4,0.909
GNAI3,S1PR5,0.91
GNAI3,SRC,0.911
GNAI3,SSTR1,0.913
GNAI3,SSTR2,0.991
GNAI3,SSTR3,0.913
GNAI3,SSTR5,0.913
GNAO1,GNB1,0.996
GNAO1,GNB3,0.92
GNAO1,GNB4,0.947
GNAO1,GNB5,0.935
GNAO1,GNG2,0.98
GNAO1,GNG3,0.925
GNAO1,RGS4,0.989
GNAO1,RGS7,0.981
GNAO1,RIC8A,0.946
GNAQ,GNB1,0.997
GNAQ,GNB5,0.917
GNAQ,GNG2,0.972
GNAQ,GNRHR,0.983
GNAQ,GRK2,0.999
GNAQ,GRM1,0.998
GNAQ,GRM5,0.999
GNAQ,HRAS,0.967
GNAQ,HRH1,0.999
GNAQ,HTR2A,0.99
GNAQ,HTR2B,0.995
GNAQ,HTR2C,0.995
GNAQ,KCNJ12,0.909
GNAQ,KISS1R,0.98
GNAQ,KRAS,0.96
GNAQ,LPAR1,0.997
GNAQ,LPAR2,0.994
GNAQ,LPAR3,0.978
GNAQ,LPAR5,0.991
GNAQ,MTNR1B,0.917
GNAQ,NRAS,0.974
GNAQ,OXTR,0.995
GNAQ,P2RY1,0.955
GNAQ,P2RY2,0.985
GNAQ,PIK3CA,0.901
GNAQ,PLA2G4A,0.919
GNAQ,PLCB1,0.999
GNAQ,PLCB2,0.994
GNAQ,PLCB3,0.999
GNAQ,PLCG1,0.933
GNAQ,PLCG2,0.927
GNAQ,PTGER1,0.968
GNAQ,PTGER3,0.919
GNAQ,PTH1R,0.946
GNAQ,RGS19,0.937
GNAQ,RGS2,0.988
GNAQ,RGS4,0.992
GNAQ,RHOA,0.973
GNAQ,RIC8A,0.975
GNAQ,S1PR2,0.998
GNAQ,S1PR3,0.999
GNAQ,SUCLG2,0.978
GNAQ,TBXA2R,0.995
GNAQ,TSHR,0.964
GNAS,GNB1,0.999
GNAS,GNB2,0.986
GNAS,GNB3,0.982
GNAS,GNB4,0.992
GNAS,GNB5,0.959
GNAS,GNG10,0.965
GNAS,GNG11,0.95
GNAS,GNG12,0.95
GNAS,GNG13,0.971
GNAS,GNG2,0.997
GNAS,GNG3,0.967
GNAS,GNG4,0.98
GNAS,GNG5,0.978
GNAS,GNG7,0.964
GNAS,GNG8,0.951
GNAS,GNGT1,0.971
GNAS,GNGT2,0.949
GNAS,GNRHR,0.931
GNAS,GPER1,0.919
GNAS,GRM1,0.905
GNAS,HCRTR2,0.914
GNAS,HRH2,0.951
GNAS,HTR2A,0.932
GNAS,HTR2B,0.928
GNAS,HTR2C,0.972
GNAS,HTR6,0.992
GNAS,HTR7,0.995
GNAS,IGF1R,0.927
GNAS,LHCGR,0.955
GNAS,LPAR1,0.94
GNAS,LPAR2,0.917
GNAS,LPAR3,0.952
GNAS,LPAR5,0.921
GNAS,MC1R,0.929
GNAS,MC2R,0.935
GNAS,MC4R,0.938
GNAS,NPR1,0.92
GNAS,OPRM1,0.92
GNAS,OXTR,0.992
GNAS,P2RY1,0.904
GNAS,PLA2G4A,0.908
GNAS,PRKAR1A,0.916
GNAS,PTGER1,0.919
GNAS,PTGER2,0.986
GNAS,PTGER3,0.939
GNAS,PTGER4,0.986
GNAS,PTGIR,0.991
GNAS,PTH,0.975
GNAS,PTH1R,0.997
GNAS,PTH2R,0.964
GNAS,PTHLH,0.928
GNAS,RAMP1,0.98
GNAS,RAMP2,0.99
GNAS,RAMP3,0.979
GNAS,RXFP1,0.913
GNAS,SCT,0.928
GNAS,SCTR,0.993
GNAS,SRC,0.942
GNAS,SSTR2,0.923
GNAS,TACR1,0.905
GNAS,TRHR,0.92
GNAS,TSHR,0.997
GNAS,VIPR1,0.975
GNAS,VIPR2,0.994
GNAT1,GNB1,0.992
GNAT1,GNB2,0.931
GNAT1,GNB4,0.923
GNAT1,GNGT1,0.973
GNAT1,PDE6A,0.98
GNAT1,PDE6B,0.99
GNAT1,PDE6G,0.997
GNAT1,RGS9,0.976
GNAT1,RHO,0.999
GNAZ,GRM1,0.905
GNAZ,IGF1R,0.91
GNAZ,RGS19,0.901
GNAZ,RGS20,0.952
GNB1,GNB2,0.939
GNB1,GNB3,0.9
GNB1,GNG10,0.999
GNB1,GNG11,0.998
GNB1,GNG12,0.999
GNB1,GNG13,0.999
GNB1,GNG2,0.999
GNB1,GNG3,0.999
GNB1,GNG4,0.999
GNB1,GNG5,0.999
GNB1,GNG7,0.999
GNB1,GNG8,0.998
GNB1,GNGT1,0.999
GNB1,GNGT2,0.999
GNB1,GPR88,0.918
GNB1,GRK2,0.99
GNB1,HCRTR2,0.927
GNB1,HRH1,0.903
GNB1,HTR1A,0.973
GNB1,HTR1B,0.979
GNB1,HTR1D,0.973
GNB1,HTR1E,0.98
GNB1,HTR2C,0.953
GNB1,HTR4,0.926
GNB1,HTR7,0.992
GNB1,KCNJ3,0.916
GNB1,KCTD12,0.903
GNB1,LHCGR,0.901
GNB1,LPAR1,0.937
GNB1,MC1R,0.909
GNB1,MC2R,0.909
GNB1,MTNR1A,0.98
GNB1,MTNR1B,0.984
GNB1,NMUR2,0.955
GNB1,NTSR1,0.914
GNB1,OPRM1,0.938
GNB1,PDC,0.965
GNB1,PDCL,0.999
GNB1,PDE6A,0.945
GNB1,PDE6B,0.938
GNB1,PDE6G,0.945
GNB1,PIK3R5,0.917
GNB1,PLCB2,0.921
GNB1,PNOC,0.941
GNB1,PTGER3,0.969
GNB1,PTH1R,0.922
GNB1,PTH2R,0.925
GNB1,RGS9,0.937
GNB1,RHO,0.992
GNB1,S1PR1,0.92
GNB1,S1PR2,0.91
GNB1,S1PR3,0.909
GNB1,SCTR,0.959
GNB1,SMO,0.951
GNB1,SSTR2,0.91
GNB1,TACR1,0.907
GNB1,TRHR,0.909
GNB1,TSHR,0.901
GNB1,UCN,0.941
GNB1,VIPR1,0.959
GNB1,VIPR2,0.96
GNB2,GNG10,0.998
GNB2,GNG12,0.998
GNB2,GNG2,0.999
GNB2,GNG3,0.999
GNB2,GNG4,0.999
GNB2,GNG5,0.999
GNB2,GNG7,0.999
GNB2,GNG8,0.998
GNB2,GNGT1,0.998
GNB2,GNGT2,0.999
GNB2,HTR7,0.926
GNB2,MTNR1B,0.938
GNB2,PDCL,0.997
GNB3,GNG10,0.998
GNB3,GNG11,0.998
GNB3,GNG12,0.998
GNB3,GNG13,0.999
GNB3,GNG2,0.999
GNB3,GNG3,0.998
GNB3,GNG4,0.999
GNB3,GNG5,0.998
GNB3,GNG7,0.999
GNB3,GNGT1,0.999
GNB3,GNGT2,0.999
GNB3,HTR7,0.932
GNB3,MTNR1B,0.924
GNB3,PDCL,0.997
GNB3,PDE1A,0.919
GNB3,PDE1B,0.915
GNB3,PDE1C,0.922
GNB3,PLCB1,0.947
GNB3,PLCB2,0.979
GNB3,PLCB3,0.949
GNB3,TAS1R1,0.915
GNB3,TAS1R2,0.909
GNB3,TAS1R3,0.922
GNB4,GNG10,0.999
GNB4,GNG11,0.999
GNB4,GNG12,0.999
GNB4,GNG13,0.999
GNB4,GNG2,0.999
GNB4,GNG3,0.998
GNB4,GNG4,0.999
GNB4,GNG5,0.999
GNB4,GNG7,0.999
GNB4,GNG8,0.998
GNB4,GNGT1,0.999
GNB4,GNGT2,0.999
GNB4,HTR7,0.932
GNB4,MTNR1B,0.938
GNB4,PDCL,0.997
GNB4,PLCB2,0.94
GNB5,GNG2,0.999
GNB5,GNG3,0.998
GNB5,GNG4,0.999
GNB5,GNG5,0.998
GNB5,GNG7,0.999
GNB5,GPR158,0.932
GNB5,HTR7,0.926
GNB5,MNAT1,0.9
GNB5,MTNR1B,0.921
GNB5,PCNA,0.904
GNB5,PDCL,0.998
GNB5,RGS11,0.999
GNB5,RGS17,0.947
GNB5,RGS19,0.944
GNB5,RGS20,0.947
GNB5,RGS4,0.949
GNB5,RGS6,0.999
GNB5,RGS7,0.999
GNB5,RGS7BP,0.995
GNB5,RGS9,0.999
GNB5,RGS9BP,0.999
GNG10,GNG11,0.991
GNG10,HTR7,0.92
GNG10,MTNR1B,0.908
GNG11,GNG4,0.986
GNG11,HTR7,0.918
GNG11,MTNR1B,0.908
GNG12,HTR7,0.913
GNG12,MTNR1B,0.909
GNG12,PAK1,0.9
GNG12,PAK2,0.9
GNG12,PAK4,0.9
GNG12,PAK6,0.9
GNG13,GNG3,0.946
GNG13,GNG7,0.946
GNG13,HTR7,0.914
GNG13,MTNR1B,0.908
GNG13,PDE1A,0.911
GNG13,PDE1B,0.908
GNG13,PDE1C,0.901
GNG13,PLCB1,0.906
GNG13,PLCB2,0.966
GNG13,PLCB3,0.902
GNG13,TAS1R1,0.923
GNG13,TAS1R2,0.923
GNG13,TAS1R3,0.926
GNG2,GRK2,0.929
GNG2,GRM2,0.936
GNG2,HTR1A,0.938
GNG2,HTR1B,0.975
GNG2,HTR1D,0.938
GNG2,HTR1E,0.94
GNG2,HTR2C,0.941
GNG2,HTR7,0.983
GNG2,LPAR1,0.944
GNG2,MTNR1A,0.94
GNG2,MTNR1B,0.913
GNG2,NMUR2,0.904
GNG2,NTSR1,0.929
GNG2,OPRM1,0.935
GNG2,PIK3R5,0.931
GNG2,PLCB2,0.916
GNG2,PTGER3,0.934
GNG2,RHO,0.908
GNG2,SCTR,0.907
GNG2,SMO,0.922
GNG2,UCN,0.941
GNG2,VIPR1,0.907
GNG2,VIPR2,0.907
GNG3,HTR7,0.913
GNG3,MTNR1B,0.909
GNG4,GNGT1,0.93
GNG4,GNGT2,0.94
GNG4,HTR7,0.919
GNG4,MTNR1B,0.913
GNG4,PLCB2,0.908
GNG5,HTR7,0.918
GNG5,MTNR1B,0.908
GNG7,HTR7,0.912
GNG7,MTNR1B,0.909
GNG8,HTR7,0.912
GNG8,MTNR1B,0.908
GNGT1,HTR7,0.917
GNGT1,MTNR1B,0.908
GNGT1,PDC,0.975
GNGT1,PDCL,0.913
GNGT1,PDE6A,0.974
GNGT1,PDE6B,0.947
GNGT1,PDE6G,0.96
GNGT1,RGS9,0.936
GNGT1,RHO,0.98
GNGT2,HTR7,0.914
GNGT2,MTNR1B,0.91
GNL1,NMD3,0.947
GNL2,GNL3,0.997
GNL2,GTPBP4,0.999
GNL2,MDN1,0.962
GNL2,MRTO4,0.995
GNL2,MTREX,0.923
GNL2,NIFK,0.992
GNL2,NMD3,0.99
GNL2,NOP2,0.945
GNL2,NPM1,0.904
GNL2,PA2G4,0.993
GNL2,PES1,0.995
GNL2,PWP1,0.93
GNL2,RBM28,0.95
GNL2,RPF2,0.999
GNL2,RPL11,0.967
GNL2,RPL13,0.908
GNL2,RPL13A,0.905
GNL2,RPL14,0.932
GNL2,RPL15,0.92
GNL2,RPL17,0.93
GNL2,RPL18,0.936
GNL2,RPL18A,0.918
GNL2,RPL19,0.915
GNL2,RPL21,0.91
GNL2,RPL22,0.909
GNL2,RPL23,0.92
GNL2,RPL23A,0.987
GNL2,RPL26,0.929
GNL2,RPL27,0.912
GNL2,RPL27A,0.957
GNL2,RPL29,0.901
GNL2,RPL3,0.979
GNL2,RPL30,0.945
GNL2,RPL31,0.951
GNL2,RPL32,0.923
GNL2,RPL34,0.906
GNL2,RPL35,0.982
GNL2,RPL35A,0.902
GNL2,RPL36,0.913
GNL2,RPL37,0.912
GNL2,RPL37A,0.99
GNL2,RPL38,0.934
GNL2,RPL39,0.926
GNL2,RPL4,0.946
GNL2,RPL5,0.989
GNL2,RPL6,0.91
GNL2,RPL7,0.972
GNL2,RPL7A,0.961
GNL2,RPL8,0.959
GNL2,RPL9,0.906
GNL2,RRS1,0.99
GNL2,RSL1D1,0.994
GNL2,RSL24D1,0.999
GNL2,TEX10,0.969
GNL2,WDR12,0.969
GNL2,WDR18,0.992
GNL3,GTPBP4,0.992
GNL3,MDM2,0.979
GNL3,MRTO4,0.981
GNL3,NIFK,0.996
GNL3,NMD3,0.914
GNL3,NOP2,0.966
GNL3,NOP56,0.964
GNL3,NOP58,0.946
GNL3,PA2G4,0.963
GNL3,PES1,0.997
GNL3,RPF2,0.981
GNL3,RPL5,0.903
GNL3,RRS1,0.95
GNL3,RSL1D1,0.991
GNL3,RSL24D1,0.97
GNL3,TP53,0.976
GNL3,WDR12,0.988
GNL3,WDR43,0.925
GNPAT,PEX5,0.904
GNRHR,KISS1R,0.975
GOLGA2,GOLGA3,0.943
GOLGA2,GORASP1,0.999
GOLGA2,GORASP2,0.994
GOLGA2,LMAN1,0.917
GOLGA2,RAB1A,0.947
GOLGA2,RAB2A,0.911
GOLGA2,STX5,0.943
GOLGA2,USO1,0.997
GOLGA3,GOLGA7,0.939
GOLGA7,NRAS,0.932
GOLGA7,ORMDL3,0.904
GOLGA7,SPTLC1,0.904
GOLGA7,SPTLC2,0.9
GOLGA7,SPTLC3,0.9
GOLGA7,SPTSSA,0.9
GOLGA7,SPTSSB,0.9
GOLGA7,ZDHHC5,0.996
GOLGA7,ZDHHC9,0.999
GOLGA7,ZFP36L2,0.918
GOLGA7B,ZDHHC5,0.912
GOPC,ROS1,0.907
GOPC,STX6,0.97
GORASP1,PLK1,0.942
GORASP1,USO1,0.99
GORASP2,RAB2A,0.986
GOSR1,GOSR2,0.999
GOSR1,NAPA,0.937
GOSR1,SCFD1,0.999
GOSR1,SEC22B,0.998
GOSR1,STX12,0.974
GOSR1,STX3,0.926
GOSR1,STX5,0.999
GOSR1,STX6,0.977
GOSR1,STX7,0.982
GOSR1,SURF4,0.962
GOSR1,USE1,0.929
GOSR1,USO1,0.991
GOSR1,VAMP3,0.92
GOSR1,VAMP4,0.959
GOSR1,VAMP8,0.987
GOSR1,VTI1A,0.93
GOSR1,VTI1B,0.966
GOSR1,YKT6,0.999
GOSR2,NAPA,0.92
GOSR2,SCFD1,0.999
GOSR2,SEC22B,0.999
GOSR2,STX12,0.938
GOSR2,STX16,0.901
GOSR2,STX5,0.999
GOSR2,STX6,0.979
GOSR2,STX7,0.936
GOSR2,USO1,0.994
GOSR2,VAMP4,0.929
GOSR2,VTI1B,0.982
GOSR2,YKT6,0.995
GP1BA,GP1BB,0.999
GP1BA,GP5,0.979
GP1BA,GP6,0.946
GP1BA,GP9,0.999
GP1BA,ITGA2B,0.967
GP1BA,ITGAM,0.982
GP1BA,ITGB2,0.978
GP1BA,LYN,0.946
GP1BA,SELP,0.999
GP1BA,SELPLG,0.908
GP1BA,VWF,0.999
GP1BA,YWHAZ,0.979
GP1BB,GP5,0.996
GP1BB,GP9,0.999
GP1BB,LYN,0.942
GP1BB,SEPTIN5,0.902
GP1BB,VWF,0.998
GP1BB,YWHAZ,0.97
GP5,GP6,0.961
GP5,GP9,0.999
GP5,LYN,0.907
GP5,TXN,0.958
GP5,VWF,0.996
GP6,ITGA2,0.976
GP6,ITGA2B,0.94
GP6,LGALS3,0.974
GP6,LYN,0.997
GP6,S100A10,0.954
GP6,SELP,0.908
GP6,VWF,0.997
GP9,ITGA2B,0.98
GP9,LYN,0.919
GP9,VWF,0.998
GPATCH1,WDR83,0.913
GPC3,IGF2,0.993
GPC3,SHH,0.959
GPC3,WNT1,0.922
GPC3,WNT3A,0.986
GPC3,WNT5A,0.96
GPC4,LRRTM4,0.955
GPER1,GPR61,0.902
GPER1,GPR62,0.909
GPER1,PTK2,0.91
GPER1,SRC,0.948
GPHN,MOCS1,0.992
GPHN,MOCS2,0.998
GPHN,MTOR,0.903
GPHN,NLGN2,0.968
GPHN,PFN1,0.909
GPN1,GPN3,0.987
GPN1,PFDN6,0.904
GPN1,POLR2B,0.975
GPN1,POLR2C,0.95
GPN1,POLR2G,0.915
GPN1,POLR2J,0.962
GPN1,RPAP1,0.987
GPN1,RPAP3,0.935
GPN1,RUVBL1,0.913
GPN1,XPA,0.932
GPN3,POLR1C,0.908
GPN3,POLR2B,0.903
GPN3,POLR2C,0.942
GPN3,POLR2D,0.908
GPN3,POLR2F,0.913
GPN3,POLR2L,0.911
GPR143,TYR,0.908
GPR158,RGS7,0.989
GPR37,PRKN,0.995
GPR37,PSAP,0.99
GPR37L1,PSAP,0.958
GPR50,MTNR1A,0.955
GPR50,MTNR1B,0.938
GPR55,TRPV1,0.922
GPR83,IKBKB,0.9
GPR83,IRS1,0.9
GPR83,IRS2,0.9
GPR83,IRS4,0.9
GPS1,GPS2,0.958
GPS1,GRB2,0.902
GPS1,NEDD8,0.981
GPS1,PLCG1,0.908
GPS1,RBX1,0.982
GPS1,VHL,0.926
GPS2,HDAC3,0.998
GPS2,NCOR1,0.999
GPS2,NCOR2,0.997
GPS2,TBL1X,0.999
GPS2,TBL1XR1,0.999
GPS2,TBL1Y,0.999
GPSM2,INSC,0.994
GPSM2,NUMA1,0.997
GPSM2,PARD3B,0.909
GPSM2,WHRN,0.946
GRB10,IGF1,0.977
GRB10,IGF1R,0.996
GRB10,INS,0.945
GRB10,INSR,0.983
GRB10,IRS1,0.92
GRB10,NEDD4,0.976
GRB10,PIK3R1,0.948
GRB10,RET,0.919
GRB14,HRAS,0.918
GRB14,INSR,0.996
GRB2,HCST,0.995
GRB2,HRAS,0.938
GRB2,IGF1R,0.985
GRB2,IL6ST,0.956
GRB2,INPP5D,0.977
GRB2,INPPL1,0.911
GRB2,INSR,0.985
GRB2,IRS1,0.999
GRB2,IRS2,0.999
GRB2,IRS4,0.996
GRB2,ITK,0.976
GRB2,JAK2,0.987
GRB2,KDR,0.97
GRB2,KHDRBS1,0.939
GRB2,KIT,0.998
GRB2,KRAS,0.931
GRB2,LAT,0.999
GRB2,LAT2,0.966
GRB2,LCK,0.974
GRB2,LCP2,0.999
GRB2,LIFR,0.916
GRB2,MAPK1,0.92
GRB2,MET,0.999
GRB2,MUC1,0.921
GRB2,NCK1,0.993
GRB2,NPM1,0.919
GRB2,NTRK1,0.993
GRB2,NTRK2,0.969
GRB2,NTRK3,0.947
GRB2,PDGFRA,0.974
GRB2,PDGFRB,0.999
GRB2,PIK3CA,0.924
GRB2,PIK3R1,0.998
GRB2,PLCG1,0.999
GRB2,PSEN1,0.937
GRB2,PTK2,0.999
GRB2,PTK2B,0.951
GRB2,PTPN1,0.915
GRB2,PTPN11,0.999
GRB2,PTPN6,0.964
GRB2,PTPRA,0.974
GRB2,PXN,0.964
GRB2,RABIF,0.995
GRB2,RAPGEF1,0.983
GRB2,RET,0.952
GRB2,S100A8,0.913
GRB2,SH2B1,0.991
GRB2,SH3KBP1,0.956
GRB2,SHC1,0.999
GRB2,SHC2,0.957
GRB2,SHC3,0.987
GRB2,SOS1,0.999
GRB2,SRC,0.999
GRB2,STAMBP,0.951
GRB2,SYK,0.986
GRB2,SYNJ1,0.95
GRB2,TNK2,0.983
GRB2,VAV1,0.999
GRB2,VAV2,0.937
GRB2,VAV3,0.95
GRB2,WAS,0.995
GRB2,WASL,0.999
GRB2,WIPF1,0.992
GRB2,ZAP70,0.992
GRB7,SHC1,0.911
GRIA1,GRIA2,0.999
GRIA1,GRIA3,0.999
GRIA1,GRIA4,0.997
GRIA1,GRIN1,0.907
GRIA1,GRIN2A,0.926
GRIA1,GRIN2B,0.934
GRIA1,GRIP1,0.96
GRIA1,GRM2,0.966
GRIA1,GRM5,0.916
GRIA1,LYN,0.907
GRIA1,PICK1,0.952
GRIA1,PPP1CA,0.938
GRIA1,PPP1CB,0.912
GRIA1,PPP1CC,0.908
GRIA1,PRKACA,0.97
GRIA1,PRKACB,0.961
GRIA1,SHISA9,0.984
GRIA2,GRIA3,0.999
GRIA2,GRIA4,0.999
GRIA2,GRIN1,0.901
GRIA2,GRIN2A,0.933
GRIA2,GRIP1,0.999
GRIA2,LYN,0.904
GRIA2,NSF,0.942
GRIA2,PICK1,0.999
GRIA2,PPP1CA,0.908
GRIA2,PPP1CB,0.907
GRIA2,PPP1CC,0.901
GRIA2,PRKACA,0.937
GRIA2,PRKACB,0.939
GRIA3,GRIA4,0.997
GRIA3,GRIP1,0.993
GRIA3,LYN,0.902
GRIA3,PICK1,0.994
GRIA3,PPP1CA,0.908
GRIA3,PPP1CB,0.903
GRIA3,PPP1CC,0.901
GRIA3,PRKACA,0.922
GRIA3,PRKACB,0.924
GRIA4,PICK1,0.904
GRIA4,PPP1CA,0.904
GRIA4,PPP1CB,0.903
GRIA4,PPP1CC,0.9
GRIA4,PRKACA,0.946
GRIA4,PRKACB,0.93
GRIA4,SHISA9,0.919
GRID2,NRXN1,0.915
GRIK1,GRIK2,0.998
GRIK1,GRIK3,0.989
GRIK1,GRIK4,0.993
GRIK1,GRIK5,0.993
GRIK1,GRM7,0.931
GRIK2,GRIK3,0.985
GRIK2,GRIK4,0.992
GRIK2,GRIK5,0.999
GRIK2,NETO1,0.907
GRIK3,GRIK4,0.991
GRIK3,GRIK5,0.986
GRIK4,GRIK5,0.989
GRIN1,GRIN2A,0.999
GRIN1,GRIN2B,0.999
GRIN1,GRIN2C,0.999
GRIN1,GRIN2D,0.999
GRIN1,GRIN3A,0.999
GRIN1,GRIN3B,0.999
GRIN1,NOS1,0.955
GRIN1,P2RX3,0.921
GRIN1,P2RX7,0.909
GRIN2A,GRIN2B,0.999
GRIN2A,GRIN2C,0.998
GRIN2A,GRIN2D,0.998
GRIN2A,GRIN3A,0.999
GRIN2A,GRIN3B,0.998
GRIN2A,GRM3,0.936
GRIN2A,NOS1,0.974
GRIN2A,P2RX3,0.917
GRIN2A,P2RX7,0.909
GRIN2A,PPP1CA,0.914
GRIN2A,PPP1CB,0.909
GRIN2A,PPP1CC,0.907
GRIN2A,PRKACA,0.942
GRIN2A,PRKACB,0.942
GRIN2A,SRC,0.963
GRIN2B,GRIN2C,0.998
GRIN2B,GRIN2D,0.998
GRIN2B,GRIN3A,0.999
GRIN2B,GRIN3B,0.996
GRIN2B,KIF17,0.976
GRIN2B,LIN7A,0.937
GRIN2B,NOS1,0.984
GRIN2B,PPP1CA,0.917
GRIN2B,PPP1CB,0.908
GRIN2B,PPP1CC,0.913
GRIN2B,PRKACA,0.951
GRIN2B,PRKACB,0.951
GRIN2B,RASGRF1,0.972
GRIN2B,SRC,0.933
GRIN2B,SYNGAP1,0.936
GRIN2C,GRIN2D,0.998
GRIN2C,GRIN3A,0.998
GRIN2C,GRIN3B,0.996
GRIN2C,NOS1,0.922
GRIN2C,P2RX3,0.909
GRIN2C,P2RX7,0.906
GRIN2D,GRIN3A,0.998
GRIN2D,GRIN3B,0.996
GRIN2D,NOS1,0.945
GRIN2D,P2RX3,0.913
GRIN2D,P2RX7,0.902
GRIN3A,GRIN3B,0.995
GRIP1,GRIPAP1,0.99
GRIP1,PICK1,0.986
GRIP1,PPFIA1,0.913
GRK2,OPRM1,0.951
GRK2,RHO,0.908
GRK2,SMO,0.99
GRK2,SUCLG2,0.939
GRK5,OPRM1,0.948
GRK6,OPRM1,0.948
GRM1,GRM4,0.92
GRM1,GRM5,0.977
GRM1,HOMER1,0.998
GRM1,HOMER3,0.99
GRM1,KAT5,0.903
GRM1,RAMP1,0.909
GRM1,RAMP2,0.904
GRM1,RAMP3,0.904
GRM1,RORA,0.915
GRM1,SPTBN2,0.94
GRM2,GRM3,0.939
GRM2,GRM4,0.952
GRM2,GRM7,0.945
GRM2,HTR2A,0.998
GRM4,GRM6,0.952
GRM4,GRM8,0.941
GRM5,HOMER1,0.999
GRM5,HOMER3,0.929
GRM5,PRNP,0.953
GRM5,SHANK1,0.939
GRM6,TRPM1,0.974
GRM7,GRM8,0.936
GRM7,PICK1,0.942
GRN,HSPG2,0.907
GRN,SLPI,0.934
GRN,SORT1,0.968
GRN,TARDBP,0.958
GRPEL1,HSPA4,0.975
GRPEL1,HSPA8,0.911
GRPEL1,HSPA9,0.999
GRPEL1,HSPD1,0.982
GRPEL1,PAM16,0.908
GRPEL1,TIMM10,0.937
GRPEL1,TIMM17A,0.953
GRPEL1,TIMM44,0.997
GRPEL2,HSPA9,0.972
GRWD1,IMP4,0.924
GRWD1,MRTO4,0.946
GRWD1,MYBBP1A,0.904
GRWD1,NIFK,0.929
GRWD1,NOL10,0.916
GRWD1,NOP58,0.907
GRWD1,POLR1E,0.914
GRWD1,PWP1,0.943
GRWD1,RPF2,0.949
GRWD1,RPL11,0.911
GRWD1,RPL3,0.985
GRWD1,RRS1,0.926
GRWD1,RSL1D1,0.979
GRWD1,TBL3,0.942
GRWD1,UTP4,0.917
GRWD1,WDR12,0.908
GSE1,HDAC1,0.952
GSE1,HMG20A,0.951
GSE1,HMG20B,0.975
GSE1,KDM1A,0.917
GSE1,RCOR1,0.906
GSK3A,GSK3B,0.98
GSK3A,MAPT,0.911
GSK3A,SIAH1,0.911
GSK3B,GSKIP,0.985
GSK3B,GYS1,0.99
GSK3B,HNF4A,0.919
GSK3B,HSF1,0.904
GSK3B,HSP90AA1,0.958
GSK3B,HSP90AB1,0.92
GSK3B,JUN,0.908
GSK3B,KIF5A,0.917
GSK3B,KIF5B,0.932
GSK3B,KIF5C,0.918
GSK3B,KLC1,0.935
GSK3B,KLC2,0.935
GSK3B,KLC3,0.933
GSK3B,LRP5,0.96
GSK3B,LRP6,0.994
GSK3B,MAP2K1,0.939
GSK3B,MAP2K2,0.935
GSK3B,MAP3K7,0.961
GSK3B,MAPT,0.999
GSK3B,MUC1,0.922
GSK3B,MYC,0.996
GSK3B,NFATC2,0.938
GSK3B,NFE2L2,0.953
GSK3B,NIN,0.904
GSK3B,OGT,0.951
GSK3B,PARD3,0.944
GSK3B,PARD6A,0.921
GSK3B,PARD6B,0.915
GSK3B,PPP3CA,0.955
GSK3B,PPP3CB,0.942
GSK3B,PPP3CC,0.967
GSK3B,PPP3R1,0.928
GSK3B,PPP3R2,0.906
GSK3B,PRKACA,0.99
GSK3B,PRKACB,0.981
GSK3B,PRKCZ,0.955
GSK3B,PRNP,0.937
GSK3B,PSEN1,0.995
GSK3B,PTEN,0.906
GSK3B,RAF1,0.922
GSK3B,SIAH1,0.935
GSK3B,SMAD3,0.95
GSK3B,SNAI1,0.978
GSK3B,SUFU,0.92
GSK3B,TAB1,0.963
GSK3B,TAB2,0.963
GSK3B,TBC1D7,0.914
GSK3B,TBK1,0.923
GSK3B,TLR3,0.963
GSK3B,TP53,0.992
GSK3B,TRAF6,0.994
GSK3B,TSC1,0.975
GSK3B,TSC2,0.99
GSK3B,WNT1,0.9
GSK3B,WNT3A,0.937
GSK3B,YWHAZ,0.904
GSN,HCLS1,0.985
GSN,PFN1,0.954
GSN,PIKFYVE,0.917
GSN,PIP5K1B,0.922
GSN,SCIN,0.904
GSN,TLN1,0.941
GSN,VCL,0.918
GSN,VDAC1,0.901
GSN,WASL,0.996
GSPT1,GSPT2,0.991
GSPT1,PABPC1,0.996
GSPT1,RPL10,0.929
GSPT1,RPL11,0.921
GSPT1,RPL12,0.91
GSPT1,RPL13,0.93
GSPT1,RPL13A,0.933
GSPT1,RPL14,0.919
GSPT1,RPL15,0.906
GSPT1,RPL17,0.922
GSPT1,RPL18,0.905
GSPT1,RPL18A,0.911
GSPT1,RPL19,0.915
GSPT1,RPL21,0.945
GSPT1,RPL22,0.915
GSPT1,RPL23,0.909
GSPT1,RPL23A,0.925
GSPT1,RPL24,0.917
GSPT1,RPL26,0.909
GSPT1,RPL27,0.917
GSPT1,RPL27A,0.925
GSPT1,RPL3,0.928
GSPT1,RPL30,0.917
GSPT1,RPL31,0.921
GSPT1,RPL32,0.912
GSPT1,RPL34,0.913
GSPT1,RPL35,0.916
GSPT1,RPL36,0.916
GSPT1,RPL38,0.916
GSPT1,RPL39,0.933
GSPT1,RPL4,0.923
GSPT1,RPL5,0.908
GSPT1,RPL6,0.916
GSPT1,RPL7,0.906
GSPT1,RPL7A,0.923
GSPT1,RPL8,0.924
GSPT1,RPL9,0.933
GSPT1,RPLP0,0.923
GSPT1,RPS10,0.91
GSPT1,RPS11,0.918
GSPT1,RPS12,0.923
GSPT1,RPS13,0.924
GSPT1,RPS14,0.921
GSPT1,RPS15,0.934
GSPT1,RPS15A,0.921
GSPT1,RPS16,0.919
GSPT1,RPS17,0.916
GSPT1,RPS18,0.928
GSPT1,RPS19,0.925
GSPT1,RPS2,0.928
GSPT1,RPS20,0.931
GSPT1,RPS21,0.921
GSPT1,RPS23,0.967
GSPT1,RPS24,0.924
GSPT1,RPS25,0.917
GSPT1,RPS26,0.922
GSPT1,RPS27,0.921
GSPT1,RPS27A,0.906
GSPT1,RPS28,0.916
GSPT1,RPS29,0.905
GSPT1,RPS3,0.943
GSPT1,RPS3A,0.927
GSPT1,RPS4X,0.92
GSPT1,RPS4Y1,0.903
GSPT1,RPS5,0.926
GSPT1,RPS6,0.927
GSPT1,RPS7,0.928
GSPT1,RPS8,0.926
GSPT1,RPS9,0.909
GSPT1,RPSA,0.929
GSPT1,SMG1,0.955
GSPT1,UBA52,0.903
GSPT1,UPF1,0.994
GSPT2,PABPC1,0.993
GSPT2,SMG1,0.996
GSR,GSTP1,0.952
GSR,NFE2L2,0.93
GSR,TXN,0.916
GSTP1,JUN,0.927
GSTP1,MAPK8,0.974
GSTP1,TRAF2,0.945
GTF2A1,GTF2A2,0.999
GTF2A1,GTF2B,0.999
GTF2A1,GTF2E1,0.997
GTF2A1,GTF2E2,0.996
GTF2A1,GTF2F1,0.996
GTF2A1,GTF2F2,0.981
GTF2A1,GTF2H1,0.974
GTF2A1,GTF2H2,0.991
GTF2A1,GTF2H3,0.989
GTF2A1,GTF2H4,0.992
GTF2A1,GTF2H5,0.98
GTF2A1,MED1,0.96
GTF2A1,MED10,0.917
GTF2A1,MED14,0.964
GTF2A1,MED17,0.931
GTF2A1,MED21,0.908
GTF2A1,MED23,0.938
GTF2A1,MED24,0.924
GTF2A1,MED26,0.942
GTF2A1,MED27,0.947
GTF2A1,MED31,0.912
GTF2A1,MED7,0.964
GTF2A1,MNAT1,0.951
GTF2A1,POLR2A,0.988
GTF2A1,POLR2B,0.947
GTF2A1,POLR2C,0.951
GTF2A1,POLR2D,0.948
GTF2A1,POLR2E,0.957
GTF2A1,POLR2F,0.946
GTF2A1,POLR2G,0.947
GTF2A1,POLR2H,0.946
GTF2A1,POLR2I,0.946
GTF2A1,POLR2J,0.938
GTF2A1,POLR2K,0.945
GTF2A1,POLR2L,0.952
GTF2A1,SNAPC3,0.907
GTF2A1,SNAPC4,0.948
GTF2A1,STON2,0.98
GTF2A1,TAF1,0.988
GTF2A1,TAF10,0.983
GTF2A1,TAF11,0.981
GTF2A1,TAF12,0.977
GTF2A1,TAF13,0.985
GTF2A1,TAF2,0.987
GTF2A1,TAF3,0.979
GTF2A1,TAF4,0.985
GTF2A1,TAF5,0.994
GTF2A1,TAF6,0.989
GTF2A1,TAF7,0.984
GTF2A1,TAF8,0.98
GTF2A1,TAF9,0.99
GTF2A1,TAF9B,0.903
GTF2A1,TBP,0.999
GTF2A1,TBPL1,0.993
GTF2A2,GTF2B,0.999
GTF2A2,GTF2E1,0.998
GTF2A2,GTF2E2,0.998
GTF2A2,GTF2F1,0.997
GTF2A2,GTF2F2,0.992
GTF2A2,GTF2H1,0.985
GTF2A2,GTF2H2,0.993
GTF2A2,GTF2H3,0.994
GTF2A2,GTF2H4,0.992
GTF2A2,GTF2H5,0.983
GTF2A2,MED10,0.943
GTF2A2,MED14,0.925
GTF2A2,MED17,0.905
GTF2A2,MED21,0.951
GTF2A2,MED31,0.931
GTF2A2,MED6,0.952
GTF2A2,MED7,0.941
GTF2A2,MNAT1,0.965
GTF2A2,POLR2A,0.993
GTF2A2,POLR2B,0.972
GTF2A2,POLR2C,0.969
GTF2A2,POLR2D,0.969
GTF2A2,POLR2E,0.971
GTF2A2,POLR2F,0.965
GTF2A2,POLR2G,0.967
GTF2A2,POLR2H,0.975
GTF2A2,POLR2I,0.966
GTF2A2,POLR2J,0.962
GTF2A2,POLR2K,0.968
GTF2A2,POLR2L,0.964
GTF2A2,SNAPC1,0.903
GTF2A2,SNAPC3,0.953
GTF2A2,SNAPC4,0.95
GTF2A2,SNAPC5,0.906
GTF2A2,TAF1,0.986
GTF2A2,TAF10,0.99
GTF2A2,TAF11,0.99
GTF2A2,TAF12,0.966
GTF2A2,TAF13,0.99
GTF2A2,TAF2,0.985
GTF2A2,TAF3,0.981
GTF2A2,TAF4,0.987
GTF2A2,TAF5,0.993
GTF2A2,TAF6,0.985
GTF2A2,TAF7,0.986
GTF2A2,TAF8,0.985
GTF2A2,TAF9,0.995
GTF2A2,TAF9B,0.94
GTF2A2,TBP,0.999
GTF2A2,TBPL1,0.976
GTF2B,GTF2E1,0.999
GTF2B,GTF2E2,0.999
GTF2B,GTF2F1,0.999
GTF2B,GTF2F2,0.999
GTF2B,GTF2H1,0.99
GTF2B,GTF2H2,0.997
GTF2B,GTF2H3,0.998
GTF2B,GTF2H4,0.998
GTF2B,GTF2H5,0.986
GTF2B,MED1,0.956
GTF2B,MED10,0.98
GTF2B,MED11,0.917
GTF2B,MED14,0.994
GTF2B,MED17,0.971
GTF2B,MED18,0.967
GTF2B,MED19,0.913
GTF2B,MED20,0.921
GTF2B,MED21,0.985
GTF2B,MED23,0.936
GTF2B,MED24,0.921
GTF2B,MED25,0.913
GTF2B,MED26,0.971
GTF2B,MED27,0.94
GTF2B,MED28,0.906
GTF2B,MED31,0.975
GTF2B,MED4,0.936
GTF2B,MED6,0.978
GTF2B,MED7,0.987
GTF2B,MED9,0.908
GTF2B,MNAT1,0.981
GTF2B,POLR2A,0.999
GTF2B,POLR2B,0.999
GTF2B,POLR2C,0.997
GTF2B,POLR2D,0.998
GTF2B,POLR2E,0.999
GTF2B,POLR2F,0.996
GTF2B,POLR2G,0.997
GTF2B,POLR2H,0.996
GTF2B,POLR2I,0.997
GTF2B,POLR2J,0.99
GTF2B,POLR2K,0.997
GTF2B,POLR2L,0.986
GTF2B,SNAPC1,0.962
GTF2B,SNAPC3,0.929
GTF2B,SNAPC4,0.913
GTF2B,SNAPC5,0.959
GTF2B,SSU72,0.972
GTF2B,TAF1,0.999
GTF2B,TAF10,0.994
GTF2B,TAF11,0.997
GTF2B,TAF12,0.988
GTF2B,TAF13,0.992
GTF2B,TAF2,0.993
GTF2B,TAF3,0.992
GTF2B,TAF4,0.982
GTF2B,TAF5,0.99
GTF2B,TAF6,0.996
GTF2B,TAF7,0.996
GTF2B,TAF8,0.988
GTF2B,TAF9,0.998
GTF2B,TAF9B,0.958
GTF2B,TBP,0.999
GTF2B,TBPL1,0.996
GTF2E1,GTF2E2,0.999
GTF2E1,GTF2F1,0.999
GTF2E1,GTF2F2,0.999
GTF2E1,GTF2H1,0.999
GTF2E1,GTF2H2,0.998
GTF2E1,GTF2H3,0.999
GTF2E1,GTF2H4,0.999
GTF2E1,GTF2H5,0.99
GTF2E1,MED10,0.925
GTF2E1,MED14,0.948
GTF2E1,MED17,0.942
GTF2E1,MED21,0.967
GTF2E1,MED23,0.907
GTF2E1,MED31,0.925
GTF2E1,MED4,0.908
GTF2E1,MED6,0.927
GTF2E1,MED7,0.952
GTF2E1,MNAT1,0.997
GTF2E1,POLR2A,0.999
GTF2E1,POLR2B,0.992
GTF2E1,POLR2C,0.986
GTF2E1,POLR2D,0.982
GTF2E1,POLR2E,0.996
GTF2E1,POLR2F,0.996
GTF2E1,POLR2G,0.997
GTF2E1,POLR2H,0.976
GTF2E1,POLR2I,0.989
GTF2E1,POLR2J,0.961
GTF2E1,POLR2K,0.996
GTF2E1,POLR2L,0.995
GTF2E1,TAF1,0.991
GTF2E1,TAF10,0.981
GTF2E1,TAF11,0.992
GTF2E1,TAF12,0.981
GTF2E1,TAF13,0.982
GTF2E1,TAF2,0.986
GTF2E1,TAF3,0.981
GTF2E1,TAF4,0.951
GTF2E1,TAF5,0.986
GTF2E1,TAF6,0.996
GTF2E1,TAF7,0.995
GTF2E1,TAF8,0.982
GTF2E1,TAF9,0.99
GTF2E1,TAF9B,0.905
GTF2E1,TBP,0.999
GTF2E2,GTF2F1,0.999
GTF2E2,GTF2F2,0.999
GTF2E2,GTF2H1,0.996
GTF2E2,GTF2H2,0.997
GTF2E2,GTF2H3,0.999
GTF2E2,GTF2H4,0.999
GTF2E2,GTF2H5,0.988
GTF2E2,MED10,0.966
GTF2E2,MED14,0.971
GTF2E2,MED17,0.933
GTF2E2,MED21,0.929
GTF2E2,MED31,0.948
GTF2E2,MED6,0.967
GTF2E2,MED7,0.964
GTF2E2,MNAT1,0.997
GTF2E2,POLR2A,0.986
GTF2E2,POLR2B,0.989
GTF2E2,POLR2C,0.987
GTF2E2,POLR2D,0.974
GTF2E2,POLR2E,0.987
GTF2E2,POLR2F,0.983
GTF2E2,POLR2G,0.974
GTF2E2,POLR2H,0.965
GTF2E2,POLR2I,0.974
GTF2E2,POLR2J,0.953
GTF2E2,POLR2K,0.984
GTF2E2,POLR2L,0.962
GTF2E2,TAF1,0.99
GTF2E2,TAF10,0.983
GTF2E2,TAF11,0.982
GTF2E2,TAF12,0.985
GTF2E2,TAF13,0.989
GTF2E2,TAF2,0.985
GTF2E2,TAF3,0.982
GTF2E2,TAF4,0.979
GTF2E2,TAF5,0.993
GTF2E2,TAF6,0.991
GTF2E2,TAF7,0.994
GTF2E2,TAF8,0.983
GTF2E2,TAF9,0.991
GTF2E2,TAF9B,0.9
GTF2E2,TBP,0.998
GTF2F1,GTF2F2,0.999
GTF2F1,GTF2H1,0.995
GTF2F1,GTF2H2,0.994
GTF2F1,GTF2H3,0.998
GTF2F1,GTF2H4,0.998
GTF2F1,GTF2H5,0.988
GTF2F1,MED10,0.929
GTF2F1,MED14,0.944
GTF2F1,MED17,0.965
GTF2F1,MED21,0.97
GTF2F1,MED26,0.902
GTF2F1,MED31,0.95
GTF2F1,MED6,0.938
GTF2F1,MED7,0.945
GTF2F1,MNAT1,0.969
GTF2F1,POLR2A,0.998
GTF2F1,POLR2B,0.999
GTF2F1,POLR2C,0.996
GTF2F1,POLR2D,0.996
GTF2F1,POLR2E,0.998
GTF2F1,POLR2F,0.994
GTF2F1,POLR2G,0.998
GTF2F1,POLR2H,0.982
GTF2F1,POLR2I,0.999
GTF2F1,POLR2J,0.976
GTF2F1,POLR2K,0.985
GTF2F1,POLR2L,0.994
GTF2F1,TAF1,0.998
GTF2F1,TAF10,0.982
GTF2F1,TAF11,0.991
GTF2F1,TAF12,0.979
GTF2F1,TAF13,0.984
GTF2F1,TAF2,0.989
GTF2F1,TAF3,0.983
GTF2F1,TAF4,0.963
GTF2F1,TAF5,0.99
GTF2F1,TAF6,0.992
GTF2F1,TAF7,0.996
GTF2F1,TAF8,0.981
GTF2F1,TAF9,0.989
GTF2F1,TAF9B,0.903
GTF2F1,TBP,0.999
GTF2F2,GTF2H1,0.98
GTF2F2,GTF2H2,0.973
GTF2F2,GTF2H3,0.993
GTF2F2,GTF2H4,0.976
GTF2F2,GTF2H5,0.93
GTF2F2,MED10,0.931
GTF2F2,MED14,0.941
GTF2F2,MED17,0.965
GTF2F2,MED21,0.927
GTF2F2,MED29,0.934
GTF2F2,MED31,0.937
GTF2F2,MED6,0.963
GTF2F2,MED7,0.962
GTF2F2,MNAT1,0.98
GTF2F2,POLR2A,0.999
GTF2F2,POLR2B,0.999
GTF2F2,POLR2C,0.997
GTF2F2,POLR2D,0.996
GTF2F2,POLR2E,0.999
GTF2F2,POLR2F,0.993
GTF2F2,POLR2G,0.998
GTF2F2,POLR2H,0.995
GTF2F2,POLR2I,0.998
GTF2F2,POLR2J,0.989
GTF2F2,POLR2K,0.989
GTF2F2,POLR2L,0.989
GTF2F2,SUPT5H,0.925
GTF2F2,TAF1,0.951
GTF2F2,TAF10,0.935
GTF2F2,TAF11,0.935
GTF2F2,TAF12,0.971
GTF2F2,TAF13,0.921
GTF2F2,TAF2,0.956
GTF2F2,TAF4,0.977
GTF2F2,TAF5,0.979
GTF2F2,TAF6,0.969
GTF2F2,TAF7,0.98
GTF2F2,TAF8,0.921
GTF2F2,TAF9,0.949
GTF2F2,TBP,0.999
GTF2H1,GTF2H2,0.999
GTF2H1,GTF2H3,0.999
GTF2H1,GTF2H4,0.999
GTF2H1,GTF2H5,0.999
GTF2H1,MMS19,0.952
GTF2H1,MNAT1,0.999
GTF2H1,POLR2A,0.996
GTF2H1,POLR2B,0.967
GTF2H1,POLR2C,0.984
GTF2H1,POLR2D,0.972
GTF2H1,POLR2E,0.967
GTF2H1,POLR2F,0.989
GTF2H1,POLR2G,0.97
GTF2H1,POLR2H,0.968
GTF2H1,POLR2I,0.967
GTF2H1,POLR2J,0.956
GTF2H1,POLR2K,0.961
GTF2H1,POLR2L,0.964
GTF2H1,TAF1,0.912
GTF2H1,TAF10,0.908
GTF2H1,TAF11,0.906
GTF2H1,TAF12,0.901
GTF2H1,TAF2,0.919
GTF2H1,TAF3,0.901
GTF2H1,TAF4,0.901
GTF2H1,TAF5,0.912
GTF2H1,TAF6,0.914
GTF2H1,TAF7,0.915
GTF2H1,TAF9,0.938
GTF2H1,TBP,0.988
GTF2H1,TP53,0.95
GTF2H1,XPA,0.984
GTF2H1,XPC,0.992
GTF2H2,GTF2H3,0.999
GTF2H2,GTF2H4,0.999
GTF2H2,GTF2H5,0.999
GTF2H2,MED10,0.91
GTF2H2,MED14,0.909
GTF2H2,MED21,0.913
GTF2H2,MED31,0.906
GTF2H2,MED6,0.906
GTF2H2,MED7,0.917
GTF2H2,MMS19,0.929
GTF2H2,MNAT1,0.999
GTF2H2,POLR2A,0.974
GTF2H2,POLR2B,0.974
GTF2H2,POLR2C,0.962
GTF2H2,POLR2D,0.966
GTF2H2,POLR2E,0.954
GTF2H2,POLR2F,0.951
GTF2H2,POLR2G,0.962
GTF2H2,POLR2H,0.952
GTF2H2,POLR2I,0.955
GTF2H2,POLR2J,0.959
GTF2H2,POLR2K,0.951
GTF2H2,POLR2L,0.955
GTF2H2,TAF1,0.979
GTF2H2,TAF10,0.979
GTF2H2,TAF11,0.979
GTF2H2,TAF12,0.955
GTF2H2,TAF13,0.984
GTF2H2,TAF2,0.981
GTF2H2,TAF3,0.979
GTF2H2,TAF4,0.946
GTF2H2,TAF5,0.983
GTF2H2,TAF6,0.985
GTF2H2,TAF7,0.981
GTF2H2,TAF8,0.979
GTF2H2,TAF9,0.986
GTF2H2,TAF9B,0.907
GTF2H2,TBP,0.991
GTF2H2,XPA,0.969
GTF2H3,GTF2H4,0.999
GTF2H3,GTF2H5,0.999
GTF2H3,MED10,0.925
GTF2H3,MED14,0.928
GTF2H3,MED17,0.955
GTF2H3,MED21,0.928
GTF2H3,MED31,0.936
GTF2H3,MED6,0.932
GTF2H3,MED7,0.935
GTF2H3,MMS19,0.941
GTF2H3,MNAT1,0.999
GTF2H3,POLR2A,0.99
GTF2H3,POLR2B,0.967
GTF2H3,POLR2C,0.975
GTF2H3,POLR2D,0.977
GTF2H3,POLR2E,0.968
GTF2H3,POLR2F,0.972
GTF2H3,POLR2G,0.972
GTF2H3,POLR2H,0.968
GTF2H3,POLR2I,0.966
GTF2H3,POLR2J,0.949
GTF2H3,POLR2K,0.966
GTF2H3,POLR2L,0.965
GTF2H3,TAF1,0.98
GTF2H3,TAF10,0.982
GTF2H3,TAF11,0.979
GTF2H3,TAF12,0.948
GTF2H3,TAF13,0.979
GTF2H3,TAF2,0.985
GTF2H3,TAF3,0.979
GTF2H3,TAF4,0.951
GTF2H3,TAF5,0.983
GTF2H3,TAF6,0.983
GTF2H3,TAF7,0.98
GTF2H3,TAF8,0.982
GTF2H3,TAF9,0.98
GTF2H3,TAF9B,0.903
GTF2H3,TBP,0.997
GTF2H3,XPA,0.965
GTF2H4,GTF2H5,0.999
GTF2H4,MED10,0.931
GTF2H4,MED14,0.931
GTF2H4,MED17,0.917
GTF2H4,MED21,0.962
GTF2H4,MED31,0.925
GTF2H4,MED6,0.932
GTF2H4,MED7,0.931
GTF2H4,MMS19,0.94
GTF2H4,MNAT1,0.999
GTF2H4,POLR2A,0.988
GTF2H4,POLR2B,0.976
GTF2H4,POLR2C,0.974
GTF2H4,POLR2D,0.971
GTF2H4,POLR2E,0.971
GTF2H4,POLR2F,0.966
GTF2H4,POLR2G,0.984
GTF2H4,POLR2H,0.961
GTF2H4,POLR2I,0.966
GTF2H4,POLR2J,0.956
GTF2H4,POLR2K,0.969
GTF2H4,POLR2L,0.961
GTF2H4,TAF1,0.98
GTF2H4,TAF10,0.98
GTF2H4,TAF11,0.979
GTF2H4,TAF12,0.946
GTF2H4,TAF13,0.979
GTF2H4,TAF2,0.979
GTF2H4,TAF3,0.979
GTF2H4,TAF4,0.952
GTF2H4,TAF5,0.981
GTF2H4,TAF6,0.982
GTF2H4,TAF7,0.98
GTF2H4,TAF8,0.98
GTF2H4,TAF9,0.979
GTF2H4,TAF9B,0.9
GTF2H4,TBP,0.997
GTF2H4,XPA,0.974
GTF2H5,MNAT1,0.981
GTF2H5,POLR2A,0.956
GTF2H5,POLR2B,0.911
GTF2H5,POLR2C,0.904
GTF2H5,POLR2D,0.927
GTF2H5,POLR2E,0.918
GTF2H5,POLR2F,0.914
GTF2H5,POLR2G,0.917
GTF2H5,POLR2H,0.921
GTF2H5,POLR2I,0.929
GTF2H5,POLR2J,0.922
GTF2H5,POLR2K,0.932
GTF2H5,POLR2L,0.921
GTF2H5,RAD23B,0.924
GTF2H5,TAF1,0.98
GTF2H5,TAF10,0.984
GTF2H5,TAF11,0.983
GTF2H5,TAF12,0.95
GTF2H5,TAF13,0.982
GTF2H5,TAF2,0.979
GTF2H5,TAF3,0.98
GTF2H5,TAF4,0.946
GTF2H5,TAF5,0.984
GTF2H5,TAF6,0.983
GTF2H5,TAF7,0.981
GTF2H5,TAF8,0.981
GTF2H5,TAF9,0.982
GTF2H5,TAF9B,0.907
GTF2H5,TBP,0.989
GTF2H5,XPA,0.98
GTF2I,PRKG1,0.94
GTF2I,USF1,0.958
GTF2I,ZMYM3,0.916
GTF3A,GTF3C1,0.997
GTF3A,OPTN,0.964
GTF3C1,GTF3C2,0.999
GTF3C1,GTF3C3,0.997
GTF3C1,GTF3C4,0.998
GTF3C1,GTF3C5,0.998
GTF3C1,TBP,0.91
GTF3C2,GTF3C3,0.995
GTF3C2,GTF3C4,0.993
GTF3C2,GTF3C5,0.994
GTF3C3,GTF3C4,0.998
GTF3C3,GTF3C5,0.999
GTF3C3,POLR3D,0.989
GTF3C3,SYMPK,0.959
GTF3C4,GTF3C5,0.999
GTPBP4,KCTD19,0.938
GTPBP4,MPHOSPH10,0.933
GTPBP4,MRTO4,0.999
GTPBP4,MTREX,0.95
GTPBP4,NIFK,0.998
GTPBP4,NMD3,0.998
GTPBP4,NOP2,0.993
GTPBP4,NOP56,0.941
GTPBP4,NOP58,0.966
GTPBP4,PA2G4,0.996
GTPBP4,PES1,0.999
GTPBP4,POLR1A,0.935
GTPBP4,POLR1B,0.93
GTPBP4,PWP1,0.962
GTPBP4,RBM28,0.975
GTPBP4,RPF2,0.999
GTPBP4,RPL10A,0.95
GTPBP4,RPL11,0.947
GTPBP4,RPL13,0.982
GTPBP4,RPL13A,0.966
GTPBP4,RPL14,0.984
GTPBP4,RPL15,0.975
GTPBP4,RPL17,0.963
GTPBP4,RPL18,0.987
GTPBP4,RPL18A,0.976
GTPBP4,RPL19,0.98
GTPBP4,RPL21,0.97
GTPBP4,RPL22,0.962
GTPBP4,RPL23,0.974
GTPBP4,RPL23A,0.991
GTPBP4,RPL26,0.963
GTPBP4,RPL27,0.977
GTPBP4,RPL27A,0.97
GTPBP4,RPL29,0.905
GTPBP4,RPL3,0.986
GTPBP4,RPL30,0.98
GTPBP4,RPL31,0.99
GTPBP4,RPL32,0.969
GTPBP4,RPL34,0.968
GTPBP4,RPL35,0.987
GTPBP4,RPL35A,0.969
GTPBP4,RPL36,0.973
GTPBP4,RPL37,0.968
GTPBP4,RPL37A,0.922
GTPBP4,RPL38,0.97
GTPBP4,RPL39,0.967
GTPBP4,RPL4,0.988
GTPBP4,RPL5,0.986
GTPBP4,RPL6,0.979
GTPBP4,RPL7,0.985
GTPBP4,RPL7A,0.978
GTPBP4,RPL8,0.957
GTPBP4,RPL9,0.975
GTPBP4,RPLP0,0.951
GTPBP4,RRP1,0.95
GTPBP4,RRP8,0.929
GTPBP4,RRS1,0.99
GTPBP4,RSL1D1,0.996
GTPBP4,RSL24D1,0.999
GTPBP4,TEX10,0.927
GTPBP4,WDR12,0.997
GTPBP4,WDR18,0.947
GTPBP4,WDR43,0.947
GUCA1A,GUCY2D,0.999
GUCY1A1,GUCY1A2,0.967
GUCY1A1,GUCY1B1,0.999
GUCY1A1,NOS1,0.915
GUCY1A1,PKLR,0.907
GUCY1A1,PKM,0.903
GUCY1A1,PRKG1,0.948
GUCY1A2,GUCY1B1,0.997
GUCY1A2,NOS1,0.912
GUCY1A2,PKLR,0.903
GUCY1A2,PKM,0.903
GUCY1A2,PRKG1,0.952
GUCY1B1,NOS1,0.921
GUCY1B1,PKLR,0.909
GUCY1B1,PKM,0.906
GUCY1B1,PRKG1,0.952
GUCY2C,PDZD3,0.942
GUCY2C,PKLR,0.903
GUCY2C,PKM,0.903
GUCY2D,PDE6B,0.919
GUCY2D,PKLR,0.903
GUCY2D,PKM,0.903
GUCY2D,RD3,0.929
GUCY2D,RPGRIP1,0.945
GUSB,HYAL2,0.931
GUSB,KL,0.986
GYG1,GYS1,0.999
GYG1,UGP2,0.956
GYPC,MPP1,0.918
GYS1,NHLRC1,0.96
GYS1,OGT,0.918
GYS1,PPP1CA,0.973
GYS1,PPP1CB,0.97
GYS1,PPP1CC,0.986
GYS1,PRKAA1,0.928
GYS1,PRKAA2,0.94
GYS1,PRKAB1,0.935
GYS1,PRKAB2,0.977
GYS1,PRKACA,0.933
GYS1,PRKACB,0.931
GYS1,PRKAG1,0.931
GYS1,PRKAG2,0.946
GYS1,PRKAG3,0.942
GYS1,UGP2,0.981
H1-1,H2AC18,0.994
H1-1,H2AC20,0.995
H1-1,H2BC21,0.987
H1-10,H4C1,0.924
H1-10,H4C2,0.931
H2AC1,H2BC1,0.993
H2AC1,H2BC21,0.983
H2AC1,H2BC4,0.962
H2AC1,H3C1,0.924
H2AC1,H4C1,0.95
H2AC1,H4C2,0.95
H2AC18,H2AC20,0.938
H2AC18,H2BC1,0.905
H2AC18,H2BC18,0.962
H2AC18,H2BC21,0.999
H2AC18,H2BC3,0.932
H2AC18,H2BC4,0.996
H2AC18,H3-3B,0.999
H2AC18,H4C1,0.972
H2AC18,H4C2,0.972
H2AC18,HDAC1,0.911
H2AC18,KAT5,0.946
H2AC18,RCC1,0.981
H2AC18,RING1,0.946
H2AC18,RNF2,0.985
H2AC18,RPS27A,0.974
H2AC18,SMARCA5,0.915
H2AC18,SUPT16H,0.972
H2AC18,TP53BP1,0.999
H2AC18,UBA52,0.977
H2AC18,UBB,0.961
H2AC18,UIMC1,0.934
H2AC20,H2BC1,0.995
H2AC20,H2BC14,0.908
H2AC20,H2BC18,0.903
H2AC20,H2BC21,0.999
H2AC20,H2BC3,0.99
H2AC20,H2BC4,0.991
H2AC20,H3-3B,0.999
H2AC20,H3C1,0.977
H2AC20,H4C1,0.974
H2AC20,H4C2,0.976
H2AC20,HDAC2,0.905
H2AC20,KAT2A,0.91
H2AC20,KAT5,0.946
H2AC20,MYSM1,0.92
H2AC20,RBBP4,0.901
H2AC20,RCC1,0.982
H2AC20,RING1,0.945
H2AC20,RNF2,0.993
H2AC20,RNF8,0.928
H2AC20,SMARCA5,0.914
H2AC20,SSRP1,0.924
H2AC20,SUPT16H,0.972
H2AC20,TP53BP1,0.993
H2AC20,UIMC1,0.966
H2AX,H2BC21,0.998
H2AX,H3-3B,0.959
H2AX,H3C1,0.986
H2AX,H4C1,0.95
H2AX,H4C2,0.96
H2AX,KAT5,0.945
H2AX,MAPK8,0.95
H2AX,MDC1,0.999
H2AX,MRE11,0.954
H2AX,NBN,0.98
H2AX,PARP1,0.964
H2AX,PAXIP1,0.908
H2AX,PPIA,0.923
H2AX,PRKDC,0.983
H2AX,RAD50,0.934
H2AX,RAD51,0.993
H2AX,RBBP8,0.958
H2AX,RNF8,0.985
H2AX,RPS27A,0.967
H2AX,SUPT16H,0.918
H2AX,TP53BP1,0.999
H2AX,UBA52,0.941
H2AX,UBB,0.946
H2AX,UIMC1,0.973
H2AX,XRCC5,0.973
H2AX,XRCC6,0.988
H2AZ1,H2BC1,0.948
H2AZ1,H2BC21,0.999
H2AZ1,H3-3B,0.955
H2AZ1,H4C1,0.903
H2AZ1,H4C2,0.93
H2AZ1,HDAC2,0.917
H2AZ1,ING3,0.906
H2AZ1,KAT5,0.986
H2AZ1,MORF4L1,0.93
H2AZ1,MRGBP,0.913
H2AZ1,POLR2A,0.943
H2AZ1,POLR2B,0.915
H2AZ1,POLR2C,0.94
H2AZ1,POLR2D,0.919
H2AZ1,POLR2E,0.908
H2AZ1,POLR2F,0.911
H2AZ1,POLR2G,0.922
H2AZ1,POLR2H,0.905
H2AZ1,POLR2I,0.93
H2AZ1,POLR2J,0.921
H2AZ1,POLR2K,0.916
H2AZ1,POLR2L,0.91
H2AZ1,RUVBL1,0.984
H2AZ1,RUVBL2,0.956
H2AZ1,SMARCA1,0.906
H2AZ1,SMARCA5,0.927
H2AZ1,SRCAP,0.998
H2AZ1,TBP,0.947
H2AZ1,TRRAP,0.941
H2AZ1,VPS72,0.998
H2AZ1,YEATS4,0.976
H2AZ1,ZNHIT1,0.976
H2AZ2,H2BC21,0.989
H2AZ2,H3C1,0.944
H2AZ2,H4C1,0.95
H2AZ2,H4C2,0.95
H2AZ2,RUVBL1,0.917
H2AZ2,SRCAP,0.904
H2BC1,H3-3B,0.916
H2BC1,H4C1,0.942
H2BC1,H4C2,0.946
H2BC1,HLA-DRA,0.9
H2BC1,HLA-DRB1,0.901
H2BC1,KAT5,0.9
H2BC1,RNF20,0.92
H2BC1,RUVBL1,0.902
H2BC14,H2BC21,0.907
H2BC14,H2BC3,0.972
H2BC14,H2BC4,0.908
H2BC14,H3-3B,0.926
H2BC14,H4C1,0.952
H2BC14,H4C2,0.967
H2BC14,RNF20,0.924
H2BC18,H2BC21,0.909
H2BC18,H4C2,0.9
H2BC21,H2BC4,0.977
H2BC21,H3-3A,0.941
H2BC21,H3-3B,0.999
H2BC21,H3C1,0.922
H2BC21,H4C1,0.972
H2BC21,H4C2,0.971
H2BC21,HDAC2,0.916
H2BC21,KAT2A,0.921
H2BC21,MACROH2A1,0.915
H2BC21,PLG,0.933
H2BC21,RCC1,0.98
H2BC21,RNF20,0.976
H2BC21,RNF40,0.943
H2BC21,RPS27A,0.985
H2BC21,SETD2,0.924
H2BC21,SMARCA4,0.961
H2BC21,SMARCA5,0.917
H2BC21,SMARCB1,0.969
H2BC21,SSRP1,0.923
H2BC21,SUPT16H,0.976
H2BC21,SUPT6H,0.902
H2BC21,UBA52,0.962
H2BC21,UBB,0.961
H2BC21,USP22,0.94
H2BC21,VRK1,0.955
H2BC3,H2BC4,0.916
H2BC3,H3-3B,0.94
H2BC3,H3C1,0.954
H2BC3,H4C1,0.953
H2BC3,H4C2,0.971
H2BC3,RNF20,0.944
H2BC3,USP22,0.904
H2BC4,H3-3B,0.983
H2BC4,H3C1,0.914
H2BC4,H4C1,0.962
H2BC4,H4C2,0.967
H2BC4,RNF20,0.92
H2BC4,RPS27A,0.959
H2BC4,SMARCB1,0.917
H2BC4,SUPT16H,0.945
H2BC4,TP53BP1,0.977
H2BC4,UBA52,0.962
H2BC4,UBB,0.955
H2BC4,VRK1,0.909
H3-3A,H3-3B,0.937
H3-3A,H4C1,0.94
H3-3A,H4C2,0.939
H3-3A,ING1,0.914
H3-3A,ING2,0.924
H3-3A,ING4,0.914
H3-3A,IPO4,0.929
H3-3A,KAT2B,0.933
H3-3A,KAT6A,0.922
H3-3A,KAT6B,0.922
H3-3A,KDM4A,0.915
H3-3A,KMT2A,0.926
H3-3A,KMT2E,0.91
H3-3A,MCM2,0.918
H3-3A,MLLT3,0.913
H3-3A,MPHOSPH8,0.933
H3-3A,NASP,0.949
H3-3A,PBRM1,0.937
H3-3A,PPIE,0.903
H3-3A,SETD2,0.968
H3-3A,SETDB1,0.92
H3-3A,SGF29,0.92
H3-3A,SIRT5,0.915
H3-3A,SMARCA4,0.93
H3-3A,TNPO1,0.903
H3-3A,TONSL,0.909
H3-3A,TRIM33,0.912
H3-3A,UHRF1,0.91
H3-3A,WDR5,0.922
H3-3A,ZZZ3,0.903
H3-3B,H4C1,0.937
H3-3B,H4C2,0.936
H3-3B,HAT1,0.978
H3-3B,HDAC1,0.986
H3-3B,HDAC2,0.936
H3-3B,HIRA,0.932
H3-3B,ING1,0.981
H3-3B,ING2,0.994
H3-3B,ING3,0.944
H3-3B,ING4,0.975
H3-3B,IPO4,0.961
H3-3B,KAT2A,0.987
H3-3B,KAT2B,0.998
H3-3B,KAT5,0.915
H3-3B,KAT6A,0.991
H3-3B,KAT6B,0.977
H3-3B,KDM1A,0.959
H3-3B,KDM4A,0.998
H3-3B,KDM6A,0.962
H3-3B,KDM6B,0.963
H3-3B,KMT2A,0.985
H3-3B,KMT2C,0.919
H3-3B,KMT2E,0.941
H3-3B,MCM2,0.976
H3-3B,MLLT3,0.995
H3-3B,MPHOSPH8,0.981
H3-3B,MYC,0.938
H3-3B,NASP,0.987
H3-3B,PBRM1,0.992
H3-3B,PPIE,0.924
H3-3B,RAG2,0.986
H3-3B,RBBP4,0.981
H3-3B,RBBP5,0.932
H3-3B,RBBP7,0.953
H3-3B,SETD1A,0.924
H3-3B,SETD2,0.985
H3-3B,SETDB1,0.982
H3-3B,SGF29,0.969
H3-3B,SIRT1,0.922
H3-3B,SIRT5,0.948
H3-3B,SMARCA4,0.983
H3-3B,SMARCA5,0.91
H3-3B,SRSF1,0.981
H3-3B,SUPT6H,0.936
H3-3B,SUV39H1,0.973
H3-3B,SUZ12,0.962
H3-3B,TAF3,0.904
H3-3B,TBP,0.917
H3-3B,TNPO1,0.912
H3-3B,TONSL,0.926
H3-3B,TP53BP1,0.964
H3-3B,TRIM33,0.973
H3-3B,UHRF1,0.995
H3-3B,WDR5,0.999
H3-3B,ZZZ3,0.915
H3C1,H4C1,0.987
H3C1,H4C2,0.992
H3C1,ING1,0.915
H3C1,ING2,0.923
H3C1,ING4,0.976
H3C1,INO80,0.914
H3C1,IPO4,0.981
H3C1,KAT2B,0.995
H3C1,KAT6A,0.969
H3C1,KAT6B,0.922
H3C1,KDM4A,0.975
H3C1,KMT2A,0.988
H3C1,KMT2E,0.908
H3C1,MACROH2A1,0.977
H3C1,MCM2,0.958
H3C1,MLLT1,0.932
H3C1,MLLT3,0.954
H3C1,MPHOSPH8,0.932
H3C1,NASP,0.991
H3C1,PBRM1,0.978
H3C1,PPIE,0.903
H3C1,RPS27A,0.94
H3C1,SETD2,0.961
H3C1,SETDB1,0.967
H3C1,SGF29,0.92
H3C1,SIRT5,0.914
H3C1,SMARCA4,0.97
H3C1,SSRP1,0.973
H3C1,SUPT16H,0.978
H3C1,TNPO1,0.903
H3C1,TP53BP1,0.95
H3C1,TRIM24,0.979
H3C1,TRIM33,0.908
H3C1,UBA52,0.939
H3C1,UBB,0.935
H3C1,UHRF1,0.984
H3C1,WDR5,0.991
H3C1,ZZZ3,0.903
H4C1,H4C2,0.978
H4C1,HJURP,0.902
H4C1,IPO4,0.942
H4C1,KDM4A,0.912
H4C1,MACROH2A1,0.943
H4C1,MCM2,0.909
H4C1,MLLT3,0.911
H4C1,MSL3,0.916
H4C1,NASP,0.943
H4C1,PHF10,0.905
H4C1,PRMT5,0.92
H4C1,RBBP5,0.94
H4C1,SMARCA4,0.929
H4C1,SMARCA5,0.932
H4C1,SSRP1,0.939
H4C1,SUPT16H,0.948
H4C1,TONSL,0.903
H4C1,TP53BP1,0.916
H4C2,HJURP,0.917
H4C2,IPO4,0.95
H4C2,KDM4A,0.916
H4C2,MACROH2A1,0.948
H4C2,MCM2,0.951
H4C2,MLLT3,0.911
H4C2,MSL3,0.916
H4C2,NASP,0.959
H4C2,PHF10,0.905
H4C2,PRMT5,0.919
H4C2,RBBP5,0.94
H4C2,SMARCA4,0.93
H4C2,SMARCA5,0.932
H4C2,SSRP1,0.95
H4C2,SUPT16H,0.953
H4C2,TONSL,0.923
H4C2,TP53BP1,0.916
HADHA,HADHB,0.999
HADHA,HSD17B10,0.973
HADHA,MCCC1,0.949
HADHA,MCCC2,0.955
HADHB,HSD17B10,0.971
HADHB,PCCA,0.953
HADHB,PCCB,0.966
HADHB,SUCLA2,0.915
HADHB,SUCLG1,0.94
HAP1,HTT,0.999
HAP1,KLC2,0.914
HAP1,KLC3,0.902
HAP1,NFYC,0.943
HAT1,NASP,0.997
HAT1,ORC2,0.961
HAT1,ORC3,0.973
HAT1,ORC4,0.965
HAT1,ORC5,0.97
HAT1,RBBP4,0.982
HAT1,RBBP7,0.999
HAUS1,HAUS2,0.999
HAUS1,HAUS3,0.999
HAUS1,HAUS4,0.999
HAUS1,HAUS5,0.999
HAUS1,HAUS6,0.999
HAUS1,HAUS7,0.999
HAUS1,HAUS8,0.999
HAUS2,HAUS3,0.999
HAUS2,HAUS4,0.998
HAUS2,HAUS5,0.999
HAUS2,HAUS6,0.999
HAUS2,HAUS7,0.999
HAUS2,HAUS8,0.999
HAUS3,HAUS4,0.999
HAUS3,HAUS5,0.999
HAUS3,HAUS6,0.999
HAUS3,HAUS7,0.998
HAUS3,HAUS8,0.999
HAUS4,HAUS5,0.999
HAUS4,HAUS6,0.999
HAUS4,HAUS7,0.998
HAUS4,HAUS8,0.998
HAUS5,HAUS6,0.999
HAUS5,HAUS7,0.999
HAUS5,HAUS8,0.999
HAUS6,HAUS7,0.999
HAUS6,HAUS8,0.999
HAUS6,NUMA1,0.924
HAUS6,TUBG1,0.941
HAUS7,HAUS8,0.999
HAVCR2,HMGB1,0.991
HAVCR2,LAG3,0.922
HAVCR2,LCK,0.935
HAVCR2,LGALS9,0.999
HAVCR2,PDCD1LG2,0.925
HAX1,HCLS1,0.958
HAX1,HTRA2,0.906
HBA1,HBB,0.999
HBA1,HBD,0.997
HBA1,HBE1,0.991
HBA1,HBG1,0.959
HBA1,HBG2,0.995
HBA1,HP,0.995
HBA1,RPS10,0.917
HBA1,RPS11,0.906
HBA1,RPS12,0.916
HBA1,RPS13,0.908
HBA1,RPS14,0.914
HBA1,RPS15,0.906
HBA1,RPS15A,0.908
HBA1,RPS16,0.906
HBA1,RPS17,0.911
HBA1,RPS18,0.914
HBA1,RPS19,0.921
HBA1,RPS2,0.908
HBA1,RPS20,0.913
HBA1,RPS21,0.9
HBA1,RPS23,0.908
HBA1,RPS24,0.912
HBA1,RPS25,0.909
HBA1,RPS26,0.92
HBA1,RPS27,0.914
HBA1,RPS27A,0.908
HBA1,RPS28,0.912
HBA1,RPS29,0.914
HBA1,RPS3,0.909
HBA1,RPS3A,0.911
HBA1,RPS4X,0.909
HBA1,RPS5,0.903
HBA1,RPS6,0.939
HBA1,RPS7,0.906
HBA1,RPS8,0.906
HBA1,RPS9,0.916
HBA1,RPSA,0.91
HBB,HBD,0.912
HBB,HP,0.995
HBB,HPR,0.935
HBE1,HBG1,0.907
HBEGF,MMP14,0.938
HBEGF,MMP2,0.939
HBEGF,MMP9,0.95
HBEGF,TGFA,0.917
HBG1,HBG2,0.999
HBG1,HBS1L,0.931
HBG2,HBS1L,0.951
HBS1L,PELO,0.999
HBS1L,RACK1,0.931
HBS1L,RPL38,0.906
HBS1L,RPS12,0.926
HBS1L,RPS18,0.911
HBS1L,RPS2,0.9
HBS1L,RPS20,0.95
HBS1L,RPS23,0.927
HBS1L,RPS3,0.942
HBS1L,RPS5,0.917
HBS1L,RPS6,0.9
HBS1L,RPS9,0.911
HBS1L,UPF1,0.973
HBS1L,UPF2,0.914
HCFC1,HCFC2,0.982
HCFC1,INO80C,0.905
HCFC1,KANSL1,0.96
HCFC1,KANSL2,0.954
HCFC1,KANSL3,0.964
HCFC1,KAT8,0.982
HCFC1,KMT2A,0.991
HCFC1,LAS1L,0.905
HCFC1,MAX,0.912
HCFC1,MCRS1,0.985
HCFC1,MEN1,0.902
HCFC1,MGA,0.902
HCFC1,OGT,0.999
HCFC1,PELP1,0.906
HCFC1,PHF20,0.97
HCFC1,POU2F1,0.993
HCFC1,PRPF31,0.905
HCFC1,RBBP5,0.999
HCFC1,RNF2,0.927
HCFC1,RUVBL1,0.913
HCFC1,RUVBL2,0.913
HCFC1,SENP3,0.904
HCFC1,SETD1A,0.999
HCFC1,SETD1B,0.979
HCFC1,TAF1,0.908
HCFC1,TAF4,0.91
HCFC1,TAF6,0.91
HCFC1,TAF7,0.9
HCFC1,TAF9,0.907
HCFC1,TEX10,0.904
HCFC1,THAP11,0.934
HCFC1,WDR5,0.999
HCFC1,WDR82,0.988
HCFC1,YY1,0.913
HCFC2,KMT2B,0.907
HCFC2,RBBP5,0.955
HCFC2,WDR5,0.959
HCK,ITK,0.946
HCK,LYN,0.986
HCK,PIK3CG,0.937
HCK,PIK3R5,0.931
HCK,PIK3R6,0.927
HCK,PTK2,0.951
HCK,PTK2B,0.93
HCK,PTPRC,0.965
HCK,SHC1,0.956
HCK,SHC2,0.913
HCK,SHC3,0.918
HCK,SOS1,0.904
HCK,STAT3,0.911
HCK,SYK,0.934
HCLS1,HDAC6,0.989
HCLS1,HIP1R,0.923
HCLS1,KCNA2,0.903
HCLS1,LYN,0.959
HCLS1,NCF1,0.918
HCLS1,NCK1,0.959
HCLS1,PTK2,0.987
HCLS1,PXN,0.994
HCLS1,SCIN,0.986
HCLS1,SHANK2,0.902
HCLS1,SHANK3,0.902
HCLS1,SRC,0.999
HCLS1,TJP1,0.998
HCLS1,TLN1,0.938
HCLS1,VASP,0.941
HCLS1,VCL,0.957
HCLS1,WAS,0.999
HCLS1,WASF2,0.931
HCLS1,WASL,0.997
HCLS1,WHAMM,0.951
HCLS1,WIPF1,0.973
HCN1,HCN2,0.956
HCN1,HCN3,0.934
HCN1,HCN4,0.904
HCN2,HCN3,0.91
HCN2,HCN4,0.973
HCN4,SCN2A,0.924
HCN4,SCN5A,0.953
HCRTR1,HCRTR2,0.926
HCST,KLRK1,0.999
HCST,MICB,0.964
HCST,PIK3CA,0.902
HCST,PIK3CB,0.913
HCST,PIK3CD,0.921
HCST,PIK3R1,0.951
HCST,PIK3R2,0.943
HCST,PIK3R3,0.909
HCST,PLCG1,0.921
HCST,PLCG2,0.945
HCST,SYK,0.945
HCST,TYROBP,0.995
HCST,ULBP1,0.928
HCST,ULBP3,0.925
HCST,VAV1,0.955
HDAC1,HDAC2,0.999
HDAC1,HDAC3,0.925
HDAC1,HDAC9,0.982
HDAC1,HIF1A,0.983
HDAC1,HMG20B,0.998
HDAC1,HSPA4,0.921
HDAC1,IKZF1,0.987
HDAC1,ING1,0.997
HDAC1,ING2,0.99
HDAC1,IRF1,0.985
HDAC1,JUN,0.967
HDAC1,KAT2A,0.974
HDAC1,KAT2B,0.976
HDAC1,KAT5,0.985
HDAC1,KDM1A,0.999
HDAC1,KDM5B,0.986
HDAC1,LEF1,0.966
HDAC1,MACROH2A1,0.945
HDAC1,MBD2,0.999
HDAC1,MBD3,0.996
HDAC1,MDM2,0.963
HDAC1,MECOM,0.968
HDAC1,MECP2,0.999
HDAC1,MIER1,0.981
HDAC1,MORF4L1,0.995
HDAC1,MORF4L2,0.911
HDAC1,MTA1,0.999
HDAC1,MTA2,0.999
HDAC1,MTA3,0.999
HDAC1,MYC,0.991
HDAC1,MYCN,0.914
HDAC1,MYOD1,0.926
HDAC1,NCOR1,0.999
HDAC1,NCOR2,0.999
HDAC1,NFKB1,0.996
HDAC1,NR3C1,0.929
HDAC1,PARP1,0.9
HDAC1,PHB,0.923
HDAC1,PHB2,0.946
HDAC1,PHF21A,0.998
HDAC1,PML,0.903
HDAC1,PRMT1,0.907
HDAC1,RB1,0.999
HDAC1,RBBP4,0.999
HDAC1,RBBP7,0.999
HDAC1,RBL2,0.991
HDAC1,RBPJ,0.986
HDAC1,RBPJL,0.921
HDAC1,RCOR1,0.999
HDAC1,RELA,0.998
HDAC1,REST,0.994
HDAC1,RUNX1,0.998
HDAC1,RUVBL2,0.946
HDAC1,SAP130,0.922
HDAC1,SAP18,0.998
HDAC1,SAP30,0.999
HDAC1,SETDB1,0.992
HDAC1,SFPQ,0.921
HDAC1,SIN3A,0.999
HDAC1,SIN3B,0.999
HDAC1,SIRT1,0.993
HDAC1,SMAD2,0.98
HDAC1,SMAD3,0.98
HDAC1,SMAD4,0.972
HDAC1,SMARCA4,0.989
HDAC1,SMARCA5,0.969
HDAC1,SMARCB1,0.932
HDAC1,SMARCC1,0.909
HDAC1,SNAI1,0.999
HDAC1,SOX2,0.966
HDAC1,SP1,0.991
HDAC1,STAT1,0.969
HDAC1,STAT2,0.909
HDAC1,STAT3,0.984
HDAC1,SUDS3,0.999
HDAC1,SUV39H1,0.994
HDAC1,SUZ12,0.96
HDAC1,TCF7L2,0.926
HDAC1,TLE1,0.943
HDAC1,TLE3,0.982
HDAC1,TP53,0.999
HDAC1,TRIM28,0.968
HDAC1,UHRF1,0.996
HDAC1,USP7,0.929
HDAC1,WDR5,0.95
HDAC1,YY1,0.999
HDAC1,ZBTB16,0.949
HDAC1,ZEB1,0.975
HDAC1,ZFPM1,0.936
HDAC1,ZMYM2,0.947
HDAC1,ZMYM3,0.908
HDAC1,ZNF217,0.987
HDAC10,NCOR2,0.965
HDAC2,HDAC3,0.906
HDAC2,HMG20A,0.919
HDAC2,HMG20B,0.996
HDAC2,HOPX,0.973
HDAC2,IKZF1,0.928
HDAC2,ING1,0.985
HDAC2,ING2,0.988
HDAC2,IRF1,0.927
HDAC2,KAT2A,0.948
HDAC2,KAT2B,0.95
HDAC2,KDM1A,0.999
HDAC2,MACROH2A1,0.927
HDAC2,MBD2,0.982
HDAC2,MBD3,0.987
HDAC2,MECOM,0.929
HDAC2,MECP2,0.997
HDAC2,MIER1,0.958
HDAC2,MORF4L1,0.998
HDAC2,MTA1,0.999
HDAC2,MTA2,0.999
HDAC2,MTA3,0.998
HDAC2,NCOR1,0.994
HDAC2,NCOR2,0.993
HDAC2,PCGF1,0.912
HDAC2,PCGF2,0.917
HDAC2,PCGF3,0.903
HDAC2,PCGF5,0.909
HDAC2,PCGF6,0.957
HDAC2,PHC1,0.935
HDAC2,PHC2,0.927
HDAC2,PHC3,0.908
HDAC2,PHF21A,0.991
HDAC2,RB1,0.986
HDAC2,RBBP4,0.999
HDAC2,RBBP7,0.999
HDAC2,RBPJ,0.969
HDAC2,RBPJL,0.918
HDAC2,RCOR1,0.999
HDAC2,RELA,0.986
HDAC2,REST,0.964
HDAC2,RING1,0.954
HDAC2,RNF2,0.941
HDAC2,RUNX1,0.984
HDAC2,SAP18,0.997
HDAC2,SAP30,0.999
HDAC2,SIN3A,0.999
HDAC2,SIN3B,0.999
HDAC2,SMARCA4,0.999
HDAC2,SMARCA5,0.973
HDAC2,SNAI1,0.998
HDAC2,SP1,0.916
HDAC2,STAT3,0.906
HDAC2,SUDS3,0.999
HDAC2,SUV39H1,0.941
HDAC2,SUZ12,0.995
HDAC2,TET2,0.989
HDAC2,TP53,0.99
HDAC2,UBAP2L,0.907
HDAC2,YY1,0.999
HDAC2,ZMYM2,0.935
HDAC2,ZNF217,0.989
HDAC3,HDAC4,0.924
HDAC3,HDAC5,0.94
HDAC3,KDM1A,0.9
HDAC3,MORF4L1,0.937
HDAC3,MYC,0.949
HDAC3,NCOR1,0.999
HDAC3,NCOR2,0.999
HDAC3,NR1D1,0.959
HDAC3,PPARG,0.965
HDAC3,RBBP4,0.982
HDAC3,RBBP7,0.918
HDAC3,SIN3A,0.987
HDAC3,TBL1X,0.999
HDAC3,TBL1XR1,0.999
HDAC3,TBL1Y,0.998
HDAC3,WDR5,0.95
HDAC4,HDAC5,0.973
HDAC4,HIF1A,0.955
HDAC4,HSP90AA1,0.975
HDAC4,HSP90AB1,0.962
HDAC4,MEF2A,0.973
HDAC4,MEF2C,0.984
HDAC4,MEF2D,0.963
HDAC4,NCOR1,0.999
HDAC4,NCOR2,0.999
HDAC4,NUP155,0.966
HDAC4,RANBP2,0.907
HDAC4,RFXANK,0.964
HDAC4,RUNX2,0.997
HDAC4,SIN3A,0.952
HDAC4,SIRT1,0.9
HDAC4,SMAD3,0.944
HDAC4,UBE2I,0.947
HDAC4,YWHAG,0.989
HDAC4,YY1,0.947
HDAC4,ZBTB16,0.942
HDAC5,MEF2A,0.928
HDAC5,MEF2C,0.924
HDAC5,MEF2D,0.936
HDAC5,NCOR1,0.979
HDAC5,NCOR2,0.944
HDAC6,HSP90AA1,0.999
HDAC6,HSP90AB1,0.998
HDAC6,PRKN,0.946
HDAC6,RPS27A,0.96
HDAC6,RUNX2,0.964
HDAC6,SEPTIN7,0.902
HDAC6,SQSTM1,0.979
HDAC6,TARDBP,0.981
HDAC6,TRIM28,0.903
HDAC6,TUBA1A,0.953
HDAC6,UBA52,0.94
HDAC6,UBB,0.958
HDAC6,VCP,0.995
HDAC7,HIF1A,0.927
HDAC7,KAT5,0.98
HDAC7,MEF2A,0.959
HDAC7,NCOR1,0.959
HDAC7,NCOR2,0.93
HDAC8,MORF4L1,0.936
HDAC8,RBBP4,0.956
HDAC8,SIN3A,0.949
HDAC8,SMC1A,0.913
HDAC8,SMC3,0.92
HDAC9,KAT5,0.988
HDAC9,MEF2A,0.944
HDAC9,NCOR1,0.972
HDAC9,NCOR2,0.916
HDAC9,SMARCA4,0.935
HEG1,KRIT1,0.998
HELZ2,NCOA1,0.913
HELZ2,PPARA,0.908
HEPH,SLC40A1,0.992
HERC2,NEURL4,0.937
HERC2,RNF8,0.952
HERC2,UBE3A,0.91
HES1,HEY1,0.919
HES1,RBPJ,0.946
HES1,TLE1,0.953
HEXA,HEXB,0.998
HEXA,RENBP,0.907
HEXB,RENBP,0.903
HEXIM1,LARP7,0.999
HEXIM1,MEPCE,0.999
HEXIM1,PPM1G,0.918
HEY1,HEY2,0.989
HEY1,NOTCH1,0.965
HEY1,NOTCH4,0.911
HEY1,RBPJ,0.919
HEY1,SKP1,0.991
HEY2,NOTCH1,0.945
HEY2,RBPJ,0.9
HFE,HJV,0.998
HFE,SLC40A1,0.921
HFE,TFR2,0.999
HFE,TFRC,0.999
HGF,IGF1R,0.955
HGF,IL7,0.991
HGF,KDR,0.966
HGF,KIT,0.925
HGF,MET,0.999
HGF,MST1R,0.936
HGF,NRP1,0.952
HGF,NTRK1,0.997
HGF,SDC1,0.901
HGF,TGFB1,0.921
HGS,MVB12B,0.918
HGS,NF2,0.969
HGS,RPS27A,0.978
HGS,SNF8,0.966
HGS,STAM,0.999
HGS,STAM2,0.999
HGS,TSG101,0.999
HGS,UBB,0.917
HGS,USP8,0.914
HGS,VPS25,0.984
HGS,VPS28,0.981
HGS,VPS36,0.987
HGS,VPS37A,0.928
HGS,VPS37B,0.94
HGS,VPS37C,0.949
HGS,VPS37D,0.909
HIF1A,HIF1AN,0.999
HIF1A,HIF3A,0.994
HIF1A,HSP90AA1,0.999
HIF1A,HSP90AB1,0.998
HIF1A,HSPA4,0.938
HIF1A,JUN,0.961
HIF1A,KDM4C,0.953
HIF1A,LDHA,0.912
HIF1A,MAPK1,0.985
HIF1A,MAPK3,0.969
HIF1A,MDM2,0.988
HIF1A,MYC,0.993
HIF1A,NOTCH1,0.993
HIF1A,PKM,0.996
HIF1A,RACK1,0.933
HIF1A,RBX1,0.978
HIF1A,RELA,0.989
HIF1A,RUNX1,0.945
HIF1A,SEPTIN9,0.914
HIF1A,SIRT1,0.927
HIF1A,SIRT6,0.98
HIF1A,SLC2A1,0.902
HIF1A,SMAD3,0.975
HIF1A,SP1,0.923
HIF1A,STAT3,0.994
HIF1A,TP53,0.999
HIF1A,VHL,0.999
HIF1AN,NOTCH1,0.96
HIF1AN,PPP1R13B,0.901
HIF1AN,PPP1R13L,0.902
HIF1AN,TNKS2,0.987
HIF1AN,TRPA1,0.9
HIF1AN,TRPV3,0.908
HIF1AN,VHL,0.911
HIF3A,VHL,0.926
HIP1,HTT,0.985
HIP1,IFT57,0.953
HIP1R,HTT,0.946
HIP1R,PICALM,0.927
HIP1R,SLA2,0.951
HIP1R,SNAP91,0.962
HIPK1,TP53,0.967
HIPK2,MECP2,0.919
HIPK2,PIN1,0.965
HIPK2,SIAH1,0.942
HIPK2,SUMO1,0.927
HIPK2,TP53,0.999
HIPK2,UBE2I,0.966
HIRA,UBN1,0.999
HIVEP3,RUNX2,0.909
HIVEP3,WWP1,0.982
HJURP,KIF11,0.93
HJURP,KIF14,0.927
HJURP,KIF20A,0.935
HJURP,KIF4A,0.918
HJURP,MIS18A,0.964
HJURP,MIS18BP1,0.941
HJURP,MSH5,0.932
HJURP,NPM1,0.983
HJURP,OIP5,0.957
HJURP,RBBP4,0.975
HJURP,RBBP7,0.917
HJURP,SPAG5,0.926
HJURP,TOP2A,0.911
HJV,SLC40A1,0.904
HJV,TFR2,0.999
HJV,TFRC,0.994
HK1,MGAM,0.922
HK1,PFKL,0.977
HK1,PFKM,0.99
HK1,PFKP,0.995
HK1,VDAC1,0.998
HLA-DRA,HLA-DRB1,0.999
HLA-DRA,TPI1,0.902
HLA-DRA,VIM,0.934
HLA-DRB1,TPI1,0.904
HLA-DRB1,VIM,0.932
HMG20A,HMG20B,0.932
HMG20A,KDM1A,0.9
HMG20A,PHF21A,0.917
HMG20A,RCOR1,0.938
HMG20A,RCOR3,0.93
HMG20B,KDM1A,0.999
HMG20B,PHF21A,0.999
HMG20B,RCOR1,0.999
HMG20B,RCOR3,0.903
HMG20B,ZNF217,0.965
HMGA1,JUN,0.964
HMGB1,HMGB2,0.981
HMGB1,IL1B,0.97
HMGB1,LY96,0.974
HMGB1,NFKB1,0.923
HMGB1,PLG,0.921
HMGB1,SDC1,0.921
HMGB1,TLR2,0.998
HMGB1,TLR3,0.952
HMGB1,TLR4,0.999
HMGB1,TLR9,0.997
HMGB1,TP53,0.997
HMGCR,INSIG1,0.999
HMGCR,INSIG2,0.99
HMGCR,NPC1L1,0.918
HMGCR,PCSK9,0.91
HMGCR,PRKAA1,0.938
HMGCR,PRKAA2,0.932
HMGCR,PRKAB1,0.928
HMGCR,PRKAB2,0.921
HMGCR,PRKAG1,0.932
HMGCR,PRKAG2,0.932
HMGCR,PRKAG3,0.928
HMGCR,SREBF1,0.956
HMGCR,SREBF2,0.985
HMGN1,MRPL12,0.908
HMGN1,MRPL17,0.91
HMGN1,MRPL19,0.91
HMGN1,MRPL20,0.903
HMGN1,MRPL21,0.905
HMGN1,MRPL27,0.908
HMGN1,MRPL32,0.906
HMGN1,MRPL33,0.908
HMGN1,MRPL36,0.909
HMGN1,MRPL9,0.907
HMGN1,MRPS16,0.903
HMGN1,MRPS6,0.913
HMGN1,MRPS9,0.905
HMGN1,RPL11,0.94
HMGN1,RPL15,0.929
HMGN1,RPL18A,0.92
HMGN1,RPL19,0.924
HMGN1,RPL21,0.932
HMGN1,RPL23,0.94
HMGN1,RPL23A,0.937
HMGN1,RPL24,0.924
HMGN1,RPL27A,0.91
HMGN1,RPL30,0.909
HMGN1,RPL31,0.926
HMGN1,RPL34,0.933
HMGN1,RPL35,0.94
HMGN1,RPL35A,0.925
HMGN1,RPL36,0.92
HMGN1,RPL37A,0.925
HMGN1,RPL38,0.908
HMGN1,RPL5,0.942
HMGN1,RPL6,0.937
HMGN1,RPL8,0.932
HMGN1,RPLP0,0.925
HMGN1,RPS11,0.94
HMGN1,RPS15,0.941
HMGN1,RPS17,0.931
HMGN1,RPS18,0.941
HMGN1,RPS19,0.934
HMGN1,RPS2,0.916
HMGN1,RPS20,0.911
HMGN1,RPS21,0.91
HMGN1,RPS23,0.907
HMGN1,RPS24,0.937
HMGN1,RPS25,0.924
HMGN1,RPS26,0.925
HMGN1,RPS28,0.928
HMGN1,RPS3,0.946
HMGN1,RPS3A,0.923
HMGN1,RPS6,0.931
HMGN1,RPS7,0.907
HMGN1,RPS8,0.915
HMGN1,RPS9,0.903
HMGN1,TUFM,0.912
HMGN1,UBA52,0.904
HMGN1,XAB2,0.937
HMGN1,XPA,0.907
HMMR,KIF11,0.928
HMMR,KIF15,0.901
HMMR,KIF20A,0.909
HMMR,NCAPG,0.909
HMMR,TOP2A,0.902
HMMR,TPX2,0.979
HNF1A,HNF4A,0.988
HNF1A,ONECUT1,0.916
HNF1A,PCBD2,0.944
HNF4A,LEF1,0.999
HNF4A,MYC,0.921
HNF4A,NCOA1,0.965
HNF4A,NCOA2,0.944
HNF4A,NR0B2,0.994
HNF4A,PA2G4,0.905
HNF4A,PPARGC1A,0.998
HNF4A,SMAD3,0.957
HNF4A,SMAD4,0.99
HNF4A,TCF7L2,0.928
HNF4A,TLE1,0.923
HNRNPA0,HNRNPA1,0.908
HNRNPA0,HNRNPC,0.965
HNRNPA0,HNRNPF,0.918
HNRNPA0,HNRNPH1,0.922
HNRNPA0,HNRNPK,0.957
HNRNPA0,HNRNPM,0.927
HNRNPA0,HNRNPU,0.979
HNRNPA0,RBMX,0.933
HNRNPA0,SRSF1,0.943
HNRNPA0,SRSF3,0.905
HNRNPA1,HNRNPA2B1,0.998
HNRNPA1,HNRNPA3,0.949
HNRNPA1,HNRNPC,0.999
HNRNPA1,HNRNPD,0.932
HNRNPA1,HNRNPDL,0.92
HNRNPA1,HNRNPF,0.983
HNRNPA1,HNRNPH1,0.998
HNRNPA1,HNRNPK,0.995
HNRNPA1,HNRNPL,0.993
HNRNPA1,HNRNPM,0.993
HNRNPA1,HNRNPR,0.989
HNRNPA1,HNRNPU,0.992
HNRNPA1,ILF2,0.931
HNRNPA1,ILF3,0.96
HNRNPA1,KHDRBS1,0.975
HNRNPA1,KHSRP,0.964
HNRNPA1,MATR3,0.95
HNRNPA1,NONO,0.945
HNRNPA1,NPM1,0.923
HNRNPA1,PABPC1,0.945
HNRNPA1,PCBP1,0.966
HNRNPA1,PCBP2,0.94
HNRNPA1,PRMT1,0.913
HNRNPA1,PTBP1,0.998
HNRNPA1,RBMX,0.982
HNRNPA1,SFPQ,0.97
HNRNPA1,SMN1,0.92
HNRNPA1,SRSF1,0.993
HNRNPA1,SRSF3,0.97
HNRNPA1,SRSF5,0.949
HNRNPA1,SRSF6,0.925
HNRNPA1,SRSF7,0.964
HNRNPA1,SRSF9,0.91
HNRNPA1,SSB,0.903
HNRNPA1,SYNCRIP,0.947
HNRNPA1,TARDBP,0.997
HNRNPA1,TNPO1,0.998
HNRNPA1,TRA2B,0.953
HNRNPA1,U2AF1,0.93
HNRNPA1,U2AF2,0.908
HNRNPA1,YBX1,0.937
HNRNPA2B1,HNRNPA3,0.968
HNRNPA2B1,HNRNPAB,0.915
HNRNPA2B1,HNRNPC,0.999
HNRNPA2B1,HNRNPD,0.947
HNRNPA2B1,HNRNPDL,0.909
HNRNPA2B1,HNRNPF,0.985
HNRNPA2B1,HNRNPH1,0.991
HNRNPA2B1,HNRNPK,0.983
HNRNPA2B1,HNRNPL,0.999
HNRNPA2B1,HNRNPM,0.987
HNRNPA2B1,HNRNPR,0.923
HNRNPA2B1,HNRNPU,0.979
HNRNPA2B1,IGF2BP1,0.938
HNRNPA2B1,ILF3,0.994
HNRNPA2B1,KHDRBS1,0.904
HNRNPA2B1,NCL,0.913
HNRNPA2B1,NONO,0.913
HNRNPA2B1,PCBP1,0.961
HNRNPA2B1,PTBP1,0.993
HNRNPA2B1,RBMX,0.96
HNRNPA2B1,SFPQ,0.939
HNRNPA2B1,SLC25A15,0.942
HNRNPA2B1,SRSF1,0.972
HNRNPA2B1,SRSF2,0.954
HNRNPA2B1,SRSF3,0.976
HNRNPA2B1,SRSF7,0.947
HNRNPA2B1,SYNCRIP,0.913
HNRNPA2B1,TARDBP,0.998
HNRNPA2B1,TRA2B,0.953
HNRNPA2B1,YBX1,0.905
HNRNPA3,HNRNPC,0.969
HNRNPA3,HNRNPD,0.999
HNRNPA3,HNRNPH1,0.977
HNRNPA3,HNRNPK,0.923
HNRNPA3,HNRNPL,0.97
HNRNPA3,HNRNPM,0.935
HNRNPA3,HNRNPR,0.925
HNRNPA3,HNRNPU,0.912
HNRNPA3,PCBP1,0.913
HNRNPA3,PCBP2,0.915
HNRNPA3,PTBP1,0.965
HNRNPA3,SRSF1,0.918
HNRNPA3,TARDBP,0.919
HNRNPAB,HNRNPC,0.958
HNRNPAB,HNRNPH1,0.936
HNRNPAB,PTBP1,0.951
HNRNPC,HNRNPD,0.962
HNRNPC,HNRNPF,0.971
HNRNPC,HNRNPH1,0.981
HNRNPC,HNRNPK,0.982
HNRNPC,HNRNPL,0.99
HNRNPC,HNRNPM,0.99
HNRNPC,HNRNPR,0.98
HNRNPC,HNRNPU,0.996
HNRNPC,ILF2,0.985
HNRNPC,ILF3,0.985
HNRNPC,KHDRBS1,0.948
HNRNPC,MATR3,0.946
HNRNPC,PABPC1,0.939
HNRNPC,PCBP1,0.961
HNRNPC,PCBP2,0.914
HNRNPC,PTBP1,0.996
HNRNPC,RALY,0.953
HNRNPC,RBMX,0.986
HNRNPC,SFPQ,0.926
HNRNPC,SNRNP70,0.923
HNRNPC,SNRPD3,0.94
HNRNPC,SNRPE,0.953
HNRNPC,SRSF1,0.977
HNRNPC,SRSF2,0.9
HNRNPC,SRSF3,0.981
HNRNPC,SRSF7,0.951
HNRNPC,SYNCRIP,0.954
HNRNPC,TARDBP,0.981
HNRNPC,TRA2B,0.968
HNRNPC,U2AF1,0.916
HNRNPC,U2AF2,0.954
HNRNPC,YBX1,0.921
HNRNPD,HNRNPF,0.941
HNRNPD,HNRNPH1,0.93
HNRNPD,HNRNPK,0.965
HNRNPD,HNRNPL,0.924
HNRNPD,HNRNPM,0.962
HNRNPD,HNRNPR,0.906
HNRNPD,HNRNPU,0.973
HNRNPD,HSPA4,0.918
HNRNPD,HSPA8,0.98
HNRNPD,HSPB1,0.911
HNRNPD,KHDRBS1,0.907
HNRNPD,KHSRP,0.929
HNRNPD,NCL,0.971
HNRNPD,PABPC1,0.96
HNRNPD,PAIP1,0.977
HNRNPD,PCBP2,0.956
HNRNPD,PTBP1,0.96
HNRNPD,SYNCRIP,0.98
HNRNPD,TNPO1,0.968
HNRNPDL,HNRNPH1,0.95
HNRNPDL,HNRNPL,0.948
HNRNPDL,HNRNPM,0.947
HNRNPDL,HNRNPU,0.946
HNRNPDL,PTBP1,0.959
HNRNPDL,SRSF2,0.922
HNRNPF,HNRNPH1,0.994
HNRNPF,HNRNPK,0.971
HNRNPF,HNRNPL,0.95
HNRNPF,HNRNPM,0.981
HNRNPF,HNRNPR,0.918
HNRNPF,HNRNPU,0.951
HNRNPF,HNRNPUL1,0.907
HNRNPF,KHSRP,0.959
HNRNPF,NCBP2,0.923
HNRNPF,PTBP1,0.942
HNRNPF,RBMX,0.922
HNRNPF,SRSF1,0.97
HNRNPF,SRSF3,0.941
HNRNPF,SRSF7,0.918
HNRNPF,TRA2B,0.901
HNRNPH1,HNRNPK,0.975
HNRNPH1,HNRNPL,0.982
HNRNPH1,HNRNPM,0.993
HNRNPH1,HNRNPR,0.947
HNRNPH1,HNRNPU,0.986
HNRNPH1,ILF2,0.969
HNRNPH1,ILF3,0.98
HNRNPH1,KHSRP,0.949
HNRNPH1,MATR3,0.911
HNRNPH1,NCBP1,0.907
HNRNPH1,NCBP2,0.92
HNRNPH1,PCBP1,0.906
HNRNPH1,PTBP1,0.978
HNRNPH1,RBM14,0.914
HNRNPH1,RBMX,0.955
HNRNPH1,SFPQ,0.913
HNRNPH1,SNRNP70,0.928
HNRNPH1,SRSF1,0.986
HNRNPH1,SRSF2,0.935
HNRNPH1,SRSF3,0.972
HNRNPH1,SRSF5,0.957
HNRNPH1,SRSF7,0.922
HNRNPH1,SYNCRIP,0.948
HNRNPH1,TARDBP,0.947
HNRNPH1,TRA2B,0.981
HNRNPH1,U2AF2,0.926
HNRNPK,HNRNPL,0.99
HNRNPK,HNRNPM,0.981
HNRNPK,HNRNPR,0.962
HNRNPK,HNRNPU,0.991
HNRNPK,ILF3,0.936
HNRNPK,KHDRBS1,0.986
HNRNPK,KPNA2,0.968
HNRNPK,MATR3,0.923
HNRNPK,NCL,0.993
HNRNPK,PABPC1,0.954
HNRNPK,PCBP1,0.989
HNRNPK,PCBP2,0.941
HNRNPK,PTBP1,0.997
HNRNPK,PUF60,0.974
HNRNPK,RBM14,0.909
HNRNPK,RBM42,0.973
HNRNPK,RBMX,0.988
HNRNPK,SF3B3,0.971
HNRNPK,SFPQ,0.913
HNRNPK,SRSF1,0.966
HNRNPK,SRSF2,0.924
HNRNPK,SRSF3,0.962
HNRNPK,SYNCRIP,0.959
HNRNPK,TARDBP,0.949
HNRNPK,TP53,0.943
HNRNPK,TRA2B,0.916
HNRNPK,U2AF2,0.947
HNRNPL,HNRNPM,0.974
HNRNPL,HNRNPR,0.961
HNRNPL,HNRNPU,0.974
HNRNPL,ILF3,0.995
HNRNPL,PCBP1,0.938
HNRNPL,PCBP2,0.951
HNRNPL,PTBP1,0.993
HNRNPL,RBMX,0.927
HNRNPL,SETD2,0.935
HNRNPL,SFPQ,0.918
HNRNPL,SRSF1,0.945
HNRNPL,SRSF3,0.952
HNRNPL,SRSF7,0.926
HNRNPL,SYNCRIP,0.933
HNRNPL,TRA2B,0.903
HNRNPL,U2AF2,0.946
HNRNPM,HNRNPR,0.97
HNRNPM,HNRNPU,0.985
HNRNPM,ILF2,0.972
HNRNPM,ILF3,0.97
HNRNPM,KHDRBS1,0.934
HNRNPM,MATR3,0.928
HNRNPM,NONO,0.913
HNRNPM,PCBP1,0.921
HNRNPM,PTBP1,0.981
HNRNPM,RBMX,0.979
HNRNPM,SFPQ,0.968
HNRNPM,SRSF1,0.956
HNRNPM,SRSF3,0.956
HNRNPM,SRSF7,0.902
HNRNPM,TARDBP,0.901
HNRNPM,TNPO1,0.971
HNRNPM,TRA2B,0.934
HNRNPM,U2AF1,0.946
HNRNPM,U2AF2,0.945
HNRNPM,ZNF207,0.995
HNRNPR,HNRNPU,0.947
HNRNPR,ILF2,0.928
HNRNPR,ILF3,0.924
HNRNPR,PCBP1,0.905
HNRNPR,RBMX,0.936
HNRNPR,SMN1,0.906
HNRNPR,SRSF1,0.935
HNRNPR,SRSF3,0.906
HNRNPR,SYNCRIP,0.956
HNRNPU,IGF2BP1,0.989
HNRNPU,ILF3,0.901
HNRNPU,NCL,0.961
HNRNPU,PTBP1,0.943
HNRNPU,RBMX,0.925
HNRNPU,SFPQ,0.937
HNRNPU,SNRPB,0.904
HNRNPU,SRSF1,0.951
HNRNPU,SYNCRIP,0.998
HNRNPU,YBX1,0.998
HNRNPUL1,NXF1,0.993
HNRNPUL1,RAE1,0.917
HOMER1,HOMER3,0.993
HOMER1,ITPR1,0.95
HOMER1,SHANK1,0.984
HOMER1,SHANK2,0.937
HOMER1,SHANK3,0.957
HOMER3,ITPR1,0.905
HOMER3,SHANK1,0.966
HOOK1,HOOK2,0.946
HOOK1,HOOK3,0.987
HOOK2,HOOK3,0.945
HOXA10,HOXA9,0.931
HOXA9,MEIS1,0.998
HOXA9,NUP98,0.964
HOXA9,PBX1,0.998
HOXA9,PBX3,0.954
HOXB1,PBX1,0.999
HOXB1,PKNOX1,0.955
HOXB13,MEIS1,0.964
HOXB13,MEIS2,0.927
HOXB7,PRKDC,0.954
HOXB7,XRCC5,0.946
HOXB7,XRCC6,0.971
HOXB8,PBX1,0.91
HP,HPR,0.964
HP,SERPINA1,0.961
HPD,MIF,0.909
HPF1,PARP1,0.979
HPF1,PARP2,0.999
HPS1,HPS3,0.902
HPS1,HPS4,0.989
HPS3,HPS4,0.996
HPS3,HPS5,0.999
HPS3,HPS6,0.999
HPS4,HPS5,0.992
HPS4,HPS6,0.995
HPS5,HPS6,0.999
HPS6,SNAPIN,0.9
HRAS,ICAM1,0.922
HRAS,IFNGR1,0.949
HRAS,IGF1R,0.949
HRAS,IL3RA,0.904
HRAS,KIT,0.962
HRAS,KRAS,0.992
HRAS,MAP2K1,0.989
HRAS,MAP2K2,0.968
HRAS,MAP3K1,0.945
HRAS,MAPK1,0.979
HRAS,MAPK3,0.983
HRAS,MAPK8,0.985
HRAS,MAPK9,0.936
HRAS,MAPKAP1,0.941
HRAS,MET,0.961
HRAS,NF1,0.994
HRAS,NOS1,0.911
HRAS,NRAS,0.932
HRAS,PDGFRA,0.96
HRAS,PDGFRB,0.962
HRAS,PIK3CA,0.995
HRAS,PIK3CB,0.963
HRAS,PIK3CD,0.971
HRAS,PIK3CG,0.998
HRAS,PIK3R1,0.99
HRAS,PIK3R2,0.93
HRAS,PIK3R3,0.922
HRAS,PIK3R5,0.921
HRAS,PIK3R6,0.902
HRAS,PRKCA,0.937
HRAS,PRKCB,0.919
HRAS,PRKCE,0.921
HRAS,PRKCG,0.913
HRAS,PTPN11,0.926
HRAS,RAF1,0.999
HRAS,RALBP1,0.93
HRAS,RAPGEF2,0.958
HRAS,RASA1,0.999
HRAS,RASGRF1,0.995
HRAS,RASGRP1,0.942
HRAS,RASSF1,0.992
HRAS,RIN1,0.993
HRAS,RPS6KA1,0.946
HRAS,RPS6KA3,0.934
HRAS,SHOC2,0.99
HRAS,SOS1,0.999
HRAS,SRC,0.994
HRAS,SYK,0.932
HRAS,TIAM1,0.957
HRAS,TP53,0.925
HRAS,TRAF3,0.986
HRG,PLG,0.999
HSD11B1,HSD3B2,0.952
HSD17B10,HUWE1,0.975
HSD17B10,POP1,0.904
HSD17B10,POP4,0.92
HSD17B10,POP5,0.921
HSD17B10,POP7,0.927
HSD17B10,PRORP,0.999
HSD17B10,RPP14,0.9
HSD17B10,RPP21,0.903
HSD17B10,RPP25,0.906
HSD17B10,RPP30,0.905
HSD17B10,RPP38,0.91
HSD17B10,RPP40,0.906
HSD17B10,TARBP2,0.911
HSD17B10,TRMT10C,0.999
HSF1,HSP90AA1,0.998
HSF1,HSP90AB1,0.992
HSF1,HSPA1B,0.944
HSF1,HSPA4,0.985
HSF1,HSPA8,0.928
HSF1,PTGES3,0.922
HSP90AA1,HSP90AB1,0.997
HSP90AA1,HSP90B1,0.95
HSP90AA1,HSPA1A,0.98
HSP90AA1,HSPA1B,0.998
HSP90AA1,HSPA1L,0.996
HSP90AA1,HSPA4,0.999
HSP90AA1,HSPA5,0.968
HSP90AA1,HSPA8,0.999
HSP90AA1,HSPA9,0.958
HSP90AA1,HSPB1,0.957
HSP90AA1,HSPB2,0.924
HSP90AA1,HSPB3,0.914
HSP90AA1,HSPD1,0.963
HSP90AA1,HSPH1,0.938
HSP90AA1,IKBKB,0.975
HSP90AA1,IKBKG,0.937
HSP90AA1,IRF3,0.916
HSP90AA1,KCNH2,0.958
HSP90AA1,KDR,0.954
HSP90AA1,KEAP1,0.949
HSP90AA1,LRP1,0.994
HSP90AA1,LRRK2,0.97
HSP90AA1,MAPK1,0.941
HSP90AA1,MAPT,0.959
HSP90AA1,MDM2,0.909
HSP90AA1,MLKL,0.944
HSP90AA1,MTOR,0.998
HSP90AA1,MYC,0.975
HSP90AA1,NCOR1,0.909
HSP90AA1,NLRP3,0.99
HSP90AA1,NOS3,0.999
HSP90AA1,NR3C1,0.999
HSP90AA1,PGR,0.99
HSP90AA1,PIH1D1,0.987
HSP90AA1,PINK1,0.957
HSP90AA1,PLK1,0.957
HSP90AA1,PPID,0.999
HSP90AA1,PPIF,0.982
HSP90AA1,PPP5C,0.997
HSP90AA1,PRKN,0.924
HSP90AA1,PTGES3,0.999
HSP90AA1,RACK1,0.91
HSP90AA1,RAF1,0.985
HSP90AA1,RIPK1,0.988
HSP90AA1,RIPK2,0.938
HSP90AA1,RIPK3,0.966
HSP90AA1,RPAP3,0.99
HSP90AA1,RSF1,0.981
HSP90AA1,RUVBL1,0.938
HSP90AA1,SGTA,0.943
HSP90AA1,SRC,0.999
HSP90AA1,ST13,0.997
HSP90AA1,STAT3,0.971
HSP90AA1,STIP1,0.999
HSP90AA1,STUB1,0.999
HSP90AA1,TBK1,0.925
HSP90AA1,TCP1,0.906
HSP90AA1,TERT,0.998
HSP90AA1,TGFBR1,0.904
HSP90AA1,TGFBR2,0.959
HSP90AA1,TLR2,0.982
HSP90AA1,TLR4,0.987
HSP90AA1,TOMM70,0.999
HSP90AA1,TP53,0.999
HSP90AA1,TSG101,0.908
HSP90AA1,UCHL1,0.9
HSP90AA1,VCP,0.933
HSP90AB1,HSP90B1,0.953
HSP90AB1,HSPA1A,0.969
HSP90AB1,HSPA1B,0.991
HSP90AB1,HSPA1L,0.924
HSP90AB1,HSPA4,0.999
HSP90AB1,HSPA5,0.977
HSP90AB1,HSPA8,0.999
HSP90AB1,HSPA9,0.955
HSP90AB1,HSPB1,0.952
HSP90AB1,HSPB2,0.931
HSP90AB1,HSPB3,0.921
HSP90AB1,HSPB8,0.948
HSP90AB1,HSPBP1,0.902
HSP90AB1,HSPD1,0.97
HSP90AB1,HSPH1,0.916
HSP90AB1,IKBKB,0.976
HSP90AB1,IKBKG,0.928
HSP90AB1,KEAP1,0.933
HSP90AB1,LRP1,0.99
HSP90AB1,LRRK2,0.942
HSP90AB1,MAPT,0.938
HSP90AB1,MLKL,0.943
HSP90AB1,MTOR,0.998
HSP90AB1,NCOR1,0.906
HSP90AB1,NLRP3,0.986
HSP90AB1,NOS3,0.998
HSP90AB1,NR3C1,0.998
HSP90AB1,PGR,0.978
HSP90AB1,PIH1D1,0.972
HSP90AB1,PPID,0.999
HSP90AB1,PPIF,0.982
HSP90AB1,PPP5C,0.997
HSP90AB1,PTGES3,0.999
HSP90AB1,RAF1,0.993
HSP90AB1,RIPK1,0.972
HSP90AB1,RIPK2,0.928
HSP90AB1,RIPK3,0.964
HSP90AB1,RPAP3,0.992
HSP90AB1,RSF1,0.981
HSP90AB1,RUVBL1,0.97
HSP90AB1,RUVBL2,0.937
HSP90AB1,SRC,0.995
HSP90AB1,ST13,0.995
HSP90AB1,STIP1,0.999
HSP90AB1,STUB1,0.999
HSP90AB1,TCP1,0.956
HSP90AB1,TERT,0.987
HSP90AB1,TGFBR2,0.92
HSP90AB1,TLR2,0.982
HSP90AB1,TLR4,0.988
HSP90AB1,TOMM70,0.999
HSP90AB1,TP53,0.995
HSP90AB1,TSG101,0.911
HSP90AB1,VCP,0.906
HSP90B1,HSPA4,0.99
HSP90B1,HSPA5,0.999
HSP90B1,HSPA9,0.969
HSP90B1,HYOU1,0.999
HSP90B1,LRP1,0.996
HSP90B1,OS9,0.996
HSP90B1,P4HB,0.983
HSP90B1,PDIA3,0.985
HSP90B1,PDIA4,0.998
HSP90B1,PDIA6,0.99
HSP90B1,PPIB,0.994
HSP90B1,RIPK2,0.917
HSP90B1,SDF2L1,0.964
HSP90B1,TLR2,0.977
HSP90B1,TLR4,0.988
HSP90B1,UGGT1,0.958
HSPA1A,HSPA1B,0.994
HSPA1A,HSPA8,0.939
HSPA1A,HSPB1,0.977
HSPA1A,HSPBP1,0.969
HSPA1A,STIP1,0.927
HSPA1A,YBX1,0.985
HSPA1B,HSPA4,0.939
HSPA1B,HSPA8,0.947
HSPA1B,HSPB1,0.939
HSPA1B,HSPB2,0.9
HSPA1B,HSPBP1,0.995
HSPA1B,HSPH1,0.953
HSPA1B,MAPK8,0.925
HSPA1B,MAPK9,0.917
HSPA1B,NR3C1,0.935
HSPA1B,STIP1,0.981
HSPA1B,STUB1,0.979
HSPA1B,TLR2,0.998
HSPA1B,TLR4,0.941
HSPA1B,TP53,0.971
HSPA1B,YBX1,0.991
HSPA1L,MAPK8,0.904
HSPA1L,MAPK9,0.906
HSPA1L,NR3C1,0.985
HSPA1L,STIP1,0.995
HSPA1L,TLR2,0.91
HSPA2,HSPH1,0.905
HSPA2,MAPK8,0.906
HSPA2,MAPK9,0.905
HSPA2,STUB1,0.901
HSPA2,TLR2,0.909
HSPA4,HSPA5,0.915
HSPA4,HSPA8,0.999
HSPA4,HSPA9,0.955
HSPA4,HSPB1,0.992
HSPA4,HSPB2,0.988
HSPA4,HSPB3,0.988
HSPA4,HSPB8,0.994
HSPA4,HSPBP1,0.998
HSPA4,HSPD1,0.924
HSPA4,HSPH1,0.935
HSPA4,HTT,0.958
HSPA4,IKBKG,0.924
HSPA4,KLRD1,0.935
HSPA4,LRP1,0.991
HSPA4,MAPT,0.957
HSPA4,NR3C1,0.992
HSPA4,PARK7,0.953
HSPA4,PGR,0.972
HSPA4,PPID,0.977
HSPA4,PRKN,0.971
HSPA4,PTGES3,0.906
HSPA4,RICTOR,0.945
HSPA4,SGTA,0.988
HSPA4,SNCA,0.994
HSPA4,ST13,0.997
HSPA4,STIP1,0.999
HSPA4,STUB1,0.999
HSPA4,TARDBP,0.92
HSPA4,TIMM44,0.993
HSPA4,TJP1,0.959
HSPA4,TLR2,0.992
HSPA4,TLR4,0.996
HSPA4,TOMM70,0.988
HSPA4,TP53,0.997
HSPA4,TRAF6,0.946
HSPA4,TSG101,0.944
HSPA4,UBE3A,0.938
HSPA4,UBQLN2,0.915
HSPA5,HSPA8,0.983
HSPA5,HSPBP1,0.912
HSPA5,HSPD1,0.908
HSPA5,HYOU1,0.999
HSPA5,OS9,0.98
HSPA5,P4HB,0.996
HSPA5,PAWR,0.912
HSPA5,PDIA3,0.999
HSPA5,PDIA4,0.99
HSPA5,PDIA6,0.995
HSPA5,PPIB,0.955
HSPA5,PRNP,0.954
HSPA5,SEC61A1,0.974
HSPA5,SEL1L,0.949
HSPA5,SIGMAR1,0.992
HSPA5,SNCA,0.947
HSPA5,SQSTM1,0.946
HSPA5,SYVN1,0.961
HSPA5,VCP,0.944
HSPA8,HSPA9,0.947
HSPA8,HSPB1,0.988
HSPA8,HSPB2,0.937
HSPA8,HSPB3,0.903
HSPA8,HSPB8,0.996
HSPA8,HSPBP1,0.998
HSPA8,HSPD1,0.933
HSPA8,HSPH1,0.998
HSPA8,HTT,0.921
HSPA8,LRRK2,0.936
HSPA8,MAPK8,0.932
HSPA8,MAPK9,0.914
HSPA8,MAPT,0.948
HSPA8,PABPC1,0.984
HSPA8,PLIN3,0.967
HSPA8,PLRG1,0.977
HSPA8,PRKN,0.901
HSPA8,PRPF19,0.968
HSPA8,PTGES3,0.928
HSPA8,SGTA,0.998
HSPA8,SNAP25,0.903
HSPA8,SNCA,0.987
HSPA8,ST13,0.999
HSPA8,STIP1,0.999
HSPA8,STUB1,0.999
HSPA8,TCP1,0.931
HSPA8,TFRC,0.969
HSPA8,TLR2,0.953
HSPA8,TP53,0.987
HSPA8,TSG101,0.922
HSPA8,TUBA1A,0.9
HSPA8,UCHL1,0.924
HSPA8,VCP,0.92
HSPA9,HSPD1,0.999
HSPA9,ISCU,0.979
HSPA9,ITPR1,0.995
HSPA9,ITPR3,0.996
HSPA9,LYRM4,0.919
HSPA9,PAM16,0.988
HSPA9,PARK7,0.992
HSPA9,PPIF,0.932
HSPA9,TIMM17A,0.988
HSPA9,TIMM17B,0.942
HSPA9,TIMM23,0.966
HSPA9,TIMM44,0.999
HSPA9,TLR1,0.907
HSPA9,TLR2,0.914
HSPA9,TLR4,0.917
HSPA9,TLR6,0.907
HSPA9,TOMM22,0.915
HSPA9,TOMM40,0.915
HSPA9,TOMM70,0.942
HSPA9,TP53,0.998
HSPA9,VDAC1,0.998
HSPB1,HSPB6,0.902
HSPB1,HSPB8,0.94
HSPB1,MAPK14,0.91
HSPB1,MAPKAPK2,0.999
HSPB1,MAPKAPK3,0.979
HSPB1,MAPKAPK5,0.995
HSPB1,PLEC,0.964
HSPB1,TP53,0.955
HSPB11,IFT172,0.989
HSPB11,IFT20,0.989
HSPB11,IFT22,0.999
HSPB11,IFT27,0.999
HSPB11,IFT46,0.999
HSPB11,IFT52,0.999
HSPB11,IFT57,0.997
HSPB11,IFT74,0.998
HSPB11,IFT80,0.985
HSPB11,IFT81,0.998
HSPB11,IFT88,0.998
HSPB11,TRAF3IP1,0.996
HSPB11,TTC26,0.992
HSPB11,TTC30B,0.996
HSPB2,HSPB3,0.959
HSPB2,HSPB8,0.949
HSPB2,MAPK11,0.963
HSPB2,MAPK14,0.962
HSPB2,PLEC,0.954
HSPB3,HSPB8,0.906
HSPB3,IGF1,0.991
HSPB3,IGF2,0.984
HSPB3,INS,0.99
HSPB3,PLEC,0.948
HSPB8,STUB1,0.993
HSPBP1,HSPH1,0.963
HSPBP1,MRPL12,0.918
HSPBP1,MRPL17,0.91
HSPBP1,MRPL21,0.906
HSPBP1,MRPL36,0.907
HSPBP1,MRPL9,0.908
HSPBP1,MRPS16,0.902
HSPBP1,MRPS6,0.902
HSPBP1,MRPS9,0.91
HSPBP1,RPL11,0.913
HSPBP1,RPL23,0.909
HSPBP1,RPL23A,0.909
HSPBP1,RPL35,0.915
HSPBP1,RPL5,0.909
HSPBP1,RPS11,0.909
HSPBP1,RPS15,0.913
HSPBP1,RPS18,0.909
HSPBP1,RPS3,0.912
HSPBP1,STUB1,0.962
HSPBP1,TUFM,0.913
HSPD1,TCP1,0.958
HSPD1,TLR2,0.976
HSPD1,TLR4,0.999
HSPG2,ITGA2,0.937
HSPG2,ITGB1,0.947
HSPG2,KDR,0.975
HSPG2,SDC1,0.966
HSPH1,SGTA,0.987
HSPH1,STIP1,0.928
HTATSF1,PHF5A,0.966
HTATSF1,SF3A1,0.959
HTATSF1,SF3A2,0.99
HTATSF1,SF3A3,0.957
HTATSF1,SF3B1,0.998
HTATSF1,SF3B2,0.977
HTATSF1,SF3B3,0.956
HTATSF1,SF3B4,0.958
HTATSF1,SF3B5,0.937
HTATSF1,SF3B6,0.967
HTATSF1,SNRPA1,0.98
HTATSF1,SNRPB,0.951
HTATSF1,SNRPB2,0.97
HTATSF1,SNRPD1,0.907
HTATSF1,SNRPD2,0.948
HTATSF1,SNRPD3,0.917
HTATSF1,SNRPE,0.937
HTATSF1,SNRPF,0.962
HTATSF1,SNRPG,0.937
HTATSF1,TCERG1,0.955
HTR1A,HTR1B,0.914
HTR1A,HTR2A,0.92
HTR1A,SLC6A4,0.968
HTR1B,HTR1D,0.952
HTR1B,SLC6A4,0.932
HTR1D,SLC6A4,0.921
HTR2A,HTR2B,0.962
HTR2A,HTR2C,0.991
HTR2A,SLC6A4,0.961
HTR2B,HTR2C,0.977
HTR2C,SLC6A4,0.914
HTR6,HTR7,0.925
HTRA2,PARL,0.918
HTRA2,PINK1,0.994
HTRA2,TNFRSF1A,0.996
HTRA2,XIAP,0.999
HTT,HYPK,0.986
HTT,ITPR1,0.995
HTT,KAT2B,0.962
HTT,MAPK8,0.93
HTT,MAPK9,0.917
HTT,MT-CYB,0.907
HTT,NCOR1,0.927
HTT,OPTN,0.997
HTT,PACSIN1,0.917
HTT,PPARGC1A,0.982
HTT,PRPF40A,0.989
HTT,REST,0.991
HTT,SDHA,0.92
HTT,SDHB,0.927
HTT,SDHC,0.912
HTT,SDHD,0.904
HTT,SETD2,0.972
HTT,SH3GL3,0.979
HTT,SNCA,0.989
HTT,SP1,0.945
HTT,SQSTM1,0.919
HTT,STX1A,0.945
HTT,TAF4,0.994
HTT,TARDBP,0.905
HTT,TCERG1,0.958
HTT,TP53,0.998
HTT,UQCR10,0.906
HTT,UQCR11,0.9
HTT,UQCRB,0.9
HTT,UQCRC1,0.94
HTT,UQCRC2,0.939
HTT,UQCRFS1,0.906
HTT,UQCRH,0.927
HTT,UQCRQ,0.901
HTT,VCP,0.901
HUS1,RAD1,0.999
HUS1,RAD17,0.999
HUS1,RAD9A,0.999
HUS1,RAD9B,0.991
HUS1,RFC2,0.992
HUS1,RFC3,0.972
HUS1,RFC4,0.987
HUS1,RFC5,0.983
HUS1,RHNO1,0.985
HUS1,TOPBP1,0.996
HUS1B,RAD1,0.988
HUS1B,RAD9A,0.997
HUS1B,RAD9B,0.997
HUWE1,MCL1,0.996
HUWE1,RPS27A,0.934
HUWE1,UBA52,0.936
HUWE1,UBB,0.957
HUWE1,UBE2D2,0.957
HUWE1,UBE2L3,0.921
HUWE1,USP9X,0.908
HYOU1,OS9,0.906
HYOU1,PDIA4,0.997
HYOU1,PDIA6,0.943
HYOU1,PPIB,0.93
HYOU1,SDF2L1,0.915
HYPK,NAA10,0.999
HYPK,NAA15,0.999
HYPK,NAA16,0.947
HYPK,NAA50,0.998
IARS1,KARS1,0.999
IARS1,LARS1,0.999
IARS1,MARS1,0.999
IARS1,QARS1,0.999
IARS1,RARS1,0.999
ICAM1,IFNG,0.902
ICAM1,IL1B,0.912
ICAM1,IL6,0.947
ICAM1,ITGA2B,0.938
ICAM1,ITGA4,0.986
ICAM1,ITGAL,0.999
ICAM1,ITGAM,0.999
ICAM1,ITGAX,0.982
ICAM1,ITGB1,0.967
ICAM1,ITGB2,0.999
ICAM1,KRAS,0.931
ICAM1,MSN,0.991
ICAM1,MUC1,0.993
ICAM1,NFKB1,0.903
ICAM1,NRAS,0.916
ICAM1,PLCG1,0.943
ICAM1,PLCG2,0.952
ICAM1,SELP,0.932
ICAM1,SELPLG,0.991
ICAM1,TNF,0.944
ICAM1,VCAM1,0.999
ICAM4,ITGB2,0.981
ICE1,ICE2,0.998
ICE1,LEO1,0.901
ICE1,MLLT1,0.906
ICE1,MLLT3,0.907
ICE1,NELFA,0.901
ICE1,NELFB,0.915
ICE1,NELFCD,0.901
ICE1,NELFE,0.91
ICE1,PAF1,0.9
ICE1,PEX2,0.901
ICE1,SUPT4H1,0.9
ICE1,SUPT5H,0.936
ICE1,ZC3H8,0.987
ICE2,LEO1,0.902
ICE2,MLLT1,0.908
ICE2,MLLT3,0.911
ICE2,NAA15,0.947
ICE2,NELFA,0.9
ICE2,NELFB,0.904
ICE2,NELFCD,0.901
ICE2,NELFE,0.901
ICE2,PAF1,0.9
ICE2,PEX2,0.912
ICE2,SUPT4H1,0.903
ICE2,SUPT5H,0.912
ICE2,ZC3H8,0.983
ICE2,ZNF346,0.948
ICOS,PDCD1,0.941
ICOS,PDCD1LG2,0.972
ICOS,PIK3CA,0.917
ICOS,PIK3CB,0.917
ICOS,PIK3CD,0.944
ICOS,PIK3R1,0.976
ICOS,PIK3R2,0.915
ICOS,PIK3R3,0.914
IDH1,IDH2,0.961
IDH1,IDH3A,0.987
IDH1,IDH3B,0.988
IDH1,IDH3G,0.996
IDH1,OGDH,0.99
IDH1,TET2,0.914
IDH2,IDH3A,0.997
IDH2,IDH3B,0.997
IDH2,IDH3G,0.998
IDH2,OGDH,0.991
IDH3A,IDH3B,0.999
IDH3A,IDH3G,0.999
IDH3A,OGDH,0.995
IDH3A,SUCLA2,0.972
IDH3A,SUCLG1,0.902
IDH3B,IDH3G,0.999
IDH3B,OGDH,0.984
IDH3B,SUCLG1,0.931
IDH3G,OGDH,0.983
IDH3G,SUCLG1,0.9
IFI16,MEFV,0.929
IFI16,NLRC4,0.929
IFI16,PYCARD,0.948
IFI16,STING1,0.963
IFI16,TP53,0.988
IFI35,IFIT3,0.926
IFI35,IRF7,0.913
IFI35,MED1,0.915
IFI35,MRNIP,0.901
IFI35,MRTO4,0.909
IFI35,NMI,0.982
IFI35,RPL10,0.906
IFI35,RPL10A,0.911
IFI35,RPL11,0.961
IFI35,RPL13,0.979
IFI35,RPL13A,0.915
IFI35,RPL14,0.98
IFI35,RPL15,0.959
IFI35,RPL17,0.919
IFI35,RPL18,0.979
IFI35,RPL18A,0.977
IFI35,RPL19,0.962
IFI35,RPL21,0.977
IFI35,RPL22,0.919
IFI35,RPL23,0.98
IFI35,RPL23A,0.978
IFI35,RPL24,0.977
IFI35,RPL26,0.936
IFI35,RPL27A,0.977
IFI35,RPL28,0.975
IFI35,RPL29,0.976
IFI35,RPL3,0.904
IFI35,RPL30,0.957
IFI35,RPL31,0.978
IFI35,RPL34,0.979
IFI35,RPL35,0.963
IFI35,RPL35A,0.98
IFI35,RPL36,0.98
IFI35,RPL37,0.918
IFI35,RPL37A,0.974
IFI35,RPL38,0.98
IFI35,RPL39,0.924
IFI35,RPL4,0.968
IFI35,RPL5,0.974
IFI35,RPL6,0.978
IFI35,RPL8,0.981
IFI35,RPL9,0.915
IFI35,RPLP0,0.938
IFI35,RPLP1,0.96
IFI35,RPLP2,0.953
IFI35,RPS11,0.98
IFI35,RPS12,0.91
IFI35,RPS13,0.901
IFI35,RPS14,0.924
IFI35,RPS15,0.978
IFI35,RPS16,0.977
IFI35,RPS17,0.974
IFI35,RPS18,0.981
IFI35,RPS19,0.98
IFI35,RPS2,0.966
IFI35,RPS20,0.979
IFI35,RPS21,0.977
IFI35,RPS23,0.975
IFI35,RPS24,0.98
IFI35,RPS25,0.979
IFI35,RPS26,0.978
IFI35,RPS27,0.92
IFI35,RPS27A,0.918
IFI35,RPS28,0.96
IFI35,RPS29,0.922
IFI35,RPS3,0.962
IFI35,RPS3A,0.979
IFI35,RPS6,0.969
IFI35,RPS7,0.974
IFI35,RPS8,0.976
IFI35,RPS9,0.966
IFI35,RPSA,0.918
IFI35,STAT1,0.95
IFI35,STAT2,0.912
IFI35,UBA52,0.977
IFIT1,IFIT2,0.982
IFIT1,IFIT3,0.999
IFIT1,IFNB1,0.901
IFIT1,IRF3,0.904
IFIT1,IRF7,0.96
IFIT1,IRF9,0.949
IFIT1,STAT1,0.945
IFIT1,XAF1,0.92
IFIT2,IFIT3,0.999
IFIT2,IRF9,0.906
IFIT2,STAT1,0.963
IFIT2,STAT2,0.933
IFIT3,IRF9,0.941
IFIT3,PARP9,0.925
IFIT3,STAT1,0.985
IFIT3,STAT2,0.914
IFIT3,XAF1,0.938
IFNA2,IFNAR1,0.999
IFNA2,IFNAR2,0.999
IFNA2,IFNG,0.968
IFNA2,IFNL1,0.91
IFNA2,IL1B,0.913
IFNA2,IL6,0.903
IFNA2,IRF3,0.903
IFNA2,IRF7,0.959
IFNA2,JAK1,0.937
IFNA2,STAT1,0.912
IFNAR1,IFNAR2,0.999
IFNAR1,IFNB1,0.999
IFNAR1,IFNG,0.989
IFNAR1,IFNGR1,0.992
IFNAR1,IFNL1,0.951
IFNAR1,IFNLR1,0.966
IFNAR1,IFNW1,0.997
IFNAR1,IL10,0.908
IFNAR1,IRF9,0.934
IFNAR1,JAK1,0.999
IFNAR1,JAK2,0.965
IFNAR1,JAK3,0.933
IFNAR1,RACK1,0.97
IFNAR1,SOCS1,0.988
IFNAR1,STAT1,0.998
IFNAR1,STAT2,0.999
IFNAR1,STAT3,0.906
IFNAR1,TYK2,0.999
IFNAR2,IFNB1,0.999
IFNAR2,IFNG,0.986
IFNAR2,IFNGR1,0.992
IFNAR2,IFNL1,0.908
IFNAR2,IFNW1,0.997
IFNAR2,IL10RB,0.947
IFNAR2,IRF9,0.914
IFNAR2,JAK1,0.999
IFNAR2,JAK2,0.968
IFNAR2,JAK3,0.935
IFNAR2,RACK1,0.976
IFNAR2,STAT1,0.998
IFNAR2,STAT2,0.997
IFNAR2,TYK2,0.999
IFNB1,IFNG,0.95
IFNB1,IFNGR1,0.94
IFNB1,IFNL1,0.962
IFNB1,IFNLR1,0.92
IFNB1,IKBKE,0.942
IFNB1,IL6,0.922
IFNB1,IRF1,0.934
IFNB1,IRF3,0.985
IFNB1,IRF7,0.978
IFNB1,IRF9,0.955
IFNB1,JAK1,0.932
IFNB1,MAVS,0.943
IFNB1,MYD88,0.955
IFNB1,NFKB1,0.928
IFNB1,RIPK1,0.972
IFNB1,STAT1,0.954
IFNB1,STAT2,0.947
IFNB1,TBK1,0.972
IFNB1,TLR2,0.91
IFNB1,TLR3,0.995
IFNB1,TLR4,0.998
IFNB1,TNF,0.919
IFNB1,TRAF3,0.962
IFNB1,TYK2,0.956
IFNG,IFNGR1,0.999
IFNG,IFNGR2,0.999
IFNG,IL10,0.995
IFNG,IL10RA,0.912
IFNG,IL12RB1,0.955
IFNG,IL12RB2,0.949
IFNG,IL13,0.961
IFNG,IL15,0.939
IFNG,IL17A,0.978
IFNG,IL18,0.949
IFNG,IL1A,0.971
IFNG,IL1B,0.998
IFNG,IL2,0.99
IFNG,IL22,0.939
IFNG,IL23R,0.959
IFNG,IL2RA,0.967
IFNG,IL2RB,0.934
IFNG,IL2RG,0.91
IFNG,IL3,0.983
IFNG,IL4,0.99
IFNG,IL4R,0.962
IFNG,IL5,0.96
IFNG,IL6,0.983
IFNG,IL7,0.9
IFNG,IL7R,0.926
IFNG,IRF1,0.917
IFNG,ITGAM,0.92
IFNG,ITGAX,0.928
IFNG,JAK1,0.993
IFNG,JAK2,0.998
IFNG,NFKB1,0.932
IFNG,PDCD1,0.915
IFNG,PSME1,0.975
IFNG,PSME2,0.96
IFNG,PSME3,0.931
IFNG,PTPRC,0.924
IFNG,SOCS1,0.917
IFNG,STAT1,0.986
IFNG,STAT3,0.907
IFNG,STAT6,0.9
IFNG,TLR2,0.918
IFNG,TLR4,0.946
IFNG,TNF,0.991
IFNG,TNFRSF1A,0.919
IFNGR1,IFNGR2,0.999
IFNGR1,IL10,0.92
IFNGR1,IL6,0.926
IFNGR1,JAK1,0.999
IFNGR1,JAK2,0.999
IFNGR1,JAK3,0.937
IFNGR1,KRAS,0.971
IFNGR1,NRAS,0.918
IFNGR1,PIK3CA,0.914
IFNGR1,PIK3CB,0.913
IFNGR1,PIK3CD,0.911
IFNGR1,PIK3R1,0.917
IFNGR1,PIK3R2,0.905
IFNGR1,PIK3R3,0.905
IFNGR1,SOCS1,0.972
IFNGR1,STAT1,0.999
IFNGR1,TYK2,0.976
IFNGR2,IL12RB1,0.9
IFNGR2,JAK1,0.998
IFNGR2,JAK2,0.999
IFNGR2,STAT1,0.912
IFNGR2,UQCRB,0.908
IFNGR2,UQCRC2,0.914
IFNGR2,UQCRQ,0.924
IFNL1,IFNLR1,0.999
IFNL1,IL10RB,0.999
IFNL1,IL20RA,0.912
IFNL1,JAK1,0.911
IFNLR1,IL10,0.928
IFNLR1,IL10RA,0.93
IFNLR1,IL10RB,0.999
IFNLR1,IL22,0.915
IFNLR1,JAK1,0.999
IFNLR1,STAT1,0.923
IFNLR1,TYK2,0.951
IFT122,IFT140,0.999
IFT122,IFT172,0.945
IFT122,IFT27,0.963
IFT122,IFT43,0.999
IFT122,IFT52,0.92
IFT122,IFT80,0.905
IFT122,IFT88,0.942
IFT122,TTC21B,0.999
IFT122,TULP3,0.974
IFT122,WDR19,0.999
IFT122,WDR35,0.999
IFT140,IFT172,0.937
IFT140,IFT20,0.936
IFT140,IFT22,0.911
IFT140,IFT27,0.986
IFT140,IFT43,0.999
IFT140,IFT52,0.953
IFT140,IFT57,0.902
IFT140,IFT80,0.967
IFT140,IFT81,0.948
IFT140,IFT88,0.953
IFT140,TTC21B,0.999
IFT140,TULP3,0.972
IFT140,WDR19,0.999
IFT140,WDR35,0.999
IFT172,IFT20,0.996
IFT172,IFT22,0.992
IFT172,IFT27,0.995
IFT172,IFT46,0.998
IFT172,IFT52,0.997
IFT172,IFT57,0.999
IFT172,IFT74,0.993
IFT172,IFT80,0.999
IFT172,IFT81,0.998
IFT172,IFT88,0.999
IFT172,TRAF3IP1,0.999
IFT172,TTC21B,0.914
IFT172,TTC26,0.989
IFT172,TTC30B,0.989
IFT172,WDR19,0.935
IFT20,IFT22,0.979
IFT20,IFT27,0.99
IFT20,IFT46,0.991
IFT20,IFT52,0.995
IFT20,IFT57,0.999
IFT20,IFT74,0.983
IFT20,IFT80,0.997
IFT20,IFT81,0.959
IFT20,IFT88,0.992
IFT20,RAB8A,0.932
IFT20,TRAF3IP1,0.999
IFT20,TTC26,0.947
IFT20,TTC30B,0.969
IFT22,IFT27,0.999
IFT22,IFT46,0.999
IFT22,IFT52,0.999
IFT22,IFT57,0.998
IFT22,IFT74,0.999
IFT22,IFT80,0.99
IFT22,IFT81,0.999
IFT22,IFT88,0.995
IFT22,TRAF3IP1,0.997
IFT22,TTC26,0.993
IFT22,TTC30B,0.997
IFT27,IFT43,0.971
IFT27,IFT46,0.999
IFT27,IFT52,0.999
IFT27,IFT57,0.998
IFT27,IFT74,0.999
IFT27,IFT80,0.994
IFT27,IFT81,0.999
IFT27,IFT88,0.999
IFT27,TRAF3IP1,0.998
IFT27,TTC21B,0.966
IFT27,TTC26,0.994
IFT27,TTC30B,0.999
IFT27,WDR19,0.961
IFT27,WDR35,0.956
IFT43,IFT46,0.922
IFT43,IFT52,0.901
IFT43,IFT80,0.912
IFT43,TTC21B,0.999
IFT43,TULP3,0.915
IFT43,WDR19,0.999
IFT43,WDR35,0.999
IFT46,IFT52,0.999
IFT46,IFT57,0.999
IFT46,IFT74,0.999
IFT46,IFT80,0.998
IFT46,IFT81,0.999
IFT46,IFT88,0.999
IFT46,TRAF3IP1,0.998
IFT46,TTC26,0.999
IFT46,TTC30B,0.999
IFT52,IFT57,0.999
IFT52,IFT74,0.999
IFT52,IFT80,0.999
IFT52,IFT81,0.999
IFT52,IFT88,0.999
IFT52,TRAF3IP1,0.996
IFT52,TTC21B,0.905
IFT52,TTC26,0.997
IFT52,TTC30B,0.999
IFT52,WDR19,0.933
IFT57,IFT74,0.998
IFT57,IFT80,0.999
IFT57,IFT81,0.999
IFT57,IFT88,0.999
IFT57,TRAF3IP1,0.999
IFT57,TTC21B,0.922
IFT57,TTC26,0.995
IFT57,TTC30B,0.995
IFT74,IFT80,0.995
IFT74,IFT81,0.999
IFT74,IFT88,0.999
IFT74,NPLOC4,0.994
IFT74,TRAF3IP1,0.995
IFT74,TTC21B,0.938
IFT74,TTC26,0.984
IFT74,TTC30B,0.998
IFT74,UFD1,0.994
IFT74,VCP,0.998
IFT80,IFT81,0.998
IFT80,IFT88,0.999
IFT80,TRAF3IP1,0.999
IFT80,TTC21B,0.925
IFT80,TTC26,0.99
IFT80,TTC30B,0.996
IFT80,WDR19,0.955
IFT80,WDR35,0.962
IFT81,IFT88,0.999
IFT81,TRAF3IP1,0.997
IFT81,TTC21B,0.938
IFT81,TTC26,0.993
IFT81,TTC30B,0.998
IFT88,KIF3A,0.979
IFT88,RPGR,0.919
IFT88,TRAF3IP1,0.993
IFT88,TTC21B,0.971
IFT88,TTC26,0.997
IFT88,TTC30B,0.999
IFT88,VCP,0.997
IFT88,WDR19,0.91
IGBP1,MID1,0.954
IGBP1,MLST8,0.938
IGBP1,MTOR,0.953
IGBP1,PPP2CA,0.999
IGBP1,PPP2CB,0.999
IGBP1,PPP4C,0.988
IGBP1,PPP6C,0.995
IGBP1,RPTOR,0.942
IGBP1,VCAM1,0.91
IGF1,IGF1R,0.999
IGF1,IGF2,0.998
IGF1,IGF2R,0.995
IGF1,IGFALS,0.999
IGF1,IGFBP2,0.999
IGF1,IGFBP3,0.999
IGF1,IGFBP5,0.999
IGF1,IL6,0.913
IGF1,INS,0.999
IGF1,INSR,0.999
IGF1,IRS1,0.998
IGF1,IRS2,0.984
IGF1,ITGB3,0.961
IGF1,KDR,0.914
IGF1,LEP,0.907
IGF1,MET,0.908
IGF1,NTRK1,0.99
IGF1,PDGFB,0.949
IGF1,PDGFRB,0.926
IGF1,PTH,0.911
IGF1,TGFA,0.98
IGF1,TGFB1,0.976
IGF1,TRPV2,0.922
IGF1,VTN,0.989
IGF1R,IGF2,0.999
IGF1R,IGFBP3,0.96
IGF1R,INS,0.999
IGF1R,INSR,0.997
IGF1R,IRS1,0.999
IGF1R,IRS2,0.998
IGF1R,IRS4,0.968
IGF1R,ITGB3,0.932
IGF1R,JAK1,0.964
IGF1R,JAK2,0.981
IGF1R,KL,0.946
IGF1R,KRAS,0.971
IGF1R,MDM2,0.981
IGF1R,NEDD4,0.934
IGF1R,NRAS,0.96
IGF1R,PIK3CA,0.978
IGF1R,PIK3CB,0.971
IGF1R,PIK3CD,0.95
IGF1R,PIK3R1,0.994
IGF1R,PIK3R2,0.964
IGF1R,PIK3R3,0.99
IGF1R,PLCG1,0.921
IGF1R,PLCG2,0.91
IGF1R,PRKACA,0.921
IGF1R,PRKACB,0.921
IGF1R,PTK2,0.978
IGF1R,PTPN1,0.993
IGF1R,PTPN11,0.935
IGF1R,SHC1,0.999
IGF1R,SHC2,0.916
IGF1R,SHC3,0.949
IGF1R,SRC,0.996
IGF1R,STAT3,0.921
IGF1R,TSHR,0.951
IGF2,IGF2BP1,0.992
IGF2,IGF2R,0.999
IGF2,IGFBP2,0.999
IGF2,IGFBP3,0.999
IGF2,IGFBP5,0.998
IGF2,INS,0.981
IGF2,INSR,0.991
IGF2,IRS1,0.928
IGF2,NTRK1,0.925
IGF2,VTN,0.916
IGF2BP1,MATR3,0.91
IGF2BP1,MYC,0.988
IGF2BP1,PABPC1,0.928
IGF2BP1,SYNCRIP,0.987
IGF2BP1,YBX1,0.993
IGF2R,INS,0.989
IGF2R,PLIN3,0.986
IGFALS,IGFBP3,0.999
IGFALS,IGFBP5,0.995
IGFBP2,INS,0.982
IGFBP2,TUBGCP5,0.915
IGFBP3,IGFBP5,0.978
IGFBP3,INS,0.995
IGFBP3,RXRA,0.931
IGFBP3,TMEM219,0.974
IGFBP3,TP53,0.901
IGFBP5,PAPPA,0.977
IGLL1,VPREB1,0.999
IGSF5,JAM2,0.968
IGSF5,JAM3,0.967
IGSF5,MAGI1,0.994
IGSF5,OCLN,0.906
IGSF5,TJP1,0.974
IKBKB,IKBKG,0.999
IKBKB,IRAK1,0.903
IKBKB,IRAK4,0.935
IKBKB,IRS1,0.981
IKBKB,IRS2,0.941
IKBKB,IRS4,0.911
IKBKB,KEAP1,0.997
IKBKB,MALT1,0.985
IKBKB,MAP3K1,0.982
IKBKB,MAP3K14,0.991
IKBKB,MAP3K3,0.959
IKBKB,MAP3K7,0.996
IKBKB,MAP3K8,0.954
IKBKB,MAVS,0.996
IKBKB,MUC1,0.941
IKBKB,MYD88,0.955
IKBKB,NFKB1,0.999
IKBKB,NFKB2,0.955
IKBKB,NFKBIA,0.999
IKBKB,NFKBIB,0.997
IKBKB,NFKBIE,0.978
IKBKB,PDPK1,0.924
IKBKB,PRKCQ,0.981
IKBKB,PTEN,0.952
IKBKB,REL,0.956
IKBKB,RELA,0.999
IKBKB,RIPK1,0.987
IKBKB,RIPK2,0.942
IKBKB,SRC,0.918
IKBKB,TAB1,0.994
IKBKB,TAB2,0.992
IKBKB,TAB3,0.986
IKBKB,TBC1D7,0.913
IKBKB,TBK1,0.943
IKBKB,TLR4,0.903
IKBKB,TNF,0.999
IKBKB,TNFRSF1A,0.999
IKBKB,TP53,0.933
IKBKB,TRADD,0.962
IKBKB,TRAF2,0.994
IKBKB,TRAF6,0.999
IKBKB,TSC1,0.982
IKBKB,TSC2,0.95
IKBKE,IKBKG,0.999
IKBKE,IRF3,0.999
IKBKE,IRF7,0.994
IKBKE,MAVS,0.999
IKBKE,SIKE1,0.989
IKBKE,STAT1,0.964
IKBKE,STING1,0.988
IKBKE,TANK,0.999
IKBKE,TBK1,0.999
IKBKE,TBKBP1,0.975
IKBKE,TICAM1,0.912
IKBKE,TLR3,0.979
IKBKE,TNF,0.998
IKBKE,TNFRSF1A,0.998
IKBKE,TRAF2,0.998
IKBKE,TRAF3,0.999
IKBKE,TRAF6,0.999
IKBKE,ZBP1,0.963
IKBKG,IRAK1,0.999
IKBKG,IRAK4,0.999
IKBKG,IRF3,0.961
IKBKG,IRF7,0.953
IKBKG,IRS1,0.914
IKBKG,IRS2,0.905
IKBKG,IRS4,0.903
IKBKG,MALT1,0.998
IKBKG,MAP3K1,0.975
IKBKG,MAP3K14,0.994
IKBKG,MAP3K3,0.949
IKBKG,MAP3K7,0.999
IKBKG,MAP3K8,0.926
IKBKG,MAVS,0.993
IKBKG,MYD88,0.999
IKBKG,NFKB1,0.999
IKBKG,NFKB2,0.944
IKBKG,NFKBIA,0.999
IKBKG,NFKBIB,0.994
IKBKG,NFKBIE,0.968
IKBKG,PIAS4,0.975
IKBKG,PRKCQ,0.968
IKBKG,PYCARD,0.906
IKBKG,RAB11A,0.996
IKBKG,RBCK1,0.999
IKBKG,RELA,0.996
IKBKG,RIPK1,0.999
IKBKG,RIPK2,0.993
IKBKG,RNF31,0.999
IKBKG,RPS27A,0.936
IKBKG,SHARPIN,0.998
IKBKG,TAB1,0.999
IKBKG,TAB2,0.999
IKBKG,TAB3,0.999
IKBKG,TANK,0.999
IKBKG,TBK1,0.998
IKBKG,TBKBP1,0.936
IKBKG,TLR4,0.96
IKBKG,TNF,0.999
IKBKG,TNFAIP3,0.98
IKBKG,TNFRSF1A,0.999
IKBKG,TNIP1,0.982
IKBKG,TRADD,0.994
IKBKG,TRAF2,0.999
IKBKG,TRAF3,0.953
IKBKG,TRAF6,0.999
IKBKG,UBB,0.973
IKBKG,UBE2N,0.976
IKZF1,IKZF3,0.918
IKZF1,RUNX1,0.941
IKZF1,RUNX3,0.903
IKZF1,SIN3A,0.971
IL10,IL10RA,0.999
IL10,IL10RB,0.999
IL10,IL12RB1,0.922
IL10,IL12RB2,0.93
IL10,IL13,0.952
IL10,IL15,0.914
IL10,IL17A,0.98
IL10,IL18,0.955
IL10,IL1A,0.971
IL10,IL1B,0.991
IL10,IL1R1,0.917
IL10,IL2,0.964
IL10,IL22,0.944
IL10,IL22RA1,0.907
IL10,IL23R,0.97
IL10,IL2RA,0.972
IL10,IL2RB,0.928
IL10,IL4,0.986
IL10,IL4R,0.965
IL10,IL5,0.982
IL10,IL6,0.997
IL10,IL6R,0.923
IL10,IL7,0.988
IL10,IL7R,0.919
IL10,IL9,0.959
IL10,JAK1,0.976
IL10,STAT3,0.968
IL10,STAT6,0.907
IL10,TGFB1,0.932
IL10,TIMP1,0.954
IL10,TLR2,0.956
IL10,TLR4,0.943
IL10,TNF,0.992
IL10,TNFRSF1A,0.968
IL10,TYK2,0.958
IL10RA,IL10RB,0.999
IL10RA,IL19,0.914
IL10RA,IL20RB,0.91
IL10RA,IL22,0.938
IL10RA,IL22RA1,0.976
IL10RA,IL4,0.927
IL10RA,IL6,0.956
IL10RA,JAK1,0.999
IL10RA,STAT3,0.984
IL10RA,TYK2,0.997
IL10RB,IL19,0.93
IL10RB,IL20RA,0.997
IL10RB,IL22,0.999
IL10RB,IL22RA1,0.999
IL10RB,JAK1,0.998
IL10RB,STAT1,0.902
IL10RB,STAT3,0.933
IL10RB,TYK2,0.999
IL11,IL11RA,0.999
IL11,IL6,0.959
IL11,IL6R,0.993
IL11,IL6ST,0.997
IL11,LIF,0.932
IL11,LIFR,0.939
IL11,OSMR,0.956
IL11RA,IL6,0.91
IL11RA,IL6ST,0.918
IL12A,IL12B,0.999
IL12A,IL12RB1,0.974
IL12A,IL12RB2,0.971
IL12B,IL12RB1,0.998
IL12B,IL12RB2,0.958
IL12B,IL23A,0.999
IL12B,IL23R,0.986
IL12RB1,IL12RB2,0.999
IL12RB1,IL2,0.906
IL12RB1,IL23A,0.998
IL12RB1,IL23R,0.999
IL12RB1,IL6,0.92
IL12RB1,JAK1,0.962
IL12RB1,JAK2,0.998
IL12RB1,STAT3,0.976
IL12RB1,TYK2,0.999
IL12RB2,IL23A,0.929
IL12RB2,IL4,0.901
IL12RB2,IL6,0.943
IL12RB2,JAK2,0.998
IL12RB2,TYK2,0.994
IL13,IL13RA1,0.999
IL13,IL13RA2,0.999
IL13,IL17A,0.94
IL13,IL18,0.916
IL13,IL1A,0.943
IL13,IL1B,0.953
IL13,IL2,0.934
IL13,IL2RA,0.905
IL13,IL2RG,0.932
IL13,IL33,0.937
IL13,IL4,0.993
IL13,IL4R,0.999
IL13,IL5,0.991
IL13,IL6,0.957
IL13,IL6R,0.92
IL13,IL9,0.947
IL13,STAT6,0.971
IL13,TNF,0.957
IL13RA1,IL13RA2,0.972
IL13RA1,IL4,0.999
IL13RA1,IL4R,0.999
IL13RA1,JAK1,0.973
IL13RA1,JAK2,0.992
IL13RA1,STAT6,0.953
IL13RA1,TYK2,0.998
IL13RA2,IL4,0.992
IL13RA2,IL4R,0.999
IL13RA2,IL5,0.901
IL13RA2,JAK1,0.924
IL15,IL15RA,0.999
IL15,IL17A,0.916
IL15,IL2,0.958
IL15,IL21R,0.941
IL15,IL2RA,0.989
IL15,IL2RB,0.999
IL15,IL2RG,0.999
IL15,IL4,0.915
IL15,IL7,0.968
IL15,IL7R,0.985
IL15,IL9,0.976
IL15,JAK1,0.952
IL15,JAK3,0.996
IL15,KLRK1,0.921
IL15RA,IL2,0.992
IL15RA,IL2RA,0.954
IL15RA,IL2RB,0.999
IL15RA,IL2RG,0.999
IL17A,IL17F,0.994
IL17A,IL17RA,0.999
IL17A,IL17RB,0.918
IL17A,IL17RC,0.999
IL17A,IL1A,0.929
IL17A,IL1B,0.962
IL17A,IL2,0.984
IL17A,IL22,0.976
IL17A,IL23A,0.92
IL17A,IL23R,0.927
IL17A,IL4,0.959
IL17A,IL5,0.939
IL17A,IL6,0.98
IL17A,STAT3,0.944
IL17A,TGFB1,0.903
IL17A,TNF,0.958
IL17C,IL17RA,0.991
IL17C,IL17RB,0.993
IL17C,IL17RC,0.951
IL17C,IL17RE,0.999
IL17F,IL17RA,0.999
IL17F,IL17RB,0.919
IL17F,IL17RC,0.999
IL17F,IL17RE,0.966
IL17F,IL22,0.971
IL17F,IL23A,0.921
IL17F,IL23R,0.924
IL17F,IL25,0.957
IL17F,IL6,0.934
IL17RA,IL17RB,0.999
IL17RA,IL17RC,0.998
IL17RA,IL17RD,0.982
IL17RA,IL17RE,0.999
IL17RA,IL25,0.999
IL17RB,IL17RC,0.972
IL17RB,IL17RD,0.96
IL17RB,IL17RE,0.986
IL17RB,IL25,0.999
IL17RB,IL33,0.931
IL17RC,IL17RD,0.988
IL17RC,IL17RE,0.957
IL17RC,IL25,0.908
IL17RD,IL17RE,0.959
IL18,IL18R1,0.999
IL18,IL18RAP,0.999
IL18,IL1A,0.997
IL18,IL1B,0.99
IL18,IL1R1,0.965
IL18,IL6,0.97
IL18,JUN,0.952
IL18,MEFV,0.928
IL18,MYD88,0.961
IL18,NFKB1,0.979
IL18,NLRC4,0.941
IL18,NLRP1,0.918
IL18,NLRP3,0.946
IL18,PYCARD,0.993
IL18,RELA,0.939
IL18,TLR4,0.908
IL18,TNF,0.961
IL18R1,IL18RAP,0.999
IL18R1,IL1RAP,0.955
IL19,IL20,0.919
IL19,IL20RA,0.998
IL19,IL20RB,0.998
IL19,IL22RA1,0.952
IL1A,IL1B,0.999
IL1A,IL1R1,0.999
IL1A,IL1RAP,0.998
IL1A,IL2,0.997
IL1A,IL3,0.994
IL1A,IL4,0.995
IL1A,IL5,0.918
IL1A,IL6,0.989
IL1A,IRAK1,0.977
IL1A,IRAK4,0.92
IL1A,JUN,0.944
IL1A,MYD88,0.997
IL1A,NFKB1,0.946
IL1A,TLR4,0.974
IL1A,TNF,0.994
IL1A,TNFRSF1A,0.934
IL1A,TRAF6,0.956
IL1B,IL1R1,0.999
IL1B,IL1RAP,0.999
IL1B,IL2,0.999
IL1B,IL3,0.977
IL1B,IL4,0.998
IL1B,IL5,0.998
IL1B,IL6,0.996
IL1B,IL6R,0.975
IL1B,IL7,0.909
IL1B,IL9,0.916
IL1B,IRAK1,0.991
IL1B,IRAK4,0.938
IL1B,JUN,0.987
IL1B,MEFV,0.935
IL1B,MMP9,0.949
IL1B,MYD88,0.999
IL1B,NFKB1,0.996
IL1B,NFKBIA,0.945
IL1B,NLRC4,0.921
IL1B,NLRP3,0.997
IL1B,PTGS2,0.974
IL1B,PYCARD,0.989
IL1B,RELA,0.99
IL1B,STAT3,0.938
IL1B,TGFB1,0.932
IL1B,TLR2,0.969
IL1B,TLR4,0.986
IL1B,TLR9,0.975
IL1B,TNF,0.998
IL1B,TNFRSF1A,0.997
IL1B,TNFRSF1B,0.914
IL1B,TRAF6,0.981
IL1R1,IL1RAP,0.999
IL1R1,IL1RL1,0.938
IL1R1,IL1RL2,0.966
IL1R1,IL33,0.99
IL1R1,IL36RN,0.924
IL1R1,IL6,0.997
IL1R1,IRAK1,0.999
IL1R1,IRAK2,0.966
IL1R1,IRAK4,0.996
IL1R1,MYD88,0.999
IL1R1,TIRAP,0.986
IL1R1,TLR4,0.944
IL1R1,TNF,0.996
IL1R1,TNFRSF1A,0.921
IL1R1,TOLLIP,0.971
IL1R1,TRAF6,0.999
IL1RAP,IL1RL1,0.999
IL1RAP,IL1RL2,0.995
IL1RAP,IL33,0.999
IL1RAP,IL36A,0.908
IL1RAP,IRAK1,0.954
IL1RAP,IRAK4,0.935
IL1RAP,KIT,0.923
IL1RAP,MYD88,0.958
IL1RAP,PTPRS,0.954
IL1RAP,TRAF6,0.955
IL1RL1,IL33,0.999
IL1RL1,IRAK1,0.932
IL1RL1,MYD88,0.971
IL1RL2,IL36A,0.996
IL1RL2,IL36B,0.991
IL1RL2,IL36G,0.98
IL1RL2,IL36RN,0.999
IL2,IL21R,0.939
IL2,IL23R,0.901
IL2,IL2RA,0.999
IL2,IL2RB,0.999
IL2,IL2RG,0.999
IL2,IL3,0.998
IL2,IL4,0.999
IL2,IL4R,0.932
IL2,IL5,0.999
IL2,IL6,0.999
IL2,IL6R,0.9
IL2,IL7,0.997
IL2,IL7R,0.978
IL2,IL9,0.991
IL2,JAK1,0.989
IL2,JAK3,0.999
IL2,LCK,0.913
IL2,NFATC2,0.936
IL2,PIGR,0.927
IL2,STAT5A,0.956
IL2,STAT5B,0.956
IL2,TNF,0.957
IL20,IL20RA,0.995
IL20,IL20RB,0.994
IL20,IL22RA1,0.941
IL20RA,IL20RB,0.999
IL20RA,IL22,0.951
IL20RA,IL22RA1,0.936
IL20RA,JAK1,0.946
IL20RB,IL22,0.907
IL20RB,IL22RA1,0.999
IL21,IL21R,0.999
IL21,IL2RG,0.969
IL21,JAK1,0.938
IL21,JAK3,0.942
IL21R,IL2RG,0.996
IL21R,IL4,0.978
IL21R,IL6,0.929
IL21R,IL7,0.955
IL21R,IL9,0.924
IL21R,JAK1,0.982
IL21R,JAK3,0.945
IL21R,STAT3,0.981
IL22,IL22RA1,0.999
IL22,IL23R,0.947
IL22,STAT3,0.926
IL22RA1,JAK1,0.986
IL22RA1,STAT3,0.945
IL22RA1,TYK2,0.927
IL23A,IL23R,0.999
IL23A,JAK2,0.934
IL23A,TYK2,0.937
IL23R,IL4,0.909
IL23R,IL6,0.934
IL23R,JAK2,0.995
IL23R,NOD2,0.909
IL23R,STAT3,0.98
IL23R,TYK2,0.979
IL27,IL6ST,0.996
IL2RA,IL2RB,0.999
IL2RA,IL2RG,0.999
IL2RA,IL4,0.984
IL2RA,IL5,0.912
IL2RA,IL6,0.953
IL2RA,IL7,0.972
IL2RA,IL7R,0.914
IL2RA,IL9,0.905
IL2RA,JAK1,0.978
IL2RA,JAK3,0.996
IL2RA,RHOA,0.91
IL2RA,STAT5A,0.995
IL2RA,STAT5B,0.989
IL2RB,IL2RG,0.999
IL2RB,IL4,0.916
IL2RB,IL7,0.941
IL2RB,JAK1,0.998
IL2RB,JAK2,0.937
IL2RB,JAK3,0.98
IL2RB,RHOA,0.904
IL2RB,STAT5A,0.983
IL2RB,STAT5B,0.976
IL2RG,IL4,0.999
IL2RG,IL4R,0.999
IL2RG,IL7,0.999
IL2RG,IL7R,0.999
IL2RG,IL9,0.998
IL2RG,IL9R,0.954
IL2RG,JAK1,0.999
IL2RG,JAK2,0.958
IL2RG,JAK3,0.999
IL2RG,RHOA,0.911
IL2RG,STAT3,0.947
IL2RG,STAT5A,0.977
IL2RG,STAT5B,0.976
IL2RG,STAT6,0.969
IL3,IL3RA,0.999
IL3,IL4,0.981
IL3,IL5,0.999
IL3,IL5RA,0.987
IL3,IL6,0.998
IL3,IL7,0.988
IL3,IL9,0.945
IL3,JAK2,0.978
IL3,KIT,0.944
IL3,KITLG,0.996
IL3,MPL,0.91
IL3,RUNX1,0.973
IL3,STAT5A,0.905
IL3,STAT5B,0.904
IL3,THPO,0.971
IL31,IL31RA,0.999
IL31,OSMR,0.999
IL31RA,JAK1,0.969
IL31RA,OSMR,0.997
IL32,ITGB3,0.962
IL32,MET,0.921
IL33,IL4,0.908
IL33,IL5,0.938
IL33,IRAK1,0.909
IL33,MYD88,0.954
IL33,TSLP,0.93
IL36B,IL36RN,0.989
IL3RA,IL5,0.937
IL3RA,KRAS,0.918
IL3RA,NRAS,0.924
IL4,IL4R,0.999
IL4,IL5,0.988
IL4,IL5RA,0.941
IL4,IL6,0.986
IL4,IL6R,0.905
IL4,IL7,0.998
IL4,IL7R,0.952
IL4,IL9,0.996
IL4,JAK1,0.997
IL4,JAK3,0.998
IL4,STAT3,0.92
IL4,STAT6,0.997
IL4,TNF,0.977
IL4R,IL5,0.933
IL4R,IL6,0.937
IL4R,IL7,0.943
IL4R,IL9,0.924
IL4R,JAK1,0.999
IL4R,JAK2,0.977
IL4R,JAK3,0.988
IL4R,STAT6,0.999
IL4R,TYK2,0.902
IL5,IL5RA,0.999
IL5,IL6,0.977
IL5,IL7,0.995
IL5,IL9,0.995
IL5,TNF,0.93
IL5RA,SDCBP,0.927
IL6,IL6R,0.999
IL6,IL6ST,0.999
IL6,IL7,0.983
IL6,IL7R,0.916
IL6,IL9,0.99
IL6,INS,0.933
IL6,JAK1,0.996
IL6,JAK2,0.995
IL6,JAK3,0.914
IL6,JUN,0.989
IL6,KITLG,0.921
IL6,LEP,0.919
IL6,LEPR,0.902
IL6,LIF,0.927
IL6,LIFR,0.956
IL6,MAPK1,0.936
IL6,MAPK3,0.905
IL6,MAPK8,0.938
IL6,MMP9,0.959
IL6,MYD88,0.949
IL6,NFKB1,0.994
IL6,NFKBIA,0.927
IL6,OSMR,0.932
IL6,PTGS2,0.96
IL6,RELA,0.986
IL6,SOCS3,0.947
IL6,STAT1,0.972
IL6,STAT3,0.984
IL6,STAT6,0.906
IL6,TGFB1,0.96
IL6,TIMP1,0.938
IL6,TLR2,0.942
IL6,TLR4,0.973
IL6,TNF,0.994
IL6,TNFRSF1A,0.997
IL6,TYK2,0.986
IL6,VCAM1,0.921
IL6R,IL6ST,0.999
IL6R,IL7,0.908
IL6R,JAK1,0.986
IL6R,JAK2,0.963
IL6R,PLCG1,0.91
IL6R,PLCG2,0.91
IL6R,SHC1,0.942
IL6R,SHC2,0.9
IL6R,SHC3,0.901
IL6R,SOCS3,0.936
IL6R,SRC,0.937
IL6R,STAT3,0.993
IL6R,TNF,0.982
IL6R,TNFRSF1A,0.916
IL6R,TYK2,0.962
IL6ST,JAK1,0.998
IL6ST,JAK2,0.993
IL6ST,JAK3,0.923
IL6ST,LIF,0.999
IL6ST,LIFR,0.997
IL6ST,OSMR,0.975
IL6ST,PIK3CA,0.948
IL6ST,PIK3CB,0.906
IL6ST,PIK3CD,0.901
IL6ST,PIK3R1,0.944
IL6ST,PIK3R2,0.905
IL6ST,PIK3R3,0.901
IL6ST,PTPN11,0.981
IL6ST,SOCS3,0.992
IL6ST,STAT1,0.927
IL6ST,STAT3,0.992
IL6ST,TYK2,0.952
IL7,IL7R,0.999
IL7,IL9,0.997
IL7,JAK1,0.965
IL7,JAK3,0.997
IL7,STAT5A,0.965
IL7,STAT5B,0.962
IL7R,IL9,0.922
IL7R,JAK1,0.994
IL7R,JAK2,0.9
IL7R,JAK3,0.988
IL7R,PTPRC,0.906
IL7R,STAT5A,0.938
IL7R,STAT5B,0.941
IL7R,TSLP,0.999
IL9,IL9R,0.999
IL9,JAK1,0.968
IL9,JAK3,0.996
IL9R,JAK1,0.943
ILF2,ILF3,0.999
ILF2,YBX1,0.905
ILF3,NONO,0.909
ILF3,PTBP1,0.901
ILF3,SYNCRIP,0.914
ILF3,XPO5,0.952
ILK,ITGA5,0.973
ILK,ITGB1,0.999
ILK,ITGB3,0.909
ILK,LIMS1,0.999
ILK,LIMS2,0.999
ILK,PARVA,0.999
ILK,PARVB,0.999
ILK,PIK3CA,0.923
ILK,PIK3CB,0.918
ILK,PIK3CD,0.914
ILK,PIK3R1,0.937
ILK,PIK3R2,0.933
ILK,PIK3R3,0.907
ILK,PRKCA,0.913
ILK,PXN,0.999
ILK,RICTOR,0.977
ILK,TLN1,0.996
ILK,TMSB4X,0.964
ILK,VCL,0.995
IMMT,MICOS10,0.999
IMMT,MICOS13,0.994
IMMT,MTX1,0.965
IMMT,MTX2,0.99
IMMT,NDUFS1,0.901
IMMT,PIK3CG,0.992
IMMT,SAMM50,0.999
IMMT,TOMM22,0.945
IMMT,TOMM40,0.961
IMMT,TOMM70,0.939
IMMT,VDAC1,0.908
IMP3,IMP4,0.999
IMP3,MED1,0.944
IMP3,MPHOSPH10,0.999
IMP3,MRNIP,0.933
IMP3,MRPL12,0.983
IMP3,MRPL17,0.984
IMP3,MRPL19,0.982
IMP3,MRPL20,0.983
IMP3,MRPL21,0.982
IMP3,MRPL27,0.983
IMP3,MRPL3,0.9
IMP3,MRPL32,0.983
IMP3,MRPL33,0.982
IMP3,MRPL36,0.984
IMP3,MRPL4,0.9
IMP3,MRPL9,0.988
IMP3,MRPS10,0.946
IMP3,MRPS12,0.948
IMP3,MRPS16,0.983
IMP3,MRPS5,0.944
IMP3,MRPS6,0.982
IMP3,MRPS7,0.935
IMP3,MRPS9,0.984
IMP3,MRTO4,0.969
IMP3,MTIF2,0.935
IMP3,NGDN,0.998
IMP3,NHP2,0.938
IMP3,NOL10,0.994
IMP3,NOL11,0.91
IMP3,NOP56,0.992
IMP3,NOP58,0.997
IMP3,PES1,0.946
IMP3,POLR1C,0.926
IMP3,POLR1D,0.919
IMP3,POLR2C,0.937
IMP3,POLR2F,0.909
IMP3,RACK1,0.914
IMP3,RPL11,0.986
IMP3,RPL13,0.978
IMP3,RPL15,0.975
IMP3,RPL17,0.916
IMP3,RPL18,0.982
IMP3,RPL18A,0.975
IMP3,RPL19,0.98
IMP3,RPL21,0.983
IMP3,RPL23,0.983
IMP3,RPL23A,0.984
IMP3,RPL24,0.976
IMP3,RPL28,0.973
IMP3,RPL29,0.979
IMP3,RPL30,0.975
IMP3,RPL31,0.978
IMP3,RPL34,0.979
IMP3,RPL35,0.983
IMP3,RPL35A,0.966
IMP3,RPL36,0.967
IMP3,RPL37A,0.97
IMP3,RPL38,0.958
IMP3,RPL5,0.983
IMP3,RPL9,0.949
IMP3,RPLP0,0.951
IMP3,RPLP1,0.974
IMP3,RPLP2,0.965
IMP3,RPS10,0.94
IMP3,RPS11,0.998
IMP3,RPS12,0.944
IMP3,RPS13,0.996
IMP3,RPS14,0.993
IMP3,RPS15,0.983
IMP3,RPS15A,0.981
IMP3,RPS16,0.995
IMP3,RPS17,0.995
IMP3,RPS18,0.996
IMP3,RPS19,0.996
IMP3,RPS2,0.976
IMP3,RPS20,0.945
IMP3,RPS21,0.973
IMP3,RPS23,0.998
IMP3,RPS24,0.997
IMP3,RPS25,0.973
IMP3,RPS26,0.978
IMP3,RPS27,0.989
IMP3,RPS27A,0.924
IMP3,RPS28,0.997
IMP3,RPS3,0.983
IMP3,RPS3A,0.997
IMP3,RPS4X,0.977
IMP3,RPS5,0.996
IMP3,RPS6,0.998
IMP3,RPS7,0.998
IMP3,RPS8,0.997
IMP3,RPS9,0.984
IMP3,RSL1D1,0.98
IMP3,RSL24D1,0.927
IMP3,SNU13,0.994
IMP3,TBL3,0.996
IMP3,TUFM,0.985
IMP3,UBA52,0.958
IMP3,UTP4,0.995
IMP3,WDR12,0.986
IMP3,WDR43,0.997
IMP4,MCC,0.92
IMP4,MPHOSPH10,0.999
IMP4,MRPS12,0.922
IMP4,MRTO4,0.927
IMP4,NGDN,0.998
IMP4,NHP2,0.921
IMP4,NIFK,0.934
IMP4,NOL10,0.998
IMP4,NOL11,0.918
IMP4,NOP56,0.996
IMP4,NOP58,0.998
IMP4,PES1,0.968
IMP4,RBM28,0.912
IMP4,RPF2,0.952
IMP4,RPS11,0.982
IMP4,RPS12,0.922
IMP4,RPS13,0.986
IMP4,RPS14,0.976
IMP4,RPS15A,0.95
IMP4,RPS16,0.982
IMP4,RPS18,0.971
IMP4,RPS19,0.975
IMP4,RPS23,0.992
IMP4,RPS24,0.981
IMP4,RPS27,0.97
IMP4,RPS28,0.981
IMP4,RPS3A,0.981
IMP4,RPS4X,0.924
IMP4,RPS5,0.986
IMP4,RPS6,0.987
IMP4,RPS7,0.985
IMP4,RPS8,0.981
IMP4,RPS9,0.992
IMP4,RSL1D1,0.992
IMP4,SNU13,0.994
IMP4,TBL3,0.999
IMP4,UTP4,0.999
IMP4,WDR12,0.99
IMP4,WDR43,0.998
IMPDH1,IMPDH2,0.984
INCENP,KCNJ6,0.99
INCENP,KIF11,0.913
INCENP,KIF20A,0.995
INCENP,KIF23,0.977
INCENP,NDC80,0.902
INCENP,PLK1,0.978
INCENP,RACGAP1,0.92
INCENP,ZW10,0.911
ING1,PCLAF,0.915
ING1,RBBP4,0.987
ING1,RBBP7,0.972
ING1,SAP30,0.986
ING1,SIN3A,0.995
ING1,SIN3B,0.926
ING1,SUDS3,0.99
ING1,TP53,0.914
ING2,MORF4L1,0.972
ING2,NFYA,0.901
ING2,NFYB,0.905
ING2,NFYC,0.904
ING2,RBBP4,0.943
ING2,RBBP7,0.953
ING2,SAP130,0.93
ING2,SAP30,0.992
ING2,SIN3A,0.999
ING2,SIN3B,0.952
ING2,SUDS3,0.972
ING3,INO80,0.916
ING3,INO80B,0.902
ING3,INO80C,0.9
ING3,INO80E,0.903
ING3,KAT5,0.999
ING3,KAT8,0.947
ING3,MBTD1,0.964
ING3,MCRS1,0.9
ING3,MEAF6,0.998
ING3,MORF4L1,0.999
ING3,MORF4L2,0.983
ING3,MRGBP,0.993
ING3,MSL1,0.906
ING3,MSL2,0.905
ING3,MSL3,0.94
ING3,NFRKB,0.9
ING3,RUVBL1,0.995
ING3,RUVBL2,0.995
ING3,SIN3A,0.922
ING3,TRRAP,0.998
ING3,VPS72,0.964
ING3,YEATS4,0.998
ING3,YY1,0.913
ING4,ING5,0.922
ING4,JADE1,0.998
ING4,JADE2,0.975
ING4,JADE3,0.928
ING4,KAT6A,0.94
ING4,KAT6B,0.929
ING4,KAT7,0.999
ING4,MEAF6,0.999
ING4,RELA,0.962
ING4,TP53,0.982
ING5,JADE1,0.99
ING5,JADE2,0.957
ING5,JADE3,0.901
ING5,KAT6A,0.999
ING5,KAT6B,0.999
ING5,KAT7,0.999
ING5,MEAF6,0.999
ING5,TP53,0.969
INIP,INTS3,0.999
INIP,NABP1,0.985
INIP,NABP2,0.999
INO80,INO80B,0.999
INO80,INO80C,0.993
INO80,INO80D,0.972
INO80,INO80E,0.999
INO80,KAT5,0.948
INO80,MCRS1,0.989
INO80,NFRKB,0.996
INO80,RUVBL1,0.999
INO80,RUVBL2,0.999
INO80,TRRAP,0.961
INO80,YY1,0.992
INO80B,INO80C,0.997
INO80B,INO80D,0.941
INO80B,INO80E,0.995
INO80B,KAT5,0.936
INO80B,MCRS1,0.962
INO80B,NFRKB,0.979
INO80B,RUVBL1,0.999
INO80B,RUVBL2,0.999
INO80B,TRRAP,0.911
INO80B,YY1,0.962
INO80C,INO80D,0.973
INO80C,INO80E,0.991
INO80C,KANSL1,0.9
INO80C,KAT5,0.946
INO80C,KAT8,0.905
INO80C,KMT2A,0.9
INO80C,LAS1L,0.9
INO80C,MAX,0.9
INO80C,MCRS1,0.984
INO80C,MGA,0.9
INO80C,NFRKB,0.976
INO80C,PELP1,0.9
INO80C,PHF20,0.903
INO80C,PRPF31,0.9
INO80C,RBBP5,0.9
INO80C,RNF2,0.903
INO80C,RUVBL1,0.999
INO80C,RUVBL2,0.999
INO80C,SENP3,0.9
INO80C,TAF1,0.9
INO80C,TAF4,0.9
INO80C,TAF6,0.9
INO80C,TAF7,0.9
INO80C,TAF9,0.9
INO80C,TEX10,0.904
INO80C,TRRAP,0.906
INO80C,WDR5,0.925
INO80C,YY1,0.987
INO80D,INO80E,0.991
INO80D,MCRS1,0.938
INO80D,NFRKB,0.94
INO80D,RUVBL1,0.963
INO80D,RUVBL2,0.95
INO80D,YY1,0.925
INO80E,KAT5,0.91
INO80E,MCRS1,0.986
INO80E,NFRKB,0.999
INO80E,RUVBL1,0.986
INO80E,RUVBL2,0.986
INO80E,TRRAP,0.901
INO80E,YY1,0.984
INPP5D,INPPL1,0.926
INPP5D,LYN,0.98
INPP5D,PECAM1,0.945
INPP5D,PIK3C2A,0.913
INPP5D,PIK3C2B,0.914
INPP5D,PIK3CA,0.927
INPP5D,PIK3CB,0.929
INPP5D,PIK3CD,0.945
INPP5D,PIK3CG,0.938
INPP5D,PIK3R1,0.965
INPP5D,PIK3R2,0.92
INPP5D,PIK3R3,0.912
INPP5D,PTEN,0.953
INPP5D,PTPN6,0.913
INPP5D,SHC1,0.99
INPP5D,SRC,0.903
INPP5D,TYROBP,0.901
INPP5E,OCRL,0.936
INPP5E,PDE6D,0.98
INPP5E,PIK3C2A,0.914
INPP5E,PIK3C2B,0.912
INPP5E,PIP5K1B,0.944
INPP5E,PTEN,0.922
INPP5E,SYNJ1,0.92
INPPL1,PIK3C2A,0.935
INPPL1,PIK3C2B,0.955
INPPL1,PIK3CA,0.932
INPPL1,PIK3CB,0.964
INPPL1,PIK3CD,0.937
INPPL1,PIK3CG,0.928
INPPL1,PIK3R1,0.971
INPPL1,PIK3R2,0.954
INPPL1,PIK3R3,0.923
INPPL1,PTEN,0.96
INPPL1,SHC1,0.995
INPPL1,SRC,0.947
INS,INSR,0.999
INS,IRS1,0.999
INS,IRS2,0.998
INS,IRS4,0.955
INS,KIT,0.958
INS,LEP,0.985
INS,MAFA,0.936
INS,NTRK1,0.996
INS,PAX6,0.906
INS,PDGFB,0.936
INS,PDGFRA,0.949
INS,PDGFRB,0.975
INS,PDX1,0.966
INS,PPARG,0.944
INS,PPARGC1A,0.93
INS,PTH,0.91
INS,SIRT1,0.91
INS,SLC2A4,0.977
INS,TGFA,0.956
INS,TNF,0.926
INSIG1,INSIG2,0.955
INSIG1,PGRMC1,0.967
INSIG1,SCAP,0.999
INSIG1,SREBF1,0.969
INSIG1,SREBF2,0.997
INSIG1,VCP,0.915
INSIG2,SCAP,0.999
INSIG2,SREBF1,0.953
INSIG2,SREBF2,0.986
INSR,IRS1,0.999
INSR,IRS2,0.999
INSR,IRS4,0.983
INSR,KITLG,0.916
INSR,KL,0.911
INSR,OGT,0.907
INSR,PIK3CA,0.947
INSR,PIK3CB,0.944
INSR,PIK3CD,0.927
INSR,PIK3R1,0.988
INSR,PRKCB,0.911
INSR,PRKCE,0.931
INSR,PTPN1,0.999
INSR,PTPN11,0.98
INSR,PTPRF,0.948
INSR,SHC1,0.994
INSR,SHC2,0.914
INSR,SHC3,0.914
INSR,SOCS1,0.97
INSR,SOCS2,0.918
INSR,SOCS3,0.982
INTS1,INTS10,0.999
INTS1,INTS11,0.999
INTS1,INTS12,0.999
INTS1,INTS2,0.999
INTS1,INTS3,0.999
INTS1,INTS4,0.999
INTS1,INTS5,0.999
INTS1,INTS6,0.999
INTS1,INTS7,0.999
INTS1,INTS8,0.999
INTS1,INTS9,0.999
INTS1,NABP2,0.997
INTS1,NELFB,0.907
INTS1,POLR2A,0.999
INTS1,POLR2B,0.998
INTS1,POLR2H,0.998
INTS1,PPP1CB,0.994
INTS1,PPP2CA,0.998
INTS1,PPP2CB,0.994
INTS1,PPP2R1A,0.999
INTS1,PPP2R1B,0.995
INTS1,SUPT5H,0.962
INTS1,ZMYND8,0.994
INTS10,INTS11,0.997
INTS10,INTS12,0.972
INTS10,INTS2,0.962
INTS10,INTS3,0.999
INTS10,INTS4,0.986
INTS10,INTS5,0.999
INTS10,INTS6,0.999
INTS10,INTS7,0.988
INTS10,INTS8,0.976
INTS10,INTS9,0.992
INTS11,INTS12,0.995
INTS11,INTS2,0.997
INTS11,INTS3,0.999
INTS11,INTS4,0.999
INTS11,INTS5,0.999
INTS11,INTS6,0.999
INTS11,INTS7,0.998
INTS11,INTS8,0.997
INTS11,INTS9,0.999
INTS11,NELFB,0.936
INTS11,POLR2A,0.971
INTS11,PPP2CA,0.929
INTS11,PPP2R1A,0.925
INTS11,SUPT5H,0.963
INTS12,INTS2,0.931
INTS12,INTS3,0.999
INTS12,INTS4,0.964
INTS12,INTS5,0.999
INTS12,INTS6,0.999
INTS12,INTS7,0.975
INTS12,INTS8,0.953
INTS12,INTS9,0.976
INTS2,INTS3,0.999
INTS2,INTS4,0.996
INTS2,INTS5,0.999
INTS2,INTS6,0.999
INTS2,INTS7,0.998
INTS2,INTS8,0.998
INTS2,INTS9,0.988
INTS2,POLR2A,0.913
INTS2,PPP2CA,0.916
INTS2,PPP2R1A,0.963
INTS2,SUPT5H,0.926
INTS3,INTS4,0.999
INTS3,INTS5,0.999
INTS3,INTS6,0.999
INTS3,INTS7,0.999
INTS3,INTS8,0.999
INTS3,INTS9,0.999
INTS3,NABP1,0.999
INTS3,NABP2,0.999
INTS3,POLR2A,0.996
INTS3,POLR2B,0.994
INTS3,POLR2C,0.994
INTS3,POLR2D,0.994
INTS3,POLR2E,0.994
INTS3,POLR2G,0.994
INTS3,POLR2H,0.994
INTS3,POLR2J,0.998
INTS3,PPP2CB,0.994
INTS3,PPP2R1A,0.994
INTS3,PPP2R1B,0.994
INTS3,ZMYND8,0.994
INTS4,INTS5,0.999
INTS4,INTS6,0.999
INTS4,INTS7,0.996
INTS4,INTS8,0.994
INTS4,INTS9,0.999
INTS4,POLR2A,0.913
INTS4,PPP2CA,0.918
INTS4,PPP2R1A,0.933
INTS4,SUPT5H,0.945
INTS5,INTS6,0.999
INTS5,INTS7,0.999
INTS5,INTS8,0.999
INTS5,INTS9,0.999
INTS5,NABP1,0.997
INTS5,NABP2,0.997
INTS5,POLR2A,0.999
INTS5,POLR2B,0.998
INTS5,POLR2C,0.998
INTS5,POLR2D,0.998
INTS5,POLR2E,0.998
INTS5,POLR2G,0.998
INTS5,POLR2H,0.998
INTS5,POLR2J,0.998
INTS5,POLR2L,0.998
INTS5,PPP2CA,0.946
INTS5,PPP2CB,0.994
INTS5,PPP2R1A,0.999
INTS5,PPP2R1B,0.995
INTS5,SUPT5H,0.912
INTS5,ZMYND8,0.994
INTS6,INTS7,0.999
INTS6,INTS8,0.999
INTS6,INTS9,0.999
INTS6,NABP2,0.998
INTS6,NELFB,0.908
INTS6,POLR2A,0.999
INTS6,POLR2B,0.998
INTS6,POLR2C,0.998
INTS6,POLR2D,0.998
INTS6,POLR2E,0.998
INTS6,POLR2G,0.998
INTS6,POLR2H,0.998
INTS6,POLR2J,0.998
INTS6,POLR2L,0.998
INTS6,PPP1CB,0.994
INTS6,PPP2CA,0.999
INTS6,PPP2CB,0.994
INTS6,PPP2R1A,0.999
INTS6,PPP2R1B,0.994
INTS6,SUPT5H,0.929
INTS6,ZMYND8,0.994
INTS7,INTS8,0.999
INTS7,INTS9,0.995
INTS7,POLR2A,0.923
INTS7,SUPT5H,0.925
INTS8,INTS9,0.995
INTS8,POLR2A,0.919
INTS8,POLR2B,0.935
INTS8,PPP2CA,0.948
INTS8,PPP2R1A,0.936
INTS8,SUPT5H,0.928
INTS9,NELFB,0.936
INTS9,POLR2A,0.942
INTS9,POLR2B,0.92
INTS9,PPP2CA,0.925
INTS9,PPP2R1A,0.926
INTS9,SUPT5H,0.936
INVS,NEK8,0.952
INVS,NEK9,0.929
INVS,NPHP1,0.965
INVS,NPHP3,0.974
INVS,NPHP4,0.959
IPO11,IPO5,0.908
IPO13,MAGOH,0.938
IPO13,RAN,0.988
IPO13,RBM8A,0.972
IPO13,UBE2I,0.997
IPO4,RAN,0.985
IPO5,KPNB1,0.9
IPO5,RAN,0.981
IPO7,IPO9,0.907
IPO7,KPNB1,0.946
IPO7,RAN,0.91
IPO7,TNPO1,0.945
IPO8,KPNB1,0.917
IQCB1,NPHP1,0.943
IQCB1,NPHP3,0.951
IQCB1,NPHP4,0.953
IQCB1,RPGR,0.989
IQGAP1,IQGAP2,0.938
IQGAP1,IQGAP3,0.938
IQGAP1,KDR,0.946
IQGAP1,MAP2K1,0.982
IQGAP1,MAPK1,0.988
IQGAP1,MAPK3,0.983
IQGAP1,NPHS1,0.945
IQGAP1,RAC1,0.988
IQGAP1,RAC2,0.976
IQGAP1,RACGAP1,0.94
IQGAP1,SRC,0.948
IQGAP1,TIAM1,0.9
IQGAP1,WASL,0.912
IQGAP2,IQGAP3,0.932
IQGAP2,RAC1,0.919
IQGAP2,RAC2,0.935
IQGAP3,RAC2,0.927
IRAK1,IRAK2,0.999
IRAK1,IRAK3,0.997
IRAK1,IRAK4,0.999
IRAK1,IRF7,0.998
IRAK1,MAP3K7,0.987
IRAK1,MAVS,0.969
IRAK1,MECP2,0.925
IRAK1,MYD88,0.999
IRAK1,NFKB1,0.934
IRAK1,NFKBIA,0.922
IRAK1,NGFR,0.949
IRAK1,PELI1,0.998
IRAK1,PPP2CA,0.961
IRAK1,PPP2CB,0.912
IRAK1,PPP2R1A,0.907
IRAK1,PPP2R1B,0.905
IRAK1,PPP2R2A,0.91
IRAK1,PPP2R2B,0.909
IRAK1,SQSTM1,0.935
IRAK1,TAB1,0.993
IRAK1,TAB2,0.999
IRAK1,TAB3,0.961
IRAK1,TICAM1,0.96
IRAK1,TIRAP,0.999
IRAK1,TLR2,0.962
IRAK1,TLR3,0.917
IRAK1,TLR4,0.998
IRAK1,TLR5,0.9
IRAK1,TLR7,0.972
IRAK1,TLR9,0.988
IRAK1,TOLLIP,0.999
IRAK1,TRAF2,0.939
IRAK1,TRAF3,0.995
IRAK1,TRAF6,0.999
IRAK1,UBE2N,0.919
IRAK2,IRAK3,0.985
IRAK2,IRAK4,0.999
IRAK2,MYD88,0.999
IRAK2,NGFR,0.914
IRAK2,TAB1,0.903
IRAK2,TAB2,0.939
IRAK2,TIRAP,0.962
IRAK2,TLR4,0.935
IRAK2,TRAF6,0.999
IRAK3,IRAK4,0.973
IRAK3,MYD88,0.969
IRAK3,NGFR,0.906
IRAK3,TRAF6,0.986
IRAK4,IRF7,0.996
IRAK4,MAP3K7,0.928
IRAK4,MAVS,0.943
IRAK4,MYD88,0.999
IRAK4,NGFR,0.902
IRAK4,PELI1,0.995
IRAK4,PPP2CA,0.909
IRAK4,PPP2CB,0.908
IRAK4,PPP2R1A,0.901
IRAK4,PPP2R1B,0.901
IRAK4,PPP2R2A,0.906
IRAK4,PPP2R2B,0.905
IRAK4,TAB1,0.971
IRAK4,TAB2,0.983
IRAK4,TAB3,0.968
IRAK4,TICAM1,0.957
IRAK4,TIRAP,0.995
IRAK4,TLR2,0.935
IRAK4,TLR3,0.905
IRAK4,TLR4,0.999
IRAK4,TLR7,0.963
IRAK4,TLR9,0.942
IRAK4,TOLLIP,0.978
IRAK4,TRAF2,0.932
IRAK4,TRAF3,0.994
IRAK4,TRAF6,0.999
IRF1,IRF8,0.983
IRF1,JUN,0.919
IRF1,MDM2,0.97
IRF1,MYD88,0.965
IRF1,SPI1,0.974
IRF1,STAT1,0.999
IRF1,STAT2,0.961
IRF1,STAT3,0.9
IRF3,IRF7,0.999
IRF3,JUN,0.998
IRF3,MAVS,0.998
IRF3,MYD88,0.929
IRF3,PIN1,0.967
IRF3,STAT1,0.914
IRF3,STAT2,0.93
IRF3,STING1,0.994
IRF3,TANK,0.95
IRF3,TBK1,0.999
IRF3,TICAM1,0.993
IRF3,TLR3,0.978
IRF3,TLR4,0.947
IRF3,TRAF3,0.97
IRF3,TRAF6,0.908
IRF3,TRIM21,0.985
IRF3,ZBP1,0.989
IRF4,MYD88,0.983
IRF4,SPI1,0.998
IRF4,STAT3,0.973
IRF4,STAT6,0.975
IRF4,TRAF6,0.903
IRF7,IRF9,0.9
IRF7,JUN,0.989
IRF7,MAVS,0.958
IRF7,MYD88,0.999
IRF7,SPP1,0.925
IRF7,STAT1,0.969
IRF7,STAT2,0.975
IRF7,TBK1,0.992
IRF7,TICAM1,0.981
IRF7,TLR3,0.95
IRF7,TLR7,0.96
IRF7,TLR9,0.969
IRF7,TRAF3,0.993
IRF7,TRAF6,0.999
IRF7,XAF1,0.906
IRF7,ZBP1,0.977
IRF8,SPI1,0.999
IRF8,STAT1,0.904
IRF9,JAK1,0.994
IRF9,STAT1,0.999
IRF9,STAT2,0.999
IRF9,STAT3,0.987
IRF9,STAT5A,0.949
IRF9,STAT5B,0.949
IRF9,STAT6,0.987
IRF9,TYK2,0.987
IRS1,IRS2,0.997
IRS1,IRS4,0.973
IRS1,JAK1,0.933
IRS1,JAK2,0.996
IRS1,KL,0.931
IRS1,LEP,0.963
IRS1,MAPK8,0.986
IRS1,MAPK9,0.936
IRS1,MTOR,0.992
IRS1,NTRK1,0.971
IRS1,NTRK2,0.974
IRS1,NTRK3,0.925
IRS1,OGT,0.919
IRS1,PIK3CA,0.999
IRS1,PIK3CB,0.991
IRS1,PIK3CD,0.943
IRS1,PIK3CG,0.948
IRS1,PIK3R1,0.999
IRS1,PIK3R2,0.99
IRS1,PIK3R3,0.997
IRS1,PIK3R5,0.924
IRS1,PIK3R6,0.903
IRS1,PRKCB,0.932
IRS1,PRKCD,0.962
IRS1,PRKCE,0.926
IRS1,PRKCQ,0.934
IRS1,PRKCZ,0.955
IRS1,PTPN1,0.995
IRS1,PTPN11,0.999
IRS1,PTPRF,0.945
IRS1,SHC1,0.991
IRS1,SLC2A4,0.94
IRS1,SOCS1,0.983
IRS1,SOCS2,0.96
IRS1,SOCS3,0.985
IRS1,SOS1,0.941
IRS1,SRC,0.977
IRS1,YWHAZ,0.93
IRS2,IRS4,0.983
IRS2,JAK2,0.979
IRS2,KL,0.926
IRS2,MAPK8,0.936
IRS2,MAPK9,0.922
IRS2,MTOR,0.966
IRS2,PIK3CA,0.984
IRS2,PIK3CB,0.947
IRS2,PIK3CD,0.932
IRS2,PIK3CG,0.938
IRS2,PIK3R1,0.998
IRS2,PIK3R2,0.981
IRS2,PIK3R3,0.972
IRS2,PIK3R5,0.917
IRS2,PIK3R6,0.903
IRS2,PRKCD,0.919
IRS2,PRKCE,0.956
IRS2,PRKCZ,0.943
IRS2,PTPN1,0.959
IRS2,PTPRF,0.915
IRS2,SOCS1,0.985
IRS2,SOCS2,0.928
IRS2,SOCS3,0.983
IRS4,JAK2,0.921
IRS4,KL,0.912
IRS4,MAPK8,0.906
IRS4,MAPK9,0.905
IRS4,MTOR,0.918
IRS4,PIK3CA,0.972
IRS4,PIK3CB,0.965
IRS4,PIK3CD,0.919
IRS4,PIK3CG,0.944
IRS4,PIK3R1,0.989
IRS4,PIK3R2,0.986
IRS4,PIK3R3,0.975
IRS4,PIK3R5,0.918
IRS4,PIK3R6,0.9
IRS4,PRKCD,0.909
IRS4,PRKCE,0.907
IRS4,PRKCZ,0.917
IRS4,PTPN1,0.925
IRS4,PTPRF,0.913
IRS4,SOCS1,0.913
IRS4,SOCS2,0.924
IRS4,SOCS3,0.917
ISCU,LYRM4,0.999
ISCU,NFS1,0.999
ISL1,LDB1,0.998
ISL1,LHX3,0.998
ISL1,POU4F2,0.901
IST1,SPAST,0.999
ISY1,PLRG1,0.997
ISY1,PPIE,0.994
ISY1,PPIL1,0.907
ISY1,PRPF19,0.998
ISY1,PRPF8,0.998
ISY1,RBM22,0.993
ISY1,RBM8A,0.982
ISY1,SNRNP200,0.997
ISY1,SNRNP40,0.937
ISY1,SNRPA1,0.995
ISY1,SNRPB,0.9
ISY1,SNRPE,0.945
ISY1,SNRPF,0.915
ISY1,SNW1,0.993
ISY1,SRRM2,0.931
ISY1,SYF2,0.996
ISY1,XAB2,0.999
ISY1,YJU2,0.998
ISY1,ZNF830,0.946
ITCH,JUN,0.9
ITCH,LATS1,0.938
ITCH,MAPK8,0.958
ITCH,MAPK9,0.94
ITCH,NUMB,0.992
ITCH,PCBP2,0.979
ITCH,RNF11,0.995
ITCH,RPS27A,0.989
ITCH,TAX1BP1,0.943
ITCH,TP73,0.905
ITCH,TXNIP,0.989
ITCH,UBA52,0.973
ITCH,UBB,0.973
ITCH,UBE2D2,0.927
ITCH,UBE2L3,0.977
ITCH,WWP1,0.937
ITFG2,KPTN,0.999
ITFG2,NPRL2,0.999
ITFG2,SZT2,0.999
ITFG2,WDR24,0.998
ITFG2,WDR59,0.998
ITGA1,ITGA10,0.956
ITGA1,ITGA11,0.944
ITGA1,ITGA2,0.969
ITGA1,ITGA3,0.961
ITGA1,ITGA4,0.948
ITGA1,ITGA5,0.947
ITGA1,ITGAL,0.914
ITGA1,ITGAV,0.937
ITGA1,ITGB1,0.999
ITGA1,ITGB2,0.972
ITGA1,ITGB3,0.982
ITGA1,ITGB4,0.922
ITGA1,ITGB5,0.976
ITGA1,ITGB6,0.97
ITGA1,ITGB7,0.951
ITGA1,ITGB8,0.963
ITGA10,ITGA11,0.946
ITGA10,ITGA2,0.944
ITGA10,ITGA3,0.919
ITGA10,ITGA4,0.916
ITGA10,ITGA5,0.922
ITGA10,ITGAL,0.914
ITGA10,ITGAV,0.919
ITGA10,ITGB1,0.974
ITGA10,ITGB2,0.963
ITGA10,ITGB3,0.969
ITGA10,ITGB5,0.971
ITGA10,ITGB6,0.953
ITGA10,ITGB7,0.962
ITGA10,ITGB8,0.969
ITGA11,ITGA2,0.947
ITGA11,ITGA3,0.923
ITGA11,ITGA4,0.916
ITGA11,ITGA5,0.949
ITGA11,ITGAL,0.905
ITGA11,ITGAV,0.923
ITGA11,ITGB1,0.981
ITGA11,ITGB2,0.94
ITGA11,ITGB3,0.97
ITGA11,ITGB5,0.973
ITGA11,ITGB6,0.951
ITGA11,ITGB7,0.958
ITGA11,ITGB8,0.967
ITGA2,ITGA3,0.972
ITGA2,ITGA4,0.951
ITGA2,ITGA5,0.962
ITGA2,ITGAL,0.917
ITGA2,ITGAV,0.967
ITGA2,ITGB1,0.999
ITGA2,ITGB2,0.974
ITGA2,ITGB3,0.984
ITGA2,ITGB4,0.924
ITGA2,ITGB5,0.98
ITGA2,ITGB6,0.974
ITGA2,ITGB7,0.946
ITGA2,ITGB8,0.966
ITGA2,PIK3CA,0.913
ITGA2,PIK3CB,0.918
ITGA2,PIK3CD,0.91
ITGA2,PIK3R1,0.916
ITGA2,PIK3R2,0.907
ITGA2,PIK3R3,0.913
ITGA2,PRKACA,0.908
ITGA2,PRKACB,0.911
ITGA2,PTK2,0.94
ITGA2,PTPN6,0.908
ITGA2B,ITGAM,0.916
ITGA2B,ITGAV,0.948
ITGA2B,ITGB1,0.961
ITGA2B,ITGB2,0.986
ITGA2B,ITGB3,0.999
ITGA2B,PTK2,0.921
ITGA2B,SELP,0.965
ITGA2B,SRC,0.959
ITGA2B,THBS1,0.94
ITGA2B,THBS2,0.916
ITGA2B,THBS3,0.904
ITGA2B,TLN1,0.966
ITGA2B,VTN,0.999
ITGA2B,VWF,0.999
ITGA3,ITGA4,0.948
ITGA3,ITGA5,0.961
ITGA3,ITGAL,0.914
ITGA3,ITGAV,0.968
ITGA3,ITGB1,0.999
ITGA3,ITGB2,0.969
ITGA3,ITGB3,0.979
ITGA3,ITGB4,0.982
ITGA3,ITGB5,0.986
ITGA3,ITGB6,0.977
ITGA3,ITGB7,0.95
ITGA3,ITGB8,0.963
ITGA3,LAMA3,0.919
ITGA3,PTK2,0.978
ITGA3,THBS1,0.965
ITGA3,THBS2,0.931
ITGA3,THBS3,0.923
ITGA4,ITGA5,0.97
ITGA4,ITGAL,0.963
ITGA4,ITGAV,0.96
ITGA4,ITGB1,0.999
ITGA4,ITGB2,0.994
ITGA4,ITGB3,0.989
ITGA4,ITGB5,0.967
ITGA4,ITGB6,0.963
ITGA4,ITGB7,0.999
ITGA4,ITGB8,0.963
ITGA4,JAM2,0.968
ITGA4,MADCAM1,0.999
ITGA4,PTK2,0.945
ITGA4,PTK2B,0.917
ITGA4,PXN,0.996
ITGA4,RAP1A,0.913
ITGA4,RAP1B,0.917
ITGA4,SKAP2,0.901
ITGA4,SPP1,0.973
ITGA4,SRC,0.954
ITGA4,VCAM1,0.999
ITGA5,ITGAL,0.953
ITGA5,ITGAV,0.946
ITGA5,ITGB1,0.999
ITGA5,ITGB2,0.993
ITGA5,ITGB3,0.999
ITGA5,ITGB4,0.953
ITGA5,ITGB5,0.991
ITGA5,ITGB6,0.961
ITGA5,ITGB7,0.988
ITGA5,ITGB8,0.965
ITGA5,PTK2,0.972
ITGA5,PTK2B,0.917
ITGA5,SKAP2,0.9
ITGA5,SRC,0.949
ITGA5,TLN1,0.978
ITGA5,VTN,0.976
ITGA6,ITGB1,0.999
ITGA6,ITGB2,0.916
ITGA6,ITGB3,0.915
ITGA6,ITGB4,0.999
ITGA6,ITGB5,0.907
ITGA6,LAMA3,0.93
ITGA6,LAMA4,0.926
ITGA6,LAMA5,0.995
ITGA6,LAMB1,0.977
ITGA6,LAMC1,0.979
ITGA6,PLEC,0.907
ITGA6,PTK2,0.961
ITGA7,ITGB1,0.995
ITGA7,LAMA2,0.906
ITGA8,ITGB1,0.998
ITGA8,SPP1,0.904
ITGA8,TNC,0.911
ITGA8,VTN,0.989
ITGA9,ITGB1,0.997
ITGA9,SPP1,0.979
ITGA9,TNC,0.952
ITGA9,VCAM1,0.989
ITGAE,ITGB7,0.999
ITGAL,ITGAM,0.994
ITGAL,ITGAV,0.918
ITGAL,ITGAX,0.951
ITGAL,ITGB1,0.985
ITGAL,ITGB2,0.999
ITGAL,ITGB3,0.954
ITGAL,ITGB5,0.936
ITGAL,ITGB6,0.93
ITGAL,ITGB7,0.976
ITGAL,ITGB8,0.926
ITGAL,PRKD1,0.902
ITGAL,PRKD2,0.903
ITGAL,PTK2B,0.922
ITGAL,PTPRC,0.931
ITGAL,RAP1A,0.921
ITGAL,RAP1B,0.915
ITGAL,RGS14,0.909
ITGAL,VAV1,0.948
ITGAL,VAV2,0.912
ITGAL,VAV3,0.916
ITGAL,VCAM1,0.992
ITGAM,ITGB1,0.974
ITGAM,ITGB2,0.999
ITGAM,JAM3,0.995
ITGAM,PIK3CA,0.916
ITGAM,PIK3CB,0.915
ITGAM,PIK3CD,0.93
ITGAM,PIK3R1,0.91
ITGAM,PIK3R2,0.903
ITGAM,PIK3R3,0.9
ITGAM,PRKD1,0.908
ITGAM,PRKD2,0.907
ITGAM,PTPRC,0.971
ITGAM,RAP1A,0.914
ITGAM,RAP1B,0.911
ITGAM,RGS14,0.907
ITGAM,SELP,0.934
ITGAM,SPI1,0.977
ITGAM,TLR4,0.92
ITGAM,TNF,0.909
ITGAM,VCAM1,0.991
ITGAV,ITGB1,0.999
ITGAV,ITGB2,0.99
ITGAV,ITGB3,0.999
ITGAV,ITGB4,0.929
ITGAV,ITGB5,0.999
ITGAV,ITGB6,0.999
ITGAV,ITGB7,0.951
ITGAV,ITGB8,0.999
ITGAV,MFGE8,0.985
ITGAV,PTK2,0.984
ITGAV,SDC1,0.924
ITGAV,SPP1,0.999
ITGAV,SRC,0.946
ITGAV,TGFB1,0.994
ITGAV,THBS1,0.981
ITGAV,THBS2,0.936
ITGAV,THBS3,0.934
ITGAV,TNC,0.946
ITGAV,VTN,0.999
ITGAV,VWF,0.986
ITGAX,ITGB1,0.964
ITGAX,ITGB2,0.999
ITGAX,PTPRC,0.939
ITGAX,VCAM1,0.936
ITGB1,ITGB1BP1,0.998
ITGB1,ITGB2,0.985
ITGB1,ITGB3,0.987
ITGB1,ITGB5,0.96
ITGB1,ITGB6,0.979
ITGB1,ITGB7,0.913
ITGB1,ITGB8,0.94
ITGB1,JAM2,0.938
ITGB1,L1CAM,0.909
ITGB1,LAMA4,0.935
ITGB1,LAMA5,0.983
ITGB1,LAMB1,0.974
ITGB1,LAMC1,0.982
ITGB1,LGALS3,0.931
ITGB1,PIK3CA,0.953
ITGB1,PIK3CB,0.918
ITGB1,PIK3CD,0.915
ITGB1,PIK3R1,0.951
ITGB1,PIK3R2,0.915
ITGB1,PIK3R3,0.913
ITGB1,PRKACA,0.914
ITGB1,PRKACB,0.917
ITGB1,PRKCA,0.923
ITGB1,PRKD1,0.91
ITGB1,PRKD2,0.909
ITGB1,PTK2,0.997
ITGB1,PTK2B,0.953
ITGB1,PTPN6,0.924
ITGB1,PTPRC,0.913
ITGB1,PXN,0.987
ITGB1,RAP1A,0.952
ITGB1,RAP1B,0.926
ITGB1,RGS14,0.901
ITGB1,SEMA7A,0.995
ITGB1,SKAP2,0.914
ITGB1,SPP1,0.996
ITGB1,SRC,0.986
ITGB1,THBS1,0.989
ITGB1,THBS2,0.928
ITGB1,THBS3,0.915
ITGB1,TLN1,0.999
ITGB1,TNC,0.917
ITGB1,VCAM1,0.999
ITGB1,VCL,0.966
ITGB1,VTN,0.986
ITGB1BP1,KRIT1,0.999
ITGB1BP1,PDCD10,0.92
ITGB2,ITGB3,0.973
ITGB2,ITGB5,0.943
ITGB2,ITGB6,0.943
ITGB2,ITGB7,0.954
ITGB2,ITGB8,0.911
ITGB2,JAM3,0.998
ITGB2,PIK3CA,0.914
ITGB2,PIK3CB,0.913
ITGB2,PIK3CD,0.926
ITGB2,PIK3R1,0.918
ITGB2,PIK3R2,0.909
ITGB2,PIK3R3,0.908
ITGB2,PRKD1,0.906
ITGB2,PRKD2,0.905
ITGB2,PTK2B,0.96
ITGB2,RAP1A,0.929
ITGB2,RAP1B,0.927
ITGB2,RGS14,0.941
ITGB2,SELP,0.978
ITGB2,SELPLG,0.963
ITGB2,SPI1,0.931
ITGB2,SRC,0.904
ITGB2,SYK,0.918
ITGB2,TLN1,0.977
ITGB2,TYROBP,0.972
ITGB2,VAV1,0.966
ITGB2,VAV2,0.941
ITGB2,VAV3,0.954
ITGB2,VCAM1,0.998
ITGB3,ITGB3BP,0.905
ITGB3,ITGB5,0.954
ITGB3,ITGB6,0.935
ITGB3,ITGB7,0.945
ITGB3,ITGB8,0.947
ITGB3,KDR,0.979
ITGB3,PTK2,0.99
ITGB3,PXN,0.931
ITGB3,SDC1,0.932
ITGB3,SELP,0.928
ITGB3,SHC1,0.972
ITGB3,SPP1,0.994
ITGB3,SRC,0.998
ITGB3,THBS1,0.984
ITGB3,THBS2,0.933
ITGB3,THBS3,0.921
ITGB3,TLN1,0.999
ITGB3,TNC,0.914
ITGB3,VTN,0.999
ITGB3,VWF,0.998
ITGB4,LAMA3,0.951
ITGB4,LAMA4,0.919
ITGB4,PLEC,0.999
ITGB4,PTK2,0.964
ITGB4,SRC,0.948
ITGB5,ITGB6,0.927
ITGB5,ITGB7,0.911
ITGB5,ITGB8,0.945
ITGB5,MFGE8,0.91
ITGB5,PAK4,0.909
ITGB5,PTK2,0.972
ITGB5,PXN,0.901
ITGB5,SPP1,0.968
ITGB5,SRC,0.938
ITGB5,TLN1,0.909
ITGB5,VCL,0.907
ITGB5,VTN,0.995
ITGB6,ITGB7,0.931
ITGB6,ITGB8,0.932
ITGB6,PTK2,0.932
ITGB6,SRC,0.931
ITGB6,TGFB1,0.986
ITGB6,TLN1,0.918
ITGB6,TNC,0.91
ITGB7,ITGB8,0.917
ITGB7,MADCAM1,0.995
ITGB7,PTK2,0.951
ITGB7,SRC,0.926
ITGB7,VCAM1,0.974
ITGB8,PTK2,0.933
ITGB8,SRC,0.927
ITGB8,TGFB1,0.983
ITGB8,VTN,0.936
ITK,LAT,0.948
ITK,LCK,0.917
ITK,LCP2,0.999
ITK,LYN,0.916
ITK,NCK1,0.932
ITK,PIK3CA,0.924
ITK,PIK3CB,0.919
ITK,PIK3CD,0.948
ITK,PIK3CG,0.938
ITK,PIK3R1,0.949
ITK,PIK3R2,0.911
ITK,PIK3R3,0.914
ITK,PIK3R5,0.919
ITK,PIK3R6,0.9
ITK,PLCG1,0.997
ITK,SRC,0.939
ITK,TEC,0.904
ITK,VAV1,0.998
ITK,VAV2,0.932
ITK,VAV3,0.931
ITK,ZAP70,0.902
ITPR1,ITPR2,0.943
ITPR1,ITPR3,0.965
ITPR1,KAT5,0.907
ITPR1,MRVI1,0.995
ITPR1,NOS1,0.923
ITPR1,PLCB1,0.95
ITPR1,PLCB2,0.946
ITPR1,PLCB3,0.968
ITPR1,PLCG1,0.972
ITPR1,PLCG2,0.962
ITPR1,PPIF,0.967
ITPR1,PRKACA,0.974
ITPR1,PRKACB,0.972
ITPR1,PRKCA,0.937
ITPR1,PRKCB,0.937
ITPR1,PRKCG,0.954
ITPR1,PRKG1,0.934
ITPR1,PSEN1,0.94
ITPR1,PSEN2,0.954
ITPR1,RORA,0.914
ITPR1,SIGMAR1,0.938
ITPR1,STIM1,0.953
ITPR1,TRPC1,0.984
ITPR1,TRPC3,0.945
ITPR1,VDAC1,0.996
ITPR2,ITPR3,0.953
ITPR2,MRVI1,0.928
ITPR2,PLCB1,0.938
ITPR2,PLCB2,0.935
ITPR2,PLCB3,0.929
ITPR2,PLCG1,0.931
ITPR2,PLCG2,0.958
ITPR2,PRKACA,0.937
ITPR2,PRKACB,0.93
ITPR2,PRKCA,0.919
ITPR2,PRKCB,0.917
ITPR2,PRKCG,0.909
ITPR2,PSEN1,0.92
ITPR2,PSEN2,0.947
ITPR2,TRPC3,0.907
ITPR3,MRVI1,0.986
ITPR3,NOS1,0.922
ITPR3,PLCB1,0.946
ITPR3,PLCB2,0.966
ITPR3,PLCB3,0.967
ITPR3,PLCG1,0.973
ITPR3,PLCG2,0.949
ITPR3,PPIF,0.904
ITPR3,PRKACA,0.972
ITPR3,PRKACB,0.968
ITPR3,PRKCA,0.934
ITPR3,PRKCB,0.923
ITPR3,PRKCG,0.918
ITPR3,PSEN1,0.941
ITPR3,PSEN2,0.956
ITPR3,SIGMAR1,0.934
ITPR3,STIM1,0.952
ITPR3,TOMM70,0.946
ITPR3,TRPC1,0.992
ITPR3,TRPC3,0.917
ITPR3,VDAC1,0.997
ITSN1,SNAP25,0.933
ITSN1,SNAP91,0.922
ITSN1,STON2,0.983
ITSN1,SYNJ1,0.961
ITSN1,WAS,0.924
ITSN1,WASL,0.999
JADE1,KAT7,0.998
JADE1,MEAF6,0.996
JADE1,VHL,0.926
JADE2,KAT7,0.973
JADE2,MEAF6,0.964
JADE3,KAT7,0.971
JADE3,MEAF6,0.959
JAK1,JAK2,0.999
JAK1,JAK3,0.999
JAK1,KDR,0.947
JAK1,LIFR,0.978
JAK1,MET,0.917
JAK1,OSMR,0.992
JAK1,PDGFRA,0.919
JAK1,PDGFRB,0.921
JAK1,PIK3CA,0.969
JAK1,PIK3CB,0.933
JAK1,PIK3CD,0.945
JAK1,PIK3R1,0.939
JAK1,PIK3R2,0.921
JAK1,PIK3R3,0.947
JAK1,PTPN11,0.994
JAK1,PTPN2,0.961
JAK1,PTPN6,0.978
JAK1,SOCS1,0.999
JAK1,SOCS3,0.999
JAK1,STAM,0.912
JAK1,STAM2,0.958
JAK1,STAT1,0.999
JAK1,STAT2,0.996
JAK1,STAT3,0.999
JAK1,STAT5A,0.999
JAK1,STAT5B,0.999
JAK1,STAT6,0.996
JAK1,TYK2,0.998
JAK2,JAK3,0.975
JAK2,KDR,0.926
JAK2,LEP,0.966
JAK2,LEPR,0.999
JAK2,LIFR,0.98
JAK2,LYN,0.931
JAK2,MET,0.92
JAK2,MPL,0.982
JAK2,OSMR,0.923
JAK2,PDGFRA,0.929
JAK2,PDGFRB,0.954
JAK2,PIK3CA,0.98
JAK2,PIK3CB,0.935
JAK2,PIK3CD,0.938
JAK2,PIK3R1,0.987
JAK2,PIK3R2,0.923
JAK2,PIK3R3,0.939
JAK2,PLCG1,0.967
JAK2,PLCG2,0.928
JAK2,PRLR,0.995
JAK2,PRMT5,0.91
JAK2,PTK2,0.962
JAK2,PTPN1,0.98
JAK2,PTPN11,0.998
JAK2,PTPN2,0.957
JAK2,PTPN6,0.984
JAK2,SH2B1,0.992
JAK2,SHC1,0.993
JAK2,SHC2,0.91
JAK2,SHC3,0.913
JAK2,SOCS1,0.999
JAK2,SOCS2,0.974
JAK2,SOCS3,0.999
JAK2,SOCS6,0.937
JAK2,SRC,0.917
JAK2,STAM,0.974
JAK2,STAM2,0.983
JAK2,STAT1,0.999
JAK2,STAT2,0.991
JAK2,STAT3,0.999
JAK2,STAT5A,0.999
JAK2,STAT5B,0.999
JAK2,STAT6,0.991
JAK2,TET2,0.917
JAK2,THPO,0.919
JAK2,TYK2,0.997
JAK3,LIFR,0.943
JAK3,PIK3CA,0.967
JAK3,PIK3CB,0.923
JAK3,PIK3CD,0.937
JAK3,PIK3R1,0.932
JAK3,PIK3R2,0.925
JAK3,PIK3R3,0.913
JAK3,PTK2B,0.942
JAK3,PTPN11,0.962
JAK3,PTPN2,0.971
JAK3,PTPN6,0.938
JAK3,SOCS1,0.966
JAK3,SOCS3,0.939
JAK3,STAM,0.986
JAK3,STAM2,0.99
JAK3,STAT1,0.992
JAK3,STAT2,0.982
JAK3,STAT3,0.998
JAK3,STAT5A,0.998
JAK3,STAT5B,0.997
JAK3,STAT6,0.99
JAK3,TYK2,0.906
JAM2,JAM3,0.99
JAM2,PARD3,0.959
JAM2,TJP1,0.993
JAM3,PARD3,0.98
JAM3,TJP1,0.997
JUN,JUNB,0.999
JUN,JUND,0.999
JUN,MAP2K4,0.921
JUN,MAP2K7,0.915
JUN,MAPK1,0.998
JUN,MAPK11,0.971
JUN,MAPK14,0.992
JUN,MAPK3,0.987
JUN,MAPK8,0.999
JUN,MAPK8IP1,0.992
JUN,MAPK9,0.999
JUN,MED1,0.911
JUN,MITF,0.923
JUN,MYC,0.97
JUN,NCOA1,0.965
JUN,NCOA3,0.938
JUN,NFATC2,0.998
JUN,NFE2L2,0.92
JUN,NFKB1,0.994
JUN,NFKBIA,0.908
JUN,NR3C1,0.961
JUN,PPARA,0.979
JUN,PRKACA,0.963
JUN,PRKACB,0.963
JUN,RELA,0.986
JUN,RUNX2,0.968
JUN,SIRT1,0.927
JUN,SMAD2,0.925
JUN,SMAD3,0.997
JUN,SMAD4,0.989
JUN,SP1,0.996
JUN,SPI1,0.993
JUN,SRC,0.974
JUN,STAT1,0.91
JUN,STAT3,0.995
JUN,TNF,0.989
JUN,TP53,0.997
JUN,YAP1,0.909
JUNB,JUND,0.999
JUNB,MAPK8,0.973
JUNB,MAPK9,0.979
JUND,MAPK8,0.995
JUND,MAPK9,0.987
JUND,MEN1,0.998
JUP,LEF1,0.971
JUP,PKP1,0.946
JUP,PKP2,0.991
JUP,TCF7L2,0.972
KALRN,PAM,0.973
KALRN,RAC1,0.959
KALRN,RHOG,0.921
KANSL1,KANSL2,0.999
KANSL1,KANSL3,0.995
KANSL1,KAT8,0.996
KANSL1,KMT2A,0.953
KANSL1,LAS1L,0.9
KANSL1,MAX,0.9
KANSL1,MCRS1,0.996
KANSL1,MGA,0.91
KANSL1,OGT,0.917
KANSL1,PELP1,0.911
KANSL1,PHF20,0.999
KANSL1,PRPF31,0.901
KANSL1,RBBP5,0.959
KANSL1,RNF2,0.9
KANSL1,RUVBL1,0.906
KANSL1,RUVBL2,0.9
KANSL1,SENP3,0.9
KANSL1,TAF1,0.906
KANSL1,TAF4,0.909
KANSL1,TAF6,0.9
KANSL1,TAF7,0.9
KANSL1,TAF9,0.9
KANSL1,TEX10,0.9
KANSL1,WDR5,0.999
KANSL2,KANSL3,0.999
KANSL2,KAT8,0.967
KANSL2,MCRS1,0.999
KANSL2,OGT,0.978
KANSL2,PHF20,0.998
KANSL2,WDR5,0.999
KANSL3,KAT8,0.984
KANSL3,MCRS1,0.999
KANSL3,OGT,0.991
KANSL3,PHF20,0.998
KANSL3,WDR5,0.987
KARS1,LARS1,0.999
KARS1,MARS1,0.999
KARS1,QARS1,0.999
KARS1,RARS1,0.999
KARS1,RPSA,0.977
KAT14,KAT2A,0.99
KAT14,KAT2B,0.986
KAT14,MBIP,0.98
KAT14,SGF29,0.999
KAT14,TADA2A,0.978
KAT14,TADA2B,0.934
KAT14,TADA3,0.99
KAT14,WDR5,0.977
KAT14,YEATS2,0.994
KAT14,ZZZ3,0.996
KAT2A,KAT2B,0.969
KAT2A,KAT5,0.987
KAT2A,MAML1,0.937
KAT2A,MBIP,0.974
KAT2A,MYC,0.996
KAT2A,POLE4,0.911
KAT2A,RBPJ,0.988
KAT2A,RBPJL,0.91
KAT2A,SF3B3,0.942
KAT2A,SGF29,0.999
KAT2A,SIRT1,0.943
KAT2A,SMARCA4,0.947
KAT2A,SUPT20H,0.994
KAT2A,SUPT3H,0.999
KAT2A,SUPT7L,0.995
KAT2A,TADA1,0.996
KAT2A,TADA2A,0.999
KAT2A,TADA2B,0.996
KAT2A,TADA3,0.999
KAT2A,TAF10,0.999
KAT2A,TAF12,0.998
KAT2A,TAF2,0.969
KAT2A,TAF4,0.987
KAT2A,TAF5,0.99
KAT2A,TAF5L,0.995
KAT2A,TAF6,0.993
KAT2A,TAF6L,0.994
KAT2A,TAF7,0.936
KAT2A,TAF9,0.999
KAT2A,TAF9B,0.991
KAT2A,TBP,0.959
KAT2A,TP53,0.909
KAT2A,TRRAP,0.999
KAT2A,USP22,0.998
KAT2A,WDR5,0.999
KAT2A,YEATS2,0.974
KAT2A,ZZZ3,0.97
KAT2B,KAT5,0.992
KAT2B,MAML1,0.938
KAT2B,MBIP,0.974
KAT2B,MYC,0.99
KAT2B,MYOD1,0.972
KAT2B,MYSM1,0.985
KAT2B,NCOA1,0.995
KAT2B,NCOA2,0.962
KAT2B,NCOA3,0.986
KAT2B,NCOR1,0.921
KAT2B,NCOR2,0.9
KAT2B,RBPJ,0.992
KAT2B,RBPJL,0.916
KAT2B,RUVBL2,0.911
KAT2B,SF3B3,0.929
KAT2B,SGF29,0.999
KAT2B,SIRT1,0.96
KAT2B,SMAD3,0.926
KAT2B,SMARCA4,0.946
KAT2B,SUPT20H,0.988
KAT2B,SUPT3H,0.999
KAT2B,SUPT7L,0.961
KAT2B,TADA1,0.998
KAT2B,TADA2A,0.999
KAT2B,TADA2B,0.992
KAT2B,TADA3,0.999
KAT2B,TAF10,0.999
KAT2B,TAF12,0.998
KAT2B,TAF2,0.957
KAT2B,TAF4,0.977
KAT2B,TAF5,0.991
KAT2B,TAF5L,0.998
KAT2B,TAF6,0.995
KAT2B,TAF6L,0.997
KAT2B,TAF7,0.931
KAT2B,TAF9,0.999
KAT2B,TAF9B,0.98
KAT2B,TBP,0.96
KAT2B,TP53,0.985
KAT2B,TRRAP,0.999
KAT2B,USP22,0.987
KAT2B,WDR5,0.993
KAT2B,YEATS2,0.971
KAT2B,ZZZ3,0.94
KAT5,KAT8,0.911
KAT5,MBTD1,0.994
KAT5,MCRS1,0.942
KAT5,MDC1,0.91
KAT5,MDM2,0.915
KAT5,MEAF6,0.999
KAT5,MORF4L1,0.999
KAT5,MORF4L2,0.997
KAT5,MRGBP,0.997
KAT5,MSL1,0.956
KAT5,MSL2,0.951
KAT5,MSL3,0.958
KAT5,MYC,0.974
KAT5,NFRKB,0.934
KAT5,PRKDC,0.918
KAT5,RELA,0.937
KAT5,RORA,0.942
KAT5,RUVBL1,0.999
KAT5,RUVBL2,0.999
KAT5,SIRT1,0.934
KAT5,SRCAP,0.984
KAT5,TP53,0.996
KAT5,TRPC3,0.901
KAT5,TRRAP,0.999
KAT5,UHRF1,0.963
KAT5,USP7,0.932
KAT5,VPS72,0.996
KAT5,YEATS4,0.999
KAT5,YY1,0.938
KAT6A,KAT6B,0.998
KAT6A,KAT7,0.96
KAT6A,MEAF6,0.998
KAT6A,NCOA2,0.991
KAT6A,RUNX1,0.959
KAT6B,KAT7,0.955
KAT6B,MEAF6,0.998
KAT7,MEAF6,0.999
KAT7,ORC1,0.925
KAT8,KMT2A,0.966
KAT8,KPNA2,0.903
KAT8,LAS1L,0.902
KAT8,MAX,0.901
KAT8,MBTD1,0.912
KAT8,MCRS1,0.986
KAT8,MEAF6,0.975
KAT8,MGA,0.902
KAT8,MORF4L1,0.967
KAT8,MSL1,0.995
KAT8,MSL2,0.995
KAT8,MSL3,0.997
KAT8,OGT,0.937
KAT8,PELP1,0.91
KAT8,PHF20,0.992
KAT8,PRPF31,0.902
KAT8,RBBP5,0.961
KAT8,RNF2,0.937
KAT8,RUVBL1,0.937
KAT8,RUVBL2,0.921
KAT8,SENP3,0.91
KAT8,TAF1,0.939
KAT8,TAF4,0.902
KAT8,TAF6,0.905
KAT8,TAF7,0.907
KAT8,TAF9,0.91
KAT8,TEX10,0.901
KAT8,TRRAP,0.967
KAT8,WDR5,0.994
KAT8,YEATS4,0.968
KBTBD6,KBTBD7,0.995
KBTBD6,KEAP1,0.902
KBTBD6,KLHL12,0.907
KBTBD6,KLHL13,0.904
KBTBD6,KLHL20,0.908
KBTBD6,KLHL25,0.906
KBTBD6,KLHL3,0.907
KBTBD6,KLHL41,0.904
KBTBD6,KLHL42,0.915
KBTBD6,KLHL7,0.907
KBTBD6,KLHL8,0.912
KBTBD6,KLHL9,0.914
KBTBD6,RBX1,0.94
KBTBD6,SPOP,0.908
KBTBD7,KEAP1,0.901
KBTBD7,KLHL12,0.905
KBTBD7,KLHL13,0.91
KBTBD7,KLHL20,0.91
KBTBD7,KLHL25,0.906
KBTBD7,KLHL3,0.901
KBTBD7,KLHL41,0.9
KBTBD7,KLHL42,0.911
KBTBD7,KLHL7,0.901
KBTBD7,KLHL8,0.91
KBTBD7,KLHL9,0.912
KBTBD7,RBX1,0.941
KBTBD7,SPOP,0.907
KCMF1,UBR4,0.984
KCNA1,KCNA2,0.995
KCNA1,KCNA3,0.966
KCNA1,KCNA4,0.987
KCNA1,KCNA6,0.985
KCNA1,KCNAB1,0.995
KCNA1,KCNAB2,0.995
KCNA1,KCNAB3,0.903
KCNA1,LGI1,0.99
KCNA1,STX1A,0.908
KCNA2,KCNA3,0.934
KCNA2,KCNA4,0.983
KCNA2,KCNA5,0.982
KCNA2,KCNA6,0.986
KCNA2,KCNAB1,0.98
KCNA2,KCNAB2,0.999
KCNA2,KCNB1,0.923
KCNA3,KCNAB1,0.945
KCNA3,KCNAB2,0.992
KCNA4,KCNAB1,0.986
KCNA4,KCNAB2,0.991
KCNA4,KCNAB3,0.962
KCNA4,KCNIP2,0.914
KCNA4,SIGMAR1,0.917
KCNA5,KCNAB1,0.986
KCNA5,KCNAB2,0.974
KCNA5,KCNAB3,0.94
KCNA6,KCNAB1,0.904
KCNA6,KCNAB2,0.952
KCNAB1,KCNC1,0.907
KCNAB3,KCNB2,0.908
KCNB1,KCNG4,0.942
KCNB1,KCNS3,0.964
KCNB1,STX1A,0.98
KCNC1,KCNC4,0.91
KCNC1,KCNIP1,0.996
KCNC1,KCNIP2,0.987
KCNC1,KCNIP3,0.989
KCNC1,KCNIP4,0.94
KCNC4,KCNE3,0.91
KCND1,KCNIP1,0.946
KCND1,KCNIP4,0.968
KCND2,KCND3,0.932
KCND2,KCNIP1,0.999
KCND2,KCNIP2,0.999
KCND2,KCNIP3,0.988
KCND2,KCNIP4,0.949
KCND3,KCNE3,0.946
KCND3,KCNIP1,0.999
KCND3,KCNIP2,0.999
KCND3,KCNIP3,0.972
KCND3,KCNIP4,0.971
KCNE1,KCNE3,0.971
KCNE1,KCNE4,0.914
KCNE1,KCNE5,0.905
KCNE1,KCNH2,0.994
KCNE1,KCNQ1,0.999
KCNE1,PRKACA,0.952
KCNE1,PRKACB,0.952
KCNE1,SCN5A,0.977
KCNE2,KCNE3,0.965
KCNE2,KCNH2,0.998
KCNE2,KCNQ1,0.999
KCNE2,SCN5A,0.977
KCNE3,KCNE4,0.95
KCNE3,KCNH2,0.95
KCNE3,KCNN4,0.947
KCNE3,KCNQ1,0.999
KCNE4,KCNQ1,0.925
KCNE4,KCNQ4,0.966
KCNH2,KCNQ1,0.983
KCNH2,SCN5A,0.978
KCNH6,SIGMAR1,0.944
KCNIP1,KCNIP2,0.942
KCNIP1,KCNIP4,0.939
KCNIP2,KCNIP4,0.906
KCNIP3,PSEN1,0.941
KCNIP3,PSEN2,0.975
KCNJ10,SLC26A4,0.929
KCNJ11,KCNJ8,0.991
KCNJ12,KCNQ1,0.954
KCNJ12,KCNQ2,0.948
KCNJ12,KCNQ3,0.934
KCNJ12,KCNQ4,0.934
KCNJ12,KCNQ5,0.936
KCNJ3,KCNJ5,0.997
KCNJ3,KCNJ6,0.998
KCNJ3,PRKACA,0.924
KCNJ3,PRKACB,0.924
KCNJ5,KCNJ6,0.924
KCNJ5,PRKACA,0.932
KCNJ5,PRKACB,0.929
KCNJ6,PRKACA,0.916
KCNJ6,PRKACB,0.917
KCNJ8,PRKCE,0.901
KCNK3,KCNK9,0.986
KCNK3,S100A10,0.957
KCNMA1,KCNN4,0.981
KCNMA1,LRRC26,0.97
KCNMA1,PRKACA,0.944
KCNMA1,PRKACB,0.944
KCNMA1,PRKG1,0.941
KCNN4,KCNQ1,0.936
KCNN4,NME2,0.931
KCNN4,PRKCA,0.918
KCNN4,PRKCB,0.917
KCNN4,PRKCG,0.922
KCNQ1,KCNQ2,0.967
KCNQ1,KCNQ3,0.934
KCNQ1,KCNQ4,0.947
KCNQ1,KCNQ5,0.972
KCNQ1,PRKACA,0.97
KCNQ1,PRKACB,0.959
KCNQ1,SCN5A,0.973
KCNQ1,SLC12A2,0.95
KCNQ2,KCNQ3,0.999
KCNQ2,KCNQ4,0.941
KCNQ2,KCNQ5,0.996
KCNQ2,SCN1A,0.934
KCNQ2,SCN2A,0.942
KCNQ2,SCN8A,0.95
KCNQ3,KCNQ4,0.956
KCNQ3,KCNQ5,0.998
KCNQ4,KCNQ5,0.975
KCNV2,PDE6H,0.978
KCTD10,RBX1,0.958
KCTD10,UBXN1,0.995
KCTD19,MRTO4,0.941
KCTD19,NIFK,0.926
KCTD19,NOP58,0.919
KCTD19,PES1,0.958
KCTD19,RSL1D1,0.921
KCTD19,WDR12,0.963
KDM1A,KDM3A,0.9
KDM1A,KDM4A,0.966
KDM1A,KDM4C,0.924
KDM1A,KDM5B,0.988
KDM1A,KPNA4,0.91
KDM1A,LIG4,0.909
KDM1A,MSH2,0.925
KDM1A,MSH6,0.932
KDM1A,MTA1,0.918
KDM1A,MTA2,0.947
KDM1A,MTA3,0.925
KDM1A,MYC,0.922
KDM1A,NHEJ1,0.9
KDM1A,PAXX,0.9
KDM1A,PHF21A,0.999
KDM1A,POLD1,0.906
KDM1A,PRKDC,0.919
KDM1A,RAD23B,0.91
KDM1A,RBBP4,0.988
KDM1A,RBBP7,0.979
KDM1A,RCOR1,0.999
KDM1A,RCOR3,0.996
KDM1A,REST,0.995
KDM1A,SETD1A,0.936
KDM1A,SIN3A,0.948
KDM1A,SIRT1,0.915
KDM1A,SNAI1,0.998
KDM1A,SWSAP1,0.9
KDM1A,TP53,0.941
KDM1A,USP7,0.936
KDM1A,XPC,0.902
KDM1A,XRCC4,0.91
KDM1A,XRCC5,0.921
KDM1A,XRCC6,0.923
KDM1A,ZMYM2,0.969
KDM1A,ZMYM3,0.908
KDM1A,ZNF217,0.986
KDM1A,ZNF516,0.984
KDM1A,ZSWIM7,0.9
KDM2B,PCGF1,0.999
KDM2B,RING1,0.996
KDM2B,RNF2,0.999
KDM2B,RYBP,0.999
KDM2B,SKP1,0.999
KDM2B,YAF2,0.992
KDM3A,KDM4A,0.91
KDM3A,PPARG,0.987
KDM3A,PRKACA,0.92
KDM3A,PRKACB,0.92
KDM3A,SMARCA4,0.972
KDM4A,NCOR1,0.93
KDM5B,MYC,0.966
KDM5B,RCOR1,0.901
KDM5B,TFAP2C,0.914
KDM6A,KMT2C,0.999
KDM6A,KMT2D,0.999
KDM6A,MT-ATP6,0.912
KDM6A,NCOA6,0.999
KDM6A,PAGR1,0.997
KDM6A,PAXIP1,0.999
KDM6A,RBBP5,0.999
KDM6A,SETD1A,0.927
KDM6A,SUZ12,0.912
KDM6A,WDR5,0.999
KDM6B,MT-ATP6,0.914
KDM6B,RBBP5,0.961
KDM6B,SMARCA4,0.935
KDM6B,WDR5,0.954
KDM8,RCCD1,0.906
KDM8,RPS6,0.905
KDR,KITLG,0.934
KDR,LGALS3,0.911
KDR,NCK1,0.942
KDR,NRP1,0.999
KDR,NRP2,0.944
KDR,PDGFB,0.916
KDR,PDGFRB,0.986
KDR,PECAM1,0.999
KDR,PGF,0.999
KDR,PIK3CA,0.975
KDR,PIK3CB,0.932
KDR,PIK3CD,0.928
KDR,PIK3R1,0.943
KDR,PIK3R2,0.931
KDR,PIK3R3,0.922
KDR,PLCG1,0.974
KDR,PLCG2,0.918
KDR,PLXNA1,0.9
KDR,PLXND1,0.942
KDR,PTK2,0.958
KDR,PTPN1,0.938
KDR,PTPN11,0.919
KDR,PTPN6,0.972
KDR,SH2D2A,0.991
KDR,SHC1,0.995
KDR,SHC2,0.972
KDR,SHC3,0.941
KDR,SRC,0.998
KDR,TIMP3,0.967
KDR,VEGFB,0.999
KDR,VEGFC,0.999
KDR,VEGFD,0.999
KEAP1,KLHL12,0.934
KEAP1,KLHL13,0.919
KEAP1,KLHL20,0.909
KEAP1,KLHL25,0.911
KEAP1,KLHL3,0.964
KEAP1,KLHL41,0.915
KEAP1,KLHL42,0.913
KEAP1,KLHL7,0.915
KEAP1,KLHL8,0.909
KEAP1,KLHL9,0.922
KEAP1,NEIL2,0.999
KEAP1,NFE2L1,0.937
KEAP1,NFE2L2,0.999
KEAP1,PALB2,0.996
KEAP1,PARK7,0.915
KEAP1,PGAM5,0.998
KEAP1,PTMA,0.993
KEAP1,RBX1,0.999
KEAP1,RELA,0.956
KEAP1,SESN2,0.921
KEAP1,SPOP,0.924
KEAP1,SQSTM1,0.999
KHDC3L,NLRP5,0.993
KHDC3L,NLRP7,0.919
KHDC3L,OOEP,0.987
KHDC3L,TLE6,0.993
KHDRBS1,PLCG1,0.929
KHDRBS1,PRMT1,0.955
KHDRBS1,PTBP1,0.902
KHDRBS1,RASA1,0.977
KHDRBS1,RBMX,0.935
KHDRBS1,SRC,0.993
KHDRBS1,U2AF2,0.96
KHSRP,PARN,0.972
KHSRP,YWHAZ,0.946
KIDINS220,NTRK1,0.987
KIF11,KIF14,0.93
KIF11,KIF15,0.983
KIF11,KIF20A,0.98
KIF11,KIF23,0.994
KIF11,KIF4A,0.952
KIF11,KNTC1,0.915
KIF11,MAD2L1,0.973
KIF11,NCAPG,0.975
KIF11,NCAPH,0.908
KIF11,NDC80,0.972
KIF11,NEK2,0.959
KIF11,NUF2,0.975
KIF11,PLK1,0.919
KIF11,PLK4,0.912
KIF11,PRC1,0.972
KIF11,RACGAP1,0.978
KIF11,RRM2,0.947
KIF11,SMC2,0.967
KIF11,SMC4,0.927
KIF11,SPAG5,0.954
KIF11,TOP2A,0.975
KIF11,TPX2,0.965
KIF11,TUBA1B,0.974
KIF11,TUBB2B,0.974
KIF11,ZWINT,0.928
KIF14,KIF15,0.931
KIF14,KIF20A,0.973
KIF14,KIF23,0.958
KIF14,KIF4A,0.921
KIF14,NCAPG,0.924
KIF14,PRC1,0.986
KIF14,TOP2A,0.927
KIF14,TPX2,0.903
KIF14,TUBA1B,0.928
KIF14,TUBB2B,0.916
KIF15,KIF20A,0.942
KIF15,KIF4A,0.917
KIF15,NCAPG,0.919
KIF15,NDC80,0.9
KIF15,NUF2,0.936
KIF15,TOP2A,0.955
KIF15,TPX2,0.948
KIF17,LIN7A,0.919
KIF17,TNPO1,0.958
KIF20A,KIF23,0.958
KIF20A,KIF4A,0.992
KIF20A,MAD2L1,0.913
KIF20A,NCAPG,0.958
KIF20A,NEK2,0.948
KIF20A,NUF2,0.955
KIF20A,PLK1,0.99
KIF20A,PRC1,0.937
KIF20A,PTTG1,0.9
KIF20A,RACGAP1,0.997
KIF20A,RRM2,0.935
KIF20A,SPAG5,0.925
KIF20A,TOP2A,0.974
KIF20A,TPX2,0.972
KIF21A,TUBB3,0.943
KIF23,KIF4A,0.955
KIF23,NCAPG,0.949
KIF23,NUF2,0.912
KIF23,PLK1,0.988
KIF23,PRC1,0.992
KIF23,RACGAP1,0.999
KIF23,SHCBP1,0.965
KIF23,TOP2A,0.927
KIF23,TPX2,0.906
KIF2A,PLK1,0.927
KIF2A,TUBA1B,0.934
KIF2A,TUBB2B,0.946
KIF3A,KIF3B,0.999
KIF3A,KIFAP3,0.999
KIF3A,SMO,0.991
KIF3B,KIFAP3,0.999
KIF4A,NCAPG,0.934
KIF4A,NCAPH,0.945
KIF4A,NUF2,0.911
KIF4A,PRC1,0.995
KIF4A,RACGAP1,0.907
KIF4A,RRM2,0.927
KIF4A,TOP2A,0.915
KIF4A,TPX2,0.965
KIF5A,KIF5B,0.97
KIF5A,KIF5C,0.965
KIF5A,KLC1,0.999
KIF5A,KLC2,0.999
KIF5A,KLC3,0.998
KIF5A,MAPK8,0.907
KIF5A,MAPK9,0.902
KIF5A,SNCA,0.924
KIF5B,KIF5C,0.959
KIF5B,KLC1,0.999
KIF5B,KLC2,0.999
KIF5B,KLC3,0.999
KIF5B,MAPK8,0.911
KIF5B,MAPK9,0.903
KIF5B,RANBP2,0.992
KIF5B,SNCA,0.916
KIF5B,TUBA1A,0.95
KIF5B,TUBA1B,0.935
KIF5B,TUBB2A,0.944
KIF5B,TUBB2B,0.934
KIF5C,KLC1,0.999
KIF5C,KLC2,0.998
KIF5C,KLC3,0.997
KIF5C,MAPK8,0.914
KIF5C,MAPK9,0.904
KIF5C,RANBP2,0.992
KIF5C,SNCA,0.916
KIF5C,TRAK2,0.923
KIF5C,TUBA1A,0.962
KIF5C,TUBB2B,0.97
KIF7,SMO,0.947
KIF7,SUFU,0.999
KIF7,TUBA1A,0.916
KIF7,TUBB2B,0.919
KIN,SF3A3,0.908
KIN,SF3B1,0.904
KIN,SF3B3,0.91
KIRREL1,NPHS1,0.999
KIRREL1,NPHS2,0.999
KIRREL1,TJP1,0.994
KISS1R,PIK3CA,0.9
KISS1R,PIK3CB,0.902
KISS1R,PIK3CD,0.9
KISS1R,PIK3R1,0.936
KISS1R,PIK3R2,0.9
KISS1R,PIK3R3,0.9
KIT,KITLG,0.999
KIT,KRAS,0.976
KIT,LYN,0.928
KIT,NRAS,0.981
KIT,PIK3CA,0.986
KIT,PIK3CB,0.961
KIT,PIK3CD,0.94
KIT,PIK3R1,0.995
KIT,PIK3R2,0.968
KIT,PIK3R3,0.932
KIT,PRKCA,0.912
KIT,PTPN11,0.99
KIT,PTPRC,0.906
KIT,SHC1,0.967
KIT,SHC2,0.934
KIT,SHC3,0.925
KIT,STAT3,0.96
KIT,STAT5A,0.959
KIT,STAT5B,0.971
KITLG,MMP9,0.921
KITLG,NTRK1,0.998
KITLG,PDGFRA,0.981
KITLG,PDGFRB,0.951
KITLG,TEK,0.922
KITLG,THPO,0.974
KL,TRPV5,0.903
KLC1,KLC2,0.992
KLC1,KLC3,0.986
KLC1,MAPK8,0.922
KLC1,MAPK8IP1,0.99
KLC1,MAPK9,0.912
KLC1,SNCA,0.921
KLC2,KLC3,0.985
KLC2,MAPK8,0.918
KLC2,MAPK8IP1,0.931
KLC2,MAPK8IP2,0.913
KLC2,MAPK9,0.908
KLC2,SNCA,0.921
KLC3,MAPK8,0.916
KLC3,MAPK9,0.907
KLC3,SNCA,0.922
KLF10,SIN3A,0.941
KLF5,PPARG,0.901
KLF5,RARA,0.938
KLF5,WWP1,0.914
KLHL12,KLHL13,0.918
KLHL12,KLHL20,0.911
KLHL12,KLHL25,0.908
KLHL12,KLHL3,0.975
KLHL12,KLHL41,0.913
KLHL12,KLHL42,0.925
KLHL12,KLHL7,0.917
KLHL12,KLHL8,0.907
KLHL12,KLHL9,0.922
KLHL12,PDCD6,0.971
KLHL12,PEF1,0.997
KLHL12,RBX1,0.938
KLHL12,SEC13,0.98
KLHL12,SEC23A,0.957
KLHL12,SEC24B,0.961
KLHL12,SEC24C,0.948
KLHL12,SPOP,0.919
KLHL13,KLHL20,0.911
KLHL13,KLHL25,0.925
KLHL13,KLHL3,0.916
KLHL13,KLHL41,0.927
KLHL13,KLHL42,0.925
KLHL13,KLHL7,0.917
KLHL13,KLHL8,0.914
KLHL13,KLHL9,0.996
KLHL13,RBX1,0.969
KLHL13,SPOP,0.913
KLHL20,KLHL25,0.907
KLHL20,KLHL3,0.908
KLHL20,KLHL41,0.918
KLHL20,KLHL42,0.924
KLHL20,KLHL7,0.916
KLHL20,KLHL8,0.907
KLHL20,KLHL9,0.924
KLHL20,RBX1,0.986
KLHL20,SPOP,0.924
KLHL25,KLHL3,0.909
KLHL25,KLHL41,0.915
KLHL25,KLHL42,0.925
KLHL25,KLHL7,0.914
KLHL25,KLHL8,0.909
KLHL25,KLHL9,0.925
KLHL25,RBX1,0.916
KLHL25,SPOP,0.907
KLHL3,KLHL41,0.913
KLHL3,KLHL42,0.919
KLHL3,KLHL7,0.914
KLHL3,KLHL8,0.905
KLHL3,KLHL9,0.921
KLHL3,RBX1,0.968
KLHL3,SPOP,0.921
KLHL3,WNK1,0.952
KLHL3,WNK4,0.988
KLHL41,KLHL42,0.924
KLHL41,KLHL7,0.912
KLHL41,KLHL8,0.912
KLHL41,KLHL9,0.934
KLHL41,RBX1,0.96
KLHL41,SPOP,0.906
KLHL42,KLHL7,0.912
KLHL42,KLHL8,0.92
KLHL42,KLHL9,0.928
KLHL42,RBX1,0.952
KLHL42,SPOP,0.908
KLHL7,KLHL8,0.912
KLHL7,KLHL9,0.922
KLHL7,RBX1,0.938
KLHL7,SPOP,0.907
KLHL8,KLHL9,0.913
KLHL8,RBX1,0.924
KLHL8,SPOP,0.914
KLHL9,RBX1,0.974
KLHL9,SPOP,0.909
KLK2,KLK3,0.963
KLK3,SERPINA1,0.917
KLK3,SERPINA3,0.995
KLK3,SERPINA5,0.939
KLRC1,KLRD1,0.999
KLRC1,MICB,0.941
KLRC1,NCR3,0.903
KLRC1,PTPN11,0.954
KLRC1,PTPN6,0.991
KLRD1,KLRK1,0.938
KLRD1,PTPN11,0.937
KLRD1,PTPN6,0.922
KLRD1,TYROBP,0.999
KLRK1,MICA,0.999
KLRK1,MICB,0.999
KLRK1,NCR3,0.972
KLRK1,TYROBP,0.998
KLRK1,ULBP1,0.999
KLRK1,ULBP2,0.999
KLRK1,ULBP3,0.999
KMT2A,KMT2B,0.973
KMT2A,KMT2C,0.947
KMT2A,KMT2D,0.997
KMT2A,LAS1L,0.912
KMT2A,MAX,0.905
KMT2A,MCRS1,0.92
KMT2A,MEN1,0.999
KMT2A,MGA,0.912
KMT2A,MLLT1,0.962
KMT2A,MLLT3,0.982
KMT2A,PELP1,0.908
KMT2A,PHF20,0.946
KMT2A,PPIE,0.986
KMT2A,PRPF31,0.902
KMT2A,PSIP1,0.988
KMT2A,RBBP5,0.999
KMT2A,RNF2,0.943
KMT2A,RUVBL1,0.913
KMT2A,RUVBL2,0.913
KMT2A,SENP3,0.96
KMT2A,SETD1A,0.933
KMT2A,SMARCB1,0.901
KMT2A,TAF1,0.946
KMT2A,TAF4,0.909
KMT2A,TAF6,0.946
KMT2A,TAF7,0.9
KMT2A,TAF9,0.952
KMT2A,TEX10,0.904
KMT2A,WDR5,0.999
KMT2A,WDR5B,0.911
KMT2B,KMT2C,0.977
KMT2B,KMT2D,0.949
KMT2B,MEN1,0.968
KMT2B,RBBP5,0.978
KMT2B,SETD1B,0.95
KMT2B,WDR5,0.998
KMT2C,KMT2D,0.998
KMT2C,NCOA6,0.999
KMT2C,PAGR1,0.995
KMT2C,PAXIP1,0.999
KMT2C,RBBP5,0.999
KMT2C,SETD1A,0.988
KMT2C,SETD1B,0.976
KMT2C,WDR5,0.999
KMT2D,MEN1,0.963
KMT2D,NCOA6,0.966
KMT2D,PAGR1,0.985
KMT2D,PAXIP1,0.996
KMT2D,PRKAA1,0.91
KMT2D,PRKAB1,0.941
KMT2D,RBBP5,0.997
KMT2D,WDR5,0.999
KMT2D,WDR5B,0.938
KNL1,MIS12,0.998
KNL1,NDC80,0.995
KNL1,NSL1,0.999
KNL1,NUF2,0.992
KNL1,PMF1,0.98
KNL1,PPP1CC,0.935
KNL1,SPC24,0.992
KNL1,SPC25,0.958
KNL1,ZWINT,0.999
KNSTRN,SPAG5,0.983
KNTC1,ZW10,0.999
KNTC1,ZWILCH,0.999
KNTC1,ZWINT,0.927
KPNA1,KPNA3,0.946
KPNA1,KPNA4,0.963
KPNA1,KPNB1,0.999
KPNA1,NFKB1,0.923
KPNA1,NUP50,0.992
KPNA1,RCC1,0.9
KPNA1,RELA,0.95
KPNA1,SOX2,0.906
KPNA1,STAT1,0.999
KPNA1,STAT2,0.9
KPNA1,TERT,0.913
KPNA2,KPNB1,0.999
KPNA2,NBN,0.909
KPNA2,NCBP1,0.994
KPNA2,NCBP2,0.985
KPNA2,NUP153,0.969
KPNA2,NUP50,0.921
KPNA2,RAN,0.944
KPNA2,TAF8,0.935
KPNA3,KPNA4,0.982
KPNA3,KPNB1,0.99
KPNA3,NCBP2,0.918
KPNA3,NFKB1,0.949
KPNA3,RCC1,0.976
KPNA3,RELA,0.963
KPNA4,KPNB1,0.995
KPNA4,NFKB1,0.992
KPNA4,NUP50,0.9
KPNA4,RAN,0.927
KPNA4,RANBP3,0.943
KPNA4,RCC1,0.993
KPNA4,RELA,0.996
KPNA4,SOX2,0.934
KPNA4,TP53BP1,0.907
KPNA6,KPNB1,0.995
KPNB1,NUP107,0.934
KPNB1,NUP153,0.996
KPNB1,NUP214,0.911
KPNB1,NUP50,0.939
KPNB1,NUP54,0.912
KPNB1,NUP62,0.963
KPNB1,NUP85,0.907
KPNB1,NUP93,0.926
KPNB1,NUP98,0.981
KPNB1,PTHLH,0.978
KPNB1,RAN,0.999
KPNB1,RANBP1,0.96
KPNB1,RANBP2,0.993
KPNB1,RCC1,0.936
KPNB1,RRP8,0.954
KPNB1,SNAI1,0.93
KPNB1,SNUPN,0.998
KPNB1,SREBF2,0.962
KPNB1,TNPO1,0.937
KPNB1,XPO1,0.902
KPTN,MIOS,0.998
KPTN,NPRL2,0.999
KPTN,NPRL3,0.999
KPTN,SEH1L,0.998
KPTN,SZT2,0.999
KPTN,WDR24,0.999
KPTN,WDR59,0.998
KRAS,LGALS3,0.959
KRAS,MAP2K1,0.995
KRAS,MAP2K2,0.966
KRAS,MAP3K1,0.953
KRAS,MAPK1,0.988
KRAS,MAPK3,0.982
KRAS,MAPK8,0.948
KRAS,MAPK9,0.935
KRAS,MAPKAP1,0.974
KRAS,MET,0.979
KRAS,NF1,0.996
KRAS,NOS1,0.903
KRAS,NRAS,0.944
KRAS,PDGFRA,0.978
KRAS,PDGFRB,0.959
KRAS,PIK3CA,0.998
KRAS,PIK3CB,0.973
KRAS,PIK3CD,0.974
KRAS,PIK3CG,0.968
KRAS,PIK3R1,0.963
KRAS,PIK3R2,0.946
KRAS,PIK3R3,0.952
KRAS,PIK3R5,0.921
KRAS,PIK3R6,0.904
KRAS,PRKCA,0.932
KRAS,PRKCB,0.923
KRAS,PRKCE,0.926
KRAS,PRKCG,0.911
KRAS,PTEN,0.936
KRAS,PTPN11,0.953
KRAS,RAF1,0.999
KRAS,RALBP1,0.941
KRAS,RAPGEF2,0.939
KRAS,RASA1,0.971
KRAS,RASGRF1,0.949
KRAS,RASGRP1,0.937
KRAS,RASSF1,0.987
KRAS,RIN1,0.969
KRAS,RPS6KA1,0.956
KRAS,RPS6KA3,0.95
KRAS,SHOC2,0.989
KRAS,SMAD4,0.917
KRAS,SOS1,0.999
KRAS,SRC,0.99
KRAS,SYK,0.936
KRAS,TIAM1,0.967
KRAS,TP53,0.949
KREMEN1,LRP5,0.995
KREMEN1,LRP6,0.997
KREMEN2,LRP5,0.906
KREMEN2,LRP6,0.909
KRIT1,PDCD10,0.997
KRIT1,RAP1A,0.999
KRIT1,RAP1B,0.998
KRT1,KRT10,0.999
KRT1,KRT2,0.956
KRT1,KRT5,0.923
KRT10,KRT2,0.904
KRT14,KRT5,0.999
KRT16,KRT6A,0.928
KRT16,KRT6B,0.938
KRT5,KRT6A,0.915
KRTCAP2,MAGT1,0.922
KRTCAP2,OSTC,0.991
KRTCAP2,RPN1,0.944
KRTCAP2,RPN2,0.956
KRTCAP2,STT3A,0.982
KRTCAP2,STT3B,0.956
KRTCAP2,TUSC3,0.923
KSR1,KSR2,0.93
KSR1,MAP2K1,0.996
KSR1,MAP2K2,0.977
KSR1,RAF1,0.999
KSR2,MAP2K1,0.997
KTN1,RHOA,0.922
KTN1,RHOG,0.909
KXD1,RPS27A,0.956
KXD1,SNAPIN,0.998
KXD1,UBA52,0.902
L1CAM,NCAM1,0.982
L1CAM,NRP1,0.999
L1CAM,RANBP9,0.962
L3MBTL2,MAX,0.924
L3MBTL2,MGA,0.966
L3MBTL2,PCGF6,0.997
L3MBTL2,RING1,0.972
L3MBTL2,RNF2,0.981
L3MBTL2,RYBP,0.978
L3MBTL2,TFDP1,0.955
L3MBTL2,WDR5,0.987
L3MBTL2,YAF2,0.986
LACTB,NSFL1C,0.994
LAG3,LGALS3,0.99
LAG3,LGALS9,0.993
LAG3,PDCD1,0.95
LAG3,SNCA,0.906
LAMA2,LAMB1,0.965
LAMA2,LAMB2,0.977
LAMA2,LAMC1,0.981
LAMA2,SGCA,0.91
LAMA3,LAMB1,0.95
LAMA3,LAMB2,0.911
LAMA3,LAMC1,0.931
LAMA4,LAMB1,0.992
LAMA4,LAMB2,0.93
LAMA4,LAMC1,0.98
LAMA5,LAMB1,0.998
LAMA5,LAMB2,0.924
LAMA5,LAMC1,0.999
LAMB1,LAMC1,0.999
LAMB2,LAMC1,0.962
LAMC1,PRNP,0.907
LAMTOR1,LAMTOR2,0.999
LAMTOR1,LAMTOR3,0.999
LAMTOR1,LAMTOR4,0.999
LAMTOR1,LAMTOR5,0.999
LAMTOR1,MLST8,0.949
LAMTOR1,MTOR,0.963
LAMTOR1,NPRL2,0.947
LAMTOR1,NPRL3,0.943
LAMTOR1,RGP1,0.9
LAMTOR1,RPTOR,0.999
LAMTOR1,RRAGA,0.999
LAMTOR1,RRAGB,0.999
LAMTOR1,RRAGC,0.999
LAMTOR1,RRAGD,0.999
LAMTOR1,SLC38A9,0.999
LAMTOR2,LAMTOR3,0.999
LAMTOR2,LAMTOR4,0.999
LAMTOR2,LAMTOR5,0.999
LAMTOR2,MAP2K1,0.9
LAMTOR2,MLST8,0.934
LAMTOR2,MTOR,0.972
LAMTOR2,NPRL2,0.966
LAMTOR2,NPRL3,0.954
LAMTOR2,RGP1,0.9
LAMTOR2,RPTOR,0.988
LAMTOR2,RRAGA,0.999
LAMTOR2,RRAGB,0.999
LAMTOR2,RRAGC,0.999
LAMTOR2,RRAGD,0.955
LAMTOR2,SLC38A9,0.999
LAMTOR3,LAMTOR4,0.999
LAMTOR3,LAMTOR5,0.999
LAMTOR3,MAP2K1,0.998
LAMTOR3,MAP2K2,0.914
LAMTOR3,MAPK1,0.961
LAMTOR3,MAPK3,0.977
LAMTOR3,MLST8,0.93
LAMTOR3,MTOR,0.93
LAMTOR3,NPRL2,0.951
LAMTOR3,NPRL3,0.938
LAMTOR3,RGP1,0.9
LAMTOR3,RPTOR,0.999
LAMTOR3,RRAGA,0.999
LAMTOR3,RRAGB,0.999
LAMTOR3,RRAGC,0.999
LAMTOR3,RRAGD,0.999
LAMTOR3,SLC38A9,0.999
LAMTOR3,WDR83,0.956
LAMTOR4,LAMTOR5,0.999
LAMTOR4,MLST8,0.939
LAMTOR4,MTOR,0.953
LAMTOR4,NPRL2,0.962
LAMTOR4,NPRL3,0.947
LAMTOR4,RGP1,0.9
LAMTOR4,RPTOR,0.999
LAMTOR4,RRAGA,0.999
LAMTOR4,RRAGB,0.999
LAMTOR4,RRAGC,0.999
LAMTOR4,RRAGD,0.999
LAMTOR4,SLC38A9,0.999
LAMTOR5,MLST8,0.925
LAMTOR5,MTOR,0.952
LAMTOR5,NPRL2,0.947
LAMTOR5,NPRL3,0.944
LAMTOR5,RGP1,0.9
LAMTOR5,RPTOR,0.999
LAMTOR5,RRAGA,0.999
LAMTOR5,RRAGB,0.999
LAMTOR5,RRAGC,0.999
LAMTOR5,RRAGD,0.999
LAMTOR5,SLC38A9,0.999
LARP1,PABPC1,0.922
LARP7,MEPCE,0.999
LARP7,SART3,0.95
LARS1,MARS1,0.999
LARS1,QARS1,0.999
LARS1,RARS1,0.999
LARS1,RPS14,0.95
LARS1,RRAGD,0.97
LAS1L,MAX,0.902
LAS1L,MCRS1,0.92
LAS1L,MGA,0.9
LAS1L,NOL9,0.999
LAS1L,PELP1,0.998
LAS1L,PHF20,0.909
LAS1L,PRPF31,0.902
LAS1L,RBBP5,0.91
LAS1L,RNF2,0.902
LAS1L,RUVBL1,0.902
LAS1L,RUVBL2,0.906
LAS1L,SENP3,0.996
LAS1L,TAF1,0.928
LAS1L,TAF4,0.901
LAS1L,TAF6,0.911
LAS1L,TAF7,0.9
LAS1L,TAF9,0.902
LAS1L,TEX10,0.998
LAS1L,WDR18,0.991
LAS1L,WDR5,0.94
LAT,LAT2,0.918
LAT,LCK,0.986
LAT,LCP2,0.999
LAT,PLCG1,0.999
LAT,PLCG2,0.916
LAT,SYK,0.978
LAT,VAV1,0.982
LAT,ZAP70,0.999
LAT2,SYK,0.904
LATS1,LATS2,0.989
LATS1,LIMD1,0.995
LATS1,MOB1A,0.999
LATS1,NF2,0.997
LATS1,NPHP4,0.923
LATS1,SAV1,0.999
LATS1,STK3,0.99
LATS1,STK4,0.948
LATS1,WTIP,0.969
LATS1,WWC1,0.982
LATS1,WWTR1,0.997
LATS1,YAP1,0.999
LATS2,LIMD1,0.966
LATS2,MDM2,0.966
LATS2,MOB1A,0.997
LATS2,NF2,0.996
LATS2,SAV1,0.998
LATS2,SIAH2,0.956
LATS2,STK3,0.973
LATS2,STK4,0.965
LATS2,WTIP,0.966
LATS2,WWC1,0.97
LATS2,WWTR1,0.989
LATS2,YAP1,0.999
LCA5,USH2A,0.908
LCK,LCP2,0.999
LCK,LIME1,0.955
LCK,LYN,0.905
LCK,PIK3R1,0.939
LCK,PLCG1,0.938
LCK,PRKCQ,0.94
LCK,PTPN6,0.926
LCK,PTPRC,0.999
LCK,RHOH,0.932
LCK,SH2D2A,0.966
LCK,SQSTM1,0.985
LCK,STAT3,0.959
LCK,SYK,0.987
LCK,TRAF2,0.914
LCK,TRAF6,0.934
LCK,TYROBP,0.935
LCK,VAV1,0.988
LCK,ZAP70,0.999
LCP2,LYN,0.967
LCP2,NCK1,0.999
LCP2,PLCG1,0.999
LCP2,PLCG2,0.998
LCP2,PTPN11,0.948
LCP2,PTPN6,0.978
LCP2,PTPRC,0.935
LCP2,RABIF,0.977
LCP2,RAP1A,0.925
LCP2,RAP1B,0.926
LCP2,SHC1,0.945
LCP2,SOS1,0.931
LCP2,SRC,0.969
LCP2,SYK,0.999
LCP2,TEC,0.917
LCP2,TYROBP,0.96
LCP2,VAV1,0.999
LCP2,VAV2,0.995
LCP2,VAV3,0.999
LCP2,WAS,0.979
LCP2,ZAP70,0.999
LDB1,LHX3,0.999
LDB1,LMO2,0.999
LDB1,LMO4,0.979
LDB1,LMX1B,0.976
LDB1,RUNX1,0.944
LDB1,TAL1,0.999
LDB1,TCF12,0.964
LDB1,TCF3,0.997
LDB1,TCF4,0.912
LDB1,TLE1,0.914
LDB1,TLE3,0.919
LDB1,TLE4,0.915
LDB1,ZFPM1,0.942
LDB3,MYOZ2,0.925
LDHA,PDHB,0.961
LDHA,PKLR,0.986
LDHA,PKM,0.997
LDHA,TPI1,0.913
LDHA,TSG101,0.913
LDLR,PCSK9,0.999
LEF1,NLK,0.993
LEF1,RUNX1,0.963
LEF1,RUVBL1,0.94
LEF1,SMAD2,0.978
LEF1,SMAD3,0.978
LEF1,SMAD4,0.999
LEF1,TLE1,0.955
LEMD3,LMNA,0.936
LEMD3,LMNB1,0.927
LEMD3,SMAD1,0.982
LEMD3,SMAD2,0.982
LEMD3,SMAD3,0.973
LENG8,PCID2,0.966
LEO1,MLLT1,0.926
LEO1,MLLT3,0.924
LEO1,NELFA,0.908
LEO1,NELFB,0.946
LEO1,NELFCD,0.904
LEO1,NELFE,0.94
LEO1,PAF1,0.999
LEO1,PEX2,0.902
LEO1,POLR2A,0.987
LEO1,POLR2B,0.976
LEO1,POLR2C,0.973
LEO1,POLR2D,0.908
LEO1,POLR2E,0.923
LEO1,POLR2F,0.914
LEO1,POLR2G,0.938
LEO1,POLR2H,0.912
LEO1,POLR2I,0.934
LEO1,POLR2K,0.909
LEO1,SSRP1,0.991
LEO1,SUPT16H,0.997
LEO1,SUPT4H1,0.997
LEO1,SUPT5H,0.999
LEO1,SUPT6H,0.983
LEO1,ZC3H8,0.903
LEP,LEPR,0.999
LEP,MC4R,0.944
LEP,PPARG,0.948
LEP,PPARGC1A,0.903
LEP,RETN,0.932
LEP,SH2B1,0.936
LEP,SOCS3,0.908
LEP,STAT3,0.933
LEP,THPO,0.945
LEPR,PTPN11,0.91
LEPR,SOCS3,0.994
LEPR,STAT3,0.921
LGALS1,PTPRC,0.905
LGALS3,LGALS3BP,0.999
LGALS3,MUC1,0.995
LGALS3,PTPRC,0.983
LGALS3,TLR2,0.948
LGALS3,TLR4,0.938
LGALS9,PDCD1,0.969
LGALS9,PTPRC,0.923
LGR4,LGR5,0.95
LGR4,LGR6,0.942
LGR4,NDP,0.95
LGR4,RNF43,0.992
LGR4,RSPO1,0.999
LGR4,RSPO2,0.998
LGR4,RSPO3,0.999
LGR4,RSPO4,0.995
LGR4,ZNRF3,0.999
LGR5,LGR6,0.94
LGR5,RNF43,0.997
LGR5,RSPO1,0.999
LGR5,RSPO2,0.999
LGR5,RSPO3,0.987
LGR5,RSPO4,0.97
LGR5,ZNRF3,0.997
LGR6,RSPO1,0.998
LGR6,RSPO2,0.962
LGR6,RSPO3,0.958
LGR6,RSPO4,0.982
LHFPL5,PCDH15,0.991
LHFPL5,TMC1,0.997
LHFPL5,TMC2,0.994
LHFPL5,TMIE,0.996
LIF,LIFR,0.999
LIF,OSMR,0.932
LIF,STAT3,0.924
LIFR,OSMR,0.913
LIFR,PIK3CA,0.915
LIFR,PIK3CB,0.903
LIFR,PIK3CD,0.911
LIFR,PIK3R1,0.911
LIFR,PIK3R2,0.9
LIFR,PIK3R3,0.908
LIFR,STAT3,0.94
LIFR,TYK2,0.923
LIG1,MCM5,0.947
LIG1,PCNA,0.999
LIG1,POLB,0.996
LIG1,POLD1,0.973
LIG1,POLE,0.931
LIG1,RFC4,0.959
LIG1,UHRF1,0.987
LIG1,XRCC1,0.997
LIG3,OGG1,0.903
LIG3,PARP1,0.99
LIG3,PARP2,0.991
LIG3,PCNA,0.916
LIG3,PNKP,0.997
LIG3,POLB,0.999
LIG3,TDP1,0.992
LIG3,XRCC1,0.999
LIG3,XRCC4,0.944
LIG3,XRCC5,0.964
LIG3,XRCC6,0.994
LIG4,MSH2,0.964
LIG4,MSH6,0.965
LIG4,NHEJ1,0.999
LIG4,PAXX,0.988
LIG4,PHF21A,0.912
LIG4,POLD1,0.951
LIG4,PRKDC,0.999
LIG4,RAD23B,0.952
LIG4,RCOR1,0.904
LIG4,SWSAP1,0.9
LIG4,TP53BP1,0.934
LIG4,XPC,0.923
LIG4,XRCC1,0.928
LIG4,XRCC4,0.999
LIG4,XRCC5,0.999
LIG4,XRCC6,0.999
LIG4,ZSWIM7,0.9
LIMD1,SAV1,0.964
LIMD1,TARBP2,0.9
LIMD1,WTIP,0.908
LIMD1,XPO5,0.906
LIMK1,PAK1,0.967
LIMK1,PAK2,0.944
LIMK1,PAK4,0.968
LIMK1,PAK6,0.942
LIMK1,RHOA,0.919
LIMK1,ROCK1,0.94
LIMK1,ROCK2,0.937
LIMK1,SSH1,0.962
LIMS1,PARVA,0.999
LIMS1,PARVB,0.999
LIMS1,PXN,0.933
LIMS1,TLN1,0.965
LIMS1,TMSB4X,0.98
LIMS1,VCL,0.961
LIMS2,PARVA,0.974
LIN37,LIN52,0.999
LIN37,LIN54,0.999
LIN37,LIN9,0.999
LIN37,MYBL2,0.999
LIN37,RBBP4,0.999
LIN37,RBL2,0.986
LIN52,LIN54,0.999
LIN52,LIN9,0.999
LIN52,MYBL2,0.999
LIN52,RBBP4,0.999
LIN52,RBL1,0.953
LIN52,RBL2,0.982
LIN54,LIN9,0.999
LIN54,MYBL2,0.999
LIN54,RBBP4,0.999
LIN54,RBL2,0.976
LIN7A,MPP5,0.999
LIN7A,MPP6,0.985
LIN7A,MPP7,0.958
LIN7A,PATJ,0.975
LIN7B,LIN7C,0.913
LIN7C,MPP3,0.94
LIN7C,MPP5,0.956
LIN7C,MPP6,0.924
LIN7C,MPP7,0.959
LIN7C,PATJ,0.905
LIN9,MYBL2,0.999
LIN9,RB1,0.9
LIN9,RBBP4,0.999
LIN9,RBBP7,0.906
LIN9,RBL1,0.931
LIN9,RBL2,0.99
LINGO1,NGFR,0.999
LINGO1,RHOA,0.906
LINGO1,RTN4,0.991
LINGO1,RTN4R,0.995
LINGO1,TNFRSF19,0.996
LIPF,PNLIP,0.998
LLGL1,LLGL2,0.993
LLGL1,PARD6B,0.949
LLGL1,PRKCI,0.993
LLGL1,PRKCZ,0.995
LLGL1,SCRIB,0.964
LLGL1,UBE3A,0.905
LLGL2,PARD6A,0.95
LLGL2,PARD6B,0.971
LLGL2,PRKCI,0.996
LLGL2,PRKCZ,0.994
LLGL2,SCRIB,0.959
LLGL2,UBE3A,0.901
LMAN1,MCFD2,0.999
LMAN1,SEC16A,0.937
LMAN1,SEC23A,0.902
LMAN1,SEC24C,0.918
LMAN1,SURF4,0.949
LMBRD1,MMAA,0.975
LMBRD1,MMACHC,0.972
LMBRD1,MMADHC,0.989
LMBRD1,MMUT,0.933
LMNA,LMNB1,0.996
LMNA,MAPRE1,0.906
LMNA,SREBF1,0.935
LMNA,SYNE2,0.994
LMNA,TMPO,0.989
LMNB1,SYNE2,0.963
LMNB1,TMPO,0.981
LMO2,RUNX1,0.988
LMO2,TAL1,0.999
LMO2,TCF12,0.978
LMO2,TCF3,0.996
LMO2,ZFPM1,0.973
LNX1,NUMB,0.994
LNX1,RPS27A,0.901
LNX1,UBA52,0.904
LNX1,UBB,0.904
LNX1,UBE2N,0.91
LNX2,NUMB,0.93
LNX2,POLR1D,0.908
LPAR1,LPAR2,0.953
LPAR1,LPAR3,0.938
LPAR1,LPAR5,0.987
LPAR2,LPAR3,0.949
LPAR2,LPAR5,0.988
LPAR2,SLC9A3R2,0.978
LPAR2,TRIP6,0.905
LPAR3,LPAR5,0.987
LPIN1,MTOR,0.944
LPIN1,PLPP3,0.973
LPIN1,PPARA,0.974
LPIN1,PPARG,0.909
LPIN1,PPARGC1A,0.947
LRIG1,MET,0.976
LRP1,LRP2,0.942
LRP1,LTF,0.902
LRP1,PLAT,0.987
LRP1,SERPINE1,0.988
LRP1,THBS1,0.958
LRP2,LTF,0.968
LRP2,PTCH1,0.932
LRP2,SHH,0.992
LRP2,TG,0.966
LRP2,TTR,0.905
LRP4,MUSK,0.999
LRP5,LRP6,0.999
LRP5,NDP,0.998
LRP5,RSPO1,0.961
LRP5,SOST,0.999
LRP5,TSPAN12,0.985
LRP5,WNT1,0.999
LRP5,WNT3A,0.999
LRP5,WNT5A,0.993
LRP6,PTH1R,0.983
LRP6,RSPO1,0.959
LRP6,SOST,0.999
LRP6,WNT1,0.999
LRP6,WNT3A,0.999
LRP6,WNT5A,0.953
LRP6,ZNRF3,0.924
LRPPRC,XPO1,0.938
LRRC4C,WHRN,0.903
LRRK2,MAPT,0.932
LRRK2,MSN,0.952
LRRK2,PARK7,0.988
LRRK2,PINK1,0.955
LRRK2,PRKN,0.986
LRRK2,SNCA,0.986
LRRK2,VPS35,0.904
LRRK2,YWHAE,0.901
LRRK2,YWHAG,0.906
LRRK2,YWHAQ,0.919
LSM1,LSM2,0.999
LSM1,LSM3,0.999
LSM1,LSM4,0.999
LSM1,LSM5,0.999
LSM1,LSM6,0.999
LSM1,LSM7,0.999
LSM1,LSM8,0.985
LSM1,SNRPD2,0.96
LSM1,XRN1,0.999
LSM10,LSM11,0.999
LSM10,LSM3,0.935
LSM10,LSM6,0.905
LSM10,LSM8,0.902
LSM10,NCBP1,0.917
LSM10,SLBP,0.901
LSM10,SNRPB,0.998
LSM10,SNRPD2,0.978
LSM10,SNRPD3,0.999
LSM10,SNRPE,0.999
LSM10,SNRPF,0.999
LSM10,SNRPG,0.999
LSM10,SYMPK,0.946
LSM11,SLBP,0.961
LSM11,SNRPB,0.971
LSM11,SNRPD3,0.971
LSM11,SNRPE,0.99
LSM11,SNRPF,0.981
LSM11,SNRPG,0.973
LSM2,LSM3,0.999
LSM2,LSM4,0.999
LSM2,LSM5,0.999
LSM2,LSM6,0.999
LSM2,LSM7,0.999
LSM2,LSM8,0.999
LSM2,MFAP1,0.99
LSM2,PHF5A,0.994
LSM2,PPIH,0.972
LSM2,PRPF3,0.999
LSM2,PRPF31,0.999
LSM2,PRPF38A,0.986
LSM2,PRPF4,0.999
LSM2,PRPF6,0.998
LSM2,PRPF8,0.998
LSM2,RBM42,0.919
LSM2,SART1,0.999
LSM2,SART3,0.998
LSM2,SF3A1,0.993
LSM2,SF3A2,0.994
LSM2,SF3A3,0.995
LSM2,SF3B1,0.995
LSM2,SF3B2,0.994
LSM2,SF3B3,0.993
LSM2,SF3B4,0.991
LSM2,SF3B5,0.992
LSM2,SMU1,0.98
LSM2,SNRNP200,0.999
LSM2,SNRNP40,0.952
LSM2,SNRNP70,0.935
LSM2,SNRPA,0.985
LSM2,SNRPA1,0.997
LSM2,SNRPB,0.999
LSM2,SNRPB2,0.992
LSM2,SNRPC,0.946
LSM2,SNRPD1,0.999
LSM2,SNRPD2,0.999
LSM2,SNRPD3,0.999
LSM2,SNRPE,0.999
LSM2,SNRPF,0.999
LSM2,SNRPG,0.998
LSM2,SNRPN,0.986
LSM2,SNU13,0.993
LSM2,SRRM2,0.94
LSM2,TXNL4A,0.993
LSM2,UBL5,0.904
LSM2,USP39,0.99
LSM2,WBP4,0.979
LSM2,XRN1,0.978
LSM2,ZMAT2,0.996
LSM3,LSM4,0.999
LSM3,LSM5,0.999
LSM3,LSM6,0.999
LSM3,LSM7,0.999
LSM3,LSM8,0.999
LSM3,MFAP1,0.983
LSM3,PHF5A,0.994
LSM3,PPIH,0.975
LSM3,PRPF3,0.999
LSM3,PRPF31,0.998
LSM3,PRPF38A,0.981
LSM3,PRPF4,0.998
LSM3,PRPF6,0.997
LSM3,PRPF8,0.997
LSM3,RBM42,0.906
LSM3,SART1,0.998
LSM3,SART3,0.957
LSM3,SF3A1,0.995
LSM3,SF3A2,0.991
LSM3,SF3A3,0.996
LSM3,SF3B1,0.992
LSM3,SF3B2,0.995
LSM3,SF3B3,0.992
LSM3,SF3B4,0.987
LSM3,SF3B5,0.994
LSM3,SF3B6,0.934
LSM3,SMU1,0.985
LSM3,SNRNP200,0.998
LSM3,SNRNP40,0.921
LSM3,SNRPA,0.966
LSM3,SNRPA1,0.995
LSM3,SNRPB,0.996
LSM3,SNRPB2,0.992
LSM3,SNRPD1,0.999
LSM3,SNRPD2,0.999
LSM3,SNRPD3,0.999
LSM3,SNRPE,0.999
LSM3,SNRPF,0.999
LSM3,SNRPG,0.999
LSM3,SNRPN,0.95
LSM3,SNU13,0.998
LSM3,SNW1,0.904
LSM3,SRRM2,0.911
LSM3,SRSF1,0.906
LSM3,TXNL4A,0.993
LSM3,UBL5,0.927
LSM3,USP39,0.979
LSM3,WBP11,0.905
LSM3,WBP4,0.98
LSM3,XRN1,0.991
LSM3,ZMAT2,0.997
LSM4,LSM5,0.999
LSM4,LSM6,0.999
LSM4,LSM7,0.999
LSM4,LSM8,0.999
LSM4,MFAP1,0.984
LSM4,NAA38,0.917
LSM4,NCBP1,0.917
LSM4,PHF5A,0.994
LSM4,PPIH,0.98
LSM4,PRPF3,0.999
LSM4,PRPF31,0.999
LSM4,PRPF38A,0.984
LSM4,PRPF4,0.999
LSM4,PRPF6,0.999
LSM4,PRPF8,0.997
LSM4,RBM42,0.929
LSM4,SART1,0.999
LSM4,SART3,0.995
LSM4,SF3A1,0.996
LSM4,SF3A2,0.996
LSM4,SF3A3,0.998
LSM4,SF3B1,0.996
LSM4,SF3B2,0.991
LSM4,SF3B3,0.994
LSM4,SF3B4,0.991
LSM4,SF3B5,0.995
LSM4,SMU1,0.991
LSM4,SNRNP200,0.999
LSM4,SNRNP40,0.956
LSM4,SNRNP70,0.949
LSM4,SNRPA,0.987
LSM4,SNRPA1,0.998
LSM4,SNRPB,0.997
LSM4,SNRPB2,0.995
LSM4,SNRPC,0.924
LSM4,SNRPD1,0.998
LSM4,SNRPD2,0.999
LSM4,SNRPD3,0.999
LSM4,SNRPE,0.999
LSM4,SNRPF,0.998
LSM4,SNRPG,0.998
LSM4,SNRPN,0.996
LSM4,SNU13,0.993
LSM4,SNW1,0.914
LSM4,SRRM2,0.934
LSM4,TXNL4A,0.994
LSM4,USP39,0.99
LSM4,WBP11,0.902
LSM4,WBP4,0.989
LSM4,XRN1,0.986
LSM4,ZMAT2,0.998
LSM5,LSM6,0.999
LSM5,LSM7,0.999
LSM5,LSM8,0.999
LSM5,MFAP1,0.986
LSM5,NAA38,0.913
LSM5,PHF5A,0.994
LSM5,PPIH,0.956
LSM5,PRPF3,0.997
LSM5,PRPF31,0.996
LSM5,PRPF38A,0.992
LSM5,PRPF4,0.999
LSM5,PRPF6,0.999
LSM5,PRPF8,0.998
LSM5,RBM42,0.945
LSM5,SART1,0.999
LSM5,SART3,0.99
LSM5,SF3A1,0.991
LSM5,SF3A2,0.99
LSM5,SF3A3,0.992
LSM5,SF3B1,0.993
LSM5,SF3B2,0.989
LSM5,SF3B3,0.993
LSM5,SF3B4,0.989
LSM5,SF3B5,0.993
LSM5,SMU1,0.981
LSM5,SNRNP200,0.999
LSM5,SNRNP40,0.937
LSM5,SNRPA,0.96
LSM5,SNRPA1,0.993
LSM5,SNRPB,0.996
LSM5,SNRPB2,0.992
LSM5,SNRPC,0.927
LSM5,SNRPD1,0.997
LSM5,SNRPD2,0.999
LSM5,SNRPD3,0.999
LSM5,SNRPE,0.999
LSM5,SNRPF,0.999
LSM5,SNRPG,0.998
LSM5,SNRPN,0.97
LSM5,SNU13,0.996
LSM5,SRRM2,0.911
LSM5,TXNL4A,0.993
LSM5,UBL5,0.916
LSM5,USP39,0.979
LSM5,WBP4,0.98
LSM5,XRN1,0.974
LSM5,ZMAT2,0.994
LSM6,LSM7,0.999
LSM6,LSM8,0.999
LSM6,MFAP1,0.982
LSM6,PHF5A,0.994
LSM6,PPIH,0.965
LSM6,PRPF3,0.999
LSM6,PRPF31,0.999
LSM6,PRPF38A,0.981
LSM6,PRPF4,0.999
LSM6,PRPF6,0.997
LSM6,PRPF8,0.998
LSM6,RBM42,0.919
LSM6,SART1,0.999
LSM6,SART3,0.993
LSM6,SF3A1,0.991
LSM6,SF3A2,0.992
LSM6,SF3A3,0.99
LSM6,SF3B1,0.99
LSM6,SF3B2,0.989
LSM6,SF3B3,0.992
LSM6,SF3B4,0.99
LSM6,SF3B5,0.991
LSM6,SMU1,0.98
LSM6,SNRNP200,0.999
LSM6,SNRNP40,0.927
LSM6,SNRPA,0.959
LSM6,SNRPA1,0.999
LSM6,SNRPB,0.997
LSM6,SNRPB2,0.99
LSM6,SNRPD1,0.999
LSM6,SNRPD2,0.999
LSM6,SNRPD3,0.999
LSM6,SNRPE,0.999
LSM6,SNRPF,0.999
LSM6,SNRPG,0.999
LSM6,SNRPN,0.962
LSM6,SNU13,0.997
LSM6,SRRM2,0.908
LSM6,TXNL4A,0.997
LSM6,UBL5,0.913
LSM6,USP39,0.979
LSM6,WBP4,0.993
LSM6,XRN1,0.984
LSM6,ZMAT2,0.996
LSM7,LSM8,0.999
LSM7,MFAP1,0.983
LSM7,PHF5A,0.993
LSM7,PPIH,0.974
LSM7,PRPF3,0.998
LSM7,PRPF31,0.998
LSM7,PRPF38A,0.983
LSM7,PRPF4,0.999
LSM7,PRPF6,0.998
LSM7,PRPF8,0.996
LSM7,RBM42,0.94
LSM7,SART1,0.999
LSM7,SART3,0.995
LSM7,SF3A1,0.993
LSM7,SF3A2,0.991
LSM7,SF3A3,0.993
LSM7,SF3B1,0.991
LSM7,SF3B2,0.991
LSM7,SF3B3,0.991
LSM7,SF3B4,0.991
LSM7,SF3B5,0.996
LSM7,SF3B6,0.949
LSM7,SMU1,0.98
LSM7,SNRNP200,0.999
LSM7,SNRNP40,0.926
LSM7,SNRNP70,0.92
LSM7,SNRPA,0.968
LSM7,SNRPA1,0.997
LSM7,SNRPB,0.997
LSM7,SNRPB2,0.989
LSM7,SNRPC,0.96
LSM7,SNRPD1,0.998
LSM7,SNRPD2,0.999
LSM7,SNRPD3,0.999
LSM7,SNRPE,0.999
LSM7,SNRPF,0.999
LSM7,SNRPG,0.996
LSM7,SNRPN,0.957
LSM7,SNU13,0.998
LSM7,SRRM2,0.912
LSM7,TXNL4A,0.996
LSM7,UBL5,0.919
LSM7,USP39,0.987
LSM7,WBP4,0.987
LSM7,XRN1,0.983
LSM7,ZMAT2,0.998
LSM8,MFAP1,0.982
LSM8,PHF5A,0.997
LSM8,PPIH,0.966
LSM8,PRPF3,0.999
LSM8,PRPF31,0.999
LSM8,PRPF38A,0.983
LSM8,PRPF4,0.999
LSM8,PRPF6,0.999
LSM8,PRPF8,0.999
LSM8,RBM42,0.906
LSM8,SART1,0.999
LSM8,SART3,0.996
LSM8,SF3A1,0.991
LSM8,SF3A2,0.993
LSM8,SF3A3,0.997
LSM8,SF3B1,0.991
LSM8,SF3B2,0.989
LSM8,SF3B3,0.991
LSM8,SF3B4,0.995
LSM8,SF3B5,0.994
LSM8,SMU1,0.993
LSM8,SNRNP200,0.999
LSM8,SNRNP40,0.939
LSM8,SNRPA,0.972
LSM8,SNRPA1,0.997
LSM8,SNRPB,0.998
LSM8,SNRPB2,0.994
LSM8,SNRPC,0.92
LSM8,SNRPD1,0.999
LSM8,SNRPD2,0.999
LSM8,SNRPD3,0.999
LSM8,SNRPE,0.999
LSM8,SNRPF,0.999
LSM8,SNRPG,0.998
LSM8,SNRPN,0.985
LSM8,SNU13,0.993
LSM8,SRRM2,0.91
LSM8,TXNL4A,0.994
LSM8,UBL5,0.925
LSM8,USP39,0.99
LSM8,WBP11,0.902
LSM8,WBP4,0.982
LSM8,XRN1,0.958
LSM8,ZMAT2,0.997
LTA,LTB,0.999
LTA,LTBR,0.999
LTA,TNF,0.984
LTA,TNFRSF1A,0.999
LTA,TNFRSF1B,0.999
LTB,LTBR,0.999
LTBP4,TGFB1,0.997
LTBR,MAP3K14,0.968
LTBR,NFKB2,0.901
LTBR,TNF,0.96
LTBR,TNFRSF13C,0.967
LTBR,TNFSF13B,0.912
LTBR,TRAF2,0.987
LTBR,TRAF3,0.999
LTF,MPO,0.998
LTO1,YAE1,0.948
LUC7L2,SNRNP70,0.984
LUC7L2,SNRPC,0.958
LUC7L2,SNRPD1,0.952
LUC7L2,SNRPD2,0.985
LUC7L2,SNRPD3,0.913
LUC7L2,SNRPE,0.949
LUC7L2,SNRPF,0.91
LUC7L2,SNRPG,0.906
LUC7L2,SNRPN,0.904
LUC7L2,U2AF2,0.944
LUC7L3,RBM25,0.989
LUC7L3,RBM39,0.957
LUC7L3,SART1,0.904
LUC7L3,SNRNP70,0.947
LUC7L3,SRSF11,0.915
LY86,LY96,0.995
LY96,MYD88,0.999
LY96,TIRAP,0.981
LY96,TLR1,0.957
LY96,TLR2,0.997
LY96,TLR4,0.999
LY96,TRAF6,0.909
LYAR,NIFK,0.921
LYAR,RPF2,0.907
LYAR,RPS15,0.911
LYAR,RRS1,0.919
LYN,MS4A2,0.958
LYN,NEDD4,0.92
LYN,PAG1,0.961
LYN,PIK3CA,0.935
LYN,PIK3CB,0.957
LYN,PIK3CD,0.956
LYN,PIK3CG,0.982
LYN,PIK3R1,0.964
LYN,PIK3R2,0.93
LYN,PIK3R3,0.921
LYN,PIK3R5,0.92
LYN,PIK3R6,0.907
LYN,PLCG2,0.961
LYN,PRKCA,0.914
LYN,PRKCB,0.947
LYN,PRKCG,0.903
LYN,PTK2,0.97
LYN,PTK2B,0.99
LYN,PTPN6,0.953
LYN,PTPRC,0.981
LYN,SCARB2,0.973
LYN,SHC1,0.991
LYN,SHC2,0.912
LYN,SHC3,0.916
LYN,SRC,0.989
LYN,STAT3,0.938
LYN,SYK,0.999
LYN,VAV1,0.993
LYRM4,NDUFAB1,0.997
LYRM4,NFS1,0.999
LYVE1,VEGFC,0.911
LYVE1,VEGFD,0.937
LZTFL1,TTC8,0.97
MAATS1,MYCBP,0.941
MACF1,MAPRE1,0.902
MACROH2A1,PARP1,0.981
MACROH2A1,SPOP,0.958
MAD1L1,MAD2L1,0.999
MAD1L1,MAD2L2,0.933
MAD1L1,MCM3AP,0.939
MAD1L1,NUP153,0.943
MAD1L1,NUP98,0.915
MAD1L1,ORC2,0.964
MAD1L1,PCID2,0.968
MAD1L1,RANBP2,0.91
MAD1L1,TPR,0.973
MAD2L1,MAD2L2,0.975
MAD2L1,MCM3AP,0.902
MAD2L1,NDC80,0.968
MAD2L1,NEK2,0.999
MAD2L1,NUF2,0.981
MAD2L1,NUP153,0.905
MAD2L1,NUP98,0.923
MAD2L1,PCID2,0.966
MAD2L1,PLK1,0.933
MAD2L1,RANBP2,0.931
MAD2L1,RFC4,0.947
MAD2L1,SPC25,0.913
MAD2L1,TPR,0.947
MAD2L1,TYMS,0.9
MAD2L2,PAXIP1,0.933
MAD2L2,POLA1,0.968
MAD2L2,POLA2,0.922
MAD2L2,POLD1,0.978
MAD2L2,POLD2,0.999
MAD2L2,POLD3,0.998
MAD2L2,POLE,0.97
MAD2L2,POLE2,0.926
MAD2L2,POLE3,0.929
MAD2L2,POLE4,0.926
MAD2L2,POLH,0.936
MAD2L2,PRIM1,0.914
MAD2L2,PRIM2,0.908
MAD2L2,REV1,0.999
MAD2L2,REV3L,0.999
MAD2L2,SHLD1,0.997
MAD2L2,SHLD2,0.999
MAD2L2,SHLD3,0.998
MAD2L2,TP53BP1,0.963
MAEA,MKLN1,0.912
MAEA,RANBP10,0.92
MAEA,RANBP9,0.952
MAEA,RMND5A,0.969
MAEA,WDR26,0.969
MAFA,PDX1,0.949
MAGEA3,MAGEA6,0.999
MAGEA3,TRIM28,0.996
MAGEC2,TRIM28,0.992
MAGED1,NGFR,0.984
MAGED1,PJA1,0.997
MAGED1,UBXN1,0.994
MAGED1,XIAP,0.919
MAGEL2,SNRPN,0.925
MAGEL2,TRIM27,0.979
MAGEL2,USP7,0.961
MAGI1,MAGI2,0.922
MAGI1,PARD3,0.945
MAGI1,PARD6A,0.913
MAGI1,PARD6B,0.906
MAGI1,PRKCI,0.912
MAGI1,PRKCZ,0.912
MAGI1,PTEN,0.926
MAGI1,RAPGEF2,0.986
MAGI1,SYNPO,0.994
MAGI1,UBE3A,0.914
MAGI2,PTEN,0.998
MAGI2,RAPGEF2,0.989
MAGOH,PLRG1,0.931
MAGOH,PNN,0.97
MAGOH,PPIE,0.929
MAGOH,PRPF19,0.947
MAGOH,PRPF8,0.948
MAGOH,PYM1,0.999
MAGOH,RBM22,0.939
MAGOH,RBM8A,0.999
MAGOH,RNPS1,0.989
MAGOH,SAP18,0.965
MAGOH,SLU7,0.917
MAGOH,SNRNP200,0.941
MAGOH,SNRNP40,0.94
MAGOH,SNRPB,0.94
MAGOH,SNRPD1,0.915
MAGOH,SNRPD2,0.931
MAGOH,SNRPD3,0.963
MAGOH,SNRPE,0.957
MAGOH,SNRPF,0.94
MAGOH,SNRPG,0.915
MAGOH,SNW1,0.937
MAGOH,SRRM1,0.959
MAGOH,SRRM2,0.929
MAGOH,SRSF1,0.999
MAGOH,SRSF3,0.998
MAGOH,SRSF7,0.9
MAGOH,UPF1,0.994
MAGOH,UPF2,0.981
MAGOH,UPF3A,0.999
MAGOH,UPF3B,0.999
MAGOH,XAB2,0.923
MAGT1,RPN1,0.999
MAGT1,RPN2,0.999
MAGT1,STT3A,0.996
MAGT1,STT3B,0.999
MALT1,MAPK1,0.922
MALT1,MAPK11,0.915
MALT1,MAPK14,0.924
MALT1,MAPK3,0.924
MALT1,MAPK8,0.921
MALT1,MAPK9,0.922
MALT1,PRKCQ,0.913
MALT1,TAB2,0.904
MALT1,TRAF6,0.999
MAML1,MAML2,0.95
MAML1,MAML3,0.938
MAML1,NOTCH1,0.999
MAML1,NOTCH2,0.991
MAML1,NOTCH3,0.988
MAML1,NOTCH4,0.984
MAML1,RBPJ,0.999
MAML1,RBPJL,0.975
MAML2,MAML3,0.937
MAML2,NOTCH1,0.999
MAML2,NOTCH2,0.968
MAML2,NOTCH3,0.978
MAML2,NOTCH4,0.971
MAML2,RBPJ,0.999
MAML2,RBPJL,0.959
MAML3,NOTCH1,0.999
MAML3,NOTCH2,0.966
MAML3,NOTCH3,0.986
MAML3,NOTCH4,0.981
MAML3,RBPJ,0.999
MAML3,RBPJL,0.946
MAOA,MAOB,0.965
MAOA,PRKN,0.949
MAOA,SLC6A4,0.942
MAOB,PRKN,0.97
MAP1B,MAP1LC3A,0.914
MAP1B,SQSTM1,0.97
MAP1LC3A,NBR1,0.97
MAP1LC3A,SQSTM1,0.999
MAP1LC3A,ULK1,0.987
MAP2K1,MAP2K2,0.996
MAP2K1,MAP3K1,0.989
MAP2K1,MAP3K7,0.928
MAP2K1,MAP3K8,0.976
MAP2K1,MAPK1,0.999
MAP2K1,MAPK11,0.951
MAP2K1,MAPK14,0.97
MAP2K1,MAPK3,0.999
MAP2K1,MAPK8,0.934
MAP2K1,MAPK9,0.931
MAP2K1,NRAS,0.983
MAP2K1,PAK1,0.929
MAP2K1,PAK2,0.925
MAP2K1,PAK4,0.928
MAP2K1,PAK6,0.923
MAP2K1,PPP2CA,0.944
MAP2K1,PPP2CB,0.928
MAP2K1,PPP2R1A,0.95
MAP2K1,PPP2R1B,0.9
MAP2K1,PRKACA,0.929
MAP2K1,PRKACB,0.925
MAP2K1,PRKCD,0.925
MAP2K1,PTPN11,0.928
MAP2K1,RAF1,0.999
MAP2K1,YWHAB,0.931
MAP2K2,MAP3K1,0.971
MAP2K2,MAP3K7,0.922
MAP2K2,MAP3K8,0.925
MAP2K2,MAPK1,0.999
MAP2K2,MAPK11,0.947
MAP2K2,MAPK14,0.951
MAP2K2,MAPK3,0.99
MAP2K2,MAPK8,0.924
MAP2K2,MAPK9,0.924
MAP2K2,NRAS,0.968
MAP2K2,PAK1,0.921
MAP2K2,PPP2CA,0.955
MAP2K2,PPP2CB,0.921
MAP2K2,PPP2R1A,0.919
MAP2K2,PPP2R1B,0.9
MAP2K2,PRKACA,0.915
MAP2K2,PRKACB,0.914
MAP2K2,PRKCD,0.924
MAP2K2,RAF1,0.996
MAP2K2,YWHAB,0.943
MAP2K3,MAP2K4,0.913
MAP2K3,MAP3K1,0.926
MAP2K3,MAP3K2,0.947
MAP2K3,MAP3K20,0.941
MAP2K3,MAP3K3,0.97
MAP2K3,MAP3K4,0.987
MAP2K3,MAP3K5,0.988
MAP2K3,MAP3K7,0.938
MAP2K3,MAPK1,0.977
MAP2K3,MAPK11,0.976
MAP2K3,MAPK14,0.999
MAP2K3,MAPK3,0.98
MAP2K3,MAPK8,0.963
MAP2K3,MAPK8IP2,0.928
MAP2K3,MAPK9,0.94
MAP2K3,PKN1,0.965
MAP2K3,PPM1A,0.922
MAP2K3,RAC2,0.922
MAP2K3,RAP1A,0.91
MAP2K3,RAP1B,0.913
MAP2K3,RIPK1,0.919
MAP2K3,TAB1,0.978
MAP2K3,TAB2,0.944
MAP2K3,TAB3,0.936
MAP2K3,TRADD,0.924
MAP2K3,TRAF2,0.92
MAP2K4,MAP2K7,0.956
MAP2K4,MAP3K1,0.995
MAP2K4,MAP3K5,0.998
MAP2K4,MAP3K7,0.998
MAP2K4,MAP3K8,0.936
MAP2K4,MAPK11,0.93
MAP2K4,MAPK14,0.987
MAP2K4,MAPK8,0.999
MAP2K4,MAPK9,0.999
MAP2K4,PPM1A,0.946
MAP2K4,PRKCA,0.909
MAP2K4,RAC2,0.914
MAP2K4,TAB1,0.94
MAP2K4,TAB2,0.938
MAP2K4,TAB3,0.928
MAP2K5,MAP3K2,0.999
MAP2K5,MAP3K3,0.999
MAP2K5,MAPK7,0.999
MAP2K7,MAP3K1,0.981
MAP2K7,MAP3K11,0.985
MAP2K7,MAP3K20,0.953
MAP2K7,MAP3K5,0.964
MAP2K7,MAP3K7,0.987
MAP2K7,MAP3K8,0.911
MAP2K7,MAPK11,0.927
MAP2K7,MAPK14,0.947
MAP2K7,MAPK8,0.996
MAP2K7,MAPK8IP1,0.999
MAP2K7,MAPK8IP2,0.997
MAP2K7,MAPK9,0.976
MAP2K7,PPM1A,0.916
MAP2K7,PRKCA,0.906
MAP2K7,RAC2,0.92
MAP2K7,RIPK1,0.92
MAP2K7,TAB1,0.943
MAP2K7,TAB2,0.958
MAP2K7,TAB3,0.95
MAP2K7,TRADD,0.918
MAP2K7,TRAF2,0.924
MAP3K1,MAPK8,0.993
MAP3K1,MAPK9,0.956
MAP3K1,MRAS,0.934
MAP3K1,NRAS,0.949
MAP3K1,RAC2,0.929
MAP3K1,RRAS,0.929
MAP3K1,TRAF2,0.984
MAP3K1,TRAF6,0.973
MAP3K11,MAPK8IP1,0.992
MAP3K11,MAPK8IP2,0.985
MAP3K14,MAP3K7,0.959
MAP3K14,MAP3K8,0.942
MAP3K14,NFKB2,0.966
MAP3K14,PAK1,0.917
MAP3K14,RELB,0.903
MAP3K14,TAB1,0.926
MAP3K14,TAB2,0.922
MAP3K14,TAB3,0.905
MAP3K14,TRAF2,0.995
MAP3K14,TRAF3,0.994
MAP3K14,TRAF6,0.993
MAP3K2,MAP3K3,0.952
MAP3K2,PAK1,0.922
MAP3K2,PAK2,0.927
MAP3K2,SRC,0.915
MAP3K20,PKN1,0.958
MAP3K3,PAK1,0.922
MAP3K3,PAK2,0.922
MAP3K3,SQSTM1,0.973
MAP3K3,TRAF6,0.963
MAP3K5,MAPK11,0.928
MAP3K5,MAPK14,0.936
MAP3K5,MAPK8,0.978
MAP3K5,MAPK9,0.932
MAP3K5,PARK7,0.991
MAP3K5,PPP5C,0.97
MAP3K5,PRKACA,0.909
MAP3K5,PRKACB,0.91
MAP3K5,RB1CC1,0.912
MAP3K5,TRAF2,0.999
MAP3K5,TRAF6,0.966
MAP3K5,TXN,0.999
MAP3K5,TXN2,0.97
MAP3K5,YWHAZ,0.955
MAP3K7,MAPK1,0.926
MAP3K7,MAPK11,0.923
MAP3K7,MAPK14,0.939
MAP3K7,MAPK3,0.924
MAP3K7,MAPK8,0.971
MAP3K7,MAPK9,0.953
MAP3K7,MAVS,0.948
MAP3K7,MYD88,0.999
MAP3K7,NLK,0.977
MAP3K7,PRKAA1,0.966
MAP3K7,PRKAA2,0.911
MAP3K7,PRKAB1,0.94
MAP3K7,PRKAB2,0.917
MAP3K7,PRKAG1,0.918
MAP3K7,PRKAG2,0.916
MAP3K7,PRKAG3,0.919
MAP3K7,PRKCQ,0.955
MAP3K7,RIPK1,0.996
MAP3K7,TAB1,0.999
MAP3K7,TAB2,0.999
MAP3K7,TAB3,0.999
MAP3K7,TLR3,0.992
MAP3K7,TLR4,0.972
MAP3K7,TNF,0.999
MAP3K7,TNFRSF1A,0.999
MAP3K7,TRADD,0.976
MAP3K7,TRAF2,0.988
MAP3K7,TRAF3,0.978
MAP3K7,TRAF6,0.999
MAP3K7,UBE2N,0.993
MAP3K7,XIAP,0.951
MAP3K8,NFKB1,0.996
MAP3K8,TNIP2,0.995
MAP4K4,STRN,0.915
MAPK1,MAPK11,0.906
MAPK1,MAPK14,0.995
MAPK1,MAPK3,0.994
MAPK1,MAPT,0.952
MAPK1,MITF,0.932
MAPK1,MKNK1,0.999
MAPK1,MYC,0.983
MAPK1,NCF1,0.923
MAPK1,NCF2,0.915
MAPK1,NCF4,0.924
MAPK1,NFATC2,0.921
MAPK1,NOS1,0.915
MAPK1,NR4A1,0.924
MAPK1,NRAS,0.959
MAPK1,PLA2G4A,0.97
MAPK1,PPP2CA,0.974
MAPK1,PPP2CB,0.954
MAPK1,PPP2R1A,0.929
MAPK1,PPP2R1B,0.942
MAPK1,PRKACA,0.929
MAPK1,PRKACB,0.929
MAPK1,PRKCA,0.931
MAPK1,PRKCB,0.928
MAPK1,PRKCD,0.929
MAPK1,PRKCG,0.911
MAPK1,PRKCZ,0.919
MAPK1,PTPN11,0.955
MAPK1,PTPN6,0.933
MAPK1,RAC2,0.942
MAPK1,RAF1,0.975
MAPK1,ROCK1,0.922
MAPK1,ROCK2,0.919
MAPK1,RPS6KA1,0.999
MAPK1,RPS6KA3,0.989
MAPK1,SHC1,0.962
MAPK1,SMAD1,0.965
MAPK1,SMAD2,0.967
MAPK1,SMAD3,0.962
MAPK1,SMAD9,0.915
MAPK1,SP1,0.969
MAPK1,SPHK1,0.922
MAPK1,SRC,0.932
MAPK1,STAT1,0.95
MAPK1,STAT3,0.996
MAPK1,STMN1,0.949
MAPK1,TBC1D7,0.9
MAPK1,THRB,0.912
MAPK1,TP53,0.998
MAPK1,TSC1,0.926
MAPK1,TSC2,0.952
MAPK11,MAPK3,0.91
MAPK11,MAPK8,0.913
MAPK11,MAPK9,0.908
MAPK11,MAPKAPK2,0.997
MAPK11,MAPKAPK3,0.994
MAPK11,MAPKAPK5,0.953
MAPK11,MAX,0.902
MAPK11,MED1,0.923
MAPK11,NCOA3,0.906
MAPK11,PGR,0.909
MAPK11,PPARGC1A,0.928
MAPK11,PRKG1,0.916
MAPK11,PTK2,0.913
MAPK11,RAPGEF4,0.915
MAPK11,SP1,0.939
MAPK11,TP53,0.96
MAPK11,ZAP70,0.951
MAPK14,MAPK3,0.989
MAPK14,MAPK8,0.955
MAPK14,MAPK9,0.942
MAPK14,MAPKAPK2,0.999
MAPK14,MAPKAPK3,0.996
MAPK14,MAPKAPK5,0.956
MAPK14,MAX,0.976
MAPK14,MED1,0.929
MAPK14,MEF2A,0.962
MAPK14,MKNK1,0.916
MAPK14,NCOA3,0.955
MAPK14,PGR,0.92
MAPK14,PPARGC1A,0.95
MAPK14,PRKG1,0.917
MAPK14,PTK2,0.941
MAPK14,RAPGEF4,0.914
MAPK14,SP1,0.948
MAPK14,TAB1,0.999
MAPK14,TP53,0.994
MAPK14,ZAP70,0.951
MAPK3,MAPT,0.968
MAPK3,MITF,0.94
MAPK3,MKNK1,0.956
MAPK3,MYC,0.986
MAPK3,NCF1,0.965
MAPK3,NCF2,0.935
MAPK3,NCF4,0.938
MAPK3,NFATC2,0.93
MAPK3,NOS1,0.936
MAPK3,NR4A1,0.935
MAPK3,NRAS,0.97
MAPK3,PLA2G4A,0.956
MAPK3,PPP2CA,0.971
MAPK3,PPP2CB,0.925
MAPK3,PPP2R1A,0.932
MAPK3,PPP2R1B,0.913
MAPK3,PRKACA,0.959
MAPK3,PRKACB,0.958
MAPK3,PRKCA,0.956
MAPK3,PRKCB,0.949
MAPK3,PRKCD,0.935
MAPK3,PRKCG,0.913
MAPK3,PRKCZ,0.926
MAPK3,PTPN11,0.99
MAPK3,PTPN6,0.938
MAPK3,RAC2,0.95
MAPK3,RAF1,0.962
MAPK3,ROCK1,0.927
MAPK3,ROCK2,0.924
MAPK3,RPS6KA1,0.99
MAPK3,RPS6KA3,0.984
MAPK3,SMAD1,0.922
MAPK3,SMAD2,0.979
MAPK3,SMAD3,0.964
MAPK3,SMAD9,0.922
MAPK3,SP1,0.972
MAPK3,SPHK1,0.951
MAPK3,SRC,0.944
MAPK3,STAT1,0.964
MAPK3,STMN1,0.931
MAPK3,TBC1D7,0.908
MAPK3,THRB,0.916
MAPK3,TNF,0.922
MAPK3,TP53,0.994
MAPK3,TSC1,0.94
MAPK3,TSC2,0.96
MAPK6,MAPKAPK5,0.997
MAPK6,NEURL4,0.936
MAPK6,SEPTIN7,0.906
MAPK7,MEF2A,0.972
MAPK7,MEF2C,0.956
MAPK7,NFE2L2,0.947
MAPK7,NR4A1,0.928
MAPK7,PRKCZ,0.942
MAPK7,RPS6KA1,0.927
MAPK7,RPS6KA3,0.951
MAPK8,MAPK8IP1,0.999
MAPK8,MAPK8IP2,0.971
MAPK8,MAPK9,0.999
MAPK8,MECOM,0.905
MAPK8,MED1,0.953
MAPK8,NCOA3,0.965
MAPK8,NFKB1,0.987
MAPK8,NRAS,0.94
MAPK8,PGR,0.921
MAPK8,PRKCD,0.918
MAPK8,PRKCE,0.917
MAPK8,PRKCQ,0.913
MAPK8,RAC2,0.953
MAPK8,RALA,0.926
MAPK8,RAP1A,0.927
MAPK8,RAP1B,0.92
MAPK8,RAPGEF4,0.919
MAPK8,RELA,0.975
MAPK8,RHOA,0.988
MAPK8,RIPK2,0.932
MAPK8,SMAD3,0.977
MAPK8,SMAD4,0.98
MAPK8,SP1,0.962
MAPK8,SRC,0.959
MAPK8,STAT3,0.9
MAPK8,TP53,0.997
MAPK8,TRAF6,0.972
MAPK8IP1,MAPK8IP2,0.996
MAPK8IP1,MAPK9,0.993
MAPK8IP2,MAPK9,0.972
MAPK9,MECOM,0.901
MAPK9,MED1,0.952
MAPK9,NCOA3,0.946
MAPK9,NFKB1,0.943
MAPK9,NRAS,0.932
MAPK9,PGR,0.908
MAPK9,PRKCD,0.912
MAPK9,PRKCE,0.91
MAPK9,PRKCQ,0.91
MAPK9,RAC2,0.928
MAPK9,RALA,0.925
MAPK9,RAP1A,0.922
MAPK9,RAP1B,0.915
MAPK9,RAPGEF4,0.905
MAPK9,RELA,0.954
MAPK9,RHOA,0.939
MAPK9,RIPK2,0.928
MAPK9,SH3RF1,0.939
MAPK9,SMAD3,0.927
MAPK9,SMAD4,0.932
MAPK9,SP1,0.909
MAPK9,SRC,0.954
MAPK9,TP53,0.982
MAPK9,TRAF6,0.934
MAPKAP1,MLST8,0.999
MAPKAP1,MTOR,0.999
MAPKAP1,PRKDC,0.924
MAPKAP1,PRR5,0.999
MAPKAP1,PRR5L,0.999
MAPKAP1,RICTOR,0.999
MAPKAP1,RPTOR,0.996
MAPKAP1,SGK1,0.95
MAPKAP1,SMG1,0.945
MAPKAP1,TTI1,0.997
MAPKAPK2,MAPKAPK3,0.974
MAPKAPK2,ZFP36,0.979
MAPKAPK2,ZFP36L1,0.983
MAPKAPK2,ZFP36L2,0.926
MAPRE1,MAPRE3,0.992
MAPRE1,PLK1,0.9
MAPRE1,TPM1,0.905
MAPRE1,XRCC4,0.902
MAPRE3,TUBA1B,0.944
MAPRE3,TUBB2B,0.948
MAPRE3,TUBB3,0.946
MAPT,PRKACA,0.915
MAPT,PRKN,0.92
MAPT,PSEN1,0.95
MAPT,SNCA,0.994
MAPT,STUB1,0.944
MAPT,TARDBP,0.97
MAPT,TUBA1A,0.978
MAPT,TUBA1B,0.995
MAPT,TUBA1C,0.938
MAPT,TUBA4A,0.981
MAPT,TUBB,0.943
MAPT,TUBB1,0.924
MAPT,TUBB2A,0.957
MAPT,TUBB2B,0.994
MAPT,TUBB3,0.987
MAPT,TUBB4A,0.953
MAPT,TUBB4B,0.943
MAPT,TUBB6,0.941
MAPT,TUBB8,0.914
MAPT,VDAC1,0.975
MAPT,YWHAQ,0.958
MAPT,YWHAZ,0.974
MARC2,MOCS1,0.905
MARC2,MOCS2,0.918
MARCHF2,STX6,0.952
MARCKSL1,PRKCD,0.904
MARCKSL1,PRKCE,0.9
MARS1,QARS1,0.999
MARS1,RARS1,0.999
MASP1,MASP2,0.986
MASP1,MBL2,0.998
MASP2,MBL2,0.999
MAT1A,MAT2A,0.991
MAT1A,MAT2B,0.995
MAT2A,MAT2B,0.999
MATR3,NONO,0.993
MATR3,PSPC1,0.923
MATR3,RBM14,0.949
MATR3,SFPQ,0.974
MATR3,TARDBP,0.995
MAU2,NIPBL,0.999
MAU2,PDS5A,0.988
MAU2,PDS5B,0.922
MAU2,RAD21,0.902
MAU2,SMC3,0.942
MAU2,STAG1,0.911
MAVS,NFKB1,0.903
MAVS,NLRP3,0.999
MAVS,NOD2,0.995
MAVS,RIPK1,0.973
MAVS,RPS27A,0.932
MAVS,STING1,0.999
MAVS,TAB1,0.935
MAVS,TAB2,0.934
MAVS,TANK,0.973
MAVS,TBK1,0.999
MAVS,TLR3,0.921
MAVS,TOMM70,0.983
MAVS,TRADD,0.996
MAVS,TRAF2,0.999
MAVS,TRAF3,0.999
MAVS,TRAF6,0.999
MAVS,TRIM14,0.905
MAVS,TRIM25,0.982
MAVS,TRIM31,0.907
MAVS,UBA52,0.91
MAVS,UBB,0.912
MAX,MCRS1,0.9
MAX,MGA,0.995
MAX,MXD1,0.999
MAX,MXI1,0.998
MAX,MYC,0.999
MAX,MYCN,0.996
MAX,PCGF6,0.923
MAX,PELP1,0.903
MAX,PHF20,0.9
MAX,PRPF31,0.9
MAX,RBBP5,0.907
MAX,RNF2,0.965
MAX,RUVBL1,0.935
MAX,RUVBL2,0.95
MAX,SENP3,0.903
MAX,TAF1,0.913
MAX,TAF4,0.903
MAX,TAF6,0.907
MAX,TAF7,0.903
MAX,TAF9,0.931
MAX,TEX10,0.9
MAX,TFDP1,0.903
MAX,WDR5,0.945
MAX,ZBTB17,0.947
MBD2,MBD3,0.909
MBD2,MTA1,0.997
MBD2,MTA2,0.977
MBD2,MTA3,0.975
MBD2,RBBP4,0.993
MBD2,RBBP7,0.972
MBD3,MTA1,0.993
MBD3,MTA2,0.996
MBD3,MTA3,0.989
MBD3,RBBP4,0.992
MBD3,RBBP7,0.995
MBIP,POLE3,0.904
MBIP,POLE4,0.94
MBIP,SGF29,0.985
MBIP,TADA2A,0.988
MBIP,TADA3,0.982
MBIP,WDR5,0.989
MBIP,YEATS2,0.994
MBIP,ZZZ3,0.991
MBTD1,MEAF6,0.995
MBTD1,MORF4L1,0.992
MBTD1,MORF4L2,0.969
MBTD1,MRGBP,0.972
MBTD1,MSL1,0.91
MBTD1,MSL2,0.906
MBTD1,MSL3,0.907
MBTD1,RUVBL1,0.976
MBTD1,RUVBL2,0.982
MBTD1,TRRAP,0.959
MBTD1,YEATS4,0.985
MBTD1,YY1,0.973
MC1R,TYR,0.96
MC1R,TYRP1,0.934
MC2R,MRAP,0.999
MC2R,MRAP2,0.941
MCC,MCCC1,0.917
MCC,MCCC2,0.906
MCC,NGDN,0.912
MCC,UTP4,0.913
MCCC1,MCCC2,0.999
MCCC1,PCCB,0.998
MCCC2,NELFCD,0.921
MCCC2,PCCA,0.998
MCF2,RABIF,0.935
MCF2,RHOA,0.994
MCL1,TNKS2,0.961
MCL1,TP53,0.918
MCL1,USP9X,0.958
MCL1,VDAC1,0.971
MCM2,MCM3,0.999
MCM2,MCM4,0.999
MCM2,MCM5,0.999
MCM2,MCM6,0.999
MCM2,MCM7,0.999
MCM2,MCM8,0.981
MCM2,MCM9,0.9
MCM2,ORC1,0.998
MCM2,ORC2,0.999
MCM2,ORC3,0.993
MCM2,ORC4,0.997
MCM2,ORC5,0.998
MCM2,ORC6,0.949
MCM2,PCNA,0.939
MCM2,POLA1,0.977
MCM2,POLD1,0.959
MCM2,POLE,0.997
MCM2,POLE2,0.992
MCM2,PRIM2,0.951
MCM2,RFC3,0.916
MCM2,RPA1,0.958
MCM2,RPA2,0.902
MCM2,RRM1,0.914
MCM2,SSRP1,0.914
MCM2,TIMELESS,0.998
MCM2,TIPIN,0.998
MCM2,TONSL,0.964
MCM2,WDHD1,0.998
MCM3,MCM3AP,0.988
MCM3,MCM4,0.999
MCM3,MCM5,0.999
MCM3,MCM6,0.999
MCM3,MCM7,0.999
MCM3,MCM8,0.993
MCM3,MCM9,0.998
MCM3,ORC1,0.996
MCM3,ORC2,0.998
MCM3,ORC3,0.973
MCM3,ORC4,0.994
MCM3,ORC5,0.997
MCM3,ORC6,0.919
MCM3,PCNA,0.975
MCM3,POLA1,0.988
MCM3,POLA2,0.929
MCM3,POLD1,0.985
MCM3,POLD3,0.939
MCM3,POLE,0.996
MCM3,POLE2,0.999
MCM3,PRIM1,0.949
MCM3,PRIM2,0.975
MCM3,RFC3,0.942
MCM3,RFC4,0.971
MCM3,RFC5,0.913
MCM3,RPA1,0.938
MCM3,RPA2,0.958
MCM3,RRM1,0.913
MCM3,TIMELESS,0.993
MCM3,TIPIN,0.993
MCM3,TOPBP1,0.98
MCM3,WDHD1,0.999
MCM3AP,NUP153,0.983
MCM3AP,NUP98,0.959
MCM3AP,NXF1,0.953
MCM3AP,PCID2,0.999
MCM3AP,RANBP2,0.96
MCM3AP,SEM1,0.968
MCM3AP,TPR,0.964
MCM4,MCM5,0.999
MCM4,MCM6,0.999
MCM4,MCM7,0.999
MCM4,MCM8,0.997
MCM4,MCM9,0.998
MCM4,ORC1,0.998
MCM4,ORC2,0.988
MCM4,ORC3,0.99
MCM4,ORC4,0.995
MCM4,ORC5,0.992
MCM4,ORC6,0.987
MCM4,PCNA,0.965
MCM4,POLA1,0.978
MCM4,POLA2,0.94
MCM4,POLE,0.995
MCM4,POLE2,0.998
MCM4,PRIM1,0.911
MCM4,PRIM2,0.944
MCM4,RFC3,0.922
MCM4,RFC5,0.923
MCM4,RPA1,0.912
MCM4,RPA2,0.913
MCM4,RRM1,0.952
MCM4,SSRP1,0.943
MCM4,TICRR,0.939
MCM4,TIMELESS,0.993
MCM4,TIPIN,0.997
MCM4,TYMS,0.938
MCM4,WDHD1,0.999
MCM4,WDR18,0.957
MCM5,MCM6,0.999
MCM5,MCM7,0.999
MCM5,MCM8,0.996
MCM5,MCM9,0.998
MCM5,ORC1,0.998
MCM5,ORC2,0.999
MCM5,ORC3,0.994
MCM5,ORC4,0.976
MCM5,ORC5,0.999
MCM5,ORC6,0.975
MCM5,PCNA,0.918
MCM5,POLA1,0.958
MCM5,POLA2,0.91
MCM5,POLD1,0.969
MCM5,POLE,0.997
MCM5,POLE2,0.998
MCM5,PRIM1,0.945
MCM5,PRIM2,0.948
MCM5,RFC3,0.937
MCM5,RFC4,0.949
MCM5,RFC5,0.949
MCM5,RPA1,0.902
MCM5,RPA2,0.925
MCM5,RRM1,0.957
MCM5,RRM2,0.944
MCM5,TIMELESS,0.995
MCM5,TIPIN,0.989
MCM5,TOPBP1,0.985
MCM5,WDHD1,0.999
MCM6,MCM7,0.999
MCM6,MCM8,0.988
MCM6,MCM9,0.982
MCM6,ORC1,0.997
MCM6,ORC2,0.986
MCM6,ORC3,0.951
MCM6,ORC4,0.997
MCM6,ORC5,0.994
MCM6,ORC6,0.961
MCM6,PCNA,0.912
MCM6,POLA1,0.956
MCM6,POLE,0.98
MCM6,POLE2,0.995
MCM6,PRIM1,0.932
MCM6,PRIM2,0.9
MCM6,RFC3,0.961
MCM6,RFC4,0.945
MCM6,RFC5,0.901
MCM6,RPA1,0.946
MCM6,RRM1,0.953
MCM6,TIMELESS,0.988
MCM6,TIPIN,0.993
MCM6,WDHD1,0.998
MCM7,MCM8,0.997
MCM7,MCM9,0.997
MCM7,ORC1,0.997
MCM7,ORC2,0.997
MCM7,ORC3,0.991
MCM7,ORC4,0.995
MCM7,ORC5,0.991
MCM7,ORC6,0.999
MCM7,PCNA,0.985
MCM7,POLA1,0.944
MCM7,POLE,0.986
MCM7,POLE2,0.982
MCM7,PRIM1,0.919
MCM7,PRIM2,0.934
MCM7,RFC3,0.937
MCM7,RFC4,0.906
MCM7,RFC5,0.939
MCM7,RPA1,0.905
MCM7,RRM1,0.921
MCM7,TIMELESS,0.996
MCM7,TIPIN,0.999
MCM7,WDHD1,0.996
MCM8,MCM9,0.999
MCM8,ORC2,0.974
MCM8,ORC5,0.903
MCM9,MLH1,0.926
MCM9,MSH2,0.938
MCM9,ORC1,0.945
MCM9,ORC2,0.933
MCM9,ORC3,0.915
MCM9,ORC4,0.924
MCM9,ORC5,0.928
MCM9,POLE,0.928
MCM9,TIMELESS,0.901
MCM9,WDHD1,0.96
MCPH1,STIL,0.932
MCPH1,TERF2,0.931
MCRS1,MGA,0.9
MCRS1,NFRKB,0.979
MCRS1,OGT,0.99
MCRS1,PELP1,0.901
MCRS1,PHF20,0.998
MCRS1,PRPF31,0.911
MCRS1,RBBP5,0.94
MCRS1,RNF2,0.9
MCRS1,RUVBL1,0.973
MCRS1,RUVBL2,0.977
MCRS1,SENP3,0.902
MCRS1,TAF1,0.9
MCRS1,TAF4,0.9
MCRS1,TAF6,0.923
MCRS1,TAF7,0.9
MCRS1,TAF9,0.9
MCRS1,TEX10,0.9
MCRS1,TRRAP,0.908
MCRS1,WDR5,0.993
MCRS1,YY1,0.966
MCU,MCUB,0.969
MCU,MICU1,0.999
MCU,MICU2,0.999
MCU,SMDT1,0.999
MCU,VDAC1,0.933
MCUB,MICU1,0.999
MCUB,MICU2,0.999
MCUB,SMDT1,0.999
MDC1,MRE11,0.956
MDC1,NBN,0.994
MDC1,PRKDC,0.952
MDC1,RAD50,0.947
MDC1,RAD51,0.965
MDC1,RAD9A,0.922
MDC1,RBBP8,0.958
MDC1,RNF4,0.928
MDC1,RNF8,0.999
MDC1,SMC1A,0.92
MDC1,SMC3,0.974
MDC1,SMC6,0.934
MDC1,TOPBP1,0.995
MDC1,TP53BP1,0.999
MDC1,UBE2N,0.931
MDC1,UIMC1,0.997
MDC1,XRCC6,0.945
MDM2,MDM4,0.999
MDM2,NPM1,0.974
MDM2,NUMB,0.998
MDM2,PML,0.934
MDM2,PSMD10,0.986
MDM2,PTEN,0.902
MDM2,RB1,0.999
MDM2,RCHY1,0.923
MDM2,RPL11,0.999
MDM2,RPL23,0.941
MDM2,RPL26,0.99
MDM2,RPL5,0.999
MDM2,RPS14,0.94
MDM2,RPS15,0.925
MDM2,RPS27A,0.994
MDM2,RPS3,0.959
MDM2,RPS7,0.959
MDM2,TP53,0.999
MDM2,TP73,0.998
MDM2,TRIM28,0.9
MDM2,UBA52,0.967
MDM2,UBB,0.961
MDM2,UBE2D2,0.999
MDM2,UBE2D3,0.967
MDM2,USP7,0.999
MDM2,XIAP,0.929
MDM4,RPS27A,0.97
MDM4,TP53,0.999
MDM4,TP73,0.922
MDM4,UBA52,0.952
MDM4,UBB,0.959
MDM4,UBE2D2,0.953
MDM4,USP7,0.973
MDN1,MRTO4,0.92
MDN1,TEX10,0.919
MDN1,WDR12,0.994
MDN1,WDR18,0.933
MEAF6,MORF4L1,0.999
MEAF6,MORF4L2,0.986
MEAF6,MRGBP,0.997
MEAF6,MSL1,0.901
MEAF6,MSL2,0.902
MEAF6,MSL3,0.946
MEAF6,RUVBL1,0.982
MEAF6,RUVBL2,0.982
MEAF6,TRRAP,0.999
MEAF6,VPS72,0.981
MEAF6,YEATS4,0.999
MECOM,RUNX1,0.988
MECP2,NCOR1,0.997
MECP2,RCOR1,0.994
MECP2,SIN3A,0.999
MECP2,SOX2,0.921
MECP2,SUV39H1,0.993
MECP2,TBL1XR1,0.971
MECP2,YBX1,0.978
MED1,MED10,0.997
MED1,MED11,0.997
MED1,MED12,0.999
MED1,MED13,0.999
MED1,MED13L,0.976
MED1,MED14,0.999
MED1,MED15,0.999
MED1,MED16,0.999
MED1,MED17,0.999
MED1,MED18,0.999
MED1,MED19,0.999
MED1,MED20,0.999
MED1,MED21,0.998
MED1,MED22,0.999
MED1,MED23,0.999
MED1,MED24,0.999
MED1,MED25,0.999
MED1,MED26,0.999
MED1,MED27,0.999
MED1,MED28,0.999
MED1,MED29,0.999
MED1,MED30,0.999
MED1,MED31,0.996
MED1,MED4,0.999
MED1,MED6,0.999
MED1,MED7,0.998
MED1,MED8,0.999
MED1,MED9,0.998
MED1,MRNIP,0.935
MED1,MRPL12,0.982
MED1,MRPL17,0.983
MED1,MRPL19,0.981
MED1,MRPL20,0.98
MED1,MRPL21,0.981
MED1,MRPL27,0.972
MED1,MRPL32,0.981
MED1,MRPL33,0.98
MED1,MRPL36,0.982
MED1,MRPL9,0.981
MED1,MRPS10,0.947
MED1,MRPS12,0.947
MED1,MRPS16,0.981
MED1,MRPS5,0.944
MED1,MRPS6,0.981
MED1,MRPS9,0.983
MED1,MRTO4,0.952
MED1,MTIF2,0.922
MED1,NCOA3,0.974
MED1,NR1I3,0.931
MED1,POLR2A,0.97
MED1,POLR2B,0.978
MED1,POLR2C,0.974
MED1,POLR2E,0.998
MED1,POLR2F,0.983
MED1,POLR2L,0.945
MED1,PPARG,0.999
MED1,PRKACA,0.913
MED1,PRKACB,0.913
MED1,RACK1,0.917
MED1,RARA,0.958
MED1,RARB,0.937
MED1,RPL10,0.905
MED1,RPL10A,0.933
MED1,RPL11,0.984
MED1,RPL13,0.977
MED1,RPL13A,0.937
MED1,RPL14,0.98
MED1,RPL15,0.975
MED1,RPL17,0.933
MED1,RPL18,0.979
MED1,RPL18A,0.978
MED1,RPL19,0.982
MED1,RPL21,0.98
MED1,RPL22,0.905
MED1,RPL23,0.982
MED1,RPL23A,0.982
MED1,RPL24,0.978
MED1,RPL26,0.937
MED1,RPL27,0.916
MED1,RPL27A,0.977
MED1,RPL28,0.975
MED1,RPL29,0.964
MED1,RPL3,0.923
MED1,RPL30,0.978
MED1,RPL31,0.976
MED1,RPL34,0.978
MED1,RPL35,0.982
MED1,RPL35A,0.974
MED1,RPL36,0.976
MED1,RPL37,0.905
MED1,RPL37A,0.972
MED1,RPL38,0.969
MED1,RPL39,0.924
MED1,RPL4,0.978
MED1,RPL5,0.982
MED1,RPL6,0.981
MED1,RPL7A,0.92
MED1,RPL8,0.979
MED1,RPLP0,0.98
MED1,RPLP1,0.968
MED1,RPLP2,0.959
MED1,RPS10,0.906
MED1,RPS11,0.982
MED1,RPS13,0.936
MED1,RPS14,0.938
MED1,RPS15,0.983
MED1,RPS16,0.978
MED1,RPS17,0.976
MED1,RPS18,0.982
MED1,RPS19,0.974
MED1,RPS2,0.979
MED1,RPS20,0.98
MED1,RPS21,0.977
MED1,RPS23,0.979
MED1,RPS24,0.977
MED1,RPS25,0.976
MED1,RPS26,0.975
MED1,RPS27,0.93
MED1,RPS27A,0.972
MED1,RPS28,0.98
MED1,RPS29,0.934
MED1,RPS3,0.982
MED1,RPS3A,0.975
MED1,RPS6,0.98
MED1,RPS7,0.979
MED1,RPS8,0.975
MED1,RPS9,0.966
MED1,RPSA,0.929
MED1,RXRA,0.986
MED1,SEC61A1,0.907
MED1,SP1,0.928
MED1,SRC,0.922
MED1,STN1,0.994
MED1,TBP,0.954
MED1,THRA,0.97
MED1,THRAP3,0.954
MED1,TP53,0.906
MED1,TRIP4,0.994
MED1,TUFM,0.982
MED1,UBA52,0.977
MED1,ZC3H13,0.994
MED10,MED11,0.999
MED10,MED12,0.999
MED10,MED13,0.994
MED10,MED13L,0.988
MED10,MED14,0.999
MED10,MED15,0.999
MED10,MED16,0.999
MED10,MED17,0.999
MED10,MED18,0.999
MED10,MED19,0.999
MED10,MED20,0.999
MED10,MED21,0.999
MED10,MED22,0.999
MED10,MED23,0.998
MED10,MED24,0.998
MED10,MED25,0.996
MED10,MED26,0.999
MED10,MED27,0.999
MED10,MED28,0.999
MED10,MED29,0.998
MED10,MED30,0.999
MED10,MED31,0.999
MED10,MED4,0.999
MED10,MED6,0.999
MED10,MED7,0.999
MED10,MED8,0.999
MED10,MED9,0.999
MED10,MNAT1,0.937
MED10,POLR2A,0.992
MED10,POLR2B,0.989
MED10,POLR2C,0.992
MED10,POLR2D,0.987
MED10,POLR2E,0.985
MED10,POLR2F,0.981
MED10,POLR2G,0.983
MED10,POLR2H,0.977
MED10,POLR2I,0.963
MED10,POLR2J,0.958
MED10,POLR2K,0.974
MED10,POLR2L,0.962
MED10,TBP,0.932
MED10,TRIP4,0.994
MED11,MED12,0.999
MED11,MED13,0.984
MED11,MED13L,0.942
MED11,MED14,0.999
MED11,MED15,0.997
MED11,MED16,0.998
MED11,MED17,0.999
MED11,MED18,0.999
MED11,MED19,0.999
MED11,MED20,0.999
MED11,MED21,0.999
MED11,MED22,0.999
MED11,MED23,0.996
MED11,MED24,0.997
MED11,MED25,0.984
MED11,MED26,0.998
MED11,MED27,0.999
MED11,MED28,0.999
MED11,MED29,0.999
MED11,MED30,0.999
MED11,MED31,0.996
MED11,MED4,0.999
MED11,MED6,0.999
MED11,MED7,0.999
MED11,MED8,0.999
MED11,MED9,0.997
MED11,POLR2A,0.904
MED11,POLR2C,0.934
MED11,POLR2D,0.905
MED11,THRAP3,0.902
MED11,TRIP4,0.994
MED12,MED13,0.999
MED12,MED13L,0.999
MED12,MED14,0.999
MED12,MED15,0.999
MED12,MED16,0.999
MED12,MED17,0.999
MED12,MED18,0.999
MED12,MED19,0.995
MED12,MED20,0.999
MED12,MED21,0.999
MED12,MED22,0.999
MED12,MED23,0.999
MED12,MED24,0.999
MED12,MED25,0.999
MED12,MED26,0.994
MED12,MED27,0.999
MED12,MED28,0.999
MED12,MED29,0.999
MED12,MED30,0.999
MED12,MED31,0.999
MED12,MED4,0.999
MED12,MED6,0.999
MED12,MED7,0.991
MED12,MED8,0.999
MED12,MED9,0.982
MED12,POLR2E,0.994
MED12,RCOR1,0.995
MED12,STN1,0.994
MED12,THRAP3,0.924
MED12,TRIP4,0.994
MED12,ZC3H13,0.994
MED13,MED13L,0.973
MED13,MED14,0.999
MED13,MED15,0.991
MED13,MED16,0.995
MED13,MED17,0.996
MED13,MED18,0.999
MED13,MED19,0.997
MED13,MED20,0.981
MED13,MED21,0.991
MED13,MED22,0.989
MED13,MED23,0.996
MED13,MED24,0.987
MED13,MED25,0.916
MED13,MED26,0.994
MED13,MED27,0.989
MED13,MED28,0.999
MED13,MED29,0.996
MED13,MED30,0.991
MED13,MED31,0.973
MED13,MED4,0.994
MED13,MED6,0.992
MED13,MED7,0.987
MED13,MED8,0.988
MED13,MED9,0.983
MED13,STN1,0.994
MED13,THRAP3,0.909
MED13,TRIP4,0.994
MED13,ZC3H13,0.994
MED13L,MED14,0.98
MED13L,MED15,0.959
MED13L,MED16,0.951
MED13L,MED17,0.955
MED13L,MED18,0.975
MED13L,MED19,0.986
MED13L,MED20,0.945
MED13L,MED21,0.971
MED13L,MED22,0.956
MED13L,MED23,0.978
MED13L,MED24,0.943
MED13L,MED26,0.964
MED13L,MED27,0.97
MED13L,MED28,0.97
MED13L,MED29,0.978
MED13L,MED30,0.925
MED13L,MED31,0.957
MED13L,MED4,0.979
MED13L,MED6,0.967
MED13L,MED7,0.977
MED13L,MED9,0.97
MED14,MED15,0.999
MED14,MED16,0.999
MED14,MED17,0.999
MED14,MED18,0.999
MED14,MED19,0.999
MED14,MED20,0.999
MED14,MED21,0.999
MED14,MED22,0.999
MED14,MED23,0.999
MED14,MED24,0.999
MED14,MED25,0.996
MED14,MED26,0.999
MED14,MED27,0.999
MED14,MED28,0.999
MED14,MED29,0.999
MED14,MED30,0.999
MED14,MED31,0.999
MED14,MED4,0.999
MED14,MED6,0.999
MED14,MED7,0.999
MED14,MED8,0.999
MED14,MED9,0.997
MED14,MNAT1,0.955
MED14,POLR2A,0.997
MED14,POLR2B,0.995
MED14,POLR2C,0.997
MED14,POLR2D,0.995
MED14,POLR2E,0.992
MED14,POLR2F,0.989
MED14,POLR2G,0.995
MED14,POLR2H,0.99
MED14,POLR2I,0.991
MED14,POLR2J,0.983
MED14,POLR2K,0.99
MED14,POLR2L,0.988
MED14,STN1,0.994
MED14,TAF2,0.929
MED14,TBP,0.965
MED14,THRAP3,0.942
MED14,ZC3H13,0.994
MED15,MED16,0.999
MED15,MED17,0.999
MED15,MED18,0.999
MED15,MED19,0.999
MED15,MED20,0.998
MED15,MED21,0.998
MED15,MED22,0.998
MED15,MED23,0.999
MED15,MED24,0.999
MED15,MED25,0.997
MED15,MED26,0.997
MED15,MED27,0.999
MED15,MED28,0.999
MED15,MED29,0.999
MED15,MED30,0.994
MED15,MED31,0.997
MED15,MED4,0.998
MED15,MED6,0.998
MED15,MED7,0.999
MED15,MED8,0.996
MED15,MED9,0.997
MED15,SREBF1,0.958
MED15,TRIP4,0.994
MED15,ZC3H13,0.994
MED16,MED17,0.999
MED16,MED18,0.999
MED16,MED19,0.998
MED16,MED20,0.997
MED16,MED21,0.999
MED16,MED22,0.999
MED16,MED23,0.999
MED16,MED24,0.999
MED16,MED25,0.997
MED16,MED26,0.997
MED16,MED27,0.999
MED16,MED28,0.999
MED16,MED29,0.999
MED16,MED30,0.997
MED16,MED31,0.996
MED16,MED4,0.998
MED16,MED6,0.998
MED16,MED7,0.998
MED16,MED8,0.998
MED16,MED9,0.997
MED16,STN1,0.994
MED16,THRAP3,0.948
MED16,ZC3H13,0.994
MED17,MED18,0.999
MED17,MED19,0.999
MED17,MED20,0.999
MED17,MED21,0.999
MED17,MED22,0.999
MED17,MED23,0.998
MED17,MED24,0.998
MED17,MED25,0.996
MED17,MED26,0.999
MED17,MED27,0.999
MED17,MED28,0.999
MED17,MED29,0.999
MED17,MED30,0.999
MED17,MED31,0.999
MED17,MED4,0.999
MED17,MED6,0.999
MED17,MED7,0.999
MED17,MED8,0.999
MED17,MED9,0.997
MED17,MNAT1,0.93
MED17,POLR2A,0.965
MED17,POLR2B,0.982
MED17,POLR2C,0.996
MED17,POLR2D,0.994
MED17,POLR2E,0.981
MED17,POLR2F,0.976
MED17,POLR2G,0.994
MED17,POLR2H,0.976
MED17,POLR2I,0.98
MED17,POLR2J,0.987
MED17,POLR2K,0.969
MED17,POLR2L,0.968
MED17,STN1,0.994
MED17,TAF8,0.929
MED17,TAF9,0.905
MED17,TBP,0.962
MED17,THRAP3,0.906
MED17,TP53,0.914
MED17,TRIP4,0.994
MED17,ZC3H13,0.995
MED18,MED19,0.999
MED18,MED20,0.999
MED18,MED21,0.999
MED18,MED22,0.999
MED18,MED23,0.999
MED18,MED24,0.999
MED18,MED25,0.993
MED18,MED26,0.999
MED18,MED27,0.999
MED18,MED28,0.999
MED18,MED29,0.999
MED18,MED30,0.999
MED18,MED31,0.999
MED18,MED4,0.999
MED18,MED6,0.999
MED18,MED7,0.999
MED18,MED8,0.999
MED18,MED9,0.998
MED18,POLR2A,0.987
MED18,POLR2B,0.947
MED18,POLR2C,0.984
MED18,POLR2D,0.961
MED18,POLR2E,0.966
MED18,POLR2F,0.926
MED18,POLR2G,0.974
MED18,POLR2H,0.941
MED18,POLR2I,0.951
MED18,POLR2J,0.975
MED18,POLR2K,0.924
MED18,POLR2L,0.926
MED18,TBP,0.923
MED18,THRAP3,0.902
MED19,MED20,0.999
MED19,MED21,0.998
MED19,MED22,0.999
MED19,MED23,0.998
MED19,MED24,0.998
MED19,MED25,0.996
MED19,MED26,0.999
MED19,MED27,0.999
MED19,MED28,0.999
MED19,MED29,0.999
MED19,MED30,0.998
MED19,MED31,0.999
MED19,MED4,0.998
MED19,MED6,0.999
MED19,MED7,0.999
MED19,MED8,0.999
MED19,MED9,0.999
MED19,POLR2A,0.966
MED19,POLR2B,0.936
MED19,POLR2C,0.954
MED19,POLR2D,0.953
MED19,POLR2E,0.937
MED19,POLR2F,0.931
MED19,POLR2G,0.941
MED19,POLR2H,0.932
MED19,POLR2I,0.933
MED19,POLR2J,0.934
MED19,POLR2K,0.917
MED19,POLR2L,0.927
MED19,ZC3H13,0.994
MED20,MED21,0.999
MED20,MED22,0.999
MED20,MED23,0.996
MED20,MED24,0.996
MED20,MED25,0.989
MED20,MED26,0.997
MED20,MED27,0.999
MED20,MED28,0.999
MED20,MED29,0.999
MED20,MED30,0.999
MED20,MED31,0.997
MED20,MED4,0.998
MED20,MED6,0.999
MED20,MED7,0.999
MED20,MED8,0.999
MED20,MED9,0.998
MED20,POLR2A,0.961
MED20,POLR2C,0.966
MED20,POLR2J,0.939
MED20,TBP,0.92
MED20,ZC3H13,0.994
MED21,MED22,0.999
MED21,MED23,0.998
MED21,MED24,0.997
MED21,MED25,0.992
MED21,MED26,0.999
MED21,MED27,0.998
MED21,MED28,0.999
MED21,MED29,0.999
MED21,MED30,0.999
MED21,MED31,0.999
MED21,MED4,0.999
MED21,MED6,0.999
MED21,MED7,0.999
MED21,MED8,0.999
MED21,MED9,0.999
MED21,MNAT1,0.955
MED21,POLR2A,0.984
MED21,POLR2B,0.991
MED21,POLR2C,0.995
MED21,POLR2D,0.996
MED21,POLR2E,0.99
MED21,POLR2F,0.988
MED21,POLR2G,0.991
MED21,POLR2H,0.989
MED21,POLR2I,0.992
MED21,POLR2J,0.958
MED21,POLR2K,0.993
MED21,POLR2L,0.991
MED21,TBP,0.916
MED21,THRAP3,0.9
MED21,ZC3H13,0.994
MED22,MED23,0.998
MED22,MED24,0.997
MED22,MED25,0.988
MED22,MED26,0.999
MED22,MED27,0.999
MED22,MED28,0.999
MED22,MED29,0.999
MED22,MED30,0.999
MED22,MED31,0.999
MED22,MED4,0.999
MED22,MED6,0.999
MED22,MED7,0.999
MED22,MED8,0.999
MED22,MED9,0.998
MED22,POLR2A,0.935
MED22,POLR2B,0.939
MED22,POLR2C,0.975
MED22,POLR2D,0.991
MED22,POLR2E,0.946
MED22,POLR2F,0.925
MED22,POLR2G,0.956
MED22,POLR2H,0.94
MED22,POLR2I,0.953
MED22,POLR2J,0.95
MED22,POLR2K,0.926
MED22,POLR2L,0.928
MED22,THRAP3,0.902
MED23,MED24,0.999
MED23,MED25,0.999
MED23,MED26,0.998
MED23,MED27,0.997
MED23,MED28,0.999
MED23,MED29,0.997
MED23,MED30,0.998
MED23,MED31,0.997
MED23,MED4,0.999
MED23,MED6,0.998
MED23,MED7,0.997
MED23,MED8,0.996
MED23,MED9,0.996
MED23,POLR2A,0.951
MED23,STN1,0.994
MED23,TBP,0.927
MED23,TRIP4,0.994
MED23,ZC3H13,0.995
MED24,MED25,0.996
MED24,MED26,0.996
MED24,MED27,0.999
MED24,MED28,0.999
MED24,MED29,0.999
MED24,MED30,0.996
MED24,MED31,0.995
MED24,MED4,0.998
MED24,MED6,0.998
MED24,MED7,0.997
MED24,MED8,0.997
MED24,MED9,0.997
MED24,STN1,0.994
MED24,TBP,0.904
MED24,TRIP4,0.994
MED24,ZC3H13,0.994
MED25,MED26,0.991
MED25,MED27,0.984
MED25,MED28,0.999
MED25,MED29,0.993
MED25,MED30,0.988
MED25,MED31,0.981
MED25,MED4,0.996
MED25,MED6,0.997
MED25,MED7,0.992
MED25,MED8,0.976
MED25,MED9,0.988
MED25,STN1,0.994
MED25,TRIP4,0.994
MED25,ZC3H13,0.994
MED26,MED27,0.998
MED26,MED28,0.999
MED26,MED29,0.998
MED26,MED30,0.999
MED26,MED31,0.999
MED26,MED4,0.999
MED26,MED6,0.999
MED26,MED7,0.999
MED26,MED8,0.997
MED26,MED9,0.998
MED26,POLR2A,0.979
MED26,POLR2B,0.971
MED26,POLR2C,0.98
MED26,POLR2D,0.972
MED26,POLR2E,0.972
MED26,POLR2F,0.96
MED26,POLR2G,0.983
MED26,POLR2H,0.972
MED26,POLR2I,0.971
MED26,POLR2J,0.973
MED26,POLR2K,0.943
MED26,POLR2L,0.967
MED26,TAF6,0.938
MED26,TBP,0.984
MED26,THRAP3,0.904
MED26,ZC3H13,0.994
MED27,MED28,0.999
MED27,MED29,0.999
MED27,MED30,0.999
MED27,MED31,0.998
MED27,MED4,0.998
MED27,MED6,0.998
MED27,MED7,0.999
MED27,MED8,0.998
MED27,MED9,0.996
MED27,POLR2A,0.949
MED27,POLR2B,0.902
MED27,POLR2C,0.912
MED27,STN1,0.994
MED27,TBP,0.923
MED27,TRIP4,0.994
MED27,ZC3H13,0.994
MED28,MED29,0.999
MED28,MED30,0.999
MED28,MED31,0.999
MED28,MED4,0.999
MED28,MED6,0.999
MED28,MED7,0.998
MED28,MED8,0.999
MED28,MED9,0.999
MED28,POLR2A,0.998
MED28,POLR2B,0.998
MED28,POLR2C,0.935
MED28,POLR2D,0.928
MED28,POLR2E,0.998
MED28,POLR2G,0.92
MED28,POLR2J,0.936
MED28,RCOR1,0.994
MED28,TRIP4,0.994
MED28,ZC3H13,0.994
MED29,MED30,0.999
MED29,MED31,0.997
MED29,MED4,0.999
MED29,MED6,0.999
MED29,MED7,0.998
MED29,MED8,0.999
MED29,MED9,0.998
MED29,POLR2A,0.913
MED29,POLR2C,0.916
MED29,POLR2D,0.905
MED29,POLR2I,0.928
MED29,POLR2J,0.932
MED29,STN1,0.994
MED29,THRAP3,0.9
MED29,ZC3H13,0.994
MED30,MED31,0.996
MED30,MED4,0.999
MED30,MED6,0.999
MED30,MED7,0.998
MED30,MED8,0.999
MED30,MED9,0.997
MED30,POLR2A,0.939
MED30,POLR2F,0.924
MED30,POLR2G,0.935
MED30,POLR2J,0.915
MED30,STN1,0.994
MED30,THRAP3,0.907
MED30,ZC3H13,0.995
MED31,MED4,0.999
MED31,MED6,0.999
MED31,MED7,0.999
MED31,MED8,0.997
MED31,MED9,0.998
MED31,MNAT1,0.957
MED31,POLR2A,0.994
MED31,POLR2B,0.992
MED31,POLR2C,0.995
MED31,POLR2D,0.993
MED31,POLR2E,0.992
MED31,POLR2F,0.986
MED31,POLR2G,0.992
MED31,POLR2H,0.988
MED31,POLR2I,0.992
MED31,POLR2J,0.964
MED31,POLR2K,0.989
MED31,POLR2L,0.986
MED31,TBP,0.939
MED4,MED6,0.999
MED4,MED7,0.999
MED4,MED8,0.999
MED4,MED9,0.999
MED4,POLR2A,0.943
MED4,POLR2C,0.907
MED4,POLR2D,0.959
MED4,STN1,0.994
MED4,THRAP3,0.911
MED4,TRIP4,0.994
MED4,ZC3H13,0.995
MED6,MED7,0.999
MED6,MED8,0.999
MED6,MED9,0.997
MED6,MNAT1,0.977
MED6,POLR2A,0.995
MED6,POLR2B,0.993
MED6,POLR2C,0.996
MED6,POLR2D,0.995
MED6,POLR2E,0.994
MED6,POLR2F,0.991
MED6,POLR2G,0.994
MED6,POLR2H,0.992
MED6,POLR2I,0.991
MED6,POLR2J,0.974
MED6,POLR2K,0.988
MED6,POLR2L,0.988
MED6,STN1,0.994
MED6,TBP,0.963
MED6,THRAP3,0.91
MED6,ZC3H13,0.994
MED7,MED8,0.999
MED7,MED9,0.999
MED7,MNAT1,0.946
MED7,POLR2A,0.997
MED7,POLR2B,0.991
MED7,POLR2C,0.994
MED7,POLR2D,0.99
MED7,POLR2E,0.991
MED7,POLR2F,0.987
MED7,POLR2G,0.994
MED7,POLR2H,0.989
MED7,POLR2I,0.99
MED7,POLR2J,0.973
MED7,POLR2K,0.988
MED7,POLR2L,0.987
MED7,TBP,0.963
MED8,MED9,0.997
MED8,POLR2A,0.922
MED8,POLR2C,0.952
MED8,POLR2D,0.975
MED8,POLR2G,0.947
MED8,POLR2J,0.906
MED8,STN1,0.994
MED8,TAF12,0.905
MED8,TBP,0.929
MED8,THRAP3,0.91
MED8,TRIP4,0.994
MED8,ZC3H13,0.994
MED9,POLR2A,0.942
MED9,POLR2B,0.93
MED9,POLR2C,0.944
MED9,POLR2D,0.915
MED9,POLR2E,0.922
MED9,POLR2G,0.925
MED9,POLR2J,0.913
MED9,ZC3H13,0.994
MEF2A,MEF2C,0.94
MEF2A,MEF2D,0.991
MEF2A,MYOD1,0.967
MEF2A,MYOG,0.941
MEF2A,NFATC2,0.923
MEF2A,NKX2-5,0.939
MEF2C,MYOD1,0.956
MEF2C,MYOG,0.964
MEF2C,NKX2-5,0.988
MEF2C,PPARGC1A,0.943
MEF2C,PTK2,0.914
MEF2C,TBX5,0.914
MEF2D,MYOD1,0.903
MEF2D,MYOG,0.926
MEF2D,NFATC2,0.952
MEFV,NAIP,0.979
MEFV,NLRC4,0.999
MEFV,NLRP1,0.999
MEFV,NLRP12,0.967
MEFV,NLRP2,0.925
MEFV,NLRP3,0.996
MEFV,NLRP6,0.984
MEFV,NLRP7,0.908
MEFV,NLRP9,0.916
MEFV,PKN1,0.96
MEFV,PYCARD,0.999
MEFV,RPS6KA1,0.911
MEFV,RPS6KA3,0.906
MEFV,YWHAE,0.932
MEGF8,MGRN1,0.975
MEGF8,SMO,0.93
MEI4,REC114,0.997
MEIG1,PACRG,0.99
MEIOB,SPATA22,0.967
MEIS1,MEIS2,0.99
MEIS1,NUP98,0.909
MEIS1,PBX1,0.999
MEIS2,PBX1,0.987
MEIS2,PBX2,0.964
MEIS2,PBX3,0.945
MEMO1,RPL32,0.9
MEN1,PSIP1,0.997
MEN1,RBBP5,0.992
MEN1,SMAD3,0.983
MEN1,WDR5,0.988
MEP1A,MEP1B,0.931
MEPCE,PRPF3,0.901
MEPCE,SART3,0.976
MET,NRAS,0.966
MET,PIK3CA,0.961
MET,PIK3CB,0.925
MET,PIK3CD,0.922
MET,PLCG1,0.964
MET,PLCG2,0.916
MET,PLXNB1,0.996
MET,PTK2,0.935
MET,PTPN1,0.954
MET,PTPN11,0.927
MET,S100A8,0.927
MET,SEMA4D,0.903
MET,SH3KBP1,0.919
MET,SHC1,0.992
MET,SHC2,0.925
MET,SHC3,0.922
MET,SRC,0.993
MET,STAT3,0.981
METAP2,RPL5,0.905
METTL14,METTL3,0.999
METTL14,SMAD2,0.981
METTL14,VIRMA,0.999
METTL14,WTAP,0.999
METTL14,ZC3H13,0.999
METTL3,SMAD2,0.977
METTL3,SMAD3,0.915
METTL3,VIRMA,0.999
METTL3,WTAP,0.999
METTL3,ZC3H13,0.999
MFAP1,MFAP2,0.912
MFAP1,NCBP2,0.928
MFAP1,PHF5A,0.985
MFAP1,PPIH,0.941
MFAP1,PRPF3,0.995
MFAP1,PRPF31,0.999
MFAP1,PRPF38A,0.999
MFAP1,PRPF4,0.999
MFAP1,PRPF6,0.999
MFAP1,PRPF8,0.999
MFAP1,SART1,0.999
MFAP1,SF3A1,0.999
MFAP1,SF3A2,0.991
MFAP1,SF3A3,0.999
MFAP1,SF3B1,0.999
MFAP1,SF3B2,0.985
MFAP1,SF3B3,0.999
MFAP1,SF3B4,0.999
MFAP1,SF3B5,0.987
MFAP1,SF3B6,0.992
MFAP1,SMU1,0.999
MFAP1,SNRNP200,0.999
MFAP1,SNRNP40,0.992
MFAP1,SNRPA1,0.999
MFAP1,SNRPB,0.993
MFAP1,SNRPB2,0.988
MFAP1,SNRPD1,0.999
MFAP1,SNRPD2,0.999
MFAP1,SNRPD3,0.997
MFAP1,SNRPE,0.984
MFAP1,SNRPF,0.991
MFAP1,SNRPG,0.999
MFAP1,SNRPN,0.954
MFAP1,SNU13,0.989
MFAP1,SNW1,0.967
MFAP1,SRRM1,0.968
MFAP1,SRRM2,0.933
MFAP1,TCERG1,0.995
MFAP1,TXNL4A,0.983
MFAP1,UBL5,0.993
MFAP1,WBP11,0.972
MFAP1,WBP4,0.995
MFAP1,ZMAT2,0.999
MFF,MIEF1,0.966
MGA,PCGF6,0.948
MGA,PELP1,0.904
MGA,PHF20,0.908
MGA,PRPF31,0.9
MGA,RBBP5,0.905
MGA,RNF2,0.966
MGA,RUVBL1,0.9
MGA,RUVBL2,0.903
MGA,SENP3,0.905
MGA,TAF1,0.928
MGA,TAF4,0.902
MGA,TAF6,0.902
MGA,TAF7,0.902
MGA,TAF9,0.9
MGA,TEX10,0.903
MGA,WDR5,0.979
MGA,YAF2,0.908
MGRN1,SMO,0.919
MIA2,MIA3,0.999
MIA2,PREB,0.999
MIA3,SEC23A,0.961
MIA3,SEC24B,0.975
MICA,MICB,0.918
MICAL1,NEDD9,0.998
MICALL2,RAB13,0.993
MICALL2,RAB8A,0.989
MICB,NCR3,0.945
MICB,ULBP1,0.973
MICB,ULBP2,0.971
MICOS10,MICOS13,0.984
MICOS10,MTX1,0.943
MICOS10,MTX2,0.95
MICOS10,SAMM50,0.966
MICOS13,MTX2,0.946
MICOS13,SAMM50,0.945
MICU1,MICU2,0.999
MICU1,SMDT1,0.999
MICU2,SMDT1,0.999
MID1,PPP2CA,0.914
MINK1,STRN,0.95
MIOS,NPRL2,0.999
MIOS,NPRL3,0.999
MIOS,RRAGA,0.998
MIOS,RRAGC,0.998
MIOS,SEC13,0.999
MIOS,SEH1L,0.999
MIOS,SESN2,0.99
MIOS,WDR24,0.999
MIOS,WDR59,0.999
MIS12,NDC80,0.991
MIS12,NSL1,0.999
MIS12,NUF2,0.986
MIS12,PMF1,0.999
MIS12,SPC24,0.993
MIS12,SPC25,0.971
MIS12,ZWINT,0.989
MIS18A,MIS18BP1,0.999
MIS18A,OIP5,0.999
MIS18BP1,OIP5,0.999
MITF,PAX6,0.911
MITF,SPI1,0.968
MITF,TFEB,0.976
MITF,TYR,0.981
MITF,TYRP1,0.936
MKKS,TCP1,0.924
MKLN1,RANBP10,0.949
MKLN1,RANBP9,0.998
MKLN1,RMND5A,0.99
MKLN1,WDR26,0.961
MKS1,NPHP1,0.962
MKS1,NPHP4,0.907
MKS1,TCTN1,0.997
MKS1,TCTN2,0.988
MKS1,TCTN3,0.979
MKS1,TMEM17,0.91
MKS1,TMEM216,0.987
MKS1,TMEM231,0.982
MKS1,TMEM67,0.997
MLH1,MSH2,0.999
MLH1,MSH3,0.999
MLH1,MSH4,0.986
MLH1,MSH5,0.971
MLH1,MSH6,0.999
MLH1,PMS1,0.999
MLH1,PMS2,0.999
MLH1,POLD1,0.944
MLH1,TP53,0.965
MLKL,NLRP3,0.959
MLKL,PGAM5,0.991
MLKL,RIPK1,0.996
MLKL,RIPK3,0.999
MLKL,TNF,0.998
MLKL,TRPM7,0.932
MLLT1,MLLT10,0.986
MLLT1,MLLT3,0.999
MLLT1,NELFA,0.901
MLLT1,NELFB,0.932
MLLT1,NELFCD,0.903
MLLT1,NELFE,0.932
MLLT1,PAF1,0.953
MLLT1,PEX2,0.9
MLLT1,SUPT4H1,0.93
MLLT1,SUPT5H,0.936
MLLT1,ZC3H8,0.905
MLLT10,MLLT3,0.996
MLLT10,PICALM,0.922
MLLT3,NELFA,0.9
MLLT3,NELFB,0.906
MLLT3,NELFCD,0.9
MLLT3,NELFE,0.919
MLLT3,PAF1,0.928
MLLT3,PEX2,0.9
MLLT3,SUPT4H1,0.927
MLLT3,SUPT5H,0.93
MLLT3,ZC3H8,0.905
MLPH,MYO5A,0.999
MLPH,RAB27A,0.999
MLPH,RAB27B,0.995
MLST8,MTOR,0.999
MLST8,PRR5,0.999
MLST8,PRR5L,0.999
MLST8,RICTOR,0.999
MLST8,RPTOR,0.999
MLST8,RRAGA,0.985
MLST8,RRAGB,0.928
MLST8,RRAGC,0.984
MLST8,RRAGD,0.908
MLST8,SMG1,0.955
MLST8,TELO2,0.994
MLST8,TSC2,0.915
MLST8,TTI1,0.999
MLST8,ULK1,0.969
MLST8,ULK2,0.937
MLX,MLXIP,0.989
MLX,OGT,0.9
MLXIP,OGT,0.914
MMAA,MMACHC,0.947
MMAA,MMADHC,0.983
MMAA,MMUT,0.997
MMACHC,MMADHC,0.991
MMACHC,MMUT,0.91
MMADHC,MMUT,0.959
MMP14,MMP2,0.997
MMP14,RDX,0.925
MMP14,TIMP1,0.999
MMP14,TIMP2,0.999
MMP14,TIMP3,0.93
MMP2,MMP9,0.918
MMP2,NCF1,0.928
MMP2,NCF2,0.917
MMP2,NCF4,0.912
MMP2,SRC,0.972
MMP2,STAT3,0.916
MMP2,TGFB1,0.962
MMP2,THBS1,0.985
MMP2,TIMP1,0.997
MMP2,TIMP2,0.999
MMP2,TIMP3,0.996
MMP9,MPO,0.969
MMP9,NCF1,0.95
MMP9,NCF2,0.941
MMP9,NCF4,0.936
MMP9,SDC1,0.968
MMP9,SPP1,0.947
MMP9,SRC,0.97
MMP9,TGFB1,0.968
MMP9,THBS1,0.997
MMP9,THBS2,0.968
MMP9,TIMP1,0.999
MMP9,TIMP2,0.998
MMP9,TIMP3,0.995
MMP9,TLR4,0.934
MMP9,TNF,0.93
MMS19,MNAT1,0.939
MMS19,NUBP1,0.93
MMS19,POLD1,0.913
MMS19,SLC25A5,0.994
MMS22L,TONSL,0.999
MMUT,PCCA,0.906
MMUT,PCCB,0.937
MMUT,SUCLA2,0.945
MMUT,SUCLG1,0.94
MMUT,SUCLG2,0.957
MNAT1,PCNA,0.907
MNAT1,POLR2A,0.988
MNAT1,POLR2B,0.964
MNAT1,POLR2C,0.977
MNAT1,POLR2D,0.994
MNAT1,POLR2E,0.962
MNAT1,POLR2F,0.967
MNAT1,POLR2G,0.993
MNAT1,POLR2H,0.965
MNAT1,POLR2I,0.968
MNAT1,POLR2J,0.957
MNAT1,POLR2K,0.97
MNAT1,POLR2L,0.962
MNAT1,TAF1,0.908
MNAT1,TAF10,0.915
MNAT1,TAF11,0.908
MNAT1,TAF12,0.912
MNAT1,TAF13,0.939
MNAT1,TAF2,0.933
MNAT1,TAF3,0.913
MNAT1,TAF5,0.902
MNAT1,TAF6,0.919
MNAT1,TAF7,0.904
MNAT1,TAF9,0.912
MNAT1,TBP,0.971
MND1,PSMC3IP,0.999
MND1,RAD51,0.992
MOB1A,SAV1,0.967
MOB1A,STK3,0.998
MOB1A,STK38,0.974
MOB1A,STK4,0.999
MOB4,PDCD10,0.999
MOB4,PPP2CA,0.999
MOB4,PPP2CB,0.997
MOB4,PPP2R1A,0.999
MOB4,PPP2R1B,0.994
MOB4,SIKE1,0.998
MOB4,SLMAP,0.999
MOB4,STK26,0.999
MOB4,STRIP1,0.999
MOB4,STRN,0.999
MOB4,STRN3,0.999
MOB4,STRN4,0.999
MOB4,TCP1,0.995
MOCS1,MOCS2,0.999
MOCS2,SGF29,0.957
MON1A,MON1B,0.932
MON1A,RAB5A,0.97
MON1A,RAB7A,0.902
MON1A,RMC1,0.934
MON1B,RMC1,0.939
MORF4L1,MORF4L2,0.987
MORF4L1,MRFAP1,0.987
MORF4L1,MRGBP,0.999
MORF4L1,MSL1,0.934
MORF4L1,MSL2,0.93
MORF4L1,MSL3,0.939
MORF4L1,PALB2,0.998
MORF4L1,PHF20,0.906
MORF4L1,RBBP4,0.978
MORF4L1,RBBP7,0.97
MORF4L1,RUVBL1,0.993
MORF4L1,RUVBL2,0.996
MORF4L1,SIN3A,0.995
MORF4L1,SIN3B,0.989
MORF4L1,SUDS3,0.95
MORF4L1,TRRAP,0.998
MORF4L1,VPS72,0.991
MORF4L1,YEATS4,0.999
MORF4L2,MRFAP1,0.953
MORF4L2,MRGBP,0.999
MORF4L2,RUVBL1,0.966
MORF4L2,RUVBL2,0.962
MORF4L2,TRRAP,0.997
MORF4L2,VPS72,0.978
MORF4L2,YEATS4,0.992
MOV10,UPF1,0.912
MPDZ,MPP5,0.999
MPHOSPH10,NGDN,0.998
MPHOSPH10,NHP2,0.908
MPHOSPH10,NIFK,0.915
MPHOSPH10,NOL10,0.999
MPHOSPH10,NOL11,0.953
MPHOSPH10,NOP10,0.929
MPHOSPH10,NOP56,0.999
MPHOSPH10,NOP58,0.999
MPHOSPH10,POP1,0.909
MPHOSPH10,POP5,0.906
MPHOSPH10,POP7,0.901
MPHOSPH10,RBM28,0.925
MPHOSPH10,RPP25,0.924
MPHOSPH10,RPP30,0.942
MPHOSPH10,RPP38,0.937
MPHOSPH10,RPS11,0.982
MPHOSPH10,RPS12,0.934
MPHOSPH10,RPS13,0.986
MPHOSPH10,RPS14,0.982
MPHOSPH10,RPS15A,0.96
MPHOSPH10,RPS16,0.984
MPHOSPH10,RPS18,0.976
MPHOSPH10,RPS19,0.976
MPHOSPH10,RPS23,0.992
MPHOSPH10,RPS24,0.982
MPHOSPH10,RPS27,0.971
MPHOSPH10,RPS28,0.993
MPHOSPH10,RPS3A,0.985
MPHOSPH10,RPS4X,0.952
MPHOSPH10,RPS5,0.985
MPHOSPH10,RPS6,0.996
MPHOSPH10,RPS7,0.995
MPHOSPH10,RPS8,0.986
MPHOSPH10,RPS9,0.993
MPHOSPH10,RSL1D1,0.989
MPHOSPH10,SNRNP40,0.906
MPHOSPH10,SNU13,0.998
MPHOSPH10,TBL3,0.999
MPHOSPH10,UTP4,0.999
MPHOSPH10,WDR43,0.999
MPHOSPH6,MTREX,0.997
MPHOSPH6,ZFC3H1,0.954
MPHOSPH8,PPHLN1,0.991
MPHOSPH8,RANBP9,0.943
MPHOSPH8,SETDB1,0.918
MPHOSPH8,TASOR,0.998
MPL,THPO,0.999
MPO,RUNX1,0.947
MPP1,MYO15A,0.909
MPP1,WHRN,0.962
MPP4,MPP5,0.931
MPRIP,PPP1R12A,0.957
MPRIP,RHOA,0.993
MRAS,NF1,0.955
MRAS,PIK3CA,0.996
MRAS,PIK3CB,0.961
MRAS,PIK3CD,0.954
MRAS,PIK3R1,0.919
MRAS,PIK3R2,0.903
MRAS,PIK3R3,0.91
MRAS,PPP1CC,0.923
MRAS,PRKCA,0.909
MRAS,PRKCB,0.907
MRAS,PRKCE,0.917
MRAS,PRKCG,0.908
MRAS,RAF1,0.991
MRAS,RALBP1,0.916
MRAS,RAPGEF2,0.976
MRAS,RASA1,0.962
MRAS,RASGRF1,0.929
MRAS,RASSF1,0.909
MRAS,RIN1,0.92
MRAS,SHOC2,0.999
MRAS,SOS1,0.97
MRAS,TIAM1,0.926
MRE11,NBN,0.999
MRE11,RAD50,0.999
MRE11,RAD51,0.984
MRE11,RAD51B,0.908
MRE11,RAD51C,0.933
MRE11,RAD51D,0.946
MRE11,RBBP8,0.997
MRE11,RPA1,0.953
MRE11,TERF2,0.949
MRE11,TERF2IP,0.929
MRE11,TP53,0.905
MRE11,TP53BP1,0.938
MRE11,WRN,0.945
MRE11,XRCC1,0.902
MRE11,XRCC2,0.912
MRE11,XRCC5,0.979
MRE11,XRCC6,0.987
MRGBP,MSL3,0.921
MRGBP,RUVBL1,0.99
MRGBP,RUVBL2,0.989
MRGBP,TRRAP,0.999
MRGBP,VPS72,0.991
MRGBP,YEATS4,0.998
MRNIP,MRPL12,0.966
MRNIP,MRPL17,0.968
MRNIP,MRPL19,0.969
MRNIP,MRPL20,0.97
MRNIP,MRPL21,0.961
MRNIP,MRPL27,0.969
MRNIP,MRPL32,0.969
MRNIP,MRPL33,0.965
MRNIP,MRPL36,0.935
MRNIP,MRPL9,0.944
MRNIP,MRPS16,0.969
MRNIP,MRPS6,0.954
MRNIP,MRPS9,0.974
MRNIP,RPL10,0.916
MRNIP,RPL10A,0.921
MRNIP,RPL11,0.973
MRNIP,RPL13,0.975
MRNIP,RPL13A,0.937
MRNIP,RPL14,0.98
MRNIP,RPL15,0.979
MRNIP,RPL17,0.93
MRNIP,RPL18,0.978
MRNIP,RPL18A,0.978
MRNIP,RPL19,0.972
MRNIP,RPL21,0.979
MRNIP,RPL22,0.915
MRNIP,RPL23,0.979
MRNIP,RPL23A,0.979
MRNIP,RPL24,0.975
MRNIP,RPL26,0.93
MRNIP,RPL27,0.901
MRNIP,RPL27A,0.976
MRNIP,RPL28,0.977
MRNIP,RPL29,0.956
MRNIP,RPL3,0.912
MRNIP,RPL30,0.976
MRNIP,RPL31,0.977
MRNIP,RPL34,0.972
MRNIP,RPL35,0.979
MRNIP,RPL35A,0.977
MRNIP,RPL36,0.98
MRNIP,RPL37,0.929
MRNIP,RPL37A,0.979
MRNIP,RPL38,0.977
MRNIP,RPL39,0.922
MRNIP,RPL4,0.979
MRNIP,RPL5,0.98
MRNIP,RPL6,0.98
MRNIP,RPL8,0.979
MRNIP,RPL9,0.935
MRNIP,RPLP0,0.979
MRNIP,RPLP1,0.968
MRNIP,RPLP2,0.964
MRNIP,RPS10,0.912
MRNIP,RPS11,0.977
MRNIP,RPS14,0.91
MRNIP,RPS15,0.98
MRNIP,RPS16,0.977
MRNIP,RPS17,0.979
MRNIP,RPS18,0.98
MRNIP,RPS19,0.979
MRNIP,RPS2,0.98
MRNIP,RPS20,0.978
MRNIP,RPS21,0.973
MRNIP,RPS23,0.98
MRNIP,RPS24,0.98
MRNIP,RPS25,0.977
MRNIP,RPS26,0.979
MRNIP,RPS27,0.902
MRNIP,RPS27A,0.973
MRNIP,RPS28,0.977
MRNIP,RPS29,0.932
MRNIP,RPS3,0.979
MRNIP,RPS3A,0.98
MRNIP,RPS6,0.98
MRNIP,RPS7,0.976
MRNIP,RPS8,0.978
MRNIP,RPS9,0.979
MRNIP,RPSA,0.917
MRNIP,TUFM,0.953
MRNIP,UBA52,0.975
MRPL1,MRPL10,0.98
MRPL1,MRPL11,0.998
MRPL1,MRPL12,0.997
MRPL1,MRPL13,0.994
MRPL1,MRPL15,0.962
MRPL1,MRPL16,0.979
MRPL1,MRPL17,0.996
MRPL1,MRPL18,0.908
MRPL1,MRPL19,0.998
MRPL1,MRPL2,0.992
MRPL1,MRPL20,0.997
MRPL1,MRPL21,0.997
MRPL1,MRPL22,0.975
MRPL1,MRPL23,0.933
MRPL1,MRPL24,0.982
MRPL1,MRPL27,0.996
MRPL1,MRPL28,0.959
MRPL1,MRPL3,0.993
MRPL1,MRPL30,0.953
MRPL1,MRPL32,0.997
MRPL1,MRPL33,0.994
MRPL1,MRPL35,0.938
MRPL1,MRPL36,0.997
MRPL1,MRPL37,0.937
MRPL1,MRPL38,0.922
MRPL1,MRPL39,0.989
MRPL1,MRPL4,0.998
MRPL1,MRPL40,0.952
MRPL1,MRPL41,0.943
MRPL1,MRPL42,0.974
MRPL1,MRPL43,0.928
MRPL1,MRPL44,0.932
MRPL1,MRPL45,0.942
MRPL1,MRPL46,0.942
MRPL1,MRPL47,0.985
MRPL1,MRPL49,0.939
MRPL1,MRPL50,0.973
MRPL1,MRPL51,0.918
MRPL1,MRPL52,0.967
MRPL1,MRPL53,0.952
MRPL1,MRPL54,0.918
MRPL1,MRPL9,0.997
MRPL1,MRPS10,0.984
MRPL1,MRPS11,0.978
MRPL1,MRPS12,0.978
MRPL1,MRPS14,0.981
MRPL1,MRPS15,0.973
MRPL1,MRPS16,0.996
MRPL1,MRPS18A,0.966
MRPL1,MRPS18C,0.946
MRPL1,MRPS2,0.979
MRPL1,MRPS22,0.933
MRPL1,MRPS30,0.978
MRPL1,MRPS31,0.934
MRPL1,MRPS34,0.927
MRPL1,MRPS35,0.909
MRPL1,MRPS5,0.985
MRPL1,MRPS6,0.995
MRPL1,MRPS7,0.984
MRPL1,MRPS9,0.995
MRPL1,MRTO4,0.91
MRPL1,MTIF2,0.939
MRPL1,RPL11,0.971
MRPL1,RPL13,0.976
MRPL1,RPL15,0.957
MRPL1,RPL18,0.963
MRPL1,RPL18A,0.948
MRPL1,RPL19,0.967
MRPL1,RPL21,0.964
MRPL1,RPL23,0.974
MRPL1,RPL23A,0.972
MRPL1,RPL24,0.965
MRPL1,RPL28,0.931
MRPL1,RPL29,0.923
MRPL1,RPL30,0.951
MRPL1,RPL31,0.965
MRPL1,RPL34,0.968
MRPL1,RPL35,0.974
MRPL1,RPL35A,0.936
MRPL1,RPL36,0.946
MRPL1,RPL37A,0.94
MRPL1,RPL5,0.972
MRPL1,RPL9,0.904
MRPL1,RPLP1,0.954
MRPL1,RPS11,0.971
MRPL1,RPS15,0.971
MRPL1,RPS17,0.964
MRPL1,RPS18,0.972
MRPL1,RPS19,0.961
MRPL1,RPS2,0.912
MRPL1,RPS20,0.936
MRPL1,RPS21,0.937
MRPL1,RPS24,0.965
MRPL1,RPS25,0.943
MRPL1,RPS26,0.932
MRPL1,RPS28,0.956
MRPL1,RPS3,0.972
MRPL1,RPS3A,0.965
MRPL1,RPS6,0.945
MRPL1,RPS7,0.941
MRPL1,RPS8,0.974
MRPL1,RPS9,0.903
MRPL1,TUFM,0.988
MRPL1,UBA52,0.937
MRPL10,MRPL11,0.997
MRPL10,MRPL12,0.986
MRPL10,MRPL13,0.995
MRPL10,MRPL14,0.911
MRPL10,MRPL15,0.97
MRPL10,MRPL16,0.998
MRPL10,MRPL17,0.989
MRPL10,MRPL18,0.944
MRPL10,MRPL19,0.99
MRPL10,MRPL2,0.962
MRPL10,MRPL20,0.961
MRPL10,MRPL21,0.964
MRPL10,MRPL22,0.993
MRPL10,MRPL23,0.986
MRPL10,MRPL24,0.955
MRPL10,MRPL27,0.987
MRPL10,MRPL28,0.949
MRPL10,MRPL3,0.993
MRPL10,MRPL30,0.977
MRPL10,MRPL32,0.99
MRPL10,MRPL33,0.986
MRPL10,MRPL34,0.989
MRPL10,MRPL35,0.966
MRPL10,MRPL36,0.983
MRPL10,MRPL37,0.926
MRPL10,MRPL38,0.979
MRPL10,MRPL39,0.976
MRPL10,MRPL4,0.996
MRPL10,MRPL40,0.992
MRPL10,MRPL41,0.993
MRPL10,MRPL42,0.947
MRPL10,MRPL43,0.988
MRPL10,MRPL44,0.994
MRPL10,MRPL45,0.971
MRPL10,MRPL46,0.991
MRPL10,MRPL47,0.991
MRPL10,MRPL48,0.951
MRPL10,MRPL49,0.993
MRPL10,MRPL50,0.965
MRPL10,MRPL51,0.966
MRPL10,MRPL52,0.928
MRPL10,MRPL53,0.976
MRPL10,MRPL54,0.987
MRPL10,MRPL55,0.965
MRPL10,MRPL9,0.986
MRPL10,MRPS10,0.967
MRPL10,MRPS11,0.973
MRPL10,MRPS12,0.973
MRPL10,MRPS14,0.976
MRPL10,MRPS15,0.978
MRPL10,MRPS16,0.976
MRPL10,MRPS18A,0.988
MRPL10,MRPS18B,0.919
MRPL10,MRPS18C,0.941
MRPL10,MRPS2,0.954
MRPL10,MRPS21,0.92
MRPL10,MRPS25,0.973
MRPL10,MRPS27,0.932
MRPL10,MRPS30,0.969
MRPL10,MRPS34,0.908
MRPL10,MRPS35,0.969
MRPL10,MRPS5,0.979
MRPL10,MRPS6,0.964
MRPL10,MRPS7,0.952
MRPL10,MRPS9,0.981
MRPL10,MTIF2,0.915
MRPL10,NDUFAB1,0.943
MRPL10,TUFM,0.921
MRPL11,MRPL12,0.996
MRPL11,MRPL13,0.999
MRPL11,MRPL14,0.937
MRPL11,MRPL15,0.978
MRPL11,MRPL16,0.998
MRPL11,MRPL17,0.999
MRPL11,MRPL18,0.906
MRPL11,MRPL19,0.999
MRPL11,MRPL2,0.996
MRPL11,MRPL20,0.998
MRPL11,MRPL21,0.999
MRPL11,MRPL22,0.997
MRPL11,MRPL23,0.996
MRPL11,MRPL24,0.998
MRPL11,MRPL27,0.998
MRPL11,MRPL28,0.934
MRPL11,MRPL3,0.997
MRPL11,MRPL30,0.98
MRPL11,MRPL32,0.992
MRPL11,MRPL33,0.997
MRPL11,MRPL34,0.951
MRPL11,MRPL36,0.998
MRPL11,MRPL37,0.986
MRPL11,MRPL38,0.964
MRPL11,MRPL39,0.983
MRPL11,MRPL4,0.999
MRPL11,MRPL40,0.985
MRPL11,MRPL41,0.998
MRPL11,MRPL42,0.954
MRPL11,MRPL43,0.996
MRPL11,MRPL44,0.992
MRPL11,MRPL45,0.974
MRPL11,MRPL46,0.996
MRPL11,MRPL47,0.998
MRPL11,MRPL48,0.91
MRPL11,MRPL49,0.993
MRPL11,MRPL50,0.94
MRPL11,MRPL51,0.941
MRPL11,MRPL52,0.938
MRPL11,MRPL53,0.931
MRPL11,MRPL54,0.96
MRPL11,MRPL9,0.998
MRPL11,MRPS10,0.987
MRPL11,MRPS11,0.997
MRPL11,MRPS12,0.997
MRPL11,MRPS14,0.997
MRPL11,MRPS15,0.998
MRPL11,MRPS16,0.998
MRPL11,MRPS17,0.916
MRPL11,MRPS18A,0.98
MRPL11,MRPS18B,0.952
MRPL11,MRPS18C,0.973
MRPL11,MRPS2,0.987
MRPL11,MRPS21,0.919
MRPL11,MRPS22,0.948
MRPL11,MRPS23,0.944
MRPL11,MRPS25,0.943
MRPL11,MRPS26,0.926
MRPL11,MRPS27,0.931
MRPL11,MRPS30,0.982
MRPL11,MRPS34,0.935
MRPL11,MRPS35,0.98
MRPL11,MRPS5,0.997
MRPL11,MRPS6,0.995
MRPL11,MRPS7,0.991
MRPL11,MRPS9,0.998
MRPL11,MTIF2,0.979
MRPL11,NDUFAB1,0.988
MRPL11,POLR2B,0.934
MRPL11,RPL11,0.923
MRPL11,RPL19,0.902
MRPL11,RPL23,0.992
MRPL11,RPL23A,0.919
MRPL11,RPL24,0.9
MRPL11,RPL30,0.903
MRPL11,RPL31,0.921
MRPL11,RPL34,0.907
MRPL11,RPL35,0.932
MRPL11,RPL36,0.917
MRPL11,RPL5,0.914
MRPL11,RPS11,0.911
MRPL11,RPS15,0.918
MRPL11,RPS17,0.9
MRPL11,RPS18,0.986
MRPL11,RPS19,0.909
MRPL11,RPS24,0.905
MRPL11,RPS3,0.933
MRPL11,RPS3A,0.902
MRPL11,RPS5,0.938
MRPL11,RPS6,0.918
MRPL11,RPS8,0.908
MRPL11,RPS9,0.956
MRPL11,TUFM,0.994
MRPL12,MRPL13,0.998
MRPL12,MRPL14,0.932
MRPL12,MRPL15,0.988
MRPL12,MRPL16,0.991
MRPL12,MRPL17,0.999
MRPL12,MRPL18,0.904
MRPL12,MRPL19,0.999
MRPL12,MRPL2,0.995
MRPL12,MRPL20,0.999
MRPL12,MRPL21,0.999
MRPL12,MRPL22,0.997
MRPL12,MRPL23,0.975
MRPL12,MRPL24,0.996
MRPL12,MRPL27,0.999
MRPL12,MRPL28,0.953
MRPL12,MRPL3,0.997
MRPL12,MRPL30,0.955
MRPL12,MRPL32,0.999
MRPL12,MRPL33,0.999
MRPL12,MRPL34,0.936
MRPL12,MRPL35,0.952
MRPL12,MRPL36,0.999
MRPL12,MRPL37,0.958
MRPL12,MRPL38,0.942
MRPL12,MRPL39,0.965
MRPL12,MRPL4,0.998
MRPL12,MRPL40,0.971
MRPL12,MRPL41,0.982
MRPL12,MRPL42,0.956
MRPL12,MRPL43,0.982
MRPL12,MRPL44,0.979
MRPL12,MRPL45,0.979
MRPL12,MRPL46,0.963
MRPL12,MRPL47,0.994
MRPL12,MRPL48,0.941
MRPL12,MRPL49,0.993
MRPL12,MRPL50,0.952
MRPL12,MRPL51,0.933
MRPL12,MRPL52,0.942
MRPL12,MRPL53,0.952
MRPL12,MRPL54,0.934
MRPL12,MRPL55,0.949
MRPL12,MRPL9,0.999
MRPL12,MRPS10,0.997
MRPL12,MRPS11,0.995
MRPL12,MRPS12,0.998
MRPL12,MRPS14,0.995
MRPL12,MRPS15,0.996
MRPL12,MRPS16,0.999
MRPL12,MRPS17,0.921
MRPL12,MRPS18A,0.939
MRPL12,MRPS18B,0.973
MRPL12,MRPS2,0.994
MRPL12,MRPS21,0.926
MRPL12,MRPS22,0.949
MRPL12,MRPS23,0.944
MRPL12,MRPS25,0.903
MRPL12,MRPS26,0.96
MRPL12,MRPS27,0.962
MRPL12,MRPS28,0.902
MRPL12,MRPS30,0.972
MRPL12,MRPS34,0.964
MRPL12,MRPS35,0.918
MRPL12,MRPS5,0.997
MRPL12,MRPS6,0.999
MRPL12,MRPS7,0.997
MRPL12,MRPS9,0.999
MRPL12,MRTO4,0.986
MRPL12,MTERF4,0.909
MRPL12,MTIF2,0.972
MRPL12,NDUFAB1,0.961
MRPL12,POLR1B,0.914
MRPL12,POLR1C,0.939
MRPL12,POLR2B,0.918
MRPL12,POLR2C,0.938
MRPL12,POLR3B,0.914
MRPL12,PTCD3,0.903
MRPL12,RPL10,0.911
MRPL12,RPL10A,0.955
MRPL12,RPL11,0.999
MRPL12,RPL12,0.935
MRPL12,RPL13A,0.97
MRPL12,RPL17,0.975
MRPL12,RPL23,0.999
MRPL12,RPL23A,0.999
MRPL12,RPL26,0.972
MRPL12,RPL3,0.973
MRPL12,RPL35,0.999
MRPL12,RPL4,0.972
MRPL12,RPL5,0.999
MRPL12,RPL7,0.942
MRPL12,RPL8,0.973
MRPL12,RPL9,0.983
MRPL12,RPLP0,0.983
MRPL12,RPS11,0.999
MRPL12,RPS13,0.967
MRPL12,RPS14,0.972
MRPL12,RPS15,0.999
MRPL12,RPS16,0.973
MRPL12,RPS18,0.999
MRPL12,RPS2,0.987
MRPL12,RPS20,0.983
MRPL12,RPS23,0.983
MRPL12,RPS29,0.972
MRPL12,RPS3,0.999
MRPL12,RPS5,0.973
MRPL12,RPS9,0.983
MRPL12,RPSA,0.91
MRPL12,TUFM,0.999
MRPL13,MRPL14,0.937
MRPL13,MRPL15,0.999
MRPL13,MRPL16,0.998
MRPL13,MRPL17,0.999
MRPL13,MRPL18,0.969
MRPL13,MRPL19,0.999
MRPL13,MRPL2,0.998
MRPL13,MRPL20,0.999
MRPL13,MRPL21,0.999
MRPL13,MRPL22,0.999
MRPL13,MRPL23,0.999
MRPL13,MRPL24,0.999
MRPL13,MRPL27,0.999
MRPL13,MRPL28,0.97
MRPL13,MRPL3,0.999
MRPL13,MRPL30,0.992
MRPL13,MRPL32,0.999
MRPL13,MRPL33,0.999
MRPL13,MRPL34,0.997
MRPL13,MRPL35,0.975
MRPL13,MRPL36,0.999
MRPL13,MRPL37,0.977
MRPL13,MRPL38,0.987
MRPL13,MRPL39,0.985
MRPL13,MRPL4,0.999
MRPL13,MRPL40,0.997
MRPL13,MRPL41,0.999
MRPL13,MRPL42,0.984
MRPL13,MRPL43,0.998
MRPL13,MRPL44,0.999
MRPL13,MRPL45,0.97
MRPL13,MRPL46,0.997
MRPL13,MRPL47,0.999
MRPL13,MRPL48,0.969
MRPL13,MRPL49,0.996
MRPL13,MRPL50,0.974
MRPL13,MRPL51,0.938
MRPL13,MRPL52,0.962
MRPL13,MRPL53,0.95
MRPL13,MRPL54,0.966
MRPL13,MRPL55,0.97
MRPL13,MRPL9,0.999
MRPL13,MRPS10,0.998
MRPL13,MRPS11,0.998
MRPL13,MRPS12,0.997
MRPL13,MRPS14,0.998
MRPL13,MRPS15,0.998
MRPL13,MRPS16,0.999
MRPL13,MRPS17,0.925
MRPL13,MRPS18A,0.993
MRPL13,MRPS18B,0.915
MRPL13,MRPS18C,0.987
MRPL13,MRPS2,0.99
MRPL13,MRPS22,0.933
MRPL13,MRPS23,0.957
MRPL13,MRPS25,0.986
MRPL13,MRPS27,0.905
MRPL13,MRPS28,0.968
MRPL13,MRPS30,0.973
MRPL13,MRPS33,0.941
MRPL13,MRPS34,0.941
MRPL13,MRPS35,0.995
MRPL13,MRPS5,0.998
MRPL13,MRPS6,0.998
MRPL13,MRPS7,0.997
MRPL13,MRPS9,0.999
MRPL13,MTIF2,0.981
MRPL13,NDUFAB1,0.991
MRPL13,RPL11,0.973
MRPL13,RPL13,0.983
MRPL13,RPL15,0.965
MRPL13,RPL18,0.977
MRPL13,RPL18A,0.977
MRPL13,RPL19,0.97
MRPL13,RPL21,0.965
MRPL13,RPL23,0.996
MRPL13,RPL23A,0.981
MRPL13,RPL24,0.961
MRPL13,RPL28,0.947
MRPL13,RPL29,0.94
MRPL13,RPL30,0.953
MRPL13,RPL31,0.969
MRPL13,RPL34,0.953
MRPL13,RPL35,0.978
MRPL13,RPL35A,0.962
MRPL13,RPL36,0.952
MRPL13,RPL37A,0.956
MRPL13,RPL38,0.942
MRPL13,RPL5,0.975
MRPL13,RPL9,0.916
MRPL13,RPLP1,0.943
MRPL13,RPLP2,0.9
MRPL13,RPS11,0.973
MRPL13,RPS15,0.973
MRPL13,RPS17,0.942
MRPL13,RPS18,0.993
MRPL13,RPS19,0.97
MRPL13,RPS21,0.956
MRPL13,RPS23,0.9
MRPL13,RPS24,0.97
MRPL13,RPS25,0.951
MRPL13,RPS26,0.958
MRPL13,RPS28,0.961
MRPL13,RPS3,0.976
MRPL13,RPS3A,0.973
MRPL13,RPS5,0.939
MRPL13,RPS6,0.968
MRPL13,RPS7,0.939
MRPL13,RPS8,0.972
MRPL13,RPS9,0.987
MRPL13,SYNCRIP,0.972
MRPL13,TUFM,0.996
MRPL13,UBA52,0.947
MRPL14,MRPL15,0.919
MRPL14,MRPL16,0.939
MRPL14,MRPL17,0.915
MRPL14,MRPL18,0.931
MRPL14,MRPL19,0.971
MRPL14,MRPL2,0.943
MRPL14,MRPL20,0.932
MRPL14,MRPL21,0.931
MRPL14,MRPL23,0.912
MRPL14,MRPL24,0.917
MRPL14,MRPL27,0.907
MRPL14,MRPL28,0.907
MRPL14,MRPL3,0.905
MRPL14,MRPL30,0.924
MRPL14,MRPL36,0.977
MRPL14,MRPL37,0.911
MRPL14,MRPL39,0.958
MRPL14,MRPL4,0.931
MRPL14,MRPL40,0.925
MRPL14,MRPL41,0.937
MRPL14,MRPL44,0.923
MRPL14,MRPL46,0.913
MRPL14,MRPL47,0.951
MRPL14,MRPL50,0.923
MRPL14,MRPL51,0.91
MRPL14,MRPL52,0.905
MRPL14,MRPL54,0.947
MRPL14,MRPS10,0.9
MRPL14,MRPS12,0.948
MRPL14,MRPS16,0.922
MRPL14,MRPS18A,0.912
MRPL14,MRPS18B,0.909
MRPL14,MRPS22,0.91
MRPL14,MRPS27,0.902
MRPL14,MRPS30,0.963
MRPL14,MRPS7,0.912
MRPL14,MTIF2,0.911
MRPL14,NDUFAB1,0.949
MRPL14,TUFM,0.925
MRPL15,MRPL16,0.979
MRPL15,MRPL17,0.996
MRPL15,MRPL18,0.967
MRPL15,MRPL19,0.983
MRPL15,MRPL2,0.996
MRPL15,MRPL20,0.969
MRPL15,MRPL21,0.97
MRPL15,MRPL22,0.949
MRPL15,MRPL23,0.954
MRPL15,MRPL24,0.944
MRPL15,MRPL27,0.998
MRPL15,MRPL28,0.988
MRPL15,MRPL3,0.997
MRPL15,MRPL30,0.941
MRPL15,MRPL32,0.963
MRPL15,MRPL33,0.994
MRPL15,MRPL34,0.989
MRPL15,MRPL35,0.992
MRPL15,MRPL36,0.995
MRPL15,MRPL37,0.963
MRPL15,MRPL38,0.988
MRPL15,MRPL39,0.984
MRPL15,MRPL4,0.999
MRPL15,MRPL40,0.941
MRPL15,MRPL41,0.961
MRPL15,MRPL42,0.937
MRPL15,MRPL43,0.992
MRPL15,MRPL44,0.944
MRPL15,MRPL45,0.976
MRPL15,MRPL46,0.997
MRPL15,MRPL47,0.998
MRPL15,MRPL49,0.997
MRPL15,MRPL50,0.986
MRPL15,MRPL51,0.983
MRPL15,MRPL52,0.903
MRPL15,MRPL9,0.991
MRPL15,MRPS10,0.958
MRPL15,MRPS11,0.932
MRPL15,MRPS12,0.993
MRPL15,MRPS14,0.993
MRPL15,MRPS15,0.995
MRPL15,MRPS16,0.995
MRPL15,MRPS17,0.915
MRPL15,MRPS18A,0.963
MRPL15,MRPS2,0.987
MRPL15,MRPS28,0.919
MRPL15,MRPS30,0.967
MRPL15,MRPS35,0.94
MRPL15,MRPS5,0.996
MRPL15,MRPS6,0.943
MRPL15,MRPS7,0.995
MRPL15,MRPS9,0.995
MRPL15,MTIF2,0.959
MRPL15,NDUFAB1,0.976
MRPL15,TUFM,0.972
MRPL16,MRPL17,0.999
MRPL16,MRPL18,0.92
MRPL16,MRPL19,0.998
MRPL16,MRPL2,0.998
MRPL16,MRPL20,0.997
MRPL16,MRPL21,0.998
MRPL16,MRPL22,0.998
MRPL16,MRPL23,0.996
MRPL16,MRPL24,0.993
MRPL16,MRPL27,0.999
MRPL16,MRPL28,0.975
MRPL16,MRPL3,0.997
MRPL16,MRPL30,0.996
MRPL16,MRPL32,0.996
MRPL16,MRPL33,0.997
MRPL16,MRPL34,0.995
MRPL16,MRPL35,0.929
MRPL16,MRPL36,0.998
MRPL16,MRPL37,0.977
MRPL16,MRPL38,0.987
MRPL16,MRPL39,0.978
MRPL16,MRPL4,0.999
MRPL16,MRPL40,0.997
MRPL16,MRPL41,0.998
MRPL16,MRPL42,0.963
MRPL16,MRPL43,0.995
MRPL16,MRPL44,0.994
MRPL16,MRPL46,0.998
MRPL16,MRPL47,0.998
MRPL16,MRPL48,0.903
MRPL16,MRPL49,0.993
MRPL16,MRPL50,0.97
MRPL16,MRPL51,0.934
MRPL16,MRPL52,0.941
MRPL16,MRPL53,0.907
MRPL16,MRPL54,0.969
MRPL16,MRPL55,0.932
MRPL16,MRPL9,0.998
MRPL16,MRPS10,0.997
MRPL16,MRPS11,0.998
MRPL16,MRPS12,0.997
MRPL16,MRPS14,0.997
MRPL16,MRPS15,0.999
MRPL16,MRPS16,0.998
MRPL16,MRPS18A,0.993
MRPL16,MRPS18B,0.927
MRPL16,MRPS18C,0.983
MRPL16,MRPS2,0.99
MRPL16,MRPS22,0.905
MRPL16,MRPS23,0.918
MRPL16,MRPS25,0.98
MRPL16,MRPS26,0.902
MRPL16,MRPS30,0.969
MRPL16,MRPS34,0.915
MRPL16,MRPS35,0.996
MRPL16,MRPS5,0.998
MRPL16,MRPS6,0.998
MRPL16,MRPS7,0.996
MRPL16,MRPS9,0.998
MRPL16,MTIF2,0.98
MRPL16,NDUFAB1,0.957
MRPL16,RPL11,0.93
MRPL16,RPL23,0.992
MRPL16,RPL23A,0.939
MRPL16,RPL35,0.922
MRPL16,RPL5,0.92
MRPL16,RPS11,0.925
MRPL16,RPS15,0.91
MRPL16,RPS18,0.989
MRPL16,RPS20,0.9
MRPL16,RPS3,0.93
MRPL16,RPS3A,0.908
MRPL16,RPS5,0.928
MRPL16,RPS6,0.904
MRPL16,RPS8,0.931
MRPL16,RPS9,0.981
MRPL16,TUFM,0.995
MRPL17,MRPL18,0.976
MRPL17,MRPL19,0.999
MRPL17,MRPL2,0.999
MRPL17,MRPL20,0.999
MRPL17,MRPL21,0.999
MRPL17,MRPL22,0.999
MRPL17,MRPL23,0.998
MRPL17,MRPL24,0.999
MRPL17,MRPL27,0.999
MRPL17,MRPL28,0.971
MRPL17,MRPL3,0.999
MRPL17,MRPL30,0.995
MRPL17,MRPL32,0.999
MRPL17,MRPL33,0.999
MRPL17,MRPL34,0.996
MRPL17,MRPL36,0.999
MRPL17,MRPL37,0.957
MRPL17,MRPL38,0.981
MRPL17,MRPL39,0.988
MRPL17,MRPL4,0.999
MRPL17,MRPL40,0.995
MRPL17,MRPL41,0.999
MRPL17,MRPL42,0.952
MRPL17,MRPL43,0.994
MRPL17,MRPL44,0.995
MRPL17,MRPL45,0.951
MRPL17,MRPL46,0.997
MRPL17,MRPL47,0.999
MRPL17,MRPL49,0.996
MRPL17,MRPL50,0.98
MRPL17,MRPL51,0.948
MRPL17,MRPL52,0.943
MRPL17,MRPL53,0.916
MRPL17,MRPL54,0.988
MRPL17,MRPL55,0.922
MRPL17,MRPL9,0.999
MRPL17,MRPS10,0.998
MRPL17,MRPS11,0.999
MRPL17,MRPS12,0.999
MRPL17,MRPS14,0.999
MRPL17,MRPS15,0.999
MRPL17,MRPS16,0.999
MRPL17,MRPS17,0.91
MRPL17,MRPS18A,0.984
MRPL17,MRPS18C,0.975
MRPL17,MRPS2,0.994
MRPL17,MRPS25,0.981
MRPL17,MRPS28,0.914
MRPL17,MRPS30,0.982
MRPL17,MRPS34,0.905
MRPL17,MRPS35,0.995
MRPL17,MRPS5,0.999
MRPL17,MRPS6,0.999
MRPL17,MRPS7,0.999
MRPL17,MRPS9,0.999
MRPL17,MRTO4,0.985
MRPL17,MTIF2,0.984
MRPL17,NDUFAB1,0.992
MRPL17,PALB2,0.903
MRPL17,POLR1A,0.936
MRPL17,POLR1B,0.903
MRPL17,POLR1C,0.941
MRPL17,POLR2B,0.903
MRPL17,POLR2C,0.939
MRPL17,POLR3A,0.949
MRPL17,POLR3B,0.92
MRPL17,RPL10,0.92
MRPL17,RPL10A,0.975
MRPL17,RPL11,0.999
MRPL17,RPL12,0.911
MRPL17,RPL13A,0.974
MRPL17,RPL17,0.976
MRPL17,RPL23,0.999
MRPL17,RPL23A,0.999
MRPL17,RPL26,0.972
MRPL17,RPL3,0.972
MRPL17,RPL35,0.999
MRPL17,RPL4,0.972
MRPL17,RPL5,0.999
MRPL17,RPL7,0.945
MRPL17,RPL8,0.972
MRPL17,RPL9,0.983
MRPL17,RPLP0,0.983
MRPL17,RPS11,0.999
MRPL17,RPS13,0.97
MRPL17,RPS14,0.974
MRPL17,RPS15,0.999
MRPL17,RPS16,0.974
MRPL17,RPS18,0.999
MRPL17,RPS2,0.983
MRPL17,RPS20,0.983
MRPL17,RPS23,0.985
MRPL17,RPS29,0.971
MRPL17,RPS3,0.999
MRPL17,RPS5,0.972
MRPL17,RPS9,0.994
MRPL17,RPSA,0.912
MRPL17,SEC61A1,0.94
MRPL17,TUFM,0.999
MRPL18,MRPL19,0.974
MRPL18,MRPL2,0.938
MRPL18,MRPL20,0.97
MRPL18,MRPL21,0.933
MRPL18,MRPL22,0.916
MRPL18,MRPL23,0.928
MRPL18,MRPL24,0.951
MRPL18,MRPL27,0.977
MRPL18,MRPL28,0.941
MRPL18,MRPL3,0.97
MRPL18,MRPL30,0.911
MRPL18,MRPL32,0.961
MRPL18,MRPL33,0.928
MRPL18,MRPL34,0.903
MRPL18,MRPL35,0.925
MRPL18,MRPL37,0.947
MRPL18,MRPL38,0.993
MRPL18,MRPL39,0.976
MRPL18,MRPL4,0.988
MRPL18,MRPL40,0.957
MRPL18,MRPL41,0.955
MRPL18,MRPL42,0.939
MRPL18,MRPL43,0.958
MRPL18,MRPL44,0.978
MRPL18,MRPL45,0.962
MRPL18,MRPL46,0.921
MRPL18,MRPL47,0.977
MRPL18,MRPL48,0.923
MRPL18,MRPL49,0.948
MRPL18,MRPL50,0.954
MRPL18,MRPL51,0.912
MRPL18,MRPL52,0.903
MRPL18,MRPL53,0.901
MRPL18,MRPL54,0.904
MRPL18,MRPL55,0.933
MRPL18,MRPL9,0.964
MRPL18,MRPS10,0.938
MRPL18,MRPS18A,0.944
MRPL18,MRPS25,0.941
MRPL18,MRPS30,0.982
MRPL18,MRPS35,0.904
MRPL18,MRPS7,0.901
MRPL18,MTIF2,0.908
MRPL18,NDUFAB1,0.948
MRPL18,TUFM,0.926
MRPL19,MRPL2,0.997
MRPL19,MRPL20,0.999
MRPL19,MRPL21,0.999
MRPL19,MRPL22,0.999
MRPL19,MRPL23,0.998
MRPL19,MRPL24,0.997
MRPL19,MRPL27,0.999
MRPL19,MRPL28,0.97
MRPL19,MRPL3,0.999
MRPL19,MRPL30,0.992
MRPL19,MRPL32,0.999
MRPL19,MRPL33,0.999
MRPL19,MRPL34,0.994
MRPL19,MRPL36,0.999
MRPL19,MRPL37,0.937
MRPL19,MRPL38,0.993
MRPL19,MRPL39,0.982
MRPL19,MRPL4,0.999
MRPL19,MRPL40,0.997
MRPL19,MRPL41,0.998
MRPL19,MRPL42,0.953
MRPL19,MRPL43,0.995
MRPL19,MRPL44,0.998
MRPL19,MRPL45,0.964
MRPL19,MRPL46,0.995
MRPL19,MRPL47,0.999
MRPL19,MRPL49,0.997
MRPL19,MRPL50,0.981
MRPL19,MRPL51,0.946
MRPL19,MRPL52,0.937
MRPL19,MRPL53,0.902
MRPL19,MRPL54,0.966
MRPL19,MRPL55,0.909
MRPL19,MRPL9,0.999
MRPL19,MRPS10,0.999
MRPL19,MRPS11,0.999
MRPL19,MRPS12,0.998
MRPL19,MRPS14,0.998
MRPL19,MRPS15,0.999
MRPL19,MRPS16,0.999
MRPL19,MRPS18A,0.983
MRPL19,MRPS18C,0.973
MRPL19,MRPS2,0.993
MRPL19,MRPS21,0.91
MRPL19,MRPS22,0.934
MRPL19,MRPS25,0.993
MRPL19,MRPS27,0.928
MRPL19,MRPS30,0.977
MRPL19,MRPS35,0.996
MRPL19,MRPS5,0.998
MRPL19,MRPS6,0.999
MRPL19,MRPS7,0.995
MRPL19,MRPS9,0.999
MRPL19,MRTO4,0.982
MRPL19,MTIF2,0.983
MRPL19,NDUFAB1,0.967
MRPL19,POLR1C,0.919
MRPL19,POLR2C,0.919
MRPL19,RPL10A,0.971
MRPL19,RPL11,0.998
MRPL19,RPL12,0.909
MRPL19,RPL13A,0.975
MRPL19,RPL17,0.969
MRPL19,RPL23,0.999
MRPL19,RPL23A,0.999
MRPL19,RPL26,0.95
MRPL19,RPL3,0.968
MRPL19,RPL35,0.999
MRPL19,RPL4,0.969
MRPL19,RPL5,0.997
MRPL19,RPL7,0.913
MRPL19,RPL8,0.968
MRPL19,RPL9,0.981
MRPL19,RPLP0,0.99
MRPL19,RPS11,0.999
MRPL19,RPS13,0.97
MRPL19,RPS14,0.97
MRPL19,RPS15,0.996
MRPL19,RPS16,0.969
MRPL19,RPS18,0.999
MRPL19,RPS2,0.966
MRPL19,RPS20,0.981
MRPL19,RPS23,0.985
MRPL19,RPS29,0.95
MRPL19,RPS3,0.998
MRPL19,RPS5,0.97
MRPL19,RPS9,0.993
MRPL19,RPSA,0.91
MRPL19,TUFM,0.999
MRPL2,MRPL20,0.997
MRPL2,MRPL21,0.997
MRPL2,MRPL22,0.996
MRPL2,MRPL23,0.983
MRPL2,MRPL24,0.997
MRPL2,MRPL27,0.998
MRPL2,MRPL28,0.963
MRPL2,MRPL3,0.997
MRPL2,MRPL30,0.962
MRPL2,MRPL32,0.996
MRPL2,MRPL33,0.998
MRPL2,MRPL34,0.991
MRPL2,MRPL35,0.949
MRPL2,MRPL36,0.998
MRPL2,MRPL37,0.989
MRPL2,MRPL38,0.975
MRPL2,MRPL39,0.967
MRPL2,MRPL4,0.999
MRPL2,MRPL40,0.989
MRPL2,MRPL41,0.982
MRPL2,MRPL42,0.909
MRPL2,MRPL43,0.993
MRPL2,MRPL44,0.985
MRPL2,MRPL45,0.917
MRPL2,MRPL46,0.997
MRPL2,MRPL47,0.998
MRPL2,MRPL48,0.938
MRPL2,MRPL49,0.992
MRPL2,MRPL50,0.963
MRPL2,MRPL51,0.911
MRPL2,MRPL52,0.921
MRPL2,MRPL53,0.926
MRPL2,MRPL54,0.948
MRPL2,MRPL55,0.924
MRPL2,MRPL9,0.999
MRPL2,MRPS10,0.993
MRPL2,MRPS11,0.992
MRPL2,MRPS12,0.998
MRPL2,MRPS14,0.996
MRPL2,MRPS15,0.996
MRPL2,MRPS16,0.998
MRPL2,MRPS18A,0.985
MRPL2,MRPS18B,0.903
MRPL2,MRPS18C,0.944
MRPL2,MRPS2,0.992
MRPL2,MRPS21,0.952
MRPL2,MRPS25,0.944
MRPL2,MRPS30,0.968
MRPL2,MRPS34,0.914
MRPL2,MRPS35,0.98
MRPL2,MRPS5,0.997
MRPL2,MRPS6,0.996
MRPL2,MRPS7,0.998
MRPL2,MRPS9,0.998
MRPL2,MTERF4,0.909
MRPL2,MTIF2,0.986
MRPL2,NDUFAB1,0.943
MRPL2,NSUN4,0.906
MRPL2,RPL11,0.973
MRPL2,RPL13,0.943
MRPL2,RPL15,0.961
MRPL2,RPL18,0.967
MRPL2,RPL18A,0.938
MRPL2,RPL19,0.975
MRPL2,RPL21,0.964
MRPL2,RPL23,0.98
MRPL2,RPL23A,0.974
MRPL2,RPL24,0.958
MRPL2,RPL28,0.92
MRPL2,RPL29,0.938
MRPL2,RPL30,0.949
MRPL2,RPL31,0.946
MRPL2,RPL34,0.962
MRPL2,RPL35,0.975
MRPL2,RPL35A,0.938
MRPL2,RPL36,0.928
MRPL2,RPL37A,0.958
MRPL2,RPL38,0.913
MRPL2,RPL5,0.971
MRPL2,RPLP1,0.95
MRPL2,RPLP2,0.902
MRPL2,RPS11,0.971
MRPL2,RPS15,0.978
MRPL2,RPS17,0.952
MRPL2,RPS18,0.984
MRPL2,RPS19,0.967
MRPL2,RPS21,0.926
MRPL2,RPS24,0.946
MRPL2,RPS25,0.942
MRPL2,RPS26,0.941
MRPL2,RPS28,0.939
MRPL2,RPS3,0.974
MRPL2,RPS3A,0.966
MRPL2,RPS6,0.958
MRPL2,RPS7,0.941
MRPL2,RPS8,0.968
MRPL2,RPS9,0.961
MRPL2,TUFM,0.998
MRPL2,UBA52,0.939
MRPL20,MRPL21,0.999
MRPL20,MRPL22,0.999
MRPL20,MRPL23,0.998
MRPL20,MRPL24,0.995
MRPL20,MRPL27,0.999
MRPL20,MRPL28,0.952
MRPL20,MRPL3,0.999
MRPL20,MRPL30,0.968
MRPL20,MRPL32,0.999
MRPL20,MRPL33,0.999
MRPL20,MRPL34,0.984
MRPL20,MRPL35,0.979
MRPL20,MRPL36,0.999
MRPL20,MRPL37,0.932
MRPL20,MRPL38,0.935
MRPL20,MRPL39,0.982
MRPL20,MRPL4,0.999
MRPL20,MRPL41,0.994
MRPL20,MRPL42,0.983
MRPL20,MRPL43,0.998
MRPL20,MRPL44,0.981
MRPL20,MRPL46,0.995
MRPL20,MRPL47,0.999
MRPL20,MRPL48,0.947
MRPL20,MRPL49,0.986
MRPL20,MRPL50,0.979
MRPL20,MRPL51,0.99
MRPL20,MRPL52,0.982
MRPL20,MRPL54,0.935
MRPL20,MRPL9,0.999
MRPL20,MRPS10,0.996
MRPL20,MRPS11,0.997
MRPL20,MRPS12,0.997
MRPL20,MRPS14,0.997
MRPL20,MRPS15,0.999
MRPL20,MRPS16,0.999
MRPL20,MRPS17,0.935
MRPL20,MRPS18A,0.988
MRPL20,MRPS18B,0.901
MRPL20,MRPS18C,0.993
MRPL20,MRPS2,0.992
MRPL20,MRPS21,0.905
MRPL20,MRPS23,0.932
MRPL20,MRPS30,0.981
MRPL20,MRPS33,0.943
MRPL20,MRPS34,0.925
MRPL20,MRPS35,0.961
MRPL20,MRPS5,0.998
MRPL20,MRPS6,0.999
MRPL20,MRPS7,0.995
MRPL20,MRPS9,0.999
MRPL20,MRTO4,0.982
MRPL20,MTIF2,0.974
MRPL20,NDUFAB1,0.985
MRPL20,POLR1C,0.932
MRPL20,POLR2C,0.935
MRPL20,RPL10A,0.973
MRPL20,RPL11,0.999
MRPL20,RPL12,0.905
MRPL20,RPL13A,0.973
MRPL20,RPL17,0.972
MRPL20,RPL23,0.999
MRPL20,RPL23A,0.999
MRPL20,RPL26,0.96
MRPL20,RPL3,0.971
MRPL20,RPL35,0.998
MRPL20,RPL4,0.968
MRPL20,RPL5,0.999
MRPL20,RPL7,0.941
MRPL20,RPL8,0.973
MRPL20,RPL9,0.981
MRPL20,RPLP0,0.982
MRPL20,RPS11,0.999
MRPL20,RPS13,0.971
MRPL20,RPS14,0.965
MRPL20,RPS15,0.999
MRPL20,RPS16,0.97
MRPL20,RPS18,0.999
MRPL20,RPS2,0.98
MRPL20,RPS20,0.981
MRPL20,RPS23,0.981
MRPL20,RPS29,0.96
MRPL20,RPS3,0.999
MRPL20,RPS5,0.964
MRPL20,RPS9,0.982
MRPL20,RPSA,0.91
MRPL20,TUFM,0.999
MRPL21,MRPL22,0.999
MRPL21,MRPL23,0.996
MRPL21,MRPL24,0.999
MRPL21,MRPL27,0.999
MRPL21,MRPL3,0.999
MRPL21,MRPL30,0.934
MRPL21,MRPL32,0.999
MRPL21,MRPL33,0.999
MRPL21,MRPL34,0.966
MRPL21,MRPL36,0.999
MRPL21,MRPL37,0.934
MRPL21,MRPL38,0.963
MRPL21,MRPL39,0.972
MRPL21,MRPL4,0.999
MRPL21,MRPL40,0.974
MRPL21,MRPL41,0.989
MRPL21,MRPL42,0.97
MRPL21,MRPL43,0.998
MRPL21,MRPL44,0.979
MRPL21,MRPL46,0.998
MRPL21,MRPL47,0.999
MRPL21,MRPL49,0.975
MRPL21,MRPL50,0.973
MRPL21,MRPL51,0.975
MRPL21,MRPL52,0.969
MRPL21,MRPL53,0.935
MRPL21,MRPL54,0.934
MRPL21,MRPL55,0.954
MRPL21,MRPL9,0.999
MRPL21,MRPS10,0.998
MRPL21,MRPS11,0.997
MRPL21,MRPS12,0.997
MRPL21,MRPS14,0.997
MRPL21,MRPS15,0.999
MRPL21,MRPS16,0.999
MRPL21,MRPS18A,0.994
MRPL21,MRPS18C,0.967
MRPL21,MRPS2,0.99
MRPL21,MRPS22,0.906
MRPL21,MRPS23,0.918
MRPL21,MRPS24,0.916
MRPL21,MRPS25,0.912
MRPL21,MRPS30,0.967
MRPL21,MRPS31,0.914
MRPL21,MRPS33,0.913
MRPL21,MRPS34,0.93
MRPL21,MRPS35,0.966
MRPL21,MRPS5,0.998
MRPL21,MRPS6,0.999
MRPL21,MRPS7,0.995
MRPL21,MRPS9,0.999
MRPL21,MRTO4,0.983
MRPL21,MTIF2,0.944
MRPL21,NDUFAB1,0.998
MRPL21,PALB2,0.958
MRPL21,POLR1C,0.929
MRPL21,POLR2C,0.933
MRPL21,RPL10,0.902
MRPL21,RPL10A,0.974
MRPL21,RPL11,0.999
MRPL21,RPL12,0.917
MRPL21,RPL13A,0.976
MRPL21,RPL17,0.97
MRPL21,RPL23,0.999
MRPL21,RPL23A,0.999
MRPL21,RPL26,0.971
MRPL21,RPL3,0.97
MRPL21,RPL35,0.997
MRPL21,RPL4,0.971
MRPL21,RPL5,0.999
MRPL21,RPL7,0.939
MRPL21,RPL8,0.972
MRPL21,RPL9,0.982
MRPL21,RPLP0,0.983
MRPL21,RPS11,0.998
MRPL21,RPS13,0.965
MRPL21,RPS14,0.971
MRPL21,RPS15,0.999
MRPL21,RPS16,0.97
MRPL21,RPS18,0.999
MRPL21,RPS2,0.982
MRPL21,RPS20,0.982
MRPL21,RPS23,0.981
MRPL21,RPS29,0.97
MRPL21,RPS3,0.999
MRPL21,RPS5,0.975
MRPL21,RPS9,0.984
MRPL21,RPSA,0.906
MRPL21,TUFM,0.999
MRPL22,MRPL23,0.997
MRPL22,MRPL24,0.993
MRPL22,MRPL27,0.999
MRPL22,MRPL28,0.924
MRPL22,MRPL3,0.998
MRPL22,MRPL30,0.991
MRPL22,MRPL32,0.999
MRPL22,MRPL33,0.999
MRPL22,MRPL34,0.995
MRPL22,MRPL36,0.999
MRPL22,MRPL37,0.948
MRPL22,MRPL38,0.958
MRPL22,MRPL39,0.992
MRPL22,MRPL4,0.999
MRPL22,MRPL40,0.99
MRPL22,MRPL41,0.997
MRPL22,MRPL42,0.974
MRPL22,MRPL43,0.996
MRPL22,MRPL44,0.996
MRPL22,MRPL45,0.956
MRPL22,MRPL46,0.997
MRPL22,MRPL47,0.999
MRPL22,MRPL49,0.994
MRPL22,MRPL50,0.969
MRPL22,MRPL51,0.92
MRPL22,MRPL52,0.914
MRPL22,MRPL53,0.918
MRPL22,MRPL54,0.925
MRPL22,MRPL9,0.998
MRPL22,MRPS10,0.997
MRPL22,MRPS11,0.998
MRPL22,MRPS12,0.998
MRPL22,MRPS14,0.998
MRPL22,MRPS15,0.998
MRPL22,MRPS16,0.998
MRPL22,MRPS18A,0.976
MRPL22,MRPS18C,0.98
MRPL22,MRPS2,0.988
MRPL22,MRPS22,0.922
MRPL22,MRPS25,0.971
MRPL22,MRPS28,0.908
MRPL22,MRPS30,0.965
MRPL22,MRPS35,0.995
MRPL22,MRPS5,0.997
MRPL22,MRPS6,0.999
MRPL22,MRPS7,0.99
MRPL22,MRPS9,0.999
MRPL22,MTIF2,0.981
MRPL22,NDUFAB1,0.952
MRPL22,POLR3A,0.911
MRPL22,RPL11,0.971
MRPL22,RPL13,0.955
MRPL22,RPL15,0.959
MRPL22,RPL18,0.959
MRPL22,RPL18A,0.951
MRPL22,RPL19,0.968
MRPL22,RPL21,0.959
MRPL22,RPL23,0.995
MRPL22,RPL23A,0.971
MRPL22,RPL24,0.945
MRPL22,RPL28,0.933
MRPL22,RPL30,0.95
MRPL22,RPL31,0.959
MRPL22,RPL34,0.968
MRPL22,RPL35,0.973
MRPL22,RPL35A,0.941
MRPL22,RPL36,0.942
MRPL22,RPL37A,0.952
MRPL22,RPL38,0.925
MRPL22,RPL5,0.975
MRPL22,RPL9,0.911
MRPL22,RPLP1,0.916
MRPL22,RPLP2,0.903
MRPL22,RPS11,0.971
MRPL22,RPS15,0.971
MRPL22,RPS17,0.964
MRPL22,RPS18,0.994
MRPL22,RPS19,0.968
MRPL22,RPS2,0.906
MRPL22,RPS21,0.946
MRPL22,RPS24,0.966
MRPL22,RPS25,0.94
MRPL22,RPS26,0.938
MRPL22,RPS28,0.947
MRPL22,RPS3,0.971
MRPL22,RPS3A,0.963
MRPL22,RPS5,0.94
MRPL22,RPS6,0.968
MRPL22,RPS7,0.942
MRPL22,RPS8,0.977
MRPL22,RPS9,0.986
MRPL22,TUFM,0.998
MRPL22,UBA52,0.926
MRPL23,MRPL24,0.989
MRPL23,MRPL27,0.997
MRPL23,MRPL28,0.949
MRPL23,MRPL3,0.997
MRPL23,MRPL30,0.99
MRPL23,MRPL32,0.995
MRPL23,MRPL33,0.995
MRPL23,MRPL34,0.993
MRPL23,MRPL35,0.927
MRPL23,MRPL36,0.993
MRPL23,MRPL37,0.961
MRPL23,MRPL38,0.981
MRPL23,MRPL39,0.98
MRPL23,MRPL4,0.998
MRPL23,MRPL40,0.996
MRPL23,MRPL41,0.999
MRPL23,MRPL42,0.946
MRPL23,MRPL43,0.995
MRPL23,MRPL44,0.998
MRPL23,MRPL45,0.971
MRPL23,MRPL46,0.997
MRPL23,MRPL47,0.999
MRPL23,MRPL48,0.943
MRPL23,MRPL49,0.996
MRPL23,MRPL50,0.953
MRPL23,MRPL51,0.95
MRPL23,MRPL52,0.951
MRPL23,MRPL53,0.914
MRPL23,MRPL54,0.975
MRPL23,MRPL55,0.933
MRPL23,MRPL9,0.997
MRPL23,MRPS10,0.993
MRPL23,MRPS11,0.992
MRPL23,MRPS12,0.997
MRPL23,MRPS14,0.995
MRPL23,MRPS15,0.995
MRPL23,MRPS16,0.997
MRPL23,MRPS18A,0.99
MRPL23,MRPS18C,0.986
MRPL23,MRPS2,0.992
MRPL23,MRPS25,0.981
MRPL23,MRPS30,0.986
MRPL23,MRPS33,0.948
MRPL23,MRPS34,0.946
MRPL23,MRPS35,0.994
MRPL23,MRPS5,0.994
MRPL23,MRPS6,0.993
MRPL23,MRPS7,0.971
MRPL23,MRPS9,0.993
MRPL23,NDUFAB1,0.956
MRPL23,PSMG1,0.912
MRPL23,RPL23,0.973
MRPL23,RPS18,0.94
MRPL23,TUFM,0.93
MRPL24,MRPL27,0.996
MRPL24,MRPL28,0.975
MRPL24,MRPL3,0.997
MRPL24,MRPL30,0.953
MRPL24,MRPL32,0.99
MRPL24,MRPL33,0.997
MRPL24,MRPL34,0.934
MRPL24,MRPL36,0.997
MRPL24,MRPL37,0.989
MRPL24,MRPL38,0.953
MRPL24,MRPL39,0.978
MRPL24,MRPL4,0.998
MRPL24,MRPL40,0.946
MRPL24,MRPL41,0.989
MRPL24,MRPL42,0.945
MRPL24,MRPL43,0.993
MRPL24,MRPL44,0.965
MRPL24,MRPL45,0.971
MRPL24,MRPL46,0.996
MRPL24,MRPL47,0.998
MRPL24,MRPL49,0.94
MRPL24,MRPL50,0.964
MRPL24,MRPL51,0.972
MRPL24,MRPL52,0.957
MRPL24,MRPL53,0.923
MRPL24,MRPL54,0.915
MRPL24,MRPL55,0.926
MRPL24,MRPL9,0.998
MRPL24,MRPS10,0.991
MRPL24,MRPS11,0.991
MRPL24,MRPS12,0.989
MRPL24,MRPS14,0.994
MRPL24,MRPS15,0.992
MRPL24,MRPS16,0.996
MRPL24,MRPS18A,0.975
MRPL24,MRPS18B,0.934
MRPL24,MRPS18C,0.949
MRPL24,MRPS2,0.972
MRPL24,MRPS21,0.919
MRPL24,MRPS22,0.912
MRPL24,MRPS23,0.905
MRPL24,MRPS25,0.906
MRPL24,MRPS27,0.93
MRPL24,MRPS30,0.978
MRPL24,MRPS33,0.932
MRPL24,MRPS34,0.918
MRPL24,MRPS5,0.986
MRPL24,MRPS6,0.994
MRPL24,MRPS7,0.981
MRPL24,MRPS9,0.996
MRPL24,MRTO4,0.919
MRPL24,MTIF2,0.978
MRPL24,NDUFAB1,0.987
MRPL24,RPL11,0.975
MRPL24,RPL13,0.943
MRPL24,RPL15,0.971
MRPL24,RPL18,0.97
MRPL24,RPL18A,0.947
MRPL24,RPL19,0.975
MRPL24,RPL21,0.969
MRPL24,RPL23,0.993
MRPL24,RPL23A,0.975
MRPL24,RPL24,0.967
MRPL24,RPL28,0.95
MRPL24,RPL29,0.95
MRPL24,RPL30,0.968
MRPL24,RPL31,0.966
MRPL24,RPL34,0.968
MRPL24,RPL35,0.978
MRPL24,RPL35A,0.966
MRPL24,RPL36,0.949
MRPL24,RPL37A,0.964
MRPL24,RPL38,0.963
MRPL24,RPL5,0.971
MRPL24,RPLP1,0.938
MRPL24,RPLP2,0.918
MRPL24,RPS11,0.975
MRPL24,RPS15,0.978
MRPL24,RPS17,0.961
MRPL24,RPS18,0.976
MRPL24,RPS19,0.967
MRPL24,RPS21,0.956
MRPL24,RPS24,0.969
MRPL24,RPS25,0.954
MRPL24,RPS26,0.961
MRPL24,RPS28,0.969
MRPL24,RPS3,0.971
MRPL24,RPS3A,0.964
MRPL24,RPS6,0.971
MRPL24,RPS7,0.955
MRPL24,RPS8,0.98
MRPL24,RPS9,0.905
MRPL24,TUFM,0.996
MRPL24,UBA52,0.956
MRPL27,MRPL28,0.974
MRPL27,MRPL3,0.999
MRPL27,MRPL30,0.986
MRPL27,MRPL32,0.999
MRPL27,MRPL33,0.999
MRPL27,MRPL34,0.995
MRPL27,MRPL35,0.943
MRPL27,MRPL36,0.999
MRPL27,MRPL37,0.964
MRPL27,MRPL38,0.991
MRPL27,MRPL39,0.98
MRPL27,MRPL4,0.999
MRPL27,MRPL40,0.997
MRPL27,MRPL41,0.997
MRPL27,MRPL42,0.925
MRPL27,MRPL43,0.997
MRPL27,MRPL44,0.998
MRPL27,MRPL45,0.953
MRPL27,MRPL46,0.998
MRPL27,MRPL47,0.998
MRPL27,MRPL48,0.957
MRPL27,MRPL49,0.998
MRPL27,MRPL50,0.968
MRPL27,MRPL51,0.942
MRPL27,MRPL52,0.913
MRPL27,MRPL53,0.905
MRPL27,MRPL54,0.984
MRPL27,MRPL55,0.941
MRPL27,MRPL9,0.999
MRPL27,MRPS10,0.998
MRPL27,MRPS11,0.998
MRPL27,MRPS12,0.999
MRPL27,MRPS14,0.998
MRPL27,MRPS15,0.999
MRPL27,MRPS16,0.999
MRPL27,MRPS18A,0.992
MRPL27,MRPS18C,0.977
MRPL27,MRPS2,0.992
MRPL27,MRPS25,0.985
MRPL27,MRPS30,0.96
MRPL27,MRPS34,0.908
MRPL27,MRPS35,0.991
MRPL27,MRPS5,0.999
MRPL27,MRPS6,0.999
MRPL27,MRPS7,0.999
MRPL27,MRPS9,0.999
MRPL27,MRTO4,0.982
MRPL27,MTIF2,0.974
MRPL27,NDUFAB1,0.962
MRPL27,POLR1C,0.937
MRPL27,POLR2C,0.939
MRPL27,RPL10,0.912
MRPL27,RPL10A,0.967
MRPL27,RPL11,0.998
MRPL27,RPL12,0.909
MRPL27,RPL13A,0.974
MRPL27,RPL17,0.957
MRPL27,RPL23,0.997
MRPL27,RPL23A,0.999
MRPL27,RPL26,0.95
MRPL27,RPL3,0.97
MRPL27,RPL35,0.993
MRPL27,RPL4,0.966
MRPL27,RPL5,0.995
MRPL27,RPL7,0.925
MRPL27,RPL8,0.965
MRPL27,RPL9,0.972
MRPL27,RPLP0,0.982
MRPL27,RPS11,0.996
MRPL27,RPS13,0.97
MRPL27,RPS14,0.953
MRPL27,RPS15,0.997
MRPL27,RPS16,0.972
MRPL27,RPS18,0.998
MRPL27,RPS2,0.981
MRPL27,RPS20,0.981
MRPL27,RPS23,0.982
MRPL27,RPS29,0.948
MRPL27,RPS3,0.997
MRPL27,RPS5,0.972
MRPL27,RPS9,0.994
MRPL27,RPSA,0.906
MRPL27,TUFM,0.999
MRPL28,MRPL3,0.976
MRPL28,MRPL30,0.962
MRPL28,MRPL32,0.967
MRPL28,MRPL33,0.909
MRPL28,MRPL34,0.961
MRPL28,MRPL35,0.938
MRPL28,MRPL37,0.986
MRPL28,MRPL38,0.984
MRPL28,MRPL39,0.975
MRPL28,MRPL4,0.984
MRPL28,MRPL40,0.97
MRPL28,MRPL41,0.986
MRPL28,MRPL42,0.933
MRPL28,MRPL43,0.919
MRPL28,MRPL44,0.972
MRPL28,MRPL45,0.96
MRPL28,MRPL46,0.947
MRPL28,MRPL47,0.987
MRPL28,MRPL48,0.902
MRPL28,MRPL49,0.953
MRPL28,MRPL50,0.969
MRPL28,MRPL51,0.951
MRPL28,MRPL52,0.9
MRPL28,MRPL53,0.902
MRPL28,MRPL55,0.969
MRPL28,MRPL9,0.989
MRPL28,MRPS18A,0.977
MRPL28,MRPS26,0.939
MRPL28,MRPS30,0.965
MRPL28,MRPS34,0.928
MRPL28,MTIF2,0.911
MRPL28,NDUFAB1,0.94
MRPL28,TUFM,0.935
MRPL3,MRPL30,0.981
MRPL3,MRPL32,0.998
MRPL3,MRPL33,0.998
MRPL3,MRPL34,0.993
MRPL3,MRPL35,0.927
MRPL3,MRPL36,0.998
MRPL3,MRPL37,0.973
MRPL3,MRPL38,0.987
MRPL3,MRPL39,0.991
MRPL3,MRPL4,0.999
MRPL3,MRPL40,0.992
MRPL3,MRPL41,0.997
MRPL3,MRPL42,0.952
MRPL3,MRPL43,0.991
MRPL3,MRPL44,0.993
MRPL3,MRPL46,0.997
MRPL3,MRPL47,0.998
MRPL3,MRPL49,0.993
MRPL3,MRPL50,0.96
MRPL3,MRPL51,0.905
MRPL3,MRPL52,0.947
MRPL3,MRPL53,0.9
MRPL3,MRPL54,0.915
MRPL3,MRPL55,0.921
MRPL3,MRPL9,0.999
MRPL3,MRPS10,0.997
MRPL3,MRPS11,0.997
MRPL3,MRPS12,0.998
MRPL3,MRPS14,0.997
MRPL3,MRPS15,0.997
MRPL3,MRPS16,0.999
MRPL3,MRPS18A,0.972
MRPL3,MRPS18C,0.97
MRPL3,MRPS2,0.988
MRPL3,MRPS22,0.92
MRPL3,MRPS25,0.989
MRPL3,MRPS27,0.935
MRPL3,MRPS30,0.98
MRPL3,MRPS35,0.995
MRPL3,MRPS5,0.998
MRPL3,MRPS6,0.998
MRPL3,MRPS7,0.996
MRPL3,MRPS9,0.999
MRPL3,MTIF2,0.983
MRPL3,NDUFAB1,0.989
MRPL3,RPL11,0.972
MRPL3,RPL13,0.953
MRPL3,RPL15,0.971
MRPL3,RPL18,0.954
MRPL3,RPL18A,0.956
MRPL3,RPL19,0.956
MRPL3,RPL21,0.95
MRPL3,RPL23,0.995
MRPL3,RPL23A,0.971
MRPL3,RPL24,0.954
MRPL3,RPL28,0.923
MRPL3,RPL30,0.969
MRPL3,RPL31,0.94
MRPL3,RPL34,0.969
MRPL3,RPL35,0.975
MRPL3,RPL35A,0.929
MRPL3,RPL36,0.904
MRPL3,RPL37A,0.947
MRPL3,RPL38,0.931
MRPL3,RPL5,0.976
MRPL3,RPL9,0.913
MRPL3,RPLP1,0.918
MRPL3,RPLP2,0.908
MRPL3,RPS11,0.971
MRPL3,RPS15,0.976
MRPL3,RPS17,0.953
MRPL3,RPS18,0.996
MRPL3,RPS19,0.969
MRPL3,RPS2,0.906
MRPL3,RPS20,0.907
MRPL3,RPS21,0.934
MRPL3,RPS24,0.97
MRPL3,RPS25,0.924
MRPL3,RPS26,0.948
MRPL3,RPS28,0.956
MRPL3,RPS3,0.975
MRPL3,RPS3A,0.953
MRPL3,RPS5,0.944
MRPL3,RPS6,0.969
MRPL3,RPS7,0.927
MRPL3,RPS8,0.978
MRPL3,RPS9,0.984
MRPL3,TUFM,0.997
MRPL3,UBA52,0.935
MRPL30,MRPL32,0.984
MRPL30,MRPL33,0.987
MRPL30,MRPL34,0.99
MRPL30,MRPL35,0.966
MRPL30,MRPL36,0.985
MRPL30,MRPL37,0.95
MRPL30,MRPL38,0.969
MRPL30,MRPL39,0.977
MRPL30,MRPL4,0.994
MRPL30,MRPL40,0.992
MRPL30,MRPL41,0.994
MRPL30,MRPL42,0.977
MRPL30,MRPL43,0.986
MRPL30,MRPL44,0.984
MRPL30,MRPL45,0.935
MRPL30,MRPL46,0.984
MRPL30,MRPL47,0.995
MRPL30,MRPL48,0.954
MRPL30,MRPL49,0.991
MRPL30,MRPL50,0.978
MRPL30,MRPL51,0.939
MRPL30,MRPL52,0.972
MRPL30,MRPL53,0.921
MRPL30,MRPL54,0.957
MRPL30,MRPL55,0.928
MRPL30,MRPL9,0.937
MRPL30,MRPS10,0.976
MRPL30,MRPS11,0.971
MRPL30,MRPS12,0.98
MRPL30,MRPS14,0.987
MRPL30,MRPS15,0.986
MRPL30,MRPS16,0.99
MRPL30,MRPS18A,0.982
MRPL30,MRPS18B,0.911
MRPL30,MRPS18C,0.94
MRPL30,MRPS2,0.933
MRPL30,MRPS21,0.928
MRPL30,MRPS22,0.934
MRPL30,MRPS25,0.967
MRPL30,MRPS27,0.907
MRPL30,MRPS30,0.979
MRPL30,MRPS31,0.902
MRPL30,MRPS35,0.975
MRPL30,MRPS5,0.97
MRPL30,MRPS6,0.973
MRPL30,MRPS7,0.935
MRPL30,MRPS9,0.967
MRPL30,MTIF2,0.928
MRPL30,NDUFAB1,0.953
MRPL30,TUFM,0.909
MRPL32,MRPL33,0.999
MRPL32,MRPL34,0.991
MRPL32,MRPL35,0.929
MRPL32,MRPL36,0.999
MRPL32,MRPL37,0.962
MRPL32,MRPL38,0.98
MRPL32,MRPL39,0.992
MRPL32,MRPL4,0.998
MRPL32,MRPL40,0.997
MRPL32,MRPL41,0.997
MRPL32,MRPL42,0.979
MRPL32,MRPL43,0.989
MRPL32,MRPL44,0.995
MRPL32,MRPL45,0.954
MRPL32,MRPL46,0.996
MRPL32,MRPL47,0.998
MRPL32,MRPL49,0.992
MRPL32,MRPL50,0.983
MRPL32,MRPL51,0.928
MRPL32,MRPL52,0.942
MRPL32,MRPL53,0.918
MRPL32,MRPL54,0.97
MRPL32,MRPL55,0.922
MRPL32,MRPL9,0.999
MRPL32,MRPS10,0.998
MRPL32,MRPS11,0.998
MRPL32,MRPS12,0.999
MRPL32,MRPS14,0.997
MRPL32,MRPS15,0.998
MRPL32,MRPS16,0.999
MRPL32,MRPS18A,0.991
MRPL32,MRPS18C,0.973
MRPL32,MRPS2,0.991
MRPL32,MRPS25,0.97
MRPL32,MRPS28,0.917
MRPL32,MRPS30,0.981
MRPL32,MRPS35,0.994
MRPL32,MRPS5,0.998
MRPL32,MRPS6,0.999
MRPL32,MRPS7,0.993
MRPL32,MRPS9,0.999
MRPL32,MRTO4,0.982
MRPL32,MTIF2,0.968
MRPL32,NDUFAB1,0.985
MRPL32,POLR1C,0.933
MRPL32,POLR2C,0.93
MRPL32,RPL10A,0.969
MRPL32,RPL11,0.997
MRPL32,RPL12,0.905
MRPL32,RPL13A,0.972
MRPL32,RPL17,0.963
MRPL32,RPL23,0.998
MRPL32,RPL23A,0.999
MRPL32,RPL26,0.959
MRPL32,RPL3,0.944
MRPL32,RPL35,0.998
MRPL32,RPL4,0.95
MRPL32,RPL5,0.998
MRPL32,RPL7,0.942
MRPL32,RPL8,0.95
MRPL32,RPL9,0.983
MRPL32,RPLP0,0.982
MRPL32,RPS11,0.997
MRPL32,RPS13,0.971
MRPL32,RPS14,0.969
MRPL32,RPS15,0.998
MRPL32,RPS16,0.946
MRPL32,RPS18,0.999
MRPL32,RPS2,0.975
MRPL32,RPS20,0.981
MRPL32,RPS23,0.981
MRPL32,RPS29,0.956
MRPL32,RPS3,0.996
MRPL32,RPS5,0.966
MRPL32,RPS9,0.982
MRPL32,RPSA,0.91
MRPL32,TUFM,0.999
MRPL33,MRPL34,0.996
MRPL33,MRPL35,0.971
MRPL33,MRPL36,0.999
MRPL33,MRPL37,0.934
MRPL33,MRPL38,0.961
MRPL33,MRPL39,0.948
MRPL33,MRPL4,0.999
MRPL33,MRPL40,0.992
MRPL33,MRPL41,0.995
MRPL33,MRPL42,0.963
MRPL33,MRPL43,0.994
MRPL33,MRPL44,0.993
MRPL33,MRPL45,0.924
MRPL33,MRPL46,0.994
MRPL33,MRPL47,0.998
MRPL33,MRPL49,0.994
MRPL33,MRPL50,0.972
MRPL33,MRPL51,0.952
MRPL33,MRPL52,0.915
MRPL33,MRPL53,0.926
MRPL33,MRPL54,0.976
MRPL33,MRPL9,0.999
MRPL33,MRPS10,0.998
MRPL33,MRPS11,0.998
MRPL33,MRPS12,0.998
MRPL33,MRPS14,0.998
MRPL33,MRPS15,0.999
MRPL33,MRPS16,0.999
MRPL33,MRPS18A,0.981
MRPL33,MRPS18C,0.966
MRPL33,MRPS2,0.988
MRPL33,MRPS25,0.982
MRPL33,MRPS30,0.97
MRPL33,MRPS33,0.92
MRPL33,MRPS35,0.992
MRPL33,MRPS5,0.999
MRPL33,MRPS6,0.999
MRPL33,MRPS7,0.998
MRPL33,MRPS9,0.999
MRPL33,MRTO4,0.981
MRPL33,MTIF2,0.959
MRPL33,NDUFAB1,0.975
MRPL33,NSUN4,0.905
MRPL33,POLR1C,0.904
MRPL33,POLR2C,0.905
MRPL33,RPL10A,0.965
MRPL33,RPL11,0.998
MRPL33,RPL12,0.935
MRPL33,RPL13A,0.971
MRPL33,RPL17,0.959
MRPL33,RPL23,0.993
MRPL33,RPL23A,0.999
MRPL33,RPL26,0.961
MRPL33,RPL3,0.968
MRPL33,RPL35,0.996
MRPL33,RPL4,0.964
MRPL33,RPL5,0.998
MRPL33,RPL7,0.946
MRPL33,RPL8,0.969
MRPL33,RPL9,0.983
MRPL33,RPLP0,0.983
MRPL33,RPS11,0.997
MRPL33,RPS13,0.971
MRPL33,RPS14,0.97
MRPL33,RPS15,0.999
MRPL33,RPS16,0.964
MRPL33,RPS18,0.998
MRPL33,RPS2,0.983
MRPL33,RPS20,0.982
MRPL33,RPS23,0.973
MRPL33,RPS29,0.964
MRPL33,RPS3,0.999
MRPL33,RPS5,0.962
MRPL33,RPS9,0.986
MRPL33,TUFM,0.999
MRPL34,MRPL35,0.92
MRPL34,MRPL36,0.995
MRPL34,MRPL37,0.919
MRPL34,MRPL38,0.969
MRPL34,MRPL39,0.963
MRPL34,MRPL4,0.997
MRPL34,MRPL40,0.991
MRPL34,MRPL41,0.998
MRPL34,MRPL42,0.915
MRPL34,MRPL43,0.997
MRPL34,MRPL44,0.992
MRPL34,MRPL45,0.903
MRPL34,MRPL46,0.996
MRPL34,MRPL47,0.997
MRPL34,MRPL48,0.911
MRPL34,MRPL49,0.993
MRPL34,MRPL50,0.962
MRPL34,MRPL52,0.916
MRPL34,MRPL53,0.912
MRPL34,MRPL54,0.978
MRPL34,MRPL55,0.911
MRPL34,MRPL9,0.979
MRPL34,MRPS10,0.993
MRPL34,MRPS11,0.99
MRPL34,MRPS12,0.992
MRPL34,MRPS14,0.996
MRPL34,MRPS15,0.996
MRPL34,MRPS16,0.993
MRPL34,MRPS17,0.903
MRPL34,MRPS18A,0.967
MRPL34,MRPS18C,0.965
MRPL34,MRPS2,0.976
MRPL34,MRPS21,0.911
MRPL34,MRPS25,0.973
MRPL34,MRPS30,0.968
MRPL34,MRPS34,0.907
MRPL34,MRPS35,0.988
MRPL34,MRPS5,0.992
MRPL34,MRPS6,0.989
MRPL34,MRPS7,0.993
MRPL34,MRPS9,0.993
MRPL34,MTIF2,0.909
MRPL34,NDUFAB1,0.942
MRPL34,RPL23,0.952
MRPL34,TUFM,0.913
MRPL35,MRPL37,0.906
MRPL35,MRPL38,0.972
MRPL35,MRPL39,0.981
MRPL35,MRPL4,0.958
MRPL35,MRPL40,0.969
MRPL35,MRPL41,0.949
MRPL35,MRPL42,0.962
MRPL35,MRPL44,0.928
MRPL35,MRPL45,0.961
MRPL35,MRPL46,0.945
MRPL35,MRPL47,0.968
MRPL35,MRPL48,0.929
MRPL35,MRPL49,0.966
MRPL35,MRPL50,0.969
MRPL35,MRPL51,0.976
MRPL35,MRPL52,0.934
MRPL35,MRPL55,0.935
MRPL35,MRPL9,0.98
MRPL35,MRPS11,0.943
MRPL35,MRPS14,0.957
MRPL35,MRPS17,0.911
MRPL35,MRPS18A,0.957
MRPL35,MRPS18C,0.907
MRPL35,MRPS2,0.902
MRPL35,MRPS23,0.91
MRPL35,MRPS24,0.9
MRPL35,MRPS28,0.909
MRPL35,MRPS30,0.979
MRPL35,MRPS5,0.901
MRPL35,MRPS7,0.904
MRPL35,MTIF2,0.923
MRPL35,NDUFAB1,0.955
MRPL36,MRPL38,0.973
MRPL36,MRPL39,0.902
MRPL36,MRPL4,0.999
MRPL36,MRPL40,0.998
MRPL36,MRPL41,0.997
MRPL36,MRPL42,0.915
MRPL36,MRPL43,0.996
MRPL36,MRPL44,0.991
MRPL36,MRPL46,0.996
MRPL36,MRPL47,0.995
MRPL36,MRPL49,0.996
MRPL36,MRPL51,0.934
MRPL36,MRPL54,0.972
MRPL36,MRPL55,0.931
MRPL36,MRPL9,0.998
MRPL36,MRPS10,0.999
MRPL36,MRPS11,0.999
MRPL36,MRPS12,0.999
MRPL36,MRPS14,0.999
MRPL36,MRPS15,0.998
MRPL36,MRPS16,0.999
MRPL36,MRPS18A,0.989
MRPL36,MRPS18C,0.98
MRPL36,MRPS2,0.993
MRPL36,MRPS21,0.931
MRPL36,MRPS22,0.926
MRPL36,MRPS25,0.986
MRPL36,MRPS34,0.94
MRPL36,MRPS35,0.994
MRPL36,MRPS5,0.999
MRPL36,MRPS6,0.999
MRPL36,MRPS7,0.998
MRPL36,MRPS9,0.997
MRPL36,MRTO4,0.982
MRPL36,MTIF2,0.937
MRPL36,NDUFAB1,0.97
MRPL36,POLR1C,0.928
MRPL36,POLR2C,0.926
MRPL36,RPL10,0.907
MRPL36,RPL10A,0.971
MRPL36,RPL11,0.999
MRPL36,RPL12,0.911
MRPL36,RPL13A,0.971
MRPL36,RPL17,0.971
MRPL36,RPL23,0.999
MRPL36,RPL23A,0.999
MRPL36,RPL26,0.972
MRPL36,RPL3,0.971
MRPL36,RPL35,0.999
MRPL36,RPL4,0.972
MRPL36,RPL5,0.999
MRPL36,RPL7,0.945
MRPL36,RPL8,0.974
MRPL36,RPL9,0.983
MRPL36,RPLP0,0.981
MRPL36,RPS11,0.999
MRPL36,RPS13,0.938
MRPL36,RPS14,0.974
MRPL36,RPS15,0.999
MRPL36,RPS16,0.974
MRPL36,RPS18,0.999
MRPL36,RPS2,0.983
MRPL36,RPS20,0.984
MRPL36,RPS23,0.983
MRPL36,RPS29,0.972
MRPL36,RPS3,0.999
MRPL36,RPS5,0.973
MRPL36,RPS9,0.993
MRPL36,RPSA,0.907
MRPL36,SEC61A1,0.925
MRPL36,TUFM,0.999
MRPL37,MRPL38,0.975
MRPL37,MRPL39,0.977
MRPL37,MRPL4,0.958
MRPL37,MRPL40,0.982
MRPL37,MRPL41,0.987
MRPL37,MRPL42,0.977
MRPL37,MRPL43,0.917
MRPL37,MRPL44,0.976
MRPL37,MRPL45,0.981
MRPL37,MRPL46,0.976
MRPL37,MRPL47,0.986
MRPL37,MRPL48,0.928
MRPL37,MRPL49,0.974
MRPL37,MRPL50,0.979
MRPL37,MRPL51,0.968
MRPL37,MRPL52,0.915
MRPL37,MRPL53,0.926
MRPL37,MRPL55,0.973
MRPL37,MRPL9,0.983
MRPL37,MRPS10,0.901
MRPL37,MRPS15,0.924
MRPL37,MRPS16,0.902
MRPL37,MRPS18A,0.939
MRPL37,MRPS18B,0.952
MRPL37,MRPS2,0.917
MRPL37,MRPS21,0.935
MRPL37,MRPS23,0.927
MRPL37,MRPS27,0.903
MRPL37,MRPS30,0.992
MRPL37,MRPS34,0.902
MRPL37,MRPS7,0.932
MRPL37,MRPS9,0.917
MRPL37,MTIF2,0.912
MRPL37,NDUFAB1,0.949
MRPL37,TUFM,0.938
MRPL38,MRPL39,0.98
MRPL38,MRPL4,0.995
MRPL38,MRPL40,0.995
MRPL38,MRPL41,0.989
MRPL38,MRPL43,0.981
MRPL38,MRPL44,0.988
MRPL38,MRPL45,0.949
MRPL38,MRPL46,0.983
MRPL38,MRPL47,0.992
MRPL38,MRPL48,0.953
MRPL38,MRPL49,0.984
MRPL38,MRPL50,0.97
MRPL38,MRPL51,0.935
MRPL38,MRPL52,0.984
MRPL38,MRPL54,0.933
MRPL38,MRPL9,0.975
MRPL38,MRPS10,0.974
MRPL38,MRPS11,0.964
MRPL38,MRPS12,0.959
MRPL38,MRPS14,0.96
MRPL38,MRPS15,0.968
MRPL38,MRPS16,0.968
MRPL38,MRPS18A,0.98
MRPL38,MRPS18B,0.913
MRPL38,MRPS18C,0.909
MRPL38,MRPS2,0.953
MRPL38,MRPS22,0.903
MRPL38,MRPS25,0.929
MRPL38,MRPS26,0.93
MRPL38,MRPS27,0.951
MRPL38,MRPS30,0.961
MRPL38,MRPS34,0.934
MRPL38,MRPS35,0.962
MRPL38,MRPS5,0.97
MRPL38,MRPS6,0.954
MRPL38,MRPS7,0.952
MRPL38,MRPS9,0.971
MRPL38,MTIF2,0.916
MRPL38,NDUFAB1,0.94
MRPL38,TUFM,0.917
MRPL39,MRPL4,0.984
MRPL39,MRPL40,0.982
MRPL39,MRPL41,0.975
MRPL39,MRPL42,0.975
MRPL39,MRPL43,0.961
MRPL39,MRPL44,0.991
MRPL39,MRPL45,0.991
MRPL39,MRPL46,0.985
MRPL39,MRPL47,0.979
MRPL39,MRPL48,0.971
MRPL39,MRPL49,0.982
MRPL39,MRPL50,0.987
MRPL39,MRPL51,0.967
MRPL39,MRPL52,0.948
MRPL39,MRPL53,0.901
MRPL39,MRPL55,0.976
MRPL39,MRPL9,0.983
MRPL39,MRPS14,0.924
MRPL39,MRPS15,0.949
MRPL39,MRPS16,0.914
MRPL39,MRPS18A,0.978
MRPL39,MRPS18C,0.91
MRPL39,MRPS2,0.902
MRPL39,MRPS22,0.922
MRPL39,MRPS23,0.913
MRPL39,MRPS30,0.98
MRPL39,MRPS31,0.979
MRPL39,MRPS5,0.918
MRPL39,MRPS6,0.911
MRPL39,MRPS7,0.915
MRPL39,MRPS9,0.959
MRPL39,MTIF2,0.957
MRPL39,NDUFAB1,0.945
MRPL39,TUFM,0.938
MRPL4,MRPL40,0.998
MRPL4,MRPL41,0.998
MRPL4,MRPL42,0.956
MRPL4,MRPL43,0.998
MRPL4,MRPL44,0.998
MRPL4,MRPL45,0.988
MRPL4,MRPL46,0.998
MRPL4,MRPL47,0.999
MRPL4,MRPL48,0.982
MRPL4,MRPL49,0.998
MRPL4,MRPL50,0.989
MRPL4,MRPL51,0.985
MRPL4,MRPL52,0.967
MRPL4,MRPL53,0.964
MRPL4,MRPL54,0.942
MRPL4,MRPL55,0.959
MRPL4,MRPL9,0.999
MRPL4,MRPS10,0.997
MRPL4,MRPS11,0.997
MRPL4,MRPS12,0.998
MRPL4,MRPS14,0.997
MRPL4,MRPS15,0.998
MRPL4,MRPS16,0.999
MRPL4,MRPS18A,0.995
MRPL4,MRPS18B,0.914
MRPL4,MRPS18C,0.965
MRPL4,MRPS2,0.993
MRPL4,MRPS22,0.91
MRPL4,MRPS25,0.99
MRPL4,MRPS30,0.97
MRPL4,MRPS34,0.945
MRPL4,MRPS35,0.994
MRPL4,MRPS5,0.998
MRPL4,MRPS6,0.998
MRPL4,MRPS7,0.997
MRPL4,MRPS9,0.998
MRPL4,MRTO4,0.908
MRPL4,MTIF2,0.985
MRPL4,NDUFAB1,0.953
MRPL4,RPL11,0.973
MRPL4,RPL13,0.941
MRPL4,RPL15,0.964
MRPL4,RPL18,0.97
MRPL4,RPL18A,0.947
MRPL4,RPL19,0.958
MRPL4,RPL21,0.953
MRPL4,RPL23,0.995
MRPL4,RPL23A,0.974
MRPL4,RPL24,0.95
MRPL4,RPL28,0.917
MRPL4,RPL29,0.945
MRPL4,RPL30,0.95
MRPL4,RPL31,0.952
MRPL4,RPL34,0.935
MRPL4,RPL35,0.976
MRPL4,RPL35A,0.948
MRPL4,RPL36,0.953
MRPL4,RPL37A,0.942
MRPL4,RPL38,0.936
MRPL4,RPL5,0.971
MRPL4,RPLP1,0.93
MRPL4,RPS11,0.974
MRPL4,RPS15,0.974
MRPL4,RPS17,0.945
MRPL4,RPS18,0.995
MRPL4,RPS19,0.946
MRPL4,RPS2,0.93
MRPL4,RPS20,0.918
MRPL4,RPS21,0.95
MRPL4,RPS23,0.902
MRPL4,RPS24,0.961
MRPL4,RPS25,0.944
MRPL4,RPS26,0.95
MRPL4,RPS28,0.934
MRPL4,RPS3,0.971
MRPL4,RPS3A,0.958
MRPL4,RPS5,0.931
MRPL4,RPS6,0.957
MRPL4,RPS7,0.945
MRPL4,RPS8,0.956
MRPL4,RPS9,0.986
MRPL4,TUFM,0.998
MRPL4,UBA52,0.923
MRPL40,MRPL41,0.998
MRPL40,MRPL42,0.971
MRPL40,MRPL43,0.992
MRPL40,MRPL44,0.994
MRPL40,MRPL45,0.946
MRPL40,MRPL46,0.999
MRPL40,MRPL47,0.998
MRPL40,MRPL48,0.968
MRPL40,MRPL49,0.996
MRPL40,MRPL50,0.978
MRPL40,MRPL51,0.966
MRPL40,MRPL52,0.96
MRPL40,MRPL53,0.956
MRPL40,MRPL54,0.976
MRPL40,MRPL55,0.981
MRPL40,MRPL9,0.954
MRPL40,MRPS10,0.996
MRPL40,MRPS11,0.994
MRPL40,MRPS12,0.992
MRPL40,MRPS14,0.994
MRPL40,MRPS15,0.994
MRPL40,MRPS16,0.997
MRPL40,MRPS18A,0.988
MRPL40,MRPS18B,0.923
MRPL40,MRPS18C,0.976
MRPL40,MRPS2,0.976
MRPL40,MRPS22,0.926
MRPL40,MRPS23,0.911
MRPL40,MRPS25,0.985
MRPL40,MRPS27,0.909
MRPL40,MRPS30,0.98
MRPL40,MRPS31,0.908
MRPL40,MRPS33,0.936
MRPL40,MRPS34,0.927
MRPL40,MRPS35,0.993
MRPL40,MRPS5,0.992
MRPL40,MRPS6,0.993
MRPL40,MRPS7,0.977
MRPL40,MRPS9,0.992
MRPL40,NDUFAB1,0.94
MRPL40,RPL11,0.908
MRPL40,TUFM,0.942
MRPL41,MRPL42,0.985
MRPL41,MRPL43,0.996
MRPL41,MRPL44,0.997
MRPL41,MRPL45,0.969
MRPL41,MRPL46,0.997
MRPL41,MRPL47,0.999
MRPL41,MRPL48,0.957
MRPL41,MRPL49,0.997
MRPL41,MRPL50,0.966
MRPL41,MRPL51,0.981
MRPL41,MRPL52,0.964
MRPL41,MRPL53,0.917
MRPL41,MRPL54,0.983
MRPL41,MRPL55,0.987
MRPL41,MRPL9,0.99
MRPL41,MRPS10,0.99
MRPL41,MRPS11,0.995
MRPL41,MRPS12,0.997
MRPL41,MRPS14,0.995
MRPL41,MRPS15,0.995
MRPL41,MRPS16,0.997
MRPL41,MRPS18A,0.994
MRPL41,MRPS18C,0.973
MRPL41,MRPS2,0.988
MRPL41,MRPS21,0.925
MRPL41,MRPS23,0.94
MRPL41,MRPS25,0.975
MRPL41,MRPS26,0.921
MRPL41,MRPS30,0.993
MRPL41,MRPS33,0.904
MRPL41,MRPS34,0.955
MRPL41,MRPS35,0.993
MRPL41,MRPS5,0.994
MRPL41,MRPS6,0.994
MRPL41,MRPS7,0.983
MRPL41,MRPS9,0.992
MRPL41,NDUFAB1,0.936
MRPL41,RPL23,0.941
MRPL41,RPS11,0.946
MRPL41,RPS18,0.946
MRPL41,RPS23,0.915
MRPL41,TUFM,0.919
MRPL42,MRPL43,0.983
MRPL42,MRPL44,0.983
MRPL42,MRPL45,0.929
MRPL42,MRPL46,0.942
MRPL42,MRPL47,0.981
MRPL42,MRPL48,0.955
MRPL42,MRPL49,0.947
MRPL42,MRPL50,0.972
MRPL42,MRPL51,0.96
MRPL42,MRPL52,0.931
MRPL42,MRPL53,0.914
MRPL42,MRPL54,0.947
MRPL42,MRPL55,0.962
MRPL42,MRPL9,0.955
MRPL42,MRPS10,0.989
MRPL42,MRPS11,0.988
MRPL42,MRPS12,0.987
MRPL42,MRPS14,0.991
MRPL42,MRPS15,0.985
MRPL42,MRPS16,0.992
MRPL42,MRPS17,0.987
MRPL42,MRPS18A,0.997
MRPL42,MRPS18B,0.991
MRPL42,MRPS18C,0.995
MRPL42,MRPS2,0.988
MRPL42,MRPS21,0.986
MRPL42,MRPS22,0.992
MRPL42,MRPS23,0.955
MRPL42,MRPS24,0.966
MRPL42,MRPS25,0.949
MRPL42,MRPS26,0.941
MRPL42,MRPS27,0.988
MRPL42,MRPS28,0.962
MRPL42,MRPS30,0.97
MRPL42,MRPS31,0.939
MRPL42,MRPS33,0.993
MRPL42,MRPS34,0.967
MRPL42,MRPS35,0.966
MRPL42,MRPS5,0.99
MRPL42,MRPS6,0.984
MRPL42,MRPS7,0.989
MRPL42,MRPS9,0.983
MRPL42,MTIF2,0.931
MRPL42,NDUFAB1,0.948
MRPL42,PTCD3,0.961
MRPL42,TUFM,0.915
MRPL43,MRPL44,0.998
MRPL43,MRPL46,0.996
MRPL43,MRPL47,0.998
MRPL43,MRPL49,0.997
MRPL43,MRPL50,0.981
MRPL43,MRPL51,0.95
MRPL43,MRPL52,0.927
MRPL43,MRPL53,0.914
MRPL43,MRPL54,0.979
MRPL43,MRPL55,0.934
MRPL43,MRPL9,0.993
MRPL43,MRPS10,0.997
MRPL43,MRPS11,0.992
MRPL43,MRPS12,0.992
MRPL43,MRPS14,0.993
MRPL43,MRPS15,0.995
MRPL43,MRPS16,0.997
MRPL43,MRPS18A,0.974
MRPL43,MRPS18C,0.97
MRPL43,MRPS2,0.989
MRPL43,MRPS21,0.915
MRPL43,MRPS23,0.927
MRPL43,MRPS25,0.984
MRPL43,MRPS30,0.963
MRPL43,MRPS34,0.954
MRPL43,MRPS35,0.992
MRPL43,MRPS5,0.992
MRPL43,MRPS6,0.992
MRPL43,MRPS7,0.997
MRPL43,MRPS9,0.994
MRPL43,MTIF2,0.911
MRPL43,NDUFAB1,0.987
MRPL43,RPL23,0.967
MRPL43,RPL9,0.914
MRPL43,RPS11,0.967
MRPL43,RPS18,0.96
MRPL43,RPS20,0.907
MRPL43,TUFM,0.922
MRPL44,MRPL45,0.941
MRPL44,MRPL46,0.998
MRPL44,MRPL47,0.998
MRPL44,MRPL49,0.996
MRPL44,MRPL50,0.992
MRPL44,MRPL51,0.98
MRPL44,MRPL52,0.918
MRPL44,MRPL53,0.924
MRPL44,MRPL54,0.927
MRPL44,MRPL9,0.973
MRPL44,MRPS10,0.996
MRPL44,MRPS11,0.992
MRPL44,MRPS12,0.994
MRPL44,MRPS14,0.996
MRPL44,MRPS15,0.994
MRPL44,MRPS16,0.996
MRPL44,MRPS17,0.918
MRPL44,MRPS18A,0.977
MRPL44,MRPS18B,0.936
MRPL44,MRPS18C,0.966
MRPL44,MRPS2,0.99
MRPL44,MRPS22,0.964
MRPL44,MRPS23,0.918
MRPL44,MRPS25,0.987
MRPL44,MRPS27,0.951
MRPL44,MRPS30,0.981
MRPL44,MRPS31,0.9
MRPL44,MRPS34,0.944
MRPL44,MRPS35,0.992
MRPL44,MRPS5,0.994
MRPL44,MRPS6,0.992
MRPL44,MRPS7,0.978
MRPL44,MRPS9,0.996
MRPL44,MTIF2,0.943
MRPL44,NDUFAB1,0.945
MRPL44,TUFM,0.96
MRPL45,MRPL46,0.951
MRPL45,MRPL47,0.992
MRPL45,MRPL48,0.941
MRPL45,MRPL49,0.96
MRPL45,MRPL50,0.971
MRPL45,MRPL51,0.964
MRPL45,MRPL52,0.927
MRPL45,MRPL53,0.952
MRPL45,MRPL54,0.904
MRPL45,MRPL9,0.967
MRPL45,MRPS10,0.912
MRPL45,MRPS15,0.923
MRPL45,MRPS16,0.927
MRPL45,MRPS17,0.911
MRPL45,MRPS18A,0.953
MRPL45,MRPS18B,0.954
MRPL45,MRPS2,0.91
MRPL45,MRPS21,0.915
MRPL45,MRPS22,0.937
MRPL45,MRPS25,0.948
MRPL45,MRPS26,0.91
MRPL45,MRPS27,0.927
MRPL45,MRPS30,0.974
MRPL45,MRPS31,0.93
MRPL45,MRPS33,0.922
MRPL45,MRPS5,0.918
MRPL45,MRPS7,0.911
MRPL45,MRPS9,0.91
MRPL45,MTIF2,0.933
MRPL45,NDUFAB1,0.939
MRPL45,TUFM,0.942
MRPL46,MRPL47,0.998
MRPL46,MRPL48,0.99
MRPL46,MRPL49,0.996
MRPL46,MRPL50,0.978
MRPL46,MRPL51,0.915
MRPL46,MRPL52,0.915
MRPL46,MRPL53,0.949
MRPL46,MRPL54,0.985
MRPL46,MRPL55,0.993
MRPL46,MRPL9,0.997
MRPL46,MRPS10,0.993
MRPL46,MRPS11,0.998
MRPL46,MRPS12,0.994
MRPL46,MRPS14,0.996
MRPL46,MRPS15,0.998
MRPL46,MRPS16,0.996
MRPL46,MRPS17,0.9
MRPL46,MRPS18A,0.985
MRPL46,MRPS18B,0.914
MRPL46,MRPS18C,0.981
MRPL46,MRPS2,0.982
MRPL46,MRPS22,0.919
MRPL46,MRPS25,0.984
MRPL46,MRPS30,0.978
MRPL46,MRPS31,0.911
MRPL46,MRPS35,0.995
MRPL46,MRPS5,0.996
MRPL46,MRPS6,0.994
MRPL46,MRPS7,0.998
MRPL46,MRPS9,0.997
MRPL46,MTIF2,0.923
MRPL46,NDUFAB1,0.966
MRPL46,RPL23,0.972
MRPL46,RPL9,0.901
MRPL46,RPS11,0.969
MRPL46,RPS18,0.95
MRPL46,TUFM,0.921
MRPL47,MRPL48,0.971
MRPL47,MRPL49,0.998
MRPL47,MRPL50,0.989
MRPL47,MRPL51,0.986
MRPL47,MRPL52,0.912
MRPL47,MRPL53,0.948
MRPL47,MRPL54,0.981
MRPL47,MRPL55,0.979
MRPL47,MRPL9,0.999
MRPL47,MRPS10,0.995
MRPL47,MRPS11,0.992
MRPL47,MRPS12,0.992
MRPL47,MRPS14,0.993
MRPL47,MRPS15,0.995
MRPL47,MRPS16,0.995
MRPL47,MRPS18A,0.995
MRPL47,MRPS18B,0.926
MRPL47,MRPS18C,0.977
MRPL47,MRPS2,0.976
MRPL47,MRPS22,0.934
MRPL47,MRPS23,0.906
MRPL47,MRPS24,0.918
MRPL47,MRPS25,0.977
MRPL47,MRPS30,0.967
MRPL47,MRPS33,0.956
MRPL47,MRPS35,0.995
MRPL47,MRPS5,0.995
MRPL47,MRPS6,0.992
MRPL47,MRPS7,0.994
MRPL47,MRPS9,0.994
MRPL47,MTIF2,0.934
MRPL47,NDUFAB1,0.986
MRPL47,RPL23,0.97
MRPL47,RPS11,0.97
MRPL47,RPS18,0.945
MRPL47,RPS2,0.902
MRPL47,TUFM,0.917
MRPL48,MRPL49,0.941
MRPL48,MRPL50,0.966
MRPL48,MRPL51,0.973
MRPL48,MRPL52,0.935
MRPL48,MRPL53,0.913
MRPL48,MRPL55,0.951
MRPL48,MRPL9,0.91
MRPL48,MRPS10,0.934
MRPL48,MRPS11,0.9
MRPL48,MRPS14,0.928
MRPL48,MRPS15,0.922
MRPL48,MRPS16,0.904
MRPL48,MRPS17,0.902
MRPL48,MRPS18A,0.92
MRPL48,MRPS18B,0.933
MRPL48,MRPS18C,0.937
MRPL48,MRPS22,0.932
MRPL48,MRPS23,0.922
MRPL48,MRPS30,0.977
MRPL48,MRPS33,0.938
MRPL48,MRPS34,0.921
MRPL48,MRPS7,0.946
MRPL48,MTIF2,0.925
MRPL48,NDUFAB1,0.947
MRPL48,PTCD3,0.917
MRPL48,TUFM,0.913
MRPL49,MRPL50,0.985
MRPL49,MRPL51,0.971
MRPL49,MRPL52,0.952
MRPL49,MRPL53,0.9
MRPL49,MRPL54,0.977
MRPL49,MRPL55,0.911
MRPL49,MRPL9,0.954
MRPL49,MRPS10,0.992
MRPL49,MRPS11,0.99
MRPL49,MRPS12,0.995
MRPL49,MRPS14,0.991
MRPL49,MRPS15,0.993
MRPL49,MRPS16,0.994
MRPL49,MRPS18A,0.977
MRPL49,MRPS18B,0.92
MRPL49,MRPS18C,0.97
MRPL49,MRPS2,0.975
MRPL49,MRPS22,0.947
MRPL49,MRPS25,0.988
MRPL49,MRPS30,0.976
MRPL49,MRPS33,0.902
MRPL49,MRPS35,0.991
MRPL49,MRPS5,0.993
MRPL49,MRPS6,0.988
MRPL49,MRPS7,0.993
MRPL49,MRPS9,0.993
MRPL49,MTIF2,0.929
MRPL49,NDUFAB1,0.94
MRPL49,TUFM,0.913
MRPL50,MRPL51,0.979
MRPL50,MRPL52,0.937
MRPL50,MRPL53,0.982
MRPL50,MRPL55,0.965
MRPL50,MRPL9,0.976
MRPL50,MRPS10,0.906
MRPL50,MRPS14,0.933
MRPL50,MRPS18A,0.978
MRPL50,MRPS18C,0.948
MRPL50,MRPS22,0.92
MRPL50,MRPS23,0.914
MRPL50,MRPS30,0.972
MRPL50,MRPS33,0.922
MRPL50,MRPS6,0.914
MRPL50,MRPS9,0.906
MRPL50,NDUFAB1,0.961
MRPL50,TUFM,0.902
MRPL51,MRPL52,0.978
MRPL51,MRPL53,0.941
MRPL51,MRPL54,0.922
MRPL51,MRPL55,0.976
MRPL51,MRPL9,0.947
MRPL51,MRPS10,0.936
MRPL51,MRPS14,0.957
MRPL51,MRPS15,0.908
MRPL51,MRPS17,0.925
MRPL51,MRPS18A,0.948
MRPL51,MRPS18B,0.902
MRPL51,MRPS18C,0.95
MRPL51,MRPS21,0.954
MRPL51,MRPS22,0.918
MRPL51,MRPS23,0.9
MRPL51,MRPS24,0.91
MRPL51,MRPS25,0.94
MRPL51,MRPS30,0.979
MRPL51,MRPS33,0.93
MRPL51,MRPS7,0.933
MRPL51,MTIF2,0.921
MRPL51,NDUFAB1,0.971
MRPL51,TUFM,0.908
MRPL52,MRPL53,0.935
MRPL52,MRPL54,0.937
MRPL52,MRPL55,0.989
MRPL52,MRPL9,0.94
MRPL52,MRPS11,0.908
MRPL52,MRPS15,0.922
MRPL52,MRPS16,0.943
MRPL52,MRPS18A,0.952
MRPL52,MRPS18B,0.91
MRPL52,MRPS18C,0.921
MRPL52,MRPS21,0.937
MRPL52,MRPS24,0.907
MRPL52,MRPS30,0.974
MRPL52,MRPS31,0.905
MRPL52,MRPS33,0.921
MRPL52,MRPS34,0.904
MRPL52,MRPS7,0.919
MRPL52,MTIF2,0.906
MRPL52,NDUFAB1,0.945
MRPL52,TUFM,0.911
MRPL53,MRPL54,0.95
MRPL53,MRPL55,0.907
MRPL53,MRPL9,0.942
MRPL53,MRPS18A,0.973
MRPL53,MRPS18C,0.9
MRPL53,MRPS21,0.904
MRPL53,MRPS30,0.958
MRPL53,MRPS31,0.915
MRPL53,MRPS33,0.919
MRPL53,MTIF2,0.907
MRPL53,NDUFAB1,0.942
MRPL53,TUFM,0.916
MRPL54,MRPL55,0.906
MRPL54,MRPL9,0.904
MRPL54,MRPS10,0.926
MRPL54,MRPS11,0.959
MRPL54,MRPS12,0.964
MRPL54,MRPS14,0.912
MRPL54,MRPS15,0.956
MRPL54,MRPS16,0.982
MRPL54,MRPS18A,0.959
MRPL54,MRPS18B,0.931
MRPL54,MRPS18C,0.957
MRPL54,MRPS2,0.903
MRPL54,MRPS22,0.94
MRPL54,MRPS23,0.925
MRPL54,MRPS25,0.978
MRPL54,MRPS30,0.916
MRPL54,MRPS33,0.948
MRPL54,MRPS35,0.965
MRPL54,MRPS5,0.915
MRPL54,MRPS6,0.967
MRPL54,MRPS7,0.953
MRPL54,MRPS9,0.97
MRPL54,NDUFAB1,0.947
MRPL54,TUFM,0.909
MRPL55,MRPL9,0.945
MRPL55,MRPS10,0.908
MRPL55,MRPS11,0.913
MRPL55,MRPS12,0.914
MRPL55,MRPS14,0.944
MRPL55,MRPS15,0.926
MRPL55,MRPS16,0.938
MRPL55,MRPS18A,0.944
MRPL55,MRPS18C,0.91
MRPL55,MRPS21,0.922
MRPL55,MRPS25,0.94
MRPL55,MRPS30,0.987
MRPL55,MRPS33,0.915
MRPL55,MRPS7,0.926
MRPL55,MRPS9,0.903
MRPL55,NDUFAB1,0.932
MRPL55,TUFM,0.907
MRPL9,MRPS10,0.997
MRPL9,MRPS11,0.995
MRPL9,MRPS12,0.996
MRPL9,MRPS14,0.996
MRPL9,MRPS15,0.997
MRPL9,MRPS16,0.999
MRPL9,MRPS18A,0.984
MRPL9,MRPS18C,0.935
MRPL9,MRPS2,0.993
MRPL9,MRPS26,0.927
MRPL9,MRPS30,0.969
MRPL9,MRPS35,0.946
MRPL9,MRPS5,0.996
MRPL9,MRPS6,0.999
MRPL9,MRPS7,0.994
MRPL9,MRPS9,0.999
MRPL9,MRTO4,0.981
MRPL9,MTIF2,0.989
MRPL9,NDUFAB1,0.951
MRPL9,POLR1C,0.947
MRPL9,POLR2C,0.947
MRPL9,RPL10,0.912
MRPL9,RPL10A,0.972
MRPL9,RPL11,0.999
MRPL9,RPL12,0.906
MRPL9,RPL13A,0.972
MRPL9,RPL17,0.974
MRPL9,RPL23,0.996
MRPL9,RPL23A,0.999
MRPL9,RPL26,0.957
MRPL9,RPL3,0.972
MRPL9,RPL35,0.998
MRPL9,RPL4,0.97
MRPL9,RPL5,0.998
MRPL9,RPL7,0.94
MRPL9,RPL8,0.97
MRPL9,RPL9,0.981
MRPL9,RPLP0,0.982
MRPL9,RPS11,0.999
MRPL9,RPS13,0.946
MRPL9,RPS14,0.968
MRPL9,RPS15,0.999
MRPL9,RPS16,0.969
MRPL9,RPS18,0.997
MRPL9,RPS2,0.981
MRPL9,RPS20,0.981
MRPL9,RPS23,0.975
MRPL9,RPS29,0.964
MRPL9,RPS3,0.999
MRPL9,RPS5,0.967
MRPL9,RPS9,0.982
MRPL9,RPSA,0.902
MRPL9,SEC61A1,0.906
MRPL9,TUFM,0.999
MRPS10,MRPS11,0.999
MRPS10,MRPS12,0.999
MRPS10,MRPS14,0.999
MRPS10,MRPS15,0.999
MRPS10,MRPS16,0.999
MRPS10,MRPS17,0.993
MRPS10,MRPS18A,0.997
MRPS10,MRPS18B,0.998
MRPS10,MRPS18C,0.998
MRPS10,MRPS2,0.999
MRPS10,MRPS21,0.993
MRPS10,MRPS22,0.997
MRPS10,MRPS23,0.993
MRPS10,MRPS24,0.997
MRPS10,MRPS25,0.998
MRPS10,MRPS26,0.992
MRPS10,MRPS27,0.998
MRPS10,MRPS28,0.986
MRPS10,MRPS30,0.974
MRPS10,MRPS31,0.998
MRPS10,MRPS33,0.995
MRPS10,MRPS34,0.996
MRPS10,MRPS35,0.999
MRPS10,MRPS5,0.999
MRPS10,MRPS6,0.999
MRPS10,MRPS7,0.999
MRPS10,MRPS9,0.999
MRPS10,MRTO4,0.949
MRPS10,MTIF2,0.99
MRPS10,POLR1C,0.943
MRPS10,POLR2C,0.946
MRPS10,PTCD3,0.993
MRPS10,RACK1,0.918
MRPS10,RPL11,0.986
MRPS10,RPL13,0.959
MRPS10,RPL15,0.976
MRPS10,RPL18,0.978
MRPS10,RPL18A,0.973
MRPS10,RPL19,0.979
MRPS10,RPL21,0.978
MRPS10,RPL23,0.982
MRPS10,RPL23A,0.987
MRPS10,RPL24,0.972
MRPS10,RPL26,0.905
MRPS10,RPL28,0.972
MRPS10,RPL29,0.979
MRPS10,RPL30,0.983
MRPS10,RPL31,0.981
MRPS10,RPL34,0.974
MRPS10,RPL35,0.988
MRPS10,RPL35A,0.982
MRPS10,RPL36,0.978
MRPS10,RPL37A,0.982
MRPS10,RPL38,0.963
MRPS10,RPL4,0.901
MRPS10,RPL5,0.983
MRPS10,RPL9,0.954
MRPS10,RPLP0,0.945
MRPS10,RPLP1,0.964
MRPS10,RPLP2,0.953
MRPS10,RPS10,0.921
MRPS10,RPS11,0.982
MRPS10,RPS15,0.983
MRPS10,RPS17,0.972
MRPS10,RPS18,0.988
MRPS10,RPS19,0.979
MRPS10,RPS2,0.959
MRPS10,RPS21,0.975
MRPS10,RPS23,0.944
MRPS10,RPS24,0.98
MRPS10,RPS25,0.979
MRPS10,RPS26,0.963
MRPS10,RPS27,0.917
MRPS10,RPS28,0.979
MRPS10,RPS3,0.984
MRPS10,RPS3A,0.978
MRPS10,RPS5,0.95
MRPS10,RPS6,0.976
MRPS10,RPS7,0.977
MRPS10,RPS8,0.974
MRPS10,RPS9,0.98
MRPS10,TUFM,0.998
MRPS10,UBA52,0.951
MRPS11,MRPS12,0.999
MRPS11,MRPS14,0.999
MRPS11,MRPS15,0.999
MRPS11,MRPS16,0.999
MRPS11,MRPS17,0.99
MRPS11,MRPS18A,0.996
MRPS11,MRPS18B,0.997
MRPS11,MRPS18C,0.999
MRPS11,MRPS2,0.999
MRPS11,MRPS21,0.998
MRPS11,MRPS22,0.998
MRPS11,MRPS23,0.995
MRPS11,MRPS24,0.995
MRPS11,MRPS25,0.999
MRPS11,MRPS26,0.994
MRPS11,MRPS27,0.996
MRPS11,MRPS28,0.993
MRPS11,MRPS30,0.972
MRPS11,MRPS31,0.996
MRPS11,MRPS33,0.997
MRPS11,MRPS34,0.994
MRPS11,MRPS35,0.999
MRPS11,MRPS5,0.999
MRPS11,MRPS6,0.999
MRPS11,MRPS7,0.999
MRPS11,MRPS9,0.999
MRPS11,MRTO4,0.908
MRPS11,MTIF2,0.989
MRPS11,PTCD3,0.996
MRPS11,RACK1,0.925
MRPS11,RPL11,0.972
MRPS11,RPL13,0.939
MRPS11,RPL15,0.96
MRPS11,RPL18,0.965
MRPS11,RPL18A,0.909
MRPS11,RPL19,0.96
MRPS11,RPL21,0.96
MRPS11,RPL23,0.995
MRPS11,RPL23A,0.97
MRPS11,RPL24,0.958
MRPS11,RPL28,0.933
MRPS11,RPL29,0.946
MRPS11,RPL30,0.943
MRPS11,RPL31,0.956
MRPS11,RPL34,0.95
MRPS11,RPL35,0.973
MRPS11,RPL35A,0.937
MRPS11,RPL36,0.948
MRPS11,RPL37A,0.947
MRPS11,RPL38,0.947
MRPS11,RPL5,0.971
MRPS11,RPL9,0.91
MRPS11,RPLP1,0.922
MRPS11,RPS10,0.927
MRPS11,RPS11,0.987
MRPS11,RPS13,0.918
MRPS11,RPS15,0.986
MRPS11,RPS16,0.922
MRPS11,RPS17,0.976
MRPS11,RPS18,0.996
MRPS11,RPS19,0.975
MRPS11,RPS2,0.967
MRPS11,RPS20,0.96
MRPS11,RPS21,0.975
MRPS11,RPS23,0.957
MRPS11,RPS24,0.984
MRPS11,RPS25,0.974
MRPS11,RPS26,0.979
MRPS11,RPS27,0.924
MRPS11,RPS28,0.981
MRPS11,RPS29,0.935
MRPS11,RPS3,0.987
MRPS11,RPS3A,0.977
MRPS11,RPS4X,0.909
MRPS11,RPS4Y1,0.909
MRPS11,RPS5,0.971
MRPS11,RPS6,0.978
MRPS11,RPS7,0.97
MRPS11,RPS8,0.979
MRPS11,RPS9,0.994
MRPS11,TUFM,0.997
MRPS11,UBA52,0.959
MRPS12,MRPS14,0.999
MRPS12,MRPS15,0.999
MRPS12,MRPS16,0.999
MRPS12,MRPS17,0.997
MRPS12,MRPS18A,0.998
MRPS12,MRPS18B,0.99
MRPS12,MRPS18C,0.997
MRPS12,MRPS2,0.999
MRPS12,MRPS21,0.992
MRPS12,MRPS22,0.992
MRPS12,MRPS23,0.981
MRPS12,MRPS24,0.985
MRPS12,MRPS25,0.999
MRPS12,MRPS26,0.988
MRPS12,MRPS27,0.989
MRPS12,MRPS28,0.985
MRPS12,MRPS30,0.968
MRPS12,MRPS31,0.984
MRPS12,MRPS33,0.992
MRPS12,MRPS34,0.994
MRPS12,MRPS35,0.998
MRPS12,MRPS5,0.999
MRPS12,MRPS6,0.999
MRPS12,MRPS7,0.999
MRPS12,MRPS9,0.999
MRPS12,MRTO4,0.949
MRPS12,MTIF2,0.987
MRPS12,POLR1C,0.919
MRPS12,POLR2C,0.917
MRPS12,POLR2F,0.928
MRPS12,PTCD3,0.972
MRPS12,RPL11,0.989
MRPS12,RPL13,0.975
MRPS12,RPL15,0.98
MRPS12,RPL18,0.978
MRPS12,RPL18A,0.973
MRPS12,RPL19,0.981
MRPS12,RPL21,0.98
MRPS12,RPL23,0.994
MRPS12,RPL23A,0.983
MRPS12,RPL24,0.977
MRPS12,RPL28,0.95
MRPS12,RPL29,0.947
MRPS12,RPL30,0.982
MRPS12,RPL31,0.973
MRPS12,RPL34,0.972
MRPS12,RPL35,0.982
MRPS12,RPL35A,0.957
MRPS12,RPL36,0.96
MRPS12,RPL37A,0.972
MRPS12,RPL38,0.954
MRPS12,RPL5,0.983
MRPS12,RPL8,0.908
MRPS12,RPL9,0.945
MRPS12,RPLP0,0.945
MRPS12,RPLP1,0.966
MRPS12,RPLP2,0.939
MRPS12,RPS10,0.915
MRPS12,RPS11,0.983
MRPS12,RPS15,0.984
MRPS12,RPS17,0.979
MRPS12,RPS18,0.995
MRPS12,RPS19,0.978
MRPS12,RPS2,0.944
MRPS12,RPS20,0.944
MRPS12,RPS21,0.967
MRPS12,RPS24,0.977
MRPS12,RPS25,0.967
MRPS12,RPS26,0.969
MRPS12,RPS27,0.919
MRPS12,RPS28,0.977
MRPS12,RPS3,0.985
MRPS12,RPS3A,0.977
MRPS12,RPS5,0.952
MRPS12,RPS6,0.981
MRPS12,RPS7,0.958
MRPS12,RPS8,0.98
MRPS12,RPS9,0.987
MRPS12,TUFM,0.998
MRPS12,UBA52,0.954
MRPS14,MRPS15,0.999
MRPS14,MRPS16,0.999
MRPS14,MRPS17,0.997
MRPS14,MRPS18A,0.998
MRPS14,MRPS18B,0.996
MRPS14,MRPS18C,0.999
MRPS14,MRPS2,0.999
MRPS14,MRPS21,0.993
MRPS14,MRPS22,0.994
MRPS14,MRPS23,0.996
MRPS14,MRPS24,0.997
MRPS14,MRPS25,0.999
MRPS14,MRPS26,0.989
MRPS14,MRPS27,0.998
MRPS14,MRPS28,0.988
MRPS14,MRPS30,0.972
MRPS14,MRPS31,0.998
MRPS14,MRPS33,0.997
MRPS14,MRPS34,0.997
MRPS14,MRPS35,0.999
MRPS14,MRPS5,0.999
MRPS14,MRPS6,0.999
MRPS14,MRPS7,0.999
MRPS14,MRPS9,0.999
MRPS14,MTIF2,0.982
MRPS14,PTCD3,0.985
MRPS14,RPL11,0.973
MRPS14,RPL13,0.945
MRPS14,RPL15,0.96
MRPS14,RPL18,0.964
MRPS14,RPL19,0.966
MRPS14,RPL21,0.95
MRPS14,RPL23,0.994
MRPS14,RPL23A,0.974
MRPS14,RPL24,0.96
MRPS14,RPL28,0.923
MRPS14,RPL29,0.956
MRPS14,RPL30,0.949
MRPS14,RPL31,0.964
MRPS14,RPL34,0.962
MRPS14,RPL35,0.975
MRPS14,RPL35A,0.953
MRPS14,RPL36,0.943
MRPS14,RPL37A,0.952
MRPS14,RPL38,0.952
MRPS14,RPL5,0.971
MRPS14,RPLP1,0.949
MRPS14,RPS11,0.971
MRPS14,RPS15,0.971
MRPS14,RPS17,0.961
MRPS14,RPS18,0.993
MRPS14,RPS19,0.95
MRPS14,RPS2,0.923
MRPS14,RPS20,0.955
MRPS14,RPS21,0.934
MRPS14,RPS24,0.954
MRPS14,RPS25,0.946
MRPS14,RPS26,0.949
MRPS14,RPS28,0.961
MRPS14,RPS3,0.971
MRPS14,RPS3A,0.961
MRPS14,RPS5,0.94
MRPS14,RPS6,0.943
MRPS14,RPS7,0.925
MRPS14,RPS8,0.954
MRPS14,RPS9,0.985
MRPS14,TUFM,0.996
MRPS14,UBA52,0.948
MRPS15,MRPS16,0.999
MRPS15,MRPS17,0.998
MRPS15,MRPS18A,0.998
MRPS15,MRPS18B,0.996
MRPS15,MRPS18C,0.998
MRPS15,MRPS2,0.999
MRPS15,MRPS21,0.998
MRPS15,MRPS22,0.998
MRPS15,MRPS23,0.995
MRPS15,MRPS24,0.997
MRPS15,MRPS25,0.999
MRPS15,MRPS26,0.997
MRPS15,MRPS27,0.999
MRPS15,MRPS28,0.995
MRPS15,MRPS30,0.98
MRPS15,MRPS31,0.996
MRPS15,MRPS33,0.997
MRPS15,MRPS34,0.996
MRPS15,MRPS35,0.999
MRPS15,MRPS5,0.999
MRPS15,MRPS6,0.999
MRPS15,MRPS7,0.999
MRPS15,MRPS9,0.999
MRPS15,MRTO4,0.912
MRPS15,MTIF2,0.979
MRPS15,PSMG1,0.902
MRPS15,PTCD3,0.994
MRPS15,RPL11,0.967
MRPS15,RPL13,0.938
MRPS15,RPL15,0.972
MRPS15,RPL18,0.952
MRPS15,RPL18A,0.949
MRPS15,RPL19,0.967
MRPS15,RPL21,0.965
MRPS15,RPL23,0.994
MRPS15,RPL23A,0.973
MRPS15,RPL24,0.96
MRPS15,RPL28,0.942
MRPS15,RPL29,0.948
MRPS15,RPL30,0.948
MRPS15,RPL31,0.958
MRPS15,RPL34,0.951
MRPS15,RPL35,0.969
MRPS15,RPL35A,0.953
MRPS15,RPL36,0.953
MRPS15,RPL37A,0.955
MRPS15,RPL38,0.944
MRPS15,RPL5,0.969
MRPS15,RPLP1,0.94
MRPS15,RPLP2,0.917
MRPS15,RPS11,0.968
MRPS15,RPS15,0.973
MRPS15,RPS17,0.967
MRPS15,RPS18,0.992
MRPS15,RPS19,0.964
MRPS15,RPS21,0.939
MRPS15,RPS23,0.903
MRPS15,RPS24,0.967
MRPS15,RPS25,0.946
MRPS15,RPS26,0.955
MRPS15,RPS28,0.942
MRPS15,RPS3,0.969
MRPS15,RPS3A,0.967
MRPS15,RPS5,0.925
MRPS15,RPS6,0.972
MRPS15,RPS7,0.95
MRPS15,RPS8,0.955
MRPS15,RPS9,0.991
MRPS15,TUFM,0.995
MRPS15,UBA52,0.954
MRPS16,MRPS17,0.995
MRPS16,MRPS18A,0.998
MRPS16,MRPS18B,0.998
MRPS16,MRPS18C,0.998
MRPS16,MRPS2,0.999
MRPS16,MRPS21,0.993
MRPS16,MRPS22,0.999
MRPS16,MRPS23,0.994
MRPS16,MRPS24,0.994
MRPS16,MRPS25,0.999
MRPS16,MRPS26,0.997
MRPS16,MRPS27,0.998
MRPS16,MRPS28,0.993
MRPS16,MRPS30,0.977
MRPS16,MRPS31,0.993
MRPS16,MRPS33,0.993
MRPS16,MRPS34,0.999
MRPS16,MRPS35,0.998
MRPS16,MRPS5,0.999
MRPS16,MRPS6,0.999
MRPS16,MRPS7,0.999
MRPS16,MRPS9,0.999
MRPS16,MRTO4,0.984
MRPS16,MTIF2,0.992
MRPS16,POLR1C,0.975
MRPS16,POLR2C,0.977
MRPS16,PSMG1,0.902
MRPS16,PTCD3,0.977
MRPS16,RPL10,0.919
MRPS16,RPL10A,0.97
MRPS16,RPL11,0.999
MRPS16,RPL12,0.905
MRPS16,RPL13A,0.972
MRPS16,RPL17,0.969
MRPS16,RPL23,0.999
MRPS16,RPL23A,0.999
MRPS16,RPL26,0.968
MRPS16,RPL3,0.97
MRPS16,RPL35,0.998
MRPS16,RPL4,0.97
MRPS16,RPL5,0.998
MRPS16,RPL7,0.941
MRPS16,RPL8,0.971
MRPS16,RPL9,0.982
MRPS16,RPLP0,0.982
MRPS16,RPS11,0.998
MRPS16,RPS13,0.97
MRPS16,RPS14,0.971
MRPS16,RPS15,0.998
MRPS16,RPS16,0.97
MRPS16,RPS18,0.998
MRPS16,RPS2,0.982
MRPS16,RPS20,0.983
MRPS16,RPS23,0.981
MRPS16,RPS29,0.966
MRPS16,RPS3,0.999
MRPS16,RPS5,0.971
MRPS16,RPS9,0.993
MRPS16,RPSA,0.912
MRPS16,SEC61A1,0.916
MRPS16,TUFM,0.999
MRPS17,MRPS18A,0.988
MRPS17,MRPS18B,0.996
MRPS17,MRPS18C,0.991
MRPS17,MRPS2,0.993
MRPS17,MRPS21,0.992
MRPS17,MRPS22,0.995
MRPS17,MRPS23,0.989
MRPS17,MRPS24,0.985
MRPS17,MRPS25,0.995
MRPS17,MRPS26,0.995
MRPS17,MRPS27,0.995
MRPS17,MRPS28,0.987
MRPS17,MRPS30,0.979
MRPS17,MRPS31,0.983
MRPS17,MRPS33,0.994
MRPS17,MRPS34,0.99
MRPS17,MRPS35,0.983
MRPS17,MRPS5,0.995
MRPS17,MRPS6,0.993
MRPS17,MRPS7,0.994
MRPS17,MRPS9,0.986
MRPS17,MTIF2,0.93
MRPS17,PTCD3,0.976
MRPS17,TUFM,0.903
MRPS18A,MRPS18B,0.999
MRPS18A,MRPS18C,0.999
MRPS18A,MRPS2,0.994
MRPS18A,MRPS21,0.987
MRPS18A,MRPS22,0.99
MRPS18A,MRPS23,0.978
MRPS18A,MRPS24,0.971
MRPS18A,MRPS25,0.979
MRPS18A,MRPS26,0.954
MRPS18A,MRPS27,0.987
MRPS18A,MRPS28,0.98
MRPS18A,MRPS30,0.986
MRPS18A,MRPS31,0.955
MRPS18A,MRPS33,0.996
MRPS18A,MRPS34,0.971
MRPS18A,MRPS35,0.991
MRPS18A,MRPS5,0.997
MRPS18A,MRPS6,0.996
MRPS18A,MRPS7,0.997
MRPS18A,MRPS9,0.993
MRPS18A,MTIF2,0.912
MRPS18A,NDUFAB1,0.948
MRPS18A,PTCD3,0.941
MRPS18A,TUFM,0.926
MRPS18B,MRPS18C,0.996
MRPS18B,MRPS2,0.998
MRPS18B,MRPS21,0.996
MRPS18B,MRPS22,0.999
MRPS18B,MRPS23,0.983
MRPS18B,MRPS24,0.982
MRPS18B,MRPS25,0.992
MRPS18B,MRPS26,0.996
MRPS18B,MRPS27,0.999
MRPS18B,MRPS28,0.99
MRPS18B,MRPS30,0.951
MRPS18B,MRPS31,0.994
MRPS18B,MRPS33,0.998
MRPS18B,MRPS34,0.996
MRPS18B,MRPS35,0.995
MRPS18B,MRPS5,0.997
MRPS18B,MRPS6,0.997
MRPS18B,MRPS7,0.998
MRPS18B,MRPS9,0.996
MRPS18B,MTIF2,0.925
MRPS18B,PTCD3,0.993
MRPS18B,TUFM,0.917
MRPS18C,MRPS2,0.998
MRPS18C,MRPS21,0.997
MRPS18C,MRPS22,0.996
MRPS18C,MRPS23,0.994
MRPS18C,MRPS24,0.978
MRPS18C,MRPS25,0.985
MRPS18C,MRPS26,0.983
MRPS18C,MRPS27,0.996
MRPS18C,MRPS28,0.989
MRPS18C,MRPS30,0.933
MRPS18C,MRPS31,0.99
MRPS18C,MRPS33,0.998
MRPS18C,MRPS34,0.988
MRPS18C,MRPS35,0.994
MRPS18C,MRPS5,0.999
MRPS18C,MRPS6,0.999
MRPS18C,MRPS7,0.996
MRPS18C,MRPS9,0.996
MRPS18C,MTIF2,0.912
MRPS18C,PTCD3,0.958
MRPS18C,TUFM,0.919
MRPS2,MRPS21,0.997
MRPS2,MRPS22,0.999
MRPS2,MRPS23,0.999
MRPS2,MRPS24,0.992
MRPS2,MRPS25,0.998
MRPS2,MRPS26,0.991
MRPS2,MRPS27,0.998
MRPS2,MRPS28,0.998
MRPS2,MRPS30,0.976
MRPS2,MRPS31,0.995
MRPS2,MRPS33,0.997
MRPS2,MRPS34,0.998
MRPS2,MRPS35,0.998
MRPS2,MRPS5,0.999
MRPS2,MRPS6,0.999
MRPS2,MRPS7,0.999
MRPS2,MRPS9,0.999
MRPS2,MTIF2,0.976
MRPS2,PTCD3,0.997
MRPS2,RPL11,0.913
MRPS2,RPL15,0.915
MRPS2,RPL18,0.91
MRPS2,RPL21,0.907
MRPS2,RPL23,0.971
MRPS2,RPL23A,0.905
MRPS2,RPL24,0.904
MRPS2,RPL30,0.904
MRPS2,RPL35,0.908
MRPS2,RPL5,0.905
MRPS2,RPS11,0.906
MRPS2,RPS15,0.915
MRPS2,RPS18,0.967
MRPS2,RPS19,0.91
MRPS2,RPS2,0.927
MRPS2,RPS28,0.905
MRPS2,RPS3,0.914
MRPS2,RPS3A,0.911
MRPS2,RPS6,0.917
MRPS2,RPS9,0.958
MRPS2,TUFM,0.993
MRPS21,MRPS22,0.991
MRPS21,MRPS23,0.991
MRPS21,MRPS24,0.993
MRPS21,MRPS25,0.992
MRPS21,MRPS26,0.992
MRPS21,MRPS27,0.997
MRPS21,MRPS28,0.993
MRPS21,MRPS30,0.978
MRPS21,MRPS31,0.996
MRPS21,MRPS33,0.997
MRPS21,MRPS34,0.994
MRPS21,MRPS35,0.98
MRPS21,MRPS5,0.996
MRPS21,MRPS6,0.998
MRPS21,MRPS7,0.992
MRPS21,MRPS9,0.995
MRPS21,MTIF2,0.913
MRPS21,PTCD3,0.982
MRPS21,TUFM,0.915
MRPS22,MRPS23,0.997
MRPS22,MRPS24,0.981
MRPS22,MRPS25,0.998
MRPS22,MRPS26,0.998
MRPS22,MRPS27,0.999
MRPS22,MRPS28,0.998
MRPS22,MRPS30,0.986
MRPS22,MRPS31,0.998
MRPS22,MRPS33,0.993
MRPS22,MRPS34,0.999
MRPS22,MRPS35,0.998
MRPS22,MRPS5,0.998
MRPS22,MRPS6,0.994
MRPS22,MRPS7,0.995
MRPS22,MRPS9,0.997
MRPS22,MTIF2,0.944
MRPS22,PTCD3,0.999
MRPS22,TUFM,0.988
MRPS23,MRPS24,0.991
MRPS23,MRPS25,0.993
MRPS23,MRPS26,0.987
MRPS23,MRPS27,0.996
MRPS23,MRPS28,0.997
MRPS23,MRPS30,0.983
MRPS23,MRPS31,0.998
MRPS23,MRPS33,0.994
MRPS23,MRPS34,0.996
MRPS23,MRPS35,0.996
MRPS23,MRPS5,0.998
MRPS23,MRPS6,0.993
MRPS23,MRPS7,0.994
MRPS23,MRPS9,0.998
MRPS23,MTIF2,0.915
MRPS23,PTCD3,0.996
MRPS23,TUFM,0.918
MRPS24,MRPS25,0.989
MRPS24,MRPS26,0.993
MRPS24,MRPS27,0.993
MRPS24,MRPS28,0.986
MRPS24,MRPS30,0.976
MRPS24,MRPS31,0.998
MRPS24,MRPS33,0.997
MRPS24,MRPS34,0.995
MRPS24,MRPS35,0.997
MRPS24,MRPS5,0.995
MRPS24,MRPS6,0.987
MRPS24,MRPS7,0.991
MRPS24,MRPS9,0.995
MRPS24,MTIF2,0.919
MRPS24,PTCD3,0.992
MRPS24,TUFM,0.912
MRPS25,MRPS26,0.997
MRPS25,MRPS27,0.997
MRPS25,MRPS28,0.988
MRPS25,MRPS30,0.978
MRPS25,MRPS31,0.996
MRPS25,MRPS33,0.991
MRPS25,MRPS34,0.996
MRPS25,MRPS35,0.998
MRPS25,MRPS5,0.999
MRPS25,MRPS6,0.997
MRPS25,MRPS7,0.998
MRPS25,MRPS9,0.998
MRPS25,MTIF2,0.926
MRPS25,PTCD3,0.989
MRPS25,TUFM,0.92
MRPS26,MRPS27,0.995
MRPS26,MRPS28,0.994
MRPS26,MRPS30,0.97
MRPS26,MRPS31,0.995
MRPS26,MRPS33,0.991
MRPS26,MRPS34,0.998
MRPS26,MRPS35,0.993
MRPS26,MRPS5,0.996
MRPS26,MRPS6,0.994
MRPS26,MRPS7,0.991
MRPS26,MRPS9,0.995
MRPS26,MTIF2,0.923
MRPS26,PTCD3,0.984
MRPS26,TUFM,0.916
MRPS27,MRPS28,0.996
MRPS27,MRPS30,0.99
MRPS27,MRPS31,0.995
MRPS27,MRPS33,0.996
MRPS27,MRPS34,0.998
MRPS27,MRPS35,0.991
MRPS27,MRPS5,0.999
MRPS27,MRPS6,0.995
MRPS27,MRPS7,0.997
MRPS27,MRPS9,0.995
MRPS27,MTIF2,0.914
MRPS27,PTCD3,0.996
MRPS27,TUFM,0.943
MRPS28,MRPS30,0.972
MRPS28,MRPS31,0.992
MRPS28,MRPS33,0.986
MRPS28,MRPS34,0.993
MRPS28,MRPS35,0.986
MRPS28,MRPS5,0.982
MRPS28,MRPS6,0.991
MRPS28,MRPS7,0.988
MRPS28,MRPS9,0.995
MRPS28,MTIF2,0.912
MRPS28,PTCD3,0.99
MRPS28,TUFM,0.904
MRPS30,MRPS31,0.978
MRPS30,MRPS33,0.977
MRPS30,MRPS34,0.977
MRPS30,MRPS35,0.972
MRPS30,MRPS5,0.976
MRPS30,MRPS6,0.964
MRPS30,MRPS7,0.986
MRPS30,MRPS9,0.986
MRPS30,MTIF2,0.919
MRPS30,NDUFAB1,0.943
MRPS30,PTCD3,0.975
MRPS30,TUFM,0.913
MRPS31,MRPS33,0.999
MRPS31,MRPS34,0.996
MRPS31,MRPS35,0.998
MRPS31,MRPS5,0.996
MRPS31,MRPS6,0.993
MRPS31,MRPS7,0.997
MRPS31,MRPS9,0.998
MRPS31,MTIF2,0.921
MRPS31,PTCD3,0.999
MRPS31,TUFM,0.917
MRPS33,MRPS34,0.992
MRPS33,MRPS35,0.992
MRPS33,MRPS5,0.998
MRPS33,MRPS6,0.995
MRPS33,MRPS7,0.995
MRPS33,MRPS9,0.991
MRPS33,MTIF2,0.918
MRPS33,NDUFB2,0.929
MRPS33,PTCD3,0.987
MRPS33,TUFM,0.913
MRPS34,MRPS35,0.99
MRPS34,MRPS5,0.995
MRPS34,MRPS6,0.994
MRPS34,MRPS7,0.995
MRPS34,MRPS9,0.992
MRPS34,MTIF2,0.939
MRPS34,PTCD3,0.993
MRPS34,TUFM,0.959
MRPS35,MRPS5,0.999
MRPS35,MRPS6,0.998
MRPS35,MRPS7,0.997
MRPS35,MRPS9,0.999
MRPS35,MTIF2,0.951
MRPS35,PTCD3,0.999
MRPS35,RPL23,0.948
MRPS35,RPS11,0.95
MRPS35,RPS18,0.941
MRPS35,RPS2,0.922
MRPS35,RPS9,0.936
MRPS35,TUFM,0.94
MRPS5,MRPS6,0.999
MRPS5,MRPS7,0.999
MRPS5,MRPS9,0.999
MRPS5,MRTO4,0.945
MRPS5,MTIF2,0.991
MRPS5,POLR1C,0.92
MRPS5,POLR2C,0.921
MRPS5,PTCD3,0.996
MRPS5,RACK1,0.935
MRPS5,RPL11,0.983
MRPS5,RPL13,0.98
MRPS5,RPL15,0.981
MRPS5,RPL17,0.916
MRPS5,RPL18,0.982
MRPS5,RPL18A,0.975
MRPS5,RPL19,0.983
MRPS5,RPL21,0.98
MRPS5,RPL23,0.994
MRPS5,RPL23A,0.982
MRPS5,RPL24,0.976
MRPS5,RPL26,0.903
MRPS5,RPL28,0.933
MRPS5,RPL29,0.943
MRPS5,RPL30,0.973
MRPS5,RPL31,0.971
MRPS5,RPL34,0.958
MRPS5,RPL35,0.984
MRPS5,RPL35A,0.963
MRPS5,RPL36,0.956
MRPS5,RPL37A,0.966
MRPS5,RPL38,0.938
MRPS5,RPL4,0.901
MRPS5,RPL5,0.984
MRPS5,RPL6,0.929
MRPS5,RPL9,0.945
MRPS5,RPLP0,0.945
MRPS5,RPLP1,0.973
MRPS5,RPLP2,0.955
MRPS5,RPS10,0.917
MRPS5,RPS11,0.982
MRPS5,RPS15,0.983
MRPS5,RPS17,0.973
MRPS5,RPS18,0.993
MRPS5,RPS19,0.981
MRPS5,RPS20,0.945
MRPS5,RPS21,0.96
MRPS5,RPS23,0.944
MRPS5,RPS24,0.979
MRPS5,RPS25,0.956
MRPS5,RPS26,0.979
MRPS5,RPS27,0.909
MRPS5,RPS28,0.977
MRPS5,RPS3,0.982
MRPS5,RPS3A,0.98
MRPS5,RPS5,0.942
MRPS5,RPS6,0.971
MRPS5,RPS7,0.978
MRPS5,RPS8,0.986
MRPS5,RPS9,0.986
MRPS5,TUFM,0.998
MRPS5,UBA52,0.939
MRPS6,MRPS7,0.999
MRPS6,MRPS9,0.999
MRPS6,MRTO4,0.981
MRPS6,MTIF2,0.992
MRPS6,POLR1C,0.978
MRPS6,POLR2C,0.978
MRPS6,PTCD3,0.985
MRPS6,RPL10,0.919
MRPS6,RPL10A,0.97
MRPS6,RPL11,0.999
MRPS6,RPL12,0.906
MRPS6,RPL13A,0.97
MRPS6,RPL17,0.97
MRPS6,RPL23,0.999
MRPS6,RPL23A,0.999
MRPS6,RPL26,0.97
MRPS6,RPL3,0.97
MRPS6,RPL35,0.999
MRPS6,RPL4,0.969
MRPS6,RPL5,0.999
MRPS6,RPL7,0.936
MRPS6,RPL8,0.972
MRPS6,RPL9,0.981
MRPS6,RPLP0,0.981
MRPS6,RPS11,0.999
MRPS6,RPS13,0.959
MRPS6,RPS14,0.97
MRPS6,RPS15,0.999
MRPS6,RPS16,0.969
MRPS6,RPS18,0.999
MRPS6,RPS2,0.981
MRPS6,RPS20,0.981
MRPS6,RPS23,0.982
MRPS6,RPS29,0.969
MRPS6,RPS3,0.999
MRPS6,RPS5,0.972
MRPS6,RPS9,0.982
MRPS6,RPSA,0.904
MRPS6,SEC61A1,0.927
MRPS6,TUFM,0.999
MRPS7,MRPS9,0.999
MRPS7,MRTO4,0.917
MRPS7,MTIF2,0.985
MRPS7,POLR2C,0.915
MRPS7,PTCD3,0.99
MRPS7,RPL11,0.979
MRPS7,RPL13,0.954
MRPS7,RPL14,0.93
MRPS7,RPL15,0.957
MRPS7,RPL18,0.963
MRPS7,RPL18A,0.964
MRPS7,RPL19,0.965
MRPS7,RPL21,0.96
MRPS7,RPL23,0.972
MRPS7,RPL23A,0.978
MRPS7,RPL24,0.948
MRPS7,RPL27A,0.938
MRPS7,RPL28,0.953
MRPS7,RPL29,0.948
MRPS7,RPL30,0.964
MRPS7,RPL31,0.944
MRPS7,RPL34,0.965
MRPS7,RPL35,0.978
MRPS7,RPL35A,0.942
MRPS7,RPL36,0.946
MRPS7,RPL37A,0.953
MRPS7,RPL38,0.942
MRPS7,RPL4,0.934
MRPS7,RPL5,0.973
MRPS7,RPL6,0.965
MRPS7,RPL8,0.955
MRPS7,RPLP0,0.95
MRPS7,RPS11,0.972
MRPS7,RPS15,0.971
MRPS7,RPS16,0.949
MRPS7,RPS17,0.954
MRPS7,RPS18,0.972
MRPS7,RPS19,0.971
MRPS7,RPS2,0.95
MRPS7,RPS20,0.961
MRPS7,RPS21,0.951
MRPS7,RPS23,0.945
MRPS7,RPS24,0.963
MRPS7,RPS25,0.95
MRPS7,RPS26,0.946
MRPS7,RPS27A,0.923
MRPS7,RPS28,0.961
MRPS7,RPS3,0.973
MRPS7,RPS3A,0.97
MRPS7,RPS6,0.973
MRPS7,RPS7,0.966
MRPS7,RPS8,0.966
MRPS7,RPS9,0.95
MRPS7,TUFM,0.999
MRPS7,UBA52,0.935
MRPS9,MRTO4,0.981
MRPS9,MTIF2,0.993
MRPS9,POLR1C,0.98
MRPS9,POLR2C,0.981
MRPS9,PTCD3,0.996
MRPS9,RPL10,0.924
MRPS9,RPL10A,0.972
MRPS9,RPL11,0.999
MRPS9,RPL12,0.907
MRPS9,RPL13A,0.973
MRPS9,RPL17,0.976
MRPS9,RPL23,0.999
MRPS9,RPL23A,0.999
MRPS9,RPL26,0.972
MRPS9,RPL3,0.975
MRPS9,RPL35,0.999
MRPS9,RPL4,0.975
MRPS9,RPL5,0.999
MRPS9,RPL7,0.935
MRPS9,RPL8,0.974
MRPS9,RPL9,0.983
MRPS9,RPLP0,0.982
MRPS9,RPS11,0.998
MRPS9,RPS13,0.973
MRPS9,RPS14,0.961
MRPS9,RPS15,0.999
MRPS9,RPS16,0.974
MRPS9,RPS18,0.998
MRPS9,RPS2,0.983
MRPS9,RPS20,0.982
MRPS9,RPS23,0.985
MRPS9,RPS29,0.959
MRPS9,RPS3,0.999
MRPS9,RPS5,0.975
MRPS9,RPS9,0.995
MRPS9,RPSA,0.91
MRPS9,TUFM,0.999
MRTFA,SRF,0.999
MRTO4,MTREX,0.908
MRTO4,NHP2,0.987
MRTO4,NIFK,0.998
MRTO4,NMD3,0.982
MRTO4,NOP2,0.988
MRTO4,NOP56,0.941
MRTO4,NOP58,0.946
MRTO4,PA2G4,0.988
MRTO4,PES1,0.999
MRTO4,POLR1A,0.93
MRTO4,POLR1C,0.965
MRTO4,POLR1D,0.928
MRTO4,POLR2E,0.921
MRTO4,POLR2F,0.925
MRTO4,PWP1,0.902
MRTO4,RACK1,0.939
MRTO4,RPF2,0.999
MRTO4,RPL10A,0.908
MRTO4,RPL11,0.988
MRTO4,RPL13,0.979
MRTO4,RPL13A,0.933
MRTO4,RPL14,0.959
MRTO4,RPL15,0.98
MRTO4,RPL17,0.939
MRTO4,RPL18,0.983
MRTO4,RPL18A,0.969
MRTO4,RPL19,0.978
MRTO4,RPL21,0.973
MRTO4,RPL23,0.983
MRTO4,RPL23A,0.993
MRTO4,RPL24,0.981
MRTO4,RPL26,0.944
MRTO4,RPL27,0.953
MRTO4,RPL27A,0.948
MRTO4,RPL28,0.948
MRTO4,RPL29,0.929
MRTO4,RPL3,0.973
MRTO4,RPL30,0.98
MRTO4,RPL31,0.987
MRTO4,RPL32,0.918
MRTO4,RPL34,0.971
MRTO4,RPL35,0.987
MRTO4,RPL35A,0.956
MRTO4,RPL36,0.956
MRTO4,RPL37A,0.971
MRTO4,RPL38,0.928
MRTO4,RPL4,0.965
MRTO4,RPL5,0.989
MRTO4,RPL6,0.957
MRTO4,RPL7,0.912
MRTO4,RPL7A,0.971
MRTO4,RPL8,0.915
MRTO4,RPL9,0.975
MRTO4,RPLP1,0.982
MRTO4,RPLP2,0.973
MRTO4,RPS10,0.916
MRTO4,RPS11,0.982
MRTO4,RPS14,0.901
MRTO4,RPS15,0.984
MRTO4,RPS17,0.972
MRTO4,RPS18,0.984
MRTO4,RPS19,0.977
MRTO4,RPS2,0.952
MRTO4,RPS20,0.948
MRTO4,RPS21,0.95
MRTO4,RPS23,0.946
MRTO4,RPS24,0.979
MRTO4,RPS25,0.955
MRTO4,RPS26,0.961
MRTO4,RPS28,0.975
MRTO4,RPS29,0.904
MRTO4,RPS3,0.984
MRTO4,RPS3A,0.977
MRTO4,RPS6,0.965
MRTO4,RPS7,0.976
MRTO4,RPS8,0.977
MRTO4,RPS9,0.95
MRTO4,RRP1,0.98
MRTO4,RRS1,0.992
MRTO4,RSL1D1,0.996
MRTO4,RSL24D1,0.999
MRTO4,SNU13,0.906
MRTO4,TUFM,0.982
MRTO4,UBA52,0.965
MRTO4,WDR12,0.997
MRTO4,WDR18,0.906
MRVI1,PRKG1,0.996
MS4A2,SYK,0.957
MSH2,MSH3,0.999
MSH2,MSH6,0.999
MSH2,NHEJ1,0.932
MSH2,PAXX,0.918
MSH2,PCNA,0.972
MSH2,PHF21A,0.907
MSH2,PMS1,0.999
MSH2,PMS2,0.999
MSH2,POLD1,0.994
MSH2,POLE,0.947
MSH2,PRKDC,0.957
MSH2,RAD23B,0.946
MSH2,RAD51,0.944
MSH2,RCOR1,0.904
MSH2,RFC4,0.935
MSH2,SWSAP1,0.912
MSH2,TP53,0.974
MSH2,XPA,0.908
MSH2,XPC,0.944
MSH2,XRCC4,0.953
MSH2,XRCC5,0.973
MSH2,XRCC6,0.979
MSH2,ZSWIM7,0.905
MSH3,MSH6,0.999
MSH3,OGG1,0.922
MSH3,PCNA,0.958
MSH3,PMS1,0.999
MSH3,PMS2,0.999
MSH3,POLD1,0.946
MSH3,XPA,0.904
MSH3,XRCC5,0.9
MSH3,XRCC6,0.929
MSH4,MSH5,0.999
MSH4,PMS1,0.942
MSH4,PMS2,0.932
MSH4,RAD51,0.967
MSH4,SYCP3,0.947
MSH4,VBP1,0.911
MSH5,PMS1,0.915
MSH5,PMS2,0.949
MSH5,RAD51,0.915
MSH6,NBN,0.907
MSH6,NHEJ1,0.931
MSH6,PAXX,0.916
MSH6,PCNA,0.998
MSH6,PHF21A,0.913
MSH6,PMS1,0.999
MSH6,PMS2,0.999
MSH6,POLD1,0.995
MSH6,POLE,0.957
MSH6,PRKDC,0.967
MSH6,RAD23B,0.955
MSH6,RCOR1,0.908
MSH6,RFC2,0.901
MSH6,RFC4,0.928
MSH6,RPA1,0.91
MSH6,SWSAP1,0.912
MSH6,XPC,0.933
MSH6,XRCC4,0.946
MSH6,XRCC5,0.972
MSH6,XRCC6,0.992
MSH6,ZSWIM7,0.9
MSL1,MSL2,0.999
MSL1,MSL3,0.999
MSL1,RUVBL1,0.903
MSL1,RUVBL2,0.902
MSL1,TRRAP,0.905
MSL1,YEATS4,0.905
MSL2,MSL3,0.999
MSL2,RUVBL1,0.901
MSL2,RUVBL2,0.9
MSL2,TRRAP,0.906
MSL2,YEATS4,0.902
MSL3,RUVBL1,0.919
MSL3,RUVBL2,0.927
MSL3,TRRAP,0.945
MSL3,YEATS4,0.926
MSN,MYH9,0.941
MSN,PRKCE,0.907
MSN,RDX,0.999
MSN,SDC2,0.912
MSN,SLC9A3R1,0.999
MSN,SLC9A3R2,0.908
MSN,VCAM1,0.982
MSN,VCL,0.951
MSTN,SMAD2,0.915
MSTN,TGFBR1,0.999
MSTN,WFIKKN2,0.924
MSX1,MSX2,0.957
MSX1,PAX9,0.983
MSX2,RUNX2,0.995
MSX2,TWIST1,0.901
MT-ATP6,MT-ATP8,0.999
MT-ATP6,MT-CO1,0.998
MT-ATP6,MT-CO2,0.999
MT-ATP6,MT-CO3,0.999
MT-ATP6,MT-CYB,0.999
MT-ATP6,MT-ND1,0.999
MT-ATP6,MT-ND2,0.999
MT-ATP6,MT-ND3,0.995
MT-ATP6,MT-ND4,0.999
MT-ATP6,MT-ND4L,0.999
MT-ATP6,MT-ND5,0.999
MT-ATP6,MT-ND6,0.995
MT-ATP6,RPL11,0.939
MT-ATP6,RPL23,0.9
MT-ATP6,RPS3,0.914
MT-ATP6,UQCRFS1,0.911
MT-ATP8,MT-CO2,0.938
MT-ATP8,MT-CO3,0.957
MT-ATP8,MT-CYB,0.943
MT-ATP8,MT-ND1,0.925
MT-ATP8,MT-ND2,0.95
MT-ATP8,MT-ND3,0.974
MT-ATP8,MT-ND4,0.97
MT-ATP8,MT-ND4L,0.99
MT-ATP8,MT-ND5,0.971
MT-ATP8,MT-ND6,0.95
MT-CO1,MT-CO2,0.999
MT-CO1,MT-CO3,0.999
MT-CO1,MT-CYB,0.999
MT-CO1,MT-ND1,0.999
MT-CO1,MT-ND2,0.999
MT-CO1,MT-ND3,0.998
MT-CO1,MT-ND4,0.999
MT-CO1,MT-ND4L,0.992
MT-CO1,MT-ND5,0.999
MT-CO1,MT-ND6,0.995
MT-CO1,NDUFA10,0.909
MT-CO1,NDUFA4,0.993
MT-CO1,NDUFA9,0.984
MT-CO1,NDUFB6,0.909
MT-CO1,NDUFB8,0.986
MT-CO1,NDUFS1,0.988
MT-CO1,NDUFS2,0.99
MT-CO1,NDUFS3,0.993
MT-CO1,NDUFS4,0.931
MT-CO1,NDUFS7,0.977
MT-CO1,NDUFS8,0.986
MT-CO1,NDUFV1,0.99
MT-CO1,NDUFV2,0.987
MT-CO1,SDHA,0.982
MT-CO1,SDHB,0.991
MT-CO1,SDHC,0.951
MT-CO1,UQCR10,0.993
MT-CO1,UQCR11,0.973
MT-CO1,UQCRB,0.995
MT-CO1,UQCRC1,0.995
MT-CO1,UQCRC2,0.999
MT-CO1,UQCRFS1,0.999
MT-CO1,UQCRH,0.988
MT-CO1,UQCRQ,0.996
MT-CO2,MT-CO3,0.999
MT-CO2,MT-CYB,0.999
MT-CO2,MT-ND1,0.999
MT-CO2,MT-ND2,0.999
MT-CO2,MT-ND3,0.998
MT-CO2,MT-ND4,0.999
MT-CO2,MT-ND4L,0.995
MT-CO2,MT-ND5,0.999
MT-CO2,MT-ND6,0.991
MT-CO2,NDUFA4,0.996
MT-CO2,NDUFB8,0.938
MT-CO2,NDUFS1,0.976
MT-CO2,NDUFS2,0.985
MT-CO2,NDUFS3,0.987
MT-CO2,NDUFS7,0.917
MT-CO2,NDUFS8,0.972
MT-CO2,NDUFV1,0.972
MT-CO2,NDUFV2,0.973
MT-CO2,PMPCB,0.903
MT-CO2,SDHA,0.958
MT-CO2,SDHB,0.98
MT-CO2,SDHC,0.972
MT-CO2,UQCR10,0.986
MT-CO2,UQCR11,0.957
MT-CO2,UQCRB,0.992
MT-CO2,UQCRC1,0.979
MT-CO2,UQCRC2,0.999
MT-CO2,UQCRFS1,0.999
MT-CO2,UQCRH,0.956
MT-CO2,UQCRQ,0.99
MT-CO3,MT-CYB,0.999
MT-CO3,MT-ND1,0.999
MT-CO3,MT-ND2,0.999
MT-CO3,MT-ND3,0.999
MT-CO3,MT-ND4,0.999
MT-CO3,MT-ND4L,0.996
MT-CO3,MT-ND5,0.999
MT-CO3,MT-ND6,0.996
MT-CO3,NDUFA2,0.911
MT-CO3,NDUFA4,0.993
MT-CO3,NDUFA8,0.901
MT-CO3,NDUFA9,0.94
MT-CO3,NDUFS1,0.99
MT-CO3,NDUFS2,0.986
MT-CO3,NDUFS3,0.99
MT-CO3,NDUFS4,0.93
MT-CO3,NDUFS7,0.972
MT-CO3,NDUFS8,0.988
MT-CO3,NDUFV1,0.989
MT-CO3,NDUFV2,0.983
MT-CO3,SDHA,0.976
MT-CO3,SDHB,0.982
MT-CO3,SDHC,0.926
MT-CO3,TRIR,0.9
MT-CO3,UQCR10,0.996
MT-CO3,UQCR11,0.967
MT-CO3,UQCRB,0.993
MT-CO3,UQCRC1,0.99
MT-CO3,UQCRC2,0.999
MT-CO3,UQCRFS1,0.999
MT-CO3,UQCRH,0.986
MT-CO3,UQCRQ,0.996
MT-CYB,MT-ND1,0.999
MT-CYB,MT-ND2,0.999
MT-CYB,MT-ND3,0.999
MT-CYB,MT-ND4,0.999
MT-CYB,MT-ND4L,0.999
MT-CYB,MT-ND5,0.999
MT-CYB,MT-ND6,0.997
MT-CYB,NCF1,0.95
MT-CYB,NCF2,0.95
MT-CYB,NDUFA1,0.924
MT-CYB,NDUFA11,0.93
MT-CYB,NDUFA12,0.918
MT-CYB,NDUFA13,0.922
MT-CYB,NDUFA2,0.925
MT-CYB,NDUFA5,0.935
MT-CYB,NDUFA6,0.92
MT-CYB,NDUFA8,0.932
MT-CYB,NDUFA9,0.981
MT-CYB,NDUFAB1,0.925
MT-CYB,NDUFB10,0.917
MT-CYB,NDUFB7,0.94
MT-CYB,NDUFB8,0.923
MT-CYB,NDUFB9,0.929
MT-CYB,NDUFS1,0.986
MT-CYB,NDUFS2,0.988
MT-CYB,NDUFS3,0.987
MT-CYB,NDUFS4,0.956
MT-CYB,NDUFS6,0.947
MT-CYB,NDUFS7,0.947
MT-CYB,NDUFS8,0.987
MT-CYB,NDUFV1,0.985
MT-CYB,NDUFV2,0.985
MT-CYB,SDHA,0.924
MT-CYB,SDHB,0.946
MT-CYB,UQCR10,0.999
MT-CYB,UQCR11,0.998
MT-CYB,UQCRB,0.999
MT-CYB,UQCRC1,0.999
MT-CYB,UQCRC2,0.999
MT-CYB,UQCRFS1,0.999
MT-CYB,UQCRH,0.998
MT-CYB,UQCRQ,0.999
MT-ND1,MT-ND2,0.999
MT-ND1,MT-ND3,0.999
MT-ND1,MT-ND4,0.999
MT-ND1,MT-ND4L,0.999
MT-ND1,MT-ND5,0.999
MT-ND1,MT-ND6,0.999
MT-ND1,NDUFA1,0.999
MT-ND1,NDUFA10,0.997
MT-ND1,NDUFA11,0.998
MT-ND1,NDUFA12,0.999
MT-ND1,NDUFA13,0.999
MT-ND1,NDUFA2,0.999
MT-ND1,NDUFA3,0.998
MT-ND1,NDUFA4,0.964
MT-ND1,NDUFA5,0.999
MT-ND1,NDUFA6,0.999
MT-ND1,NDUFA7,0.998
MT-ND1,NDUFA8,0.999
MT-ND1,NDUFA9,0.999
MT-ND1,NDUFAB1,0.999
MT-ND1,NDUFAF1,0.996
MT-ND1,NDUFB1,0.988
MT-ND1,NDUFB10,0.999
MT-ND1,NDUFB11,0.999
MT-ND1,NDUFB2,0.994
MT-ND1,NDUFB3,0.999
MT-ND1,NDUFB4,0.996
MT-ND1,NDUFB5,0.997
MT-ND1,NDUFB6,0.998
MT-ND1,NDUFB7,0.999
MT-ND1,NDUFB8,0.999
MT-ND1,NDUFB9,0.999
MT-ND1,NDUFC1,0.995
MT-ND1,NDUFC2,0.995
MT-ND1,NDUFS1,0.999
MT-ND1,NDUFS2,0.999
MT-ND1,NDUFS3,0.999
MT-ND1,NDUFS4,0.999
MT-ND1,NDUFS5,0.999
MT-ND1,NDUFS6,0.999
MT-ND1,NDUFS7,0.999
MT-ND1,NDUFS8,0.999
MT-ND1,NDUFV1,0.999
MT-ND1,NDUFV2,0.999
MT-ND1,NDUFV3,0.998
MT-ND1,PALB2,0.914
MT-ND1,SDHA,0.949
MT-ND1,SDHB,0.971
MT-ND1,UQCR10,0.974
MT-ND1,UQCRB,0.962
MT-ND1,UQCRC1,0.955
MT-ND1,UQCRC2,0.957
MT-ND1,UQCRFS1,0.997
MT-ND1,UQCRH,0.965
MT-ND1,UQCRQ,0.915
MT-ND2,MT-ND3,0.999
MT-ND2,MT-ND4,0.999
MT-ND2,MT-ND4L,0.999
MT-ND2,MT-ND5,0.999
MT-ND2,MT-ND6,0.999
MT-ND2,NDUFA1,0.997
MT-ND2,NDUFA10,0.999
MT-ND2,NDUFA11,0.999
MT-ND2,NDUFA12,0.999
MT-ND2,NDUFA13,0.999
MT-ND2,NDUFA2,0.999
MT-ND2,NDUFA3,0.997
MT-ND2,NDUFA4,0.949
MT-ND2,NDUFA5,0.999
MT-ND2,NDUFA6,0.999
MT-ND2,NDUFA7,0.998
MT-ND2,NDUFA8,0.999
MT-ND2,NDUFA9,0.999
MT-ND2,NDUFAB1,0.999
MT-ND2,NDUFAF1,0.997
MT-ND2,NDUFB1,0.997
MT-ND2,NDUFB10,0.999
MT-ND2,NDUFB11,0.999
MT-ND2,NDUFB2,0.994
MT-ND2,NDUFB3,0.999
MT-ND2,NDUFB4,0.998
MT-ND2,NDUFB5,0.999
MT-ND2,NDUFB6,0.998
MT-ND2,NDUFB7,0.999
MT-ND2,NDUFB8,0.999
MT-ND2,NDUFB9,0.999
MT-ND2,NDUFC1,0.997
MT-ND2,NDUFC2,0.999
MT-ND2,NDUFS1,0.999
MT-ND2,NDUFS2,0.999
MT-ND2,NDUFS3,0.999
MT-ND2,NDUFS4,0.999
MT-ND2,NDUFS5,0.997
MT-ND2,NDUFS6,0.999
MT-ND2,NDUFS7,0.999
MT-ND2,NDUFS8,0.999
MT-ND2,NDUFV1,0.999
MT-ND2,NDUFV2,0.999
MT-ND2,NDUFV3,0.998
MT-ND2,PALB2,0.921
MT-ND2,UQCR10,0.951
MT-ND2,UQCRB,0.936
MT-ND2,UQCRC1,0.933
MT-ND2,UQCRC2,0.939
MT-ND2,UQCRFS1,0.992
MT-ND2,UQCRH,0.932
MT-ND2,UQCRQ,0.913
MT-ND3,MT-ND4,0.999
MT-ND3,MT-ND4L,0.999
MT-ND3,MT-ND5,0.999
MT-ND3,MT-ND6,0.999
MT-ND3,NDUFA1,0.998
MT-ND3,NDUFA10,0.999
MT-ND3,NDUFA11,0.998
MT-ND3,NDUFA12,0.999
MT-ND3,NDUFA13,0.999
MT-ND3,NDUFA2,0.999
MT-ND3,NDUFA3,0.999
MT-ND3,NDUFA4,0.961
MT-ND3,NDUFA5,0.999
MT-ND3,NDUFA6,0.999
MT-ND3,NDUFA7,0.997
MT-ND3,NDUFA8,0.999
MT-ND3,NDUFA9,0.999
MT-ND3,NDUFAB1,0.999
MT-ND3,NDUFAF1,0.995
MT-ND3,NDUFB1,0.991
MT-ND3,NDUFB10,0.999
MT-ND3,NDUFB11,0.997
MT-ND3,NDUFB2,0.994
MT-ND3,NDUFB3,0.999
MT-ND3,NDUFB4,0.997
MT-ND3,NDUFB5,0.997
MT-ND3,NDUFB6,0.997
MT-ND3,NDUFB7,0.999
MT-ND3,NDUFB8,0.999
MT-ND3,NDUFB9,0.999
MT-ND3,NDUFC1,0.997
MT-ND3,NDUFC2,0.996
MT-ND3,NDUFS1,0.999
MT-ND3,NDUFS2,0.999
MT-ND3,NDUFS3,0.999
MT-ND3,NDUFS4,0.999
MT-ND3,NDUFS5,0.996
MT-ND3,NDUFS6,0.999
MT-ND3,NDUFS7,0.999
MT-ND3,NDUFS8,0.999
MT-ND3,NDUFV1,0.999
MT-ND3,NDUFV2,0.999
MT-ND3,NDUFV3,0.997
MT-ND3,PALB2,0.922
MT-ND3,SDHA,0.937
MT-ND3,SDHB,0.92
MT-ND3,UQCR10,0.976
MT-ND3,UQCRB,0.968
MT-ND3,UQCRC1,0.962
MT-ND3,UQCRC2,0.93
MT-ND3,UQCRFS1,0.997
MT-ND3,UQCRH,0.956
MT-ND3,UQCRQ,0.908
MT-ND4,MT-ND4L,0.999
MT-ND4,MT-ND5,0.999
MT-ND4,MT-ND6,0.999
MT-ND4,NDUFA1,0.999
MT-ND4,NDUFA10,0.999
MT-ND4,NDUFA11,0.999
MT-ND4,NDUFA12,0.999
MT-ND4,NDUFA13,0.999
MT-ND4,NDUFA2,0.999
MT-ND4,NDUFA3,0.997
MT-ND4,NDUFA4,0.961
MT-ND4,NDUFA5,0.999
MT-ND4,NDUFA6,0.999
MT-ND4,NDUFA7,0.998
MT-ND4,NDUFA8,0.999
MT-ND4,NDUFA9,0.999
MT-ND4,NDUFAB1,0.999
MT-ND4,NDUFAF1,0.98
MT-ND4,NDUFB1,0.999
MT-ND4,NDUFB10,0.999
MT-ND4,NDUFB11,0.999
MT-ND4,NDUFB2,0.994
MT-ND4,NDUFB3,0.999
MT-ND4,NDUFB4,0.999
MT-ND4,NDUFB5,0.999
MT-ND4,NDUFB6,0.999
MT-ND4,NDUFB7,0.999
MT-ND4,NDUFB8,0.999
MT-ND4,NDUFB9,0.999
MT-ND4,NDUFC1,0.995
MT-ND4,NDUFC2,0.999
MT-ND4,NDUFS1,0.999
MT-ND4,NDUFS2,0.999
MT-ND4,NDUFS3,0.999
MT-ND4,NDUFS4,0.999
MT-ND4,NDUFS5,0.999
MT-ND4,NDUFS6,0.999
MT-ND4,NDUFS7,0.999
MT-ND4,NDUFS8,0.999
MT-ND4,NDUFV1,0.999
MT-ND4,NDUFV2,0.999
MT-ND4,NDUFV3,0.998
MT-ND4,PALB2,0.916
MT-ND4,SDHA,0.922
MT-ND4,SDHB,0.958
MT-ND4,UQCR10,0.978
MT-ND4,UQCRB,0.975
MT-ND4,UQCRC1,0.971
MT-ND4,UQCRC2,0.953
MT-ND4,UQCRFS1,0.997
MT-ND4,UQCRH,0.969
MT-ND4,UQCRQ,0.948
MT-ND4L,MT-ND5,0.999
MT-ND4L,MT-ND6,0.999
MT-ND4L,NDUFA1,0.986
MT-ND4L,NDUFA10,0.99
MT-ND4L,NDUFA11,0.984
MT-ND4L,NDUFA12,0.998
MT-ND4L,NDUFA13,0.998
MT-ND4L,NDUFA2,0.998
MT-ND4L,NDUFA3,0.988
MT-ND4L,NDUFA5,0.999
MT-ND4L,NDUFA6,0.998
MT-ND4L,NDUFA7,0.982
MT-ND4L,NDUFA8,0.998
MT-ND4L,NDUFA9,0.993
MT-ND4L,NDUFAB1,0.999
MT-ND4L,NDUFAF1,0.904
MT-ND4L,NDUFB1,0.96
MT-ND4L,NDUFB10,0.998
MT-ND4L,NDUFB11,0.988
MT-ND4L,NDUFB2,0.975
MT-ND4L,NDUFB3,0.986
MT-ND4L,NDUFB4,0.988
MT-ND4L,NDUFB5,0.991
MT-ND4L,NDUFB6,0.996
MT-ND4L,NDUFB7,0.998
MT-ND4L,NDUFB8,0.989
MT-ND4L,NDUFB9,0.998
MT-ND4L,NDUFC1,0.987
MT-ND4L,NDUFC2,0.985
MT-ND4L,NDUFS1,0.998
MT-ND4L,NDUFS2,0.999
MT-ND4L,NDUFS3,0.999
MT-ND4L,NDUFS4,0.998
MT-ND4L,NDUFS5,0.985
MT-ND4L,NDUFS6,0.998
MT-ND4L,NDUFS7,0.997
MT-ND4L,NDUFS8,0.999
MT-ND4L,NDUFV1,0.999
MT-ND4L,NDUFV2,0.998
MT-ND4L,NDUFV3,0.987
MT-ND4L,PALB2,0.912
MT-ND4L,UQCR10,0.971
MT-ND4L,UQCRB,0.959
MT-ND4L,UQCRC1,0.964
MT-ND4L,UQCRC2,0.931
MT-ND4L,UQCRFS1,0.979
MT-ND4L,UQCRH,0.959
MT-ND5,MT-ND6,0.999
MT-ND5,NDUFA1,0.999
MT-ND5,NDUFA10,0.997
MT-ND5,NDUFA11,0.999
MT-ND5,NDUFA12,0.999
MT-ND5,NDUFA13,0.999
MT-ND5,NDUFA2,0.999
MT-ND5,NDUFA3,0.998
MT-ND5,NDUFA4,0.948
MT-ND5,NDUFA5,0.999
MT-ND5,NDUFA6,0.999
MT-ND5,NDUFA7,0.998
MT-ND5,NDUFA8,0.999
MT-ND5,NDUFA9,0.999
MT-ND5,NDUFAB1,0.999
MT-ND5,NDUFAF1,0.988
MT-ND5,NDUFB1,0.992
MT-ND5,NDUFB10,0.999
MT-ND5,NDUFB11,0.999
MT-ND5,NDUFB2,0.997
MT-ND5,NDUFB3,0.999
MT-ND5,NDUFB4,0.999
MT-ND5,NDUFB5,0.999
MT-ND5,NDUFB6,0.999
MT-ND5,NDUFB7,0.999
MT-ND5,NDUFB8,0.999
MT-ND5,NDUFB9,0.999
MT-ND5,NDUFC1,0.995
MT-ND5,NDUFC2,0.998
MT-ND5,NDUFS1,0.999
MT-ND5,NDUFS2,0.999
MT-ND5,NDUFS3,0.999
MT-ND5,NDUFS4,0.999
MT-ND5,NDUFS5,0.999
MT-ND5,NDUFS6,0.999
MT-ND5,NDUFS7,0.999
MT-ND5,NDUFS8,0.999
MT-ND5,NDUFV1,0.999
MT-ND5,NDUFV2,0.999
MT-ND5,NDUFV3,0.998
MT-ND5,PALB2,0.923
MT-ND5,SDHB,0.928
MT-ND5,UQCR10,0.956
MT-ND5,UQCRB,0.947
MT-ND5,UQCRC1,0.942
MT-ND5,UQCRC2,0.946
MT-ND5,UQCRFS1,0.993
MT-ND5,UQCRH,0.944
MT-ND5,UQCRQ,0.931
MT-ND6,NDUFA1,0.997
MT-ND6,NDUFA10,0.997
MT-ND6,NDUFA11,0.993
MT-ND6,NDUFA12,0.988
MT-ND6,NDUFA13,0.993
MT-ND6,NDUFA2,0.993
MT-ND6,NDUFA3,0.997
MT-ND6,NDUFA5,0.989
MT-ND6,NDUFA6,0.987
MT-ND6,NDUFA7,0.984
MT-ND6,NDUFA8,0.992
MT-ND6,NDUFA9,0.995
MT-ND6,NDUFAB1,0.998
MT-ND6,NDUFB1,0.976
MT-ND6,NDUFB10,0.988
MT-ND6,NDUFB11,0.988
MT-ND6,NDUFB2,0.974
MT-ND6,NDUFB3,0.986
MT-ND6,NDUFB4,0.987
MT-ND6,NDUFB5,0.996
MT-ND6,NDUFB6,0.995
MT-ND6,NDUFB7,0.987
MT-ND6,NDUFB8,0.991
MT-ND6,NDUFB9,0.988
MT-ND6,NDUFC1,0.987
MT-ND6,NDUFC2,0.989
MT-ND6,NDUFS1,0.995
MT-ND6,NDUFS2,0.995
MT-ND6,NDUFS3,0.999
MT-ND6,NDUFS4,0.995
MT-ND6,NDUFS5,0.999
MT-ND6,NDUFS6,0.988
MT-ND6,NDUFS7,0.998
MT-ND6,NDUFS8,0.997
MT-ND6,NDUFV1,0.998
MT-ND6,NDUFV2,0.995
MT-ND6,NDUFV3,0.991
MT-ND6,UQCRC2,0.934
MTA1,MTA2,0.998
MTA1,MTA3,0.993
MTA1,RBBP4,0.999
MTA1,RBBP7,0.999
MTA1,TP53,0.929
MTA2,MTA3,0.966
MTA2,RBBP4,0.999
MTA2,RBBP7,0.999
MTA3,RBBP4,0.998
MTA3,RBBP7,0.999
MTDH,SND1,0.999
MTERF4,NSUN4,0.999
MTHFD2,SHMT1,0.997
MTHFD2,SHMT2,0.997
MTHFD2,TYMS,0.994
MTIF2,PTCD3,0.944
MTIF2,RPL11,0.947
MTIF2,RPL23,0.926
MTIF2,RPL23A,0.952
MTIF2,RPL35,0.92
MTIF2,RPL5,0.957
MTIF2,RPL9,0.921
MTIF2,RPS11,0.95
MTIF2,RPS15,0.963
MTIF2,RPS18,0.919
MTIF2,RPS2,0.912
MTIF2,RPS3,0.98
MTIF2,RPS9,0.936
MTNR1A,MTNR1B,0.945
MTOR,PIK3CA,0.963
MTOR,PIK3CB,0.943
MTOR,PIK3CD,0.942
MTOR,PIK3R1,0.956
MTOR,PIK3R2,0.944
MTOR,PIK3R3,0.937
MTOR,PPARG,0.964
MTOR,PRKAA1,0.972
MTOR,PRKAA2,0.973
MTOR,PRKAB1,0.967
MTOR,PRKAB2,0.935
MTOR,PRKAG1,0.964
MTOR,PRKAG2,0.922
MTOR,PRKAG3,0.924
MTOR,PRKCA,0.969
MTOR,PRKCB,0.937
MTOR,PRKCG,0.921
MTOR,PRR5,0.999
MTOR,PRR5L,0.994
MTOR,PSMC5,0.994
MTOR,PSMC6,0.994
MTOR,PSMD14,0.994
MTOR,PTEN,0.942
MTOR,RB1CC1,0.982
MTOR,RHOA,0.958
MTOR,RICTOR,0.999
MTOR,RPS6,0.961
MTOR,RPTOR,0.999
MTOR,RRAGA,0.999
MTOR,RRAGB,0.999
MTOR,RRAGC,0.999
MTOR,RRAGD,0.991
MTOR,SGK1,0.992
MTOR,SIRT1,0.937
MTOR,SQSTM1,0.953
MTOR,STAT3,0.926
MTOR,TELO2,0.999
MTOR,TFEB,0.983
MTOR,TSC1,0.974
MTOR,TSC2,0.99
MTOR,TTI1,0.999
MTOR,TUBA1B,0.994
MTOR,TUBB,0.995
MTOR,TUBB4A,0.994
MTOR,UBAP2L,0.994
MTOR,ULK1,0.999
MTOR,ULK2,0.986
MTREX,NCBP1,0.913
MTREX,NCBP2,0.921
MTREX,NOP58,0.935
MTREX,PAPOLA,0.995
MTREX,POLR1A,0.918
MTREX,POLR1B,0.912
MTREX,RBM7,0.999
MTREX,RPF2,0.977
MTREX,RSL24D1,0.905
MTREX,SRRT,0.951
MTREX,TBL3,0.96
MTREX,UTP4,0.964
MTREX,ZCCHC8,0.999
MTREX,ZFC3H1,0.995
MTTP,P4HB,0.996
MTUS1,PDCD1,0.908
MTX1,MTX2,0.996
MTX1,SAMM50,0.998
MTX1,THBS3,0.908
MTX1,TOMM40,0.95
MTX2,MTX3,0.984
MTX2,SAMM50,0.999
MTX3,SAMM50,0.993
MTX3,TOMM22,0.918
MTX3,TOMM40,0.933
MUC1,MUC5B,0.969
MUC1,SRC,0.994
MUC1,TP53,0.966
MUS81,RAD51,0.986
MUS81,RAD52,0.976
MUS81,RMI1,0.955
MUS81,TOP3A,0.955
MUS81,WRN,0.966
MVB12B,PDCD6IP,0.928
MVB12B,SNF8,0.954
MVB12B,STAM,0.931
MVB12B,TSG101,0.999
MVB12B,VPS25,0.954
MVB12B,VPS28,0.999
MVB12B,VPS36,0.957
MVB12B,VPS37A,0.992
MVB12B,VPS37B,0.997
MVB12B,VPS37C,0.978
MVB12B,VPS37D,0.975
MXD1,MYC,0.919
MXD1,SIN3A,0.996
MXI1,MYC,0.904
MYBBP1A,PES1,0.948
MYBBP1A,POLR1A,0.964
MYBBP1A,POLR1B,0.947
MYBBP1A,SF3B1,0.908
MYBBP1A,SMARCA5,0.943
MYBBP1A,TBL3,0.909
MYBBP1A,UTP4,0.923
MYBBP1A,WDR43,0.934
MYBL2,RBBP4,0.997
MYC,MYCBP,0.967
MYC,MYCBP2,0.923
MYC,MYCN,0.933
MYC,NANOG,0.949
MYC,NCL,0.947
MYC,NFE2L2,0.961
MYC,NFKB1,0.917
MYC,NMI,0.923
MYC,PFDN5,0.958
MYC,POU5F1,0.956
MYC,PTEN,0.908
MYC,RUVBL1,0.969
MYC,RUVBL2,0.96
MYC,SIRT6,0.957
MYC,SKP1,0.989
MYC,SKP2,0.975
MYC,SMAD2,0.982
MYC,SMAD3,0.993
MYC,SMAD4,0.931
MYC,SMARCA4,0.974
MYC,SMARCB1,0.906
MYC,SOX2,0.958
MYC,SP1,0.974
MYC,STAT3,0.985
MYC,TBP,0.953
MYC,TERT,0.92
MYC,TFAP2A,0.938
MYC,TFAP2C,0.96
MYC,TP53,0.997
MYC,TRRAP,0.999
MYC,UBE3A,0.935
MYC,WDR5,0.98
MYC,YEATS4,0.905
MYC,YY1,0.958
MYC,ZBTB17,0.999
MYC,ZNF346,0.987
MYCBP,MYCBPAP,0.976
MYCBP2,RPS27A,0.908
MYCBP2,UBA52,0.9
MYCBP2,UBB,0.902
MYCBP2,UBE2D2,0.935
MYCBPAP,TPI1,0.913
MYCN,NMI,0.99
MYD88,NFKB1,0.972
MYD88,NFKBIA,0.903
MYD88,SARM1,0.966
MYD88,TAB1,0.979
MYD88,TAB2,0.99
MYD88,TAB3,0.975
MYD88,TBK1,0.988
MYD88,TICAM1,0.928
MYD88,TIRAP,0.999
MYD88,TLR1,0.998
MYD88,TLR2,0.999
MYD88,TLR3,0.999
MYD88,TLR4,0.999
MYD88,TLR5,0.999
MYD88,TLR6,0.995
MYD88,TLR7,0.999
MYD88,TLR9,0.999
MYD88,TNF,0.939
MYD88,TOLLIP,0.998
MYD88,TRAF3,0.996
MYD88,TRAF6,0.999
MYH10,MYH9,0.985
MYH10,MYL12A,0.983
MYH10,MYL12B,0.987
MYH10,MYL6,0.997
MYH9,MYL12A,0.985
MYH9,MYL12B,0.998
MYH9,MYL6,0.998
MYL12A,MYL12B,0.945
MYL12A,MYL6,0.992
MYL12A,MYLK,0.972
MYL12A,PPP1CA,0.918
MYL12A,PPP1CB,0.93
MYL12A,PPP1CC,0.931
MYL12A,PPP1R12A,0.939
MYL12A,ROCK1,0.928
MYL12A,ROCK2,0.93
MYL12B,MYL6,0.998
MYL12B,MYLK,0.946
MYL12B,PPP1CA,0.93
MYL12B,PPP1CB,0.952
MYL12B,PPP1CC,0.948
MYL12B,PPP1R12A,0.976
MYL12B,ROCK1,0.958
MYL12B,ROCK2,0.954
MYL6,MYLK,0.939
MYL6,PPP1CA,0.921
MYL6,PPP1CB,0.946
MYL6,PPP1CC,0.934
MYL6,PPP1R12A,0.932
MYLK,PRKACA,0.908
MYLK,PRKACB,0.907
MYLK,PRKCE,0.905
MYO15A,USH1G,0.911
MYO15A,WHRN,0.999
MYO1A,MYO1C,0.909
MYO1C,PDLIM4,0.904
MYO1C,SMARCA5,0.904
MYO5A,MYRIP,0.997
MYO5A,RAB11A,0.988
MYO5A,RAB27A,0.999
MYO5B,OPTN,0.973
MYO5B,RAB11A,0.999
MYO5B,RAB11FIP2,0.999
MYO5B,RAB11FIP5,0.901
MYO5B,RAB8A,0.996
MYO7A,MYRIP,0.978
MYO7A,PCDH15,0.996
MYO7A,RDX,0.912
MYO7A,USH1C,0.999
MYO7A,USH1G,0.999
MYO7A,USH2A,0.938
MYO7A,VEZT,0.935
MYO7A,WHRN,0.983
MYOCD,SRF,0.999
MYOD1,PAX3,0.95
MYOD1,PAX7,0.932
MYOD1,SMAD3,0.929
MYOD1,SMARCA4,0.957
MYOD1,SMARCD3,0.99
MYOD1,TBP,0.96
MYOD1,TBPL1,0.905
MYOD1,TCF12,0.989
MYOD1,TCF3,0.993
MYOD1,TCF4,0.972
MYOM1,OBSL1,0.925
MYSM1,PBRM1,0.914
NDC1,NUP160,0.961
NDC1,NUP188,0.986
NDC1,NUP205,0.993
NDC1,NUP210,0.989
NDC1,NUP214,0.975
NDC1,NUP35,0.999
NEDD4,POLR2A,0.916
NELFA,POLR2A,0.964
NELFB,POLR2A,0.948
NELFCD,POLR2A,0.956
NELFE,POLR2A,0.955
NHP2,POLR1D,0.923
NIFK,PWP1,0.905
NOP10,POLR1D,0.915
NOP58,POLR1E,0.907
NPLOC4,TTC26,0.994
NUP107,NUP160,0.999
NUP107,NUP188,0.986
NUP107,NUP205,0.999
NUP107,NUP210,0.988
NUP107,NUP214,0.999
NUP107,NUP35,0.994
NUP133,NUP160,0.999
NUP133,NUP188,0.976
NUP133,NUP205,0.997
NUP133,NUP210,0.979
NUP133,NUP214,0.999
NUP133,NUP35,0.985
NUP153,NUP160,0.996
NUP153,NUP188,0.968
NUP153,NUP205,0.995
NUP153,NUP210,0.973
NUP153,NUP214,0.993
NUP153,NUP35,0.995
NUP155,NUP160,0.994
NUP155,NUP188,0.999
NUP155,NUP205,0.999
NUP155,NUP210,0.991
NUP155,NUP214,0.998
NUP155,NUP35,0.999
NUP160,NUP188,0.99
NUP160,NUP205,0.997
NUP160,NUP210,0.983
NUP160,NUP214,0.986
NUP160,NUP35,0.984
NUP160,NUP37,0.999
NUP160,NUP43,0.999
NUP160,NUP50,0.936
NUP160,NUP54,0.981
NUP160,NUP58,0.974
NUP160,NUP62,0.982
NUP160,NUP85,0.999
NUP160,NUP88,0.988
NUP160,NUP93,0.991
NUP160,NUP98,0.999
NUP160,POM121,0.939
NUP160,RANBP2,0.992
NUP160,SEC13,0.999
NUP160,SEH1L,0.999
NUP188,NUP205,0.999
NUP188,NUP210,0.992
NUP188,NUP214,0.992
NUP188,NUP35,0.999
NUP188,NUP37,0.983
NUP188,NUP43,0.989
NUP188,NUP50,0.943
NUP188,NUP54,0.981
NUP188,NUP58,0.984
NUP188,NUP62,0.983
NUP188,NUP85,0.992
NUP188,NUP88,0.992
NUP188,NUP93,0.999
NUP188,NUP98,0.981
NUP188,RANBP2,0.989
NUP188,SEC13,0.963
NUP188,SEH1L,0.991
NUP188,TPR,0.902
NUP205,NUP210,0.991
NUP205,NUP214,0.998
NUP205,NUP35,0.999
NUP205,NUP37,0.983
NUP205,NUP43,0.995
NUP205,NUP50,0.956
NUP205,NUP54,0.999
NUP205,NUP58,0.997
NUP205,NUP62,0.998
NUP205,NUP85,0.998
NUP205,NUP88,0.995
NUP205,NUP93,0.999
NUP205,NUP98,0.996
NUP205,POM121,0.924
NUP205,RAE1,0.919
NUP205,RANBP2,0.994
NUP205,SEC13,0.995
NUP205,SEH1L,0.999
NUP205,TPR,0.959
NUP210,NUP214,0.989
NUP210,NUP35,0.991
NUP210,NUP37,0.975
NUP210,NUP43,0.984
NUP210,NUP50,0.951
NUP210,NUP54,0.967
NUP210,NUP58,0.962
NUP210,NUP62,0.984
NUP210,NUP85,0.988
NUP210,NUP88,0.985
NUP210,NUP93,0.993
NUP210,NUP98,0.976
NUP210,RANBP2,0.994
NUP210,SEC13,0.954
NUP210,SEH1L,0.993
NUP210,TPR,0.917
NUP214,NUP35,0.992
NUP214,NUP37,0.968
NUP214,NUP42,0.968
NUP214,NUP43,0.989
NUP214,NUP50,0.966
NUP214,NUP54,0.995
NUP214,NUP58,0.997
NUP214,NUP62,0.999
NUP214,NUP85,0.999
NUP214,NUP88,0.999
NUP214,NUP93,0.999
NUP214,NUP98,0.999
NUP214,NXF1,0.995
NUP214,NXT1,0.936
NUP214,RAE1,0.992
NUP214,RAN,0.973
NUP214,RANBP2,0.999
NUP214,SEC13,0.995
NUP214,SEH1L,0.998
NUP214,SNUPN,0.964
NUP214,TPR,0.958
NUP214,XPO1,0.999
NUP35,NUP37,0.99
NUP35,NUP42,0.935
NUP35,NUP43,0.992
NUP35,NUP50,0.966
NUP35,NUP54,0.993
NUP35,NUP58,0.989
NUP35,NUP62,0.995
NUP35,NUP85,0.993
NUP35,NUP88,0.996
NUP35,NUP93,0.999
NUP35,NUP98,0.997
NUP35,RAE1,0.931
NUP35,RANBP2,0.997
NUP35,SEC13,0.971
NUP35,SEH1L,0.994
NUP35,TPR,0.907
PAF1,POLR2A,0.996
PALM2AKAP2,PRKACA,0.929
PCF11,POLR2A,0.952
PES1,PWP1,0.918
PIN1,POLR2A,0.912
PLK1,PTTG1,0.956
POLR1A,POLR1B,0.999
POLR1A,POLR1C,0.999
POLR1A,POLR1D,0.999
POLR1A,POLR1E,0.999
POLR1B,POLR1C,0.999
POLR1B,POLR1D,0.999
POLR1B,POLR1E,0.999
POLR1B,POLR2C,0.944
POLR1B,POLR2D,0.917
POLR1B,POLR2E,0.999
POLR1B,POLR2F,0.999
POLR1B,POLR2H,0.999
POLR1B,POLR2K,0.999
POLR1B,POLR2L,0.999
POLR1B,POLR3A,0.971
POLR1B,POLR3B,0.913
POLR1B,POLR3H,0.906
POLR1B,RPL11,0.943
POLR1B,RPL23,0.921
POLR1B,RPL23A,0.916
POLR1B,RPL5,0.929
POLR1B,RPS11,0.952
POLR1B,RPS15,0.941
POLR1B,RPS18,0.94
POLR1B,RPS3,0.944
POLR1B,RRN3,0.999
POLR1B,SUPT5H,0.901
POLR1B,TBL3,0.927
POLR1C,POLR1D,0.999
POLR1C,POLR1E,0.999
POLR1C,POLR2B,0.973
POLR1C,POLR2D,0.956
POLR1C,POLR2E,0.999
POLR1C,POLR2F,0.999
POLR1C,POLR2G,0.955
POLR1C,POLR2H,0.999
POLR1C,POLR2J,0.948
POLR1C,POLR2K,0.999
POLR1C,POLR2L,0.999
POLR1C,POLR3A,0.999
POLR1C,POLR3B,0.999
POLR1C,POLR3C,0.999
POLR1C,POLR3D,0.999
POLR1C,POLR3E,0.999
POLR1C,POLR3F,0.999
POLR1C,POLR3G,0.999
POLR1C,POLR3H,0.999
POLR1C,POLR3K,0.999
POLR1C,RPL11,0.949
POLR1C,RPL23,0.938
POLR1C,RPL23A,0.947
POLR1C,RPL35,0.935
POLR1C,RPL5,0.946
POLR1C,RPS11,0.979
POLR1C,RPS15,0.981
POLR1C,RPS18,0.981
POLR1C,RPS2,0.92
POLR1C,RPS20,0.943
POLR1C,RPS23,0.922
POLR1C,RPS3,0.982
POLR1C,RPS9,0.92
POLR1C,RRN3,0.999
POLR1D,POLR1E,0.999
POLR1D,POLR2B,0.918
POLR1D,POLR2C,0.997
POLR1D,POLR2E,0.999
POLR1D,POLR2F,0.999
POLR1D,POLR2H,0.999
POLR1D,POLR2K,0.999
POLR1D,POLR2L,0.999
POLR1D,POLR3A,0.999
POLR1D,POLR3B,0.999
POLR1D,POLR3C,0.999
POLR1D,POLR3D,0.999
POLR1D,POLR3E,0.996
POLR1D,POLR3F,0.999
POLR1D,POLR3G,0.996
POLR1D,POLR3H,0.999
POLR1D,POLR3K,0.998
POLR1D,RRN3,0.998
POLR1D,TCOF1,0.945
POLR1E,POLR2E,0.999
POLR1E,POLR2F,0.999
POLR1E,POLR2H,0.996
POLR1E,POLR2K,0.996
POLR1E,POLR2L,0.997
POLR1E,POLR3A,0.942
POLR1E,RPF2,0.9
POLR1E,RRN3,0.998
POLR1E,TAF1A,0.972
POLR2A,POLR2B,0.999
POLR2A,POLR2C,0.999
POLR2A,POLR2D,0.999
POLR2A,POLR2E,0.999
POLR2A,POLR2F,0.999
POLR2A,POLR2G,0.999
POLR2A,POLR2H,0.999
POLR2A,POLR2I,0.999
POLR2A,POLR2J,0.999
POLR2A,POLR2K,0.999
POLR2A,POLR2L,0.999
POLR2A,PSMB2,0.955
POLR2A,RBX1,0.941
POLR2A,SCAF4,0.918
POLR2A,SETD2,0.999
POLR2A,SMARCA4,0.929
POLR2A,SSRP1,0.982
POLR2A,SSU72,0.942
POLR2A,SUPT16H,0.994
POLR2A,SUPT4H1,0.999
POLR2A,SUPT5H,0.999
POLR2A,SUPT6H,0.999
POLR2A,TAF1,0.993
POLR2A,TAF10,0.95
POLR2A,TAF11,0.965
POLR2A,TAF12,0.931
POLR2A,TAF13,0.911
POLR2A,TAF2,0.929
POLR2A,TAF3,0.919
POLR2A,TAF4,0.945
POLR2A,TAF5,0.926
POLR2A,TAF6,0.934
POLR2A,TAF7,0.922
POLR2A,TAF8,0.915
POLR2A,TAF9,0.923
POLR2A,TBP,0.999
POLR2A,TRIP4,0.994
POLR2A,ZC3H13,0.996
PTPRC,PTPRCAP,0.988
PTTG1,TOP2A,0.942
PTTG1,TPX2,0.921
PUF60,SF1,0.937
PUF60,SF3A2,0.942
PUF60,SF3B1,0.962
PUF60,SF3B3,0.971
PWP1,RPF2,0.964
PWP1,RSL1D1,0.909
PWP1,RSL24D1,0.916
PWP1,TBL3,0.95
RAB27A,STX11,0.931
SNAP23,STX11,0.999
SNX4,WDR34,0.9
SNX4,WDR60,0.9
STX11,STXBP1,0.921
STX11,STXBP5,0.947
STX11,UNC13D,0.99
STX11,VAMP2,0.966
STX11,VAMP3,0.92
STX11,VAMP4,0.93
STX11,VAMP8,0.99
TPR,WDR34,0.9
TPR,WDR60,0.9
TRAF3IP1,TTC26,0.991
TRAF3IP1,TTC30B,0.997
TTC26,TTC30B,0.997
TTC26,UFD1,0.994
TTC26,VCP,0.996
TTC26,WDR19,0.903
TTC26,WDR35,0.903
WDR34,WDR60,0.999
