node_label,queryItem,stringId,preferredName
A1CF,A1cf,9606.ENSP00000378868,A1CF
A2M,A2M,9606.ENSP00000323929,A2M
AAAS,AAAS,9606.ENSP00000209873,AAAS
AARSD1,AARSD1,9606.ENSP00000400870,AARSD1
AATF,AATF,9606.ENSP00000477848,AATF
ABAT,ABAT,9606.ENSP00000379845,ABAT
ABCA1,ABCA1,9606.ENSP00000363868,ABCA1
ABCA8,ABCA8,9606.ENSP00000467271,ABCA8
ABCB1,ABCB1,9606.ENSP00000478255,ABCB1
ABCB11,ABCB11,9606.ENSP00000497931,ABCB11
ABCB8,Abcb8,9606.ENSP00000297504,ABCB8
ABCC8,ABCC8,9606.ENSP00000494321,ABCC8
ABCC9,ABCC9,9606.ENSP00000261200,ABCC9
ABCD4,ABCD4,9606.ENSP00000349396,ABCD4
ABCE1,ABCE1,9606.ENSP00000296577,ABCE1
ABCF2,ABCF2,9606.ENSP00000222388,ABCF2
ABCG1,Abcg1,9606.ENSP00000354995,ABCG1
ABCG2,Abcg2,9606.ENSP00000498246,ABCG2
ABCG4,Abcg4,9606.ENSP00000481728,ABCG4
ABCG5,ABCG5,9606.ENSP00000384513,ABCG5
ABCG8,ABCG8,9606.ENSP00000272286,ABCG8
ABHD6,Abhd6,9606.ENSP00000295962,ABHD6
ABI1,ABI1,9606.ENSP00000365312,ABI1
ABI2,ABI2,9606.ENSP00000295851,ABI2
ABI3,ABI3,9606.ENSP00000225941,ABI3
ABL1,ABL1,9606.ENSP00000361423,ABL1
ABL2,ABL2,9606.ENSP00000427562,ABL2
ABRAXAS1,ABRAXAS1,9606.ENSP00000369857,ABRAXAS1
ABRAXAS2,ABRAXAS2,9606.ENSP00000298492,ABRAXAS2
ACAD8,ACAD8,9606.ENSP00000281182,ACAD8
ACAP1,ACAP1,9606.ENSP00000158762,ACAP1
ACBD5,ACBD5,9606.ENSP00000365049,ACBD5
ACD,ACD,9606.ENSP00000483117,ACD
ACE,ACE,9606.ENSP00000290866,ACE
ACE2,ACE2,9606.ENSP00000389326,ACE2
ACHE,ACHE,9606.ENSP00000303211,ACHE
ACIN1,ACIN1,9606.ENSP00000262710,ACIN1
ACKR3,ACKR3,9606.ENSP00000272928,ACKR3
ACLY,ACLY,9606.ENSP00000466259,ACLY
ACSL1,Acsl1,9606.ENSP00000422607,ACSL1
ACTA1,ACTA1,9606.ENSP00000355645,ACTA1
ACTA2,ACTA2,9606.ENSP00000224784,ACTA2
ACTB,ACTB,9606.ENSP00000494750,ACTB
ACTBL2,ACTBL2,9606.ENSP00000416706,ACTBL2
ACTG1,ACTG1,9606.ENSP00000458162,ACTG1
ACTG2,ACTG2,9606.ENSP00000386857,ACTG2
ACTL6A,ACTL6A,9606.ENSP00000397552,ACTL6A
ACTL6B,ACTL6B,9606.ENSP00000160382,ACTL6B
ACTN1,ACTN1,9606.ENSP00000377941,ACTN1
ACTN2,ACTN2,9606.ENSP00000355537,ACTN2
ACTN4,ACTN4,9606.ENSP00000252699,ACTN4
ACTR10,ACTR10,9606.ENSP00000254286,ACTR10
ACTR1A,ACTR1A,9606.ENSP00000358921,ACTR1A
ACTR1B,ACTR1B,9606.ENSP00000289228,ACTR1B
ACTR2,ACTR2,9606.ENSP00000367220,ACTR2
ACTR3,ACTR3,9606.ENSP00000263238,ACTR3
ACTR5,ACTR5,9606.ENSP00000243903,ACTR5
ACTR6,ACTR6,9606.ENSP00000188312,ACTR6
ACTR8,ACTR8,9606.ENSP00000336842,ACTR8
ACVR1,ACVR1,9606.ENSP00000405004,ACVR1
ACVR1B,ACVR1B,9606.ENSP00000442656,ACVR1B
ACVR1C,ACVR1C,9606.ENSP00000243349,ACVR1C
ACVR2A,Acvr2a,9606.ENSP00000241416,ACVR2A
ACVR2B,ACVR2B,9606.ENSP00000340361,ACVR2B
ADA,ADA,9606.ENSP00000361965,ADA
ADAM12,ADAM12,9606.ENSP00000357668,ADAM12
ADAM15,ADAM15,9606.ENSP00000349436,ADAM15
ADAM17,ADAM17,9606.ENSP00000309968,ADAM17
ADAM2,Adam2,9606.ENSP00000265708,ADAM2
ADAM22,ADAM22,9606.ENSP00000265727,ADAM22
ADAM23,ADAM23,9606.ENSP00000264377,ADAM23
ADAM8,ADAM8,9606.ENSP00000453302,ADAM8
ADAM9,ADAM9,9606.ENSP00000419446,ADAM9
ADAR,ADAR,9606.ENSP00000357459,ADAR
ADCY2,ADCY2,9606.ENSP00000342952,ADCY2
ADCY3,Adcy3,9606.ENSP00000384484,ADCY3
ADCY5,Adcy5,9606.ENSP00000419361,ADCY5
ADCY6,Adcy6,9606.ENSP00000311405,ADCY6
ADCY8,Adcy8,9606.ENSP00000286355,ADCY8
ADCYAP1,ADCYAP1,9606.ENSP00000462647,ADCYAP1
ADCYAP1R1,ADCYAP1R1,9606.ENSP00000483721,ADCYAP1R1
ADD2,ADD2,9606.ENSP00000264436,ADD2
ADGRA2,ADGRA2,9606.ENSP00000406367,ADGRA2
ADGRG1,ADGRG1,9606.ENSP00000455215,ADGRG1
ADGRL3,ADGRL3,9606.ENSP00000422533,ADGRL3
ADGRV1,ADGRV1,9606.ENSP00000384582,ADGRV1
ADH1A,ADH1A,9606.ENSP00000209668,ADH1A
ADH1B,ADH1B,9606.ENSP00000306606,ADH1B
ADH1C,ADH1C,9606.ENSP00000426083,ADH1C
ADIPOQ,ADIPOQ,9606.ENSP00000389814,ADIPOQ
ADIPOR1,Adipor1,9606.ENSP00000341785,ADIPOR1
ADM,ADM,9606.ENSP00000436607,ADM
ADM2,ADM2,9606.ENSP00000379087,ADM2
ADNP,Adnp,9606.ENSP00000360662,ADNP
ADORA1,ADORA1,9606.ENSP00000356205,ADORA1
ADORA2A,ADORA2A,9606.ENSP00000480012,ADORA2A
ADORA2B,ADORA2B,9606.ENSP00000304501,ADORA2B
ADORA3,ADORA3,9606.ENSP00000241356,ADORA3
ADRA1A,ADRA1A,9606.ENSP00000369960,ADRA1A
ADRA1B,ADRA1B,9606.ENSP00000306662,ADRA1B
ADRA1D,ADRA1D,9606.ENSP00000368766,ADRA1D
ADRA2A,ADRA2A,9606.ENSP00000280155,ADRA2A
ADRA2B,ADRA2B,9606.ENSP00000480573,ADRA2B
ADRA2C,ADRA2C,9606.ENSP00000386069,ADRA2C
ADRB1,ADRB1,9606.ENSP00000358301,ADRB1
ADRB2,ADRB2,9606.ENSP00000305372,ADRB2
ADRB3,ADRB3,9606.ENSP00000343782,ADRB3
AEBP2,AEBP2,9606.ENSP00000381840,AEBP2
AFDN,AFDN,9606.ENSP00000355771,AFDN
AFF1,AFF1,9606.ENSP00000378578,AFF1
AFF4,AFF4,9606.ENSP00000265343,AFF4
AFG3L2,AFG3L2,9606.ENSP00000269143,AFG3L2
AGAP1,AGAP1,9606.ENSP00000307634,AGAP1
AGK,AGK,9606.ENSP00000497280,AGK
AGO2,AGO2,9606.ENSP00000220592,AGO2
AGO4,AGO4,9606.ENSP00000362306,AGO4
AGPAT2,AGPAT2,9606.ENSP00000360761,AGPAT2
AGPS,AGPS,9606.ENSP00000264167,AGPS
AGT,AGT,9606.ENSP00000355627,AGT
AGTR1,AGTR1,9606.ENSP00000398832,AGTR1
AGTR2,AGTR2,9606.ENSP00000360973,AGTR2
AGTRAP,Agtrap,9606.ENSP00000319713,AGTRAP
AHCTF1,AHCTF1,9606.ENSP00000355465,AHCTF1
AHCYL1,AHCYL1,9606.ENSP00000358814,AHCYL1
AHI1,AHI1,9606.ENSP00000265602,AHI1
AHNAK,AHNAK,9606.ENSP00000367263,AHNAK
AHR,AHR,9606.ENSP00000242057,AHR
AHRR,Ahrr,9606.ENSP00000323816,AHRR
AHSA1,AHSA1,9606.ENSP00000216479,AHSA1
AHSG,AHSG,9606.ENSP00000273784,AHSG
AIFM1,AIFM1,9606.ENSP00000287295,AIFM1
AIM2,AIM2,9606.ENSP00000357112,AIM2
AIMP1,AIMP1,9606.ENSP00000378191,AIMP1
AIMP2,AIMP2,9606.ENSP00000223029,AIMP2
AIP,AIP,9606.ENSP00000279146,AIP
AIPL1,AIPL1,9606.ENSP00000370521,AIPL1
AIRE,AIRE,9606.ENSP00000291582,AIRE
AJUBA,AJUBA,9606.ENSP00000262713,AJUBA
AK2,AK2,9606.ENSP00000499935,AK2
AKAP1,AKAP1,9606.ENSP00000478212,AKAP1
AKAP12,AKAP12,9606.ENSP00000384537,AKAP12
AKAP13,AKAP13,9606.ENSP00000354718,AKAP13
AKAP5,AKAP5,9606.ENSP00000378207,AKAP5
AKAP6,AKAP6,9606.ENSP00000280979,AKAP6
AKAP7,AKAP7,9606.ENSP00000405252,AKAP7
AKAP8,AKAP8,9606.ENSP00000269701,AKAP8
AKAP8L,AKAP8L,9606.ENSP00000380557,AKAP8L
AKAP9,AKAP9,9606.ENSP00000348573,AKAP9
AKT1,AKT1,9606.ENSP00000451828,AKT1
AKT1S1,AKT1S1,9606.ENSP00000375711,AKT1S1
AKT2,AKT2,9606.ENSP00000375892,AKT2
AKT3,AKT3,9606.ENSP00000500582,AKT3
AKTIP,AKTIP,9606.ENSP00000300245,AKTIP
ALAS1,ALAS1,9606.ENSP00000378416,ALAS1
ALB,ALB,9606.ENSP00000295897,ALB
ALDH2,ALDH2,9606.ENSP00000261733,ALDH2
ALDH5A1,ALDH5A1,9606.ENSP00000314649,ALDH5A1
ALDOB,ALDOB,9606.ENSP00000497767,ALDOB
ALK,ALK,9606.ENSP00000373700,ALK
ALMS1,Alms1,9606.ENSP00000482968,ALMS1
ALOX5,ALOX5,9606.ENSP00000363512,ALOX5
ALYREF,ALYREF,9606.ENSP00000421592,ALYREF
AMBP,AMBP,9606.ENSP00000265132,AMBP
AMFR,AMFR,9606.ENSP00000290649,AMFR
AMH,Amh,9606.ENSP00000221496,AMH
AMHR2,Amhr2,9606.ENSP00000257863,AMHR2
AMN,AMN,9606.ENSP00000299155,AMN
AMOT,AMOT,9606.ENSP00000361027,AMOT
AMOTL1,AMOTL1,9606.ENSP00000387739,AMOTL1
AMOTL2,AMOTL2,9606.ENSP00000424765,AMOTL2
AMPH,Amph,9606.ENSP00000348602,AMPH
ANAPC1,ANAPC1,9606.ENSP00000339109,ANAPC1
ANAPC10,ANAPC10,9606.ENSP00000478501,ANAPC10
ANAPC11,ANAPC11,9606.ENSP00000349957,ANAPC11
ANAPC16,ANAPC16,9606.ENSP00000477760,ANAPC16
ANAPC2,ANAPC2,9606.ENSP00000314004,ANAPC2
ANAPC4,ANAPC4,9606.ENSP00000426654,ANAPC4
ANAPC5,ANAPC5,9606.ENSP00000261819,ANAPC5
ANAPC7,ANAPC7,9606.ENSP00000394394,ANAPC7
ANG,ANG,9606.ENSP00000336762,ANG
ANGPT1,ANGPT1,9606.ENSP00000428340,ANGPT1
ANGPT2,ANGPT2,9606.ENSP00000314897,ANGPT2
ANGPTL4,ANGPTL4,9606.ENSP00000301455,ANGPTL4
ANK2,ANK2,9606.ENSP00000349588,ANK2
ANK3,ANK3,9606.ENSP00000280772,ANK3
ANKRA2,ANKRA2,9606.ENSP00000296785,ANKRA2
ANKRD1,ANKRD1,9606.ENSP00000360762,ANKRD1
ANKRD11,ANKRD11,9606.ENSP00000301030,ANKRD11
ANKRD28,ANKRD28,9606.ENSP00000382379,ANKRD28
ANKRD44,ANKRD44,9606.ENSP00000282272,ANKRD44
ANKRD52,ANKRD52,9606.ENSP00000267116,ANKRD52
ANKRD54,Ankrd54,9606.ENSP00000215941,ANKRD54
ANKS1A,ANKS1A,9606.ENSP00000353518,ANKS1A
ANKS3,Anks3,9606.ENSP00000304586,ANKS3
ANKS6,ANKS6,9606.ENSP00000297837,ANKS6
ANO1,ANO1,9606.ENSP00000347454,ANO1
ANOS1,ANOS1,9606.ENSP00000262648,ANOS1
ANP32A,ANP32A,9606.ENSP00000417864,ANP32A
ANP32B,ANP32B,9606.ENSP00000345848,ANP32B
ANP32E,ANP32E,9606.ENSP00000463154,ANP32E
ANXA1,ANXA1,9606.ENSP00000366109,ANXA1
ANXA2,ANXA2,9606.ENSP00000346032,ANXA2
ANXA6,ANXA6,9606.ENSP00000346550,ANXA6
ANXA7,ANXA7,9606.ENSP00000362010,ANXA7
AP1AR,AP1AR,9606.ENSP00000274000,AP1AR
AP1B1,AP1B1,9606.ENSP00000350199,AP1B1
AP1G1,AP1G1,9606.ENSP00000377148,AP1G1
AP1G2,AP1G2,9606.ENSP00000312442,AP1G2
AP1M1,AP1M1,9606.ENSP00000388996,AP1M1
AP1M2,AP1M2,9606.ENSP00000465685,AP1M2
AP1S1,AP1S1,9606.ENSP00000336666,AP1S1
AP1S2,AP1S2,9606.ENSP00000500695,AP1S2
AP1S3,AP1S3,9606.ENSP00000379891,AP1S3
AP2A1,AP2A1,9606.ENSP00000351926,AP2A1
AP2A2,Ap2a2,9606.ENSP00000327694,AP2A2
AP2B1,AP2B1,9606.ENSP00000483185,AP2B1
AP2M1,AP2M1,9606.ENSP00000403362,AP2M1
AP2S1,Ap2s1,9606.ENSP00000470176,AP2S1
AP3B1,AP3B1,9606.ENSP00000255194,AP3B1
AP3B2,AP3B2,9606.ENSP00000440984,AP3B2
AP3D1,AP3D1,9606.ENSP00000495274,AP3D1
AP3M1,AP3M1,9606.ENSP00000347408,AP3M1
AP3M2,AP3M2,9606.ENSP00000428787,AP3M2
AP3S1,AP3S1,9606.ENSP00000325369,AP3S1
AP3S2,AP3S2,9606.ENSP00000338777,AP3S2
AP4B1,AP4B1,9606.ENSP00000358582,AP4B1
AP4E1,AP4E1,9606.ENSP00000261842,AP4E1
AP4M1,AP4M1,9606.ENSP00000403663,AP4M1
AP4S1,AP4S1,9606.ENSP00000216366,AP4S1
AP5B1,AP5B1,9606.ENSP00000454303,AP5B1
AP5M1,AP5M1,9606.ENSP00000261558,AP5M1
AP5S1,AP5S1,9606.ENSP00000481750,AP5S1
AP5Z1,AP5Z1,9606.ENSP00000497815,AP5Z1
APAF1,APAF1,9606.ENSP00000448165,APAF1
APBA1,APBA1,9606.ENSP00000265381,APBA1
APBB1,APBB1,9606.ENSP00000477213,APBB1
APBB1IP,APBB1IP,9606.ENSP00000365411,APBB1IP
APBB2,APBB2,9606.ENSP00000427211,APBB2
APC,APC,9606.ENSP00000257430,APC
APEX1,APEX1,9606.ENSP00000216714,APEX1
APH1A,APH1A,9606.ENSP00000358105,APH1A
APH1B,APH1B,9606.ENSP00000261879,APH1B
API5,API5,9606.ENSP00000431391,API5
APIP,Apip,9606.ENSP00000379133,APIP
APLNR,APLNR,9606.ENSP00000475344,APLNR
APLP1,APLP1,9606.ENSP00000221891,APLP1
APLP2,APLP2,9606.ENSP00000497691,APLP2
APOA1,APOA1,9606.ENSP00000236850,APOA1
APOB,APOB,9606.ENSP00000233242,APOB
APOBEC1,Apobec1,9606.ENSP00000229304,APOBEC1
APOE,APOE,9606.ENSP00000252486,APOE
APOL1,APOL1,9606.ENSP00000317674,APOL1
APOO,APOO,9606.ENSP00000368528,APOO
APOOL,APOOL,9606.ENSP00000362268,APOOL
APP,APP,9606.ENSP00000284981,APP
APPBP2,APPBP2,9606.ENSP00000083182,APPBP2
APPL1,APPL1,9606.ENSP00000288266,APPL1
AQP1,AQP1,9606.ENSP00000311165,AQP1
AQP2,Aqp2,9606.ENSP00000199280,AQP2
AQR,AQR,9606.ENSP00000156471,AQR
AR,AR,9606.ENSP00000363822,AR
ARAF,ARAF,9606.ENSP00000290277,ARAF
ARC,Arc,9606.ENSP00000349022,ARC
ARCN1,Arcn1,9606.ENSP00000264028,ARCN1
AREG,AREG,9606.ENSP00000379097,AREG
ARF1,ARF1,9606.ENSP00000440005,ARF1
ARF4,ARF4,9606.ENSP00000306010,ARF4
ARFGAP1,Arfgap1,9606.ENSP00000314615,ARFGAP1
ARFIP2,ARFIP2,9606.ENSP00000484121,ARFIP2
ARHGAP10,ARHGAP10,9606.ENSP00000336923,ARHGAP10
ARHGAP17,ARHGAP17,9606.ENSP00000289968,ARHGAP17
ARHGAP22,Arhgap22,9606.ENSP00000412461,ARHGAP22
ARHGAP32,Arhgap32,9606.ENSP00000310561,ARHGAP32
ARHGAP35,Arhgap35,9606.ENSP00000500409,ARHGAP35
ARHGAP8,ARHGAP8,9606.ENSP00000374424,ARHGAP8
ARHGDIB,ARHGDIB,9606.ENSP00000228945,ARHGDIB
ARHGEF1,ARHGEF1,9606.ENSP00000337261,ARHGEF1
ARHGEF16,ARHGEF16,9606.ENSP00000367629,ARHGEF16
ARHGEF18,ARHGEF18,9606.ENSP00000482647,ARHGEF18
ARHGEF2,ARHGEF2,9606.ENSP00000354837,ARHGEF2
ARHGEF25,ARHGEF25,9606.ENSP00000335560,ARHGEF25
ARHGEF28,Arhgef28,9606.ENSP00000441913,ARHGEF28
ARHGEF4,Arhgef4,9606.ENSP00000316845,ARHGEF4
ARHGEF6,ARHGEF6,9606.ENSP00000250617,ARHGEF6
ARHGEF7,ARHGEF7,9606.ENSP00000495631,ARHGEF7
ARID1A,ARID1A,9606.ENSP00000320485,ARID1A
ARID1B,ARID1B,9606.ENSP00000490491,ARID1B
ARID2,ARID2,9606.ENSP00000335044,ARID2
ARID4A,ARID4A,9606.ENSP00000347602,ARID4A
ARID4B,ARID4B,9606.ENSP00000264183,ARID4B
ARL1,ARL1,9606.ENSP00000261636,ARL1
ARL2,ARL2,9606.ENSP00000246747,ARL2
ARL3,ARL3,9606.ENSP00000260746,ARL3
ARL6,Arl6,9606.ENSP00000419619,ARL6
ARMC8,ARMC8,9606.ENSP00000419413,ARMC8
ARNT,ARNT,9606.ENSP00000351407,ARNT
ARNTL,Bmal1,9606.ENSP00000384517,ARNTL
ARPC1B,ARPC1B,9606.ENSP00000389631,ARPC1B
ARPC2,ARPC2,9606.ENSP00000295685,ARPC2
ARPC3,ARPC3,9606.ENSP00000228825,ARPC3
ARPC4,ARPC4,9606.ENSP00000388169,ARPC4
ARPC5,ARPC5,9606.ENSP00000294742,ARPC5
ARRB1,ARRB1,9606.ENSP00000409581,ARRB1
ARRB2,ARRB2,9606.ENSP00000403701,ARRB2
ARRDC3,ARRDC3,9606.ENSP00000265138,ARRDC3
ARTN,ARTN,9606.ENSP00000387435,ARTN
ASAH1,ASAH1,9606.ENSP00000371152,ASAH1
ASAP1,ASAP1,9606.ENSP00000429900,ASAP1
ASAP2,ASAP2,9606.ENSP00000281419,ASAP2
ASB1,ASB1,9606.ENSP00000264607,ASB1
ASB12,ASB12,9606.ENSP00000355195,ASB12
ASB2,ASB2,9606.ENSP00000451575,ASB2
ASB6,ASB6,9606.ENSP00000277458,ASB6
ASB7,ASB7,9606.ENSP00000328327,ASB7
ASB9,ASB9,9606.ENSP00000369855,ASB9
ASCC1,ASCC1,9606.ENSP00000339404,ASCC1
ASCC2,ASCC2,9606.ENSP00000380877,ASCC2
ASCC3,ASCC3,9606.ENSP00000358159,ASCC3
ASF1A,ASF1A,9606.ENSP00000229595,ASF1A
ASF1B,ASF1B,9606.ENSP00000263382,ASF1B
ASGR1,ASGR1,9606.ENSP00000269299,ASGR1
ASGR2,ASGR2,9606.ENSP00000347140,ASGR2
ASH2L,ASH2L,9606.ENSP00000340896,ASH2L
ASIC1,ASIC1,9606.ENSP00000228468,ASIC1
ASPH,ASPH,9606.ENSP00000368767,ASPH
ASXL1,ASXL1,9606.ENSP00000364839,ASXL1
ASXL2,ASXL2,9606.ENSP00000383920,ASXL2
ATF2,ATF2,9606.ENSP00000264110,ATF2
ATF3,ATF3,9606.ENSP00000344352,ATF3
ATF4,ATF4,9606.ENSP00000336790,ATF4
ATF7,ATF7,9606.ENSP00000399465,ATF7
ATF7IP,ATF7IP,9606.ENSP00000440440,ATF7IP
ATF7IP2,ATF7IP2,9606.ENSP00000379808,ATF7IP2
ATG101,ATG101,9606.ENSP00000338990,ATG101
ATG12,Atg12,9606.ENSP00000425107,ATG12
ATG13,ATG13,9606.ENSP00000432412,ATG13
ATG14,ATG14,9606.ENSP00000247178,ATG14
ATG16L1,ATG16L1,9606.ENSP00000375873,ATG16L1
ATG2B,ATG2B,9606.ENSP00000353010,ATG2B
ATG5,Atg5,9606.ENSP00000358072,ATG5
ATL1,ATL1,9606.ENSP00000351155,ATL1
ATL2,ATL2,9606.ENSP00000368237,ATL2
ATL3,ATL3,9606.ENSP00000381844,ATL3
ATM,ATM,9606.ENSP00000278616,ATM
ATP1A1,ATP1A1,9606.ENSP00000445306,ATP1A1
ATP1A2,ATP1A2,9606.ENSP00000354490,ATP1A2
ATP1A3,ATP1A3,9606.ENSP00000444688,ATP1A3
ATP1A4,ATP1A4,9606.ENSP00000357060,ATP1A4
ATP1B1,ATP1B1,9606.ENSP00000356790,ATP1B1
ATP1B2,ATP1B2,9606.ENSP00000250111,ATP1B2
ATP1B3,ATP1B3,9606.ENSP00000286371,ATP1B3
ATP2A1,ATP2A1,9606.ENSP00000349595,ATP2A1
ATP2A2,ATP2A2,9606.ENSP00000440045,ATP2A2
ATP2B1,Atp2b1,9606.ENSP00000392043,ATP2B1
ATP2B4,Atp2b4,9606.ENSP00000350310,ATP2B4
ATP4A,ATP4A,9606.ENSP00000262623,ATP4A
ATP4B,ATP4B,9606.ENSP00000334216,ATP4B
ATP5F1A,ATP5F1A,9606.ENSP00000381736,ATP5F1A
ATP5F1B,ATP5F1B,9606.ENSP00000262030,ATP5F1B
ATP5F1C,ATP5F1C,9606.ENSP00000349142,ATP5F1C
ATP5F1D,ATP5F1D,9606.ENSP00000215375,ATP5F1D
ATP5F1E,ATP5F1E,9606.ENSP00000243997,ATP5F1E
ATP5IF1,ATP5IF1,9606.ENSP00000335203,ATP5IF1
ATP5MC1,ATP5MC1,9606.ENSP00000377033,ATP5MC1
ATP5MC2,Atp5mc2,9606.ENSP00000499883,ATP5MC2
ATP5MC3,Atp5mc3,9606.ENSP00000284727,ATP5MC3
ATP5ME,ATP5ME,9606.ENSP00000306003,ATP5ME
ATP5MF,ATP5MF,9606.ENSP00000292475,ATP5MF
ATP5MG,ATP5MG,9606.ENSP00000300688,ATP5MG
ATP5PB,ATP5PB,9606.ENSP00000358737,ATP5PB
ATP5PD,ATP5PD,9606.ENSP00000301587,ATP5PD
ATP5PF,ATP5PF,9606.ENSP00000389649,ATP5PF
ATP5PO,ATP5PO,9606.ENSP00000290299,ATP5PO
ATP6AP1,ATP6AP1,9606.ENSP00000358777,ATP6AP1
ATP6AP2,ATP6AP2,9606.ENSP00000490083,ATP6AP2
ATP6V0A1,ATP6V0A1,9606.ENSP00000264649,ATP6V0A1
ATP6V0A4,Atp6v0a4,9606.ENSP00000308122,ATP6V0A4
ATP6V0C,ATP6V0C,9606.ENSP00000329757,ATP6V0C
ATP6V0D1,ATP6V0D1,9606.ENSP00000290949,ATP6V0D1
ATP6V0E1,ATP6V0E1,9606.ENSP00000429690,ATP6V0E1
ATP6V0E2,Atp6v0e2,9606.ENSP00000411672,ATP6V0E2
ATP6V1A,ATP6V1A,9606.ENSP00000273398,ATP6V1A
ATP6V1B1,ATP6V1B1,9606.ENSP00000234396,ATP6V1B1
ATP6V1B2,ATP6V1B2,9606.ENSP00000276390,ATP6V1B2
ATP6V1C1,ATP6V1C1,9606.ENSP00000430282,ATP6V1C1
ATP6V1D,ATP6V1D,9606.ENSP00000216442,ATP6V1D
ATP6V1E1,ATP6V1E1,9606.ENSP00000253413,ATP6V1E1
ATP6V1F,ATP6V1F,9606.ENSP00000417378,ATP6V1F
ATP6V1G1,ATP6V1G1,9606.ENSP00000363162,ATP6V1G1
ATP6V1G2,Atp6v1g2,9606.ENSP00000302194,ATP6V1G2
ATP6V1H,ATP6V1H,9606.ENSP00000352522,ATP6V1H
ATP7A,Atp7a,9606.ENSP00000345728,ATP7A
ATR,ATR,9606.ENSP00000343741,ATR
ATRIP,ATRIP,9606.ENSP00000323099,ATRIP
ATRX,ATRX,9606.ENSP00000362441,ATRX
ATXN1,ATXN1,9606.ENSP00000244769,ATXN1
ATXN3,ATXN3,9606.ENSP00000496695,ATXN3
ATXN7,ATXN7,9606.ENSP00000295900,ATXN7
ATXN7L1,ATXN7L1,9606.ENSP00000410759,ATXN7L1
ATXN7L2,ATXN7L2,9606.ENSP00000358886,ATXN7L2
ATXN7L3,ATXN7L3,9606.ENSP00000397259,ATXN7L3
AUNIP,AUNIP,9606.ENSP00000443647,AUNIP
AUP1,AUP1,9606.ENSP00000366748,AUP1
AURKA,AURKA,9606.ENSP00000216911,AURKA
AURKB,AURKB,9606.ENSP00000313950,AURKB
AUTS2,AUTS2,9606.ENSP00000344087,AUTS2
AVEN,Aven,9606.ENSP00000306822,AVEN
AVPR1A,AVPR1A,9606.ENSP00000299178,AVPR1A
AVPR1B,AVPR1B,9606.ENSP00000356094,AVPR1B
AVPR2,AVPR2,9606.ENSP00000496396,AVPR2
AXIN1,AXIN1,9606.ENSP00000262320,AXIN1
AXIN2,Axin2,9606.ENSP00000302625,AXIN2
AXL,AXL,9606.ENSP00000301178,AXL
AZGP1,AZGP1,9606.ENSP00000292401,AZGP1
AZI2,AZI2,9606.ENSP00000419371,AZI2
AZIN1,AZIN1,9606.ENSP00000337180,AZIN1
AZIN2,AZIN2,9606.ENSP00000362540,AZIN2
B2M,B2M,9606.ENSP00000497910,B2M
B9D1,B9d1,9606.ENSP00000261499,B9D1
B9D2,B9d2,9606.ENSP00000243578,B9D2
BABAM1,BABAM1,9606.ENSP00000352408,BABAM1
BABAM2,BABAM2,9606.ENSP00000343412,BABAM2
BACE1,Bace1,9606.ENSP00000318585,BACE1
BACH1,BACH1,9606.ENSP00000382805,BACH1
BAD,Bad,9606.ENSP00000378040,BAD
BAG1,BAG1,9606.ENSP00000489189,BAG1
BAG2,BAG2,9606.ENSP00000359727,BAG2
BAG3,BAG3,9606.ENSP00000358081,BAG3
BAG5,BAG5,9606.ENSP00000338814,BAG5
BAG6,BAG6,9606.ENSP00000365131,BAG6
BAIAP2,Baiap2,9606.ENSP00000316338,BAIAP2
BAK1,Bak1,9606.ENSP00000363591,BAK1
BANF1,BANF1,9606.ENSP00000433760,BANF1
BANF2,BANF2,9606.ENSP00000439128,BANF2
BANP,BANP,9606.ENSP00000376902,BANP
BAP1,BAP1,9606.ENSP00000417132,BAP1
BARD1,BARD1,9606.ENSP00000260947,BARD1
BAX,Bax,9606.ENSP00000293288,BAX
BAZ1A,BAZ1A,9606.ENSP00000371859,BAZ1A
BAZ1B,Baz1b,9606.ENSP00000342434,BAZ1B
BAZ2A,Baz2a,9606.ENSP00000446880,BAZ2A
BBC3,Bbc3,9606.ENSP00000404503,BBC3
BBIP1,BBIP1,9606.ENSP00000433157,BBIP1
BBS1,BBS1,9606.ENSP00000317469,BBS1
BBS10,BBS10,9606.ENSP00000497413,BBS10
BBS12,BBS12,9606.ENSP00000438273,BBS12
BBS2,BBS2,9606.ENSP00000245157,BBS2
BBS4,BBS4,9606.ENSP00000268057,BBS4
BBS5,BBS5,9606.ENSP00000295240,BBS5
BBS7,BBS7,9606.ENSP00000264499,BBS7
BBS9,BBS9,9606.ENSP00000242067,BBS9
BCAR1,Bcar1,9606.ENSP00000391669,BCAR1
BCAS2,BCAS2,9606.ENSP00000358554,BCAS2
BCCIP,BCCIP,9606.ENSP00000357748,BCCIP
BCHE,Bche,9606.ENSP00000264381,BCHE
BCKDHA,Bckdha,9606.ENSP00000269980,BCKDHA
BCKDHB,Bckdhb,9606.ENSP00000318351,BCKDHB
BCL10,Bcl10,9606.ENSP00000498104,BCL10
BCL2,Bcl2,9606.ENSP00000381185,BCL2
BCL2L1,Bcl2l1,9606.ENSP00000365230,BCL2L1
BCL2L11,Bcl2l11,9606.ENSP00000376943,BCL2L11
BCL3,BCL3,9606.ENSP00000164227,BCL3
BCL6,BCL6,9606.ENSP00000384371,BCL6
BCL7A,BCL7A,9606.ENSP00000445868,BCL7A
BCL7C,BCL7C,9606.ENSP00000369674,BCL7C
BCL9,BCL9,9606.ENSP00000234739,BCL9
BCLAF1,BCLAF1,9606.ENSP00000435210,BCLAF1
BCOR,BCOR,9606.ENSP00000367705,BCOR
BCORL1,BCORL1,9606.ENSP00000437775,BCORL1
BCR,BCR,9606.ENSP00000303507,BCR
BDKRB1,BDKRB1,9606.ENSP00000216629,BDKRB1
BDKRB2,Bdkrb2,9606.ENSP00000450482,BDKRB2
BDP1,BDP1,9606.ENSP00000351575,BDP1
BECN1,Becn1,9606.ENSP00000355231,BECN1
BEGAIN,Begain,9606.ENSP00000411124,BEGAIN
BEST1,BEST1,9606.ENSP00000399709,BEST1
BET1,Bet1,9606.ENSP00000222547,BET1
BET1L,Bet1l,9606.ENSP00000372210,BET1L
BEX2,BEX2,9606.ENSP00000442521,BEX2
BFAR,BFAR,9606.ENSP00000261658,BFAR
BFSP1,Bfsp1,9606.ENSP00000367104,BFSP1
BFSP2,Bfsp2,9606.ENSP00000304987,BFSP2
BGN,BGN,9606.ENSP00000327336,BGN
BHLHE40,Bhlhe40,9606.ENSP00000256495,BHLHE40
BICC1,Bicc1,9606.ENSP00000362993,BICC1
BICD2,BICD2,9606.ENSP00000349351,BICD2
BICRAL,BICRAL,9606.ENSP00000313933,BICRAL
BID,Bid,9606.ENSP00000318822,BID
BIN1,Bin1,9606.ENSP00000316779,BIN1
BIRC2,Birc2,9606.ENSP00000477613,BIRC2
BIRC3,Birc3,9606.ENSP00000263464,BIRC3
BIRC5,BIRC5,9606.ENSP00000301633,BIRC5
BIRC6,Birc6,9606.ENSP00000393596,BIRC6
BLM,Blm,9606.ENSP00000347232,BLM
BLNK,Blnk,9606.ENSP00000224337,BLNK
BLOC1S1,Bloc1s1,9606.ENSP00000447537,BLOC1S1
BLOC1S2,Bloc1s2,9606.ENSP00000359398,BLOC1S2
BLOC1S3,Bloc1s3,9606.ENSP00000393840,BLOC1S3
BLOC1S4,Bloc1s4,9606.ENSP00000318128,BLOC1S4
BLOC1S5,Bloc1s5,9606.ENSP00000380598,BLOC1S5
BLOC1S6,Bloc1s6,9606.ENSP00000456851,BLOC1S6
BLVRA,BLVRA,9606.ENSP00000385757,BLVRA
BLZF1,Blzf1,9606.ENSP00000356782,BLZF1
BMI1,Bmi1,9606.ENSP00000365851,BMI1
BMP2,BMP2,9606.ENSP00000368104,BMP2
BMP4,BMP4,9606.ENSP00000245451,BMP4
BMP6,Bmp6,9606.ENSP00000283147,BMP6
BMP7,Bmp7,9606.ENSP00000379204,BMP7
BMPR1A,BMPR1A,9606.ENSP00000361107,BMPR1A
BMPR2,Bmpr2,9606.ENSP00000363708,BMPR2
BNIP2,BNIP2,9606.ENSP00000267859,BNIP2
BOC,Boc,9606.ENSP00000273395,BOC
BOD1,BOD1,9606.ENSP00000309644,BOD1
BOD1L1,BOD1L1,9606.ENSP00000040738,BOD1L1
BOK,Bok,9606.ENSP00000314132,BOK
BOLA2,BOLA2,9606.ENSP00000331127,BOLA2
BOP1,Bop1,9606.ENSP00000455106,BOP1
BORCS5,BORCS5,9606.ENSP00000321546,BORCS5
BORCS6,BORCS6,9606.ENSP00000373669,BORCS6
BORCS7,BORCS7,9606.ENSP00000342331,BORCS7
BORCS8,BORCS8,9606.ENSP00000425864,BORCS8
BPIFA1,BPIFA1,9606.ENSP00000346251,BPIFA1
BPIFB1,BPIFB1,9606.ENSP00000253354,BPIFB1
BPTF,BPTF,9606.ENSP00000307208,BPTF
BRAF,Braf,9606.ENSP00000419060,BRAF
BRAP,Brap,9606.ENSP00000403524,BRAP
BRCA1,BRCA1,9606.ENSP00000418960,BRCA1
BRCA2,BRCA2,9606.ENSP00000369497,BRCA2
BRCC3,BRCC3,9606.ENSP00000358474,BRCC3
BRD1,BRD1,9606.ENSP00000410042,BRD1
BRD4,Brd4,9606.ENSP00000263377,BRD4
BRD7,BRD7,9606.ENSP00000378181,BRD7
BRD8,BRD8,9606.ENSP00000254900,BRD8
BRD9,BRD9,9606.ENSP00000419765,BRD9
BRF1,BRF1,9606.ENSP00000448387,BRF1
BRIP1,BRIP1,9606.ENSP00000259008,BRIP1
BRIX1,BRIX1,9606.ENSP00000338862,BRIX1
BRK1,BRK1,9606.ENSP00000432472,BRK1
BRMS1,BRMS1,9606.ENSP00000396052,BRMS1
BRMS1L,BRMS1L,9606.ENSP00000216807,BRMS1L
BRPF1,BRPF1,9606.ENSP00000373340,BRPF1
BRPF3,BRPF3,9606.ENSP00000350267,BRPF3
BSCL2,BSCL2,9606.ENSP00000354032,BSCL2
BSG,BSG,9606.ENSP00000333769,BSG
BTC,BTC,9606.ENSP00000379092,BTC
BTF3,BTF3,9606.ENSP00000369965,BTF3
BTK,Btk,9606.ENSP00000483570,BTK
BTRC,Btrc,9606.ENSP00000359206,BTRC
BUB1,BUB1,9606.ENSP00000302530,BUB1
BUB1B,BUB1B,9606.ENSP00000287598,BUB1B
BUB3,BUB3,9606.ENSP00000357858,BUB3
BUD31,BUD31,9606.ENSP00000386023,BUD31
C17orf75,C17orf75,9606.ENSP00000464275,C17orf75
C1D,C1d,9606.ENSP00000348107,C1D
C1QA,C1QA,9606.ENSP00000363773,C1QA
C1QB,C1QB,9606.ENSP00000313967,C1QB
C1QBP,C1QBP,9606.ENSP00000225698,C1QBP
C1QC,C1QC,9606.ENSP00000363770,C1QC
C1R,C1R,9606.ENSP00000444271,C1R
C1S,C1S,9606.ENSP00000385035,C1S
C2CD3,C2CD3,9606.ENSP00000334379,C2CD3
C2orf49,C2orf49,9606.ENSP00000258457,C2orf49
C3,C3,9606.ENSP00000245907,C3
C3AR1,C3ar1,9606.ENSP00000302079,C3AR1
C5,C5,9606.ENSP00000223642,C5
C5AR1,C5AR1,9606.ENSP00000347197,C5AR1
C5AR2,C5AR2,9606.ENSP00000472620,C5AR2
C6,C6,9606.ENSP00000263413,C6
C8A,C8A,9606.ENSP00000354458,C8A
C9,C9,9606.ENSP00000263408,C9
C9orf72,C9orf72,9606.ENSP00000482753,C9orf72
CA12,CA12,9606.ENSP00000178638,CA12
CA9,CA9,9606.ENSP00000367608,CA9
CAB39,CAB39,9606.ENSP00000258418,CAB39
CABIN1,CABIN1,9606.ENSP00000381364,CABIN1
CABLES1,CABLES1,9606.ENSP00000256925,CABLES1
CABP1,Cabp1,9606.ENSP00000317310,CABP1
CACNA1A,CACNA1A,9606.ENSP00000489829,CACNA1A
CACNA1B,CACNA1B,9606.ENSP00000360423,CACNA1B
CACNA1C,CACNA1C,9606.ENSP00000266376,CACNA1C
CACNA1D,CACNA1D,9606.ENSP00000288139,CACNA1D
CACNA1F,Cacna1f,9606.ENSP00000365441,CACNA1F
CACNA1G,CACNA1G,9606.ENSP00000352011,CACNA1G
CACNA1H,CACNA1H,9606.ENSP00000334198,CACNA1H
CACNA1I,CACNA1I,9606.ENSP00000385019,CACNA1I
CACNA1S,CACNA1S,9606.ENSP00000355192,CACNA1S
CACNA2D1,CACNA2D1,9606.ENSP00000349320,CACNA2D1
CACNA2D2,Cacna2d2,9606.ENSP00000418081,CACNA2D2
CACNA2D4,Cacna2d4,9606.ENSP00000372169,CACNA2D4
CACNB1,CACNB1,9606.ENSP00000377840,CACNB1
CACNB2,Cacnb2,9606.ENSP00000320025,CACNB2
CACNB3,CACNB3,9606.ENSP00000301050,CACNB3
CACNG2,CACNG2,9606.ENSP00000300105,CACNG2
CACNG3,Cacng3,9606.ENSP00000005284,CACNG3
CACNG4,Cacng4,9606.ENSP00000262138,CACNG4
CACNG7,Cacng7,9606.ENSP00000375647,CACNG7
CACNG8,Cacng8,9606.ENSP00000270458,CACNG8
CACTIN,CACTIN,9606.ENSP00000415078,CACTIN
CACYBP,CACYBP,9606.ENSP00000356652,CACYBP
CADM1,CADM1,9606.ENSP00000329797,CADM1
CALCA,CALCA,9606.ENSP00000331746,CALCA
CALCOCO1,CALCOCO1,9606.ENSP00000449960,CALCOCO1
CALCR,CALCR,9606.ENSP00000352561,CALCR
CALCRL,CALCRL,9606.ENSP00000376177,CALCRL
CALM1,CALM1,9606.ENSP00000499717,CALM1
CALM2,CALM2,9606.ENSP00000499797,CALM2
CALM3,CALM3,9606.ENSP00000291295,CALM3
CALR,CALR,9606.ENSP00000320866,CALR
CALR3,Adam3,9606.ENSP00000269881,CALR3
CAMK2A,CAMK2A,9606.ENSP00000500386,CAMK2A
CAMK2B,Camk2b,9606.ENSP00000379098,CAMK2B
CAMK2D,CAMK2D,9606.ENSP00000425824,CAMK2D
CAMK4,CAMK4,9606.ENSP00000282356,CAMK4
CAMLG,CAMLG,9606.ENSP00000297156,CAMLG
CAMSAP3,CAMSAP3,9606.ENSP00000416797,CAMSAP3
CAND1,CAND1,9606.ENSP00000442318,CAND1
CANX,CANX,9606.ENSP00000247461,CANX
CAP1,CAP1,9606.ENSP00000361883,CAP1
CAPG,CAPG,9606.ENSP00000263867,CAPG
CAPN1,CAPN1,9606.ENSP00000431984,CAPN1
CAPN2,CAPN2,9606.ENSP00000295006,CAPN2
CAPN7,CAPN7,9606.ENSP00000253693,CAPN7
CAPN8,Capn8,9606.ENSP00000355837,CAPN8
CAPNS1,CAPNS1,9606.ENSP00000464849,CAPNS1
CAPRIN1,CAPRIN1,9606.ENSP00000340329,CAPRIN1
CAPZA1,CAPZA1,9606.ENSP00000263168,CAPZA1
CAPZA2,CAPZA2,9606.ENSP00000354947,CAPZA2
CAPZA3,CAPZA3,9606.ENSP00000326238,CAPZA3
CAPZB,CAPZB,9606.ENSP00000401010,CAPZB
CARD11,CARD11,9606.ENSP00000380150,CARD11
CARD14,CARD14,9606.ENSP00000498071,CARD14
CARD6,CARD6,9606.ENSP00000254691,CARD6
CARD8,CARD8,9606.ENSP00000499211,CARD8
CARD9,CARD9,9606.ENSP00000360797,CARD9
CARM1,CARM1,9606.ENSP00000325690,CARM1
CASC3,CASC3,9606.ENSP00000264645,CASC3
CASK,CASK,9606.ENSP00000494788,CASK
CASKIN1,Caskin1,9606.ENSP00000345436,CASKIN1
CASP1,CASP1,9606.ENSP00000433138,CASP1
CASP10,CASP10,9606.ENSP00000286186,CASP10
CASP2,CASP2,9606.ENSP00000312664,CASP2
CASP3,CASP3,9606.ENSP00000311032,CASP3
CASP5,CASP5,9606.ENSP00000376849,CASP5
CASP7,CASP7,9606.ENSP00000358327,CASP7
CASP8,CASP8,9606.ENSP00000351273,CASP8
CASP8AP2,CASP8AP2,9606.ENSP00000478179,CASP8AP2
CASP9,CASP9,9606.ENSP00000330237,CASP9
CASQ2,CASQ2,9606.ENSP00000261448,CASQ2
CASR,CASR,9606.ENSP00000420194,CASR
CASTOR1,CASTOR1,9606.ENSP00000384183,CASTOR1
CATSPER1,CATSPER1,9606.ENSP00000309052,CATSPER1
CATSPER2,CATSPER2,9606.ENSP00000371180,CATSPER2
CATSPER3,Catsper3,9606.ENSP00000282611,CATSPER3
CATSPER4,Catsper4,9606.ENSP00000390423,CATSPER4
CATSPERB,Catsperb,9606.ENSP00000256343,CATSPERB
CATSPERD,Catsperd,9606.ENSP00000371037,CATSPERD
CATSPERE,Catspere,9606.ENSP00000355492,CATSPERE
CATSPERZ,Catsperz,9606.ENSP00000491717,CATSPERZ
CAV1,CAV1,9606.ENSP00000339191,CAV1
CAV2,Cav2,9606.ENSP00000222693,CAV2
CAV3,CAV3,9606.ENSP00000341940,CAV3
CAVIN1,CAVIN1,9606.ENSP00000349541,CAVIN1
CBFA2T3,CBFA2T3,9606.ENSP00000268679,CBFA2T3
CBFB,CBFB,9606.ENSP00000415151,CBFB
CBL,CBL,9606.ENSP00000264033,CBL
CBLB,CBLB,9606.ENSP00000499037,CBLB
CBLIF,CBLIF,9606.ENSP00000257248,CBLIF
CBLL1,CBLL1,9606.ENSP00000401277,CBLL1
CBX1,Cbx1,9606.ENSP00000377060,CBX1
CBX2,CBX2,9606.ENSP00000308750,CBX2
CBX3,CBX3,9606.ENSP00000336687,CBX3
CBX4,CBX4,9606.ENSP00000269397,CBX4
CBX5,CBX5,9606.ENSP00000209875,CBX5
CBX6,CBX6,9606.ENSP00000384490,CBX6
CBX8,CBX8,9606.ENSP00000269385,CBX8
CBY1,CBY1,9606.ENSP00000478962,CBY1
CC2D2A,CC2D2A,9606.ENSP00000403465,CC2D2A
CCAR1,CCAR1,9606.ENSP00000265872,CCAR1
CCAR2,CCAR2,9606.ENSP00000310670,CCAR2
CCDC22,CCDC22,9606.ENSP00000365401,CCDC22
CCDC36,Iho1,9606.ENSP00000391788,CCDC36
CCDC47,CCDC47,9606.ENSP00000225726,CCDC47
CCDC62,CCDC62,9606.ENSP00000253079,CCDC62
CCDC8,CCDC8,9606.ENSP00000303158,CCDC8
CCDC88A,CCDC88A,9606.ENSP00000338728,CCDC88A
CCDC92,CCDC92,9606.ENSP00000238156,CCDC92
CCDC93,CCDC93,9606.ENSP00000365477,CCDC93
CCKAR,CCKAR,9606.ENSP00000295589,CCKAR
CCKBR,CCKBR,9606.ENSP00000435534,CCKBR
CCL22,Ccl22,9606.ENSP00000219235,CCL22
CCM2,CCM2,9606.ENSP00000370503,CCM2
CCN1,CCN1,9606.ENSP00000398736,CCN1
CCN2,CCN2,9606.ENSP00000356954,CCN2
CCN3,CCN3,9606.ENSP00000259526,CCN3
CCNA1,CCNA1,9606.ENSP00000255465,CCNA1
CCNA2,CCNA2,9606.ENSP00000481380,CCNA2
CCNB1,CCNB1,9606.ENSP00000256442,CCNB1
CCNB2,CCNB2,9606.ENSP00000288207,CCNB2
CCNC,CCNC,9606.ENSP00000428982,CCNC
CCND1,CCND1,9606.ENSP00000227507,CCND1
CCND2,CCND2,9606.ENSP00000261254,CCND2
CCND3,CCND3,9606.ENSP00000362082,CCND3
CCNE1,CCNE1,9606.ENSP00000262643,CCNE1
CCNF,CCNF,9606.ENSP00000380256,CCNF
CCNH,CCNH,9606.ENSP00000498750,CCNH
CCNK,CCNK,9606.ENSP00000374529,CCNK
CCNQ,CCNQ,9606.ENSP00000402949,CCNQ
CCNT1,CCNT1,9606.ENSP00000261900,CCNT1
CCNT2,CCNT2,9606.ENSP00000264157,CCNT2
CCP110,CCP110,9606.ENSP00000370803,CCP110
CCR2,CCR2,9606.ENSP00000292301,CCR2
CCR4,Ccr4,9606.ENSP00000332659,CCR4
CCR5,CCR5,9606.ENSP00000292303,CCR5
CCR7,CCR7,9606.ENSP00000246657,CCR7
CCT2,CCT2,9606.ENSP00000299300,CCT2
CCT3,CCT3,9606.ENSP00000295688,CCT3
CCT4,CCT4,9606.ENSP00000377958,CCT4
CCT5,CCT5,9606.ENSP00000280326,CCT5
CCT6A,CCT6A,9606.ENSP00000275603,CCT6A
CCT6B,CCT6B,9606.ENSP00000327191,CCT6B
CCT7,CCT7,9606.ENSP00000258091,CCT7
CCT8,CCT8,9606.ENSP00000286788,CCT8
CCZ1,CCZ1,9606.ENSP00000325681,CCZ1
CD14,CD14,9606.ENSP00000385519,CD14
CD151,CD151,9606.ENSP00000324101,CD151
CD177,CD177,9606.ENSP00000479536,CD177
CD180,CD180,9606.ENSP00000256447,CD180
CD19,CD19,9606.ENSP00000313419,CD19
CD2,CD2,9606.ENSP00000358490,CD2
CD22,Cd22,9606.ENSP00000085219,CD22
CD247,CD247,9606.ENSP00000354782,CD247
CD274,CD274,9606.ENSP00000370989,CD274
CD28,CD28,9606.ENSP00000324890,CD28
CD2AP,CD2AP,9606.ENSP00000352264,CD2AP
CD2BP2,CD2BP2,9606.ENSP00000304903,CD2BP2
CD36,CD36,9606.ENSP00000415743,CD36
CD38,CD38,9606.ENSP00000226279,CD38
CD3D,CD3D,9606.ENSP00000300692,CD3D
CD3E,CD3E,9606.ENSP00000354566,CD3E
CD3EAP,POLR1G,9606.ENSP00000465099,CD3EAP
CD3G,CD3G,9606.ENSP00000431445,CD3G
CD4,CD4,9606.ENSP00000011653,CD4
CD40,CD40,9606.ENSP00000361359,CD40
CD44,CD44,9606.ENSP00000398632,CD44
CD47,CD47,9606.ENSP00000355361,CD47
CD53,CD53,9606.ENSP00000497382,CD53
CD6,Cd6,9606.ENSP00000323280,CD6
CD63,CD63,9606.ENSP00000447730,CD63
CD69,CD69,9606.ENSP00000228434,CD69
CD74,CD74,9606.ENSP00000009530,CD74
CD79A,CD79A,9606.ENSP00000221972,CD79A
CD79B,CD79B,9606.ENSP00000376544,CD79B
CD81,CD81,9606.ENSP00000263645,CD81
CD82,CD82,9606.ENSP00000227155,CD82
CD8A,CD8A,9606.ENSP00000386559,CD8A
CD9,CD9,9606.ENSP00000371958,CD9
CDA,CDA,9606.ENSP00000364212,CDA
CDAN1,CDAN1,9606.ENSP00000348564,CDAN1
CDC16,CDC16,9606.ENSP00000348554,CDC16
CDC20,CDC20,9606.ENSP00000361540,CDC20
CDC23,CDC23,9606.ENSP00000378350,CDC23
CDC25B,CDC25B,9606.ENSP00000245960,CDC25B
CDC25C,CDC25C,9606.ENSP00000321656,CDC25C
CDC26,CDC26,9606.ENSP00000363322,CDC26
CDC27,CDC27,9606.ENSP00000434614,CDC27
CDC34,CDC34,9606.ENSP00000215574,CDC34
CDC37,CDC37,9606.ENSP00000222005,CDC37
CDC40,CDC40,9606.ENSP00000357928,CDC40
CDC42,CDC42,9606.ENSP00000497733,CDC42
CDC42BPA,Cdc42bpa,9606.ENSP00000355731,CDC42BPA
CDC5L,CDC5L,9606.ENSP00000360532,CDC5L
CDC6,CDC6,9606.ENSP00000209728,CDC6
CDC7,CDC7,9606.ENSP00000393139,CDC7
CDC73,CDC73,9606.ENSP00000356405,CDC73
CDCA5,CDCA5,9606.ENSP00000275517,CDCA5
CDCA8,CDCA8,9606.ENSP00000362146,CDCA8
CDCP1,CDCP1,9606.ENSP00000296129,CDCP1
CDH1,CDH1,9606.ENSP00000261769,CDH1
CDH11,CDH11,9606.ENSP00000268603,CDH11
CDH2,CDH2,9606.ENSP00000269141,CDH2
CDH23,CDH23,9606.ENSP00000224721,CDH23
CDH3,CDH3,9606.ENSP00000264012,CDH3
CDH5,CDH5,9606.ENSP00000497290,CDH5
CDHR1,Cdhr1,9606.ENSP00000485478,CDHR1
CDK1,CDK1,9606.ENSP00000378699,CDK1
CDK10,CDK10,9606.ENSP00000338673,CDK10
CDK11A,CDK11A,9606.ENSP00000367900,CDK11A
CDK11B,CDK11B,9606.ENSP00000464036,CDK11B
CDK12,CDK12,9606.ENSP00000398880,CDK12
CDK13,CDK13,9606.ENSP00000181839,CDK13
CDK19,CDK19,9606.ENSP00000357907,CDK19
CDK2,CDK2,9606.ENSP00000266970,CDK2
CDK2AP1,CDK2AP1,9606.ENSP00000261692,CDK2AP1
CDK3,CDK3,9606.ENSP00000410561,CDK3
CDK4,CDK4,9606.ENSP00000257904,CDK4
CDK5,CDK5,9606.ENSP00000419782,CDK5
CDK5R1,CDK5R1,9606.ENSP00000318486,CDK5R1
CDK5R2,Cdk5r2,9606.ENSP00000304250,CDK5R2
CDK5RAP2,CDK5RAP2,9606.ENSP00000343818,CDK5RAP2
CDK6,CDK6,9606.ENSP00000265734,CDK6
CDK7,CDK7,9606.ENSP00000256443,CDK7
CDK8,CDK8,9606.ENSP00000370938,CDK8
CDK9,CDK9,9606.ENSP00000362361,CDK9
CDKN1A,CDKN1A,9606.ENSP00000384849,CDKN1A
CDKN1B,CDKN1B,9606.ENSP00000228872,CDKN1B
CDKN2A,CDKN2A,9606.ENSP00000418915,CDKN2A
CDKN2C,Cdkn2c,9606.ENSP00000262662,CDKN2C
CDKN2D,Cdkn2d,9606.ENSP00000377224,CDKN2D
CDON,CDON,9606.ENSP00000376458,CDON
CDS1,CDS1,9606.ENSP00000295887,CDS1
CDT1,CDT1,9606.ENSP00000301019,CDT1
CDX2,CDX2,9606.ENSP00000370408,CDX2
CDYL,CDYL,9606.ENSP00000380718,CDYL
CEACAM1,Ceacam1,9606.ENSP00000161559,CEACAM1
CEBPA,CEBPA,9606.ENSP00000427514,CEBPA
CEBPB,CEBPB,9606.ENSP00000305422,CEBPB
CEBPE,CEBPE,9606.ENSP00000206513,CEBPE
CEBPZ,Cebpz,9606.ENSP00000234170,CEBPZ
CECR2,CECR2,9606.ENSP00000383428,CECR2
CENPA,CENPA,9606.ENSP00000336868,CENPA
CENPB,CENPB,9606.ENSP00000369075,CENPB
CENPC,CENPC,9606.ENSP00000273853,CENPC
CENPH,CENPH,9606.ENSP00000283006,CENPH
CENPI,CENPI,9606.ENSP00000362018,CENPI
CENPK,CENPK,9606.ENSP00000379911,CENPK
CENPL,CENPL,9606.ENSP00000348527,CENPL
CENPM,CENPM,9606.ENSP00000215980,CENPM
CENPN,CENPN,9606.ENSP00000377007,CENPN
CENPO,CENPO,9606.ENSP00000370214,CENPO
CENPP,CENPP,9606.ENSP00000364737,CENPP
CENPQ,CENPQ,9606.ENSP00000337289,CENPQ
CENPS,CENPS,9606.ENSP00000308583,CENPS
CENPT,CENPT,9606.ENSP00000457810,CENPT
CENPU,CENPU,9606.ENSP00000281453,CENPU
CENPW,CENPW,9606.ENSP00000357308,CENPW
CENPX,CENPX,9606.ENSP00000464357,CENPX
CEP128,CEP128,9606.ENSP00000451162,CEP128
CEP131,CEP131,9606.ENSP00000269392,CEP131
CEP162,CEP162,9606.ENSP00000385215,CEP162
CEP164,CEP164,9606.ENSP00000278935,CEP164
CEP170,CEP170,9606.ENSP00000355500,CEP170
CEP19,CEP19,9606.ENSP00000387209,CEP19
CEP290,CEP290,9606.ENSP00000448012,CEP290
CEP350,CEP350,9606.ENSP00000356579,CEP350
CEP55,CEP55,9606.ENSP00000360540,CEP55
CEP78,CEP78,9606.ENSP00000365782,CEP78
CEP83,CEP83,9606.ENSP00000380911,CEP83
CEP89,CEP89,9606.ENSP00000306105,CEP89
CEP97,CEP97,9606.ENSP00000342510,CEP97
CETN2,CETN2,9606.ENSP00000359300,CETN2
CETN3,CETN3,9606.ENSP00000428259,CETN3
CFAP20,CFAP20,9606.ENSP00000262498,CFAP20
CFAP298,CFAP298,9606.ENSP00000290155,CFAP298
CFAP410,CFAP410,9606.ENSP00000381047,CFAP410
CFB,CFB,9606.ENSP00000416561,CFB
CFL1,CFL1,9606.ENSP00000432660,CFL1
CFLAR,CFLAR,9606.ENSP00000312455,CFLAR
CFP,CFP,9606.ENSP00000247153,CFP
CFTR,CFTR,9606.ENSP00000003084,CFTR
CGN,Cgn,9606.ENSP00000271636,CGN
CHAD,CHAD,9606.ENSP00000258969,CHAD
CHAF1A,CHAF1A,9606.ENSP00000301280,CHAF1A
CHAF1B,CHAF1B,9606.ENSP00000315700,CHAF1B
CHCHD3,CHCHD3,9606.ENSP00000389297,CHCHD3
CHCHD4,CHCHD4,9606.ENSP00000295767,CHCHD4
CHCHD6,CHCHD6,9606.ENSP00000290913,CHCHD6
CHD3,CHD3,9606.ENSP00000369716,CHD3
CHD4,CHD4,9606.ENSP00000440542,CHD4
CHD8,CHD8,9606.ENSP00000495240,CHD8
CHD9,Chd9,9606.ENSP00000396345,CHD9
CHDH,CHDH,9606.ENSP00000319851,CHDH
CHEK1,CHEK1,9606.ENSP00000391090,CHEK1
CHEK2,CHEK2,9606.ENSP00000372023,CHEK2
CHERP,CHERP,9606.ENSP00000439856,CHERP
CHI3L1,Chi3l1,9606.ENSP00000255409,CHI3L1
CHIC2,Chic2,9606.ENSP00000263921,CHIC2
CHM,CHM,9606.ENSP00000350386,CHM
CHMP1A,CHMP1A,9606.ENSP00000380998,CHMP1A
CHMP1B,CHMP1B,9606.ENSP00000432279,CHMP1B
CHMP2A,CHMP2A,9606.ENSP00000469240,CHMP2A
CHMP2B,CHMP2B,9606.ENSP00000263780,CHMP2B
CHMP3,CHMP3,9606.ENSP00000263856,CHMP3
CHMP4A,CHMP4A,9606.ENSP00000476412,CHMP4A
CHMP4B,CHMP4B,9606.ENSP00000217402,CHMP4B
CHMP4C,CHMP4C,9606.ENSP00000297265,CHMP4C
CHMP5,CHMP5,9606.ENSP00000223500,CHMP5
CHMP6,CHMP6,9606.ENSP00000317468,CHMP6
CHP1,CHP1,9606.ENSP00000335632,CHP1
CHRAC1,CHRAC1,9606.ENSP00000220913,CHRAC1
CHRDL2,CHRDL2,9606.ENSP00000263671,CHRDL2
CHRM1,CHRM1,9606.ENSP00000306490,CHRM1
CHRM2,CHRM2,9606.ENSP00000399745,CHRM2
CHRM3,CHRM3,9606.ENSP00000255380,CHRM3
CHRM4,CHRM4,9606.ENSP00000409378,CHRM4
CHRM5,CHRM5,9606.ENSP00000372750,CHRM5
CHRNA1,CHRNA1,9606.ENSP00000261007,CHRNA1
CHRNA10,CHRNA10,9606.ENSP00000250699,CHRNA10
CHRNA2,CHRNA2,9606.ENSP00000385026,CHRNA2
CHRNA3,CHRNA3,9606.ENSP00000315602,CHRNA3
CHRNA4,CHRNA4,9606.ENSP00000359285,CHRNA4
CHRNA5,CHRNA5,9606.ENSP00000299565,CHRNA5
CHRNA7,CHRNA7,9606.ENSP00000407546,CHRNA7
CHRNA9,CHRNA9,9606.ENSP00000312663,CHRNA9
CHRNB1,CHRNB1,9606.ENSP00000304290,CHRNB1
CHRNB2,CHRNB2,9606.ENSP00000357461,CHRNB2
CHRNB4,CHRNB4,9606.ENSP00000261751,CHRNB4
CHRND,CHRND,9606.ENSP00000258385,CHRND
CHRNE,CHRNE,9606.ENSP00000497829,CHRNE
CHRNG,CHRNG,9606.ENSP00000498757,CHRNG
CHTF18,CHTF18,9606.ENSP00000262315,CHTF18
CHTF8,CHTF8,9606.ENSP00000408367,CHTF8
CHTOP,CHTOP,9606.ENSP00000357679,CHTOP
CHUK,CHUK,9606.ENSP00000359424,CHUK
CIAO1,CIAO1,9606.ENSP00000418287,CIAO1
CIAO2B,CIAO2B,9606.ENSP00000387471,CIAO2B
CIAO3,CIAO3,9606.ENSP00000251588,CIAO3
CIB1,CIB1,9606.ENSP00000479860,CIB1
CIC,CIC,9606.ENSP00000458663,CIC
CIRBP,CIRBP,9606.ENSP00000466025,CIRBP
CISD2,CISD2,9606.ENSP00000273986,CISD2
CITED1,CITED1,9606.ENSP00000401764,CITED1
CKAP5,CKAP5,9606.ENSP00000432768,CKAP5
CKB,CKB,9606.ENSP00000299198,CKB
CKS1B,CKS1B,9606.ENSP00000311083,CKS1B
CLCF1,CLCF1,9606.ENSP00000309338,CLCF1
CLCN2,CLCN2,9606.ENSP00000265593,CLCN2
CLDN1,CLDN1,9606.ENSP00000295522,CLDN1
CLDN11,Cldn11,9606.ENSP00000064724,CLDN11
CLDN7,CLDN7,9606.ENSP00000353475,CLDN7
CLEC4E,CLEC4E,9606.ENSP00000299663,CLEC4E
CLEC4M,CLEC4M,9606.ENSP00000316228,CLEC4M
CLEC5A,Clec5a,9606.ENSP00000449999,CLEC5A
CLIC4,Clic4,9606.ENSP00000363500,CLIC4
CLIC5,CLIC5,9606.ENSP00000185206,CLIC5
CLIP1,CLIP1,9606.ENSP00000479322,CLIP1
CLN3,Cln3,9606.ENSP00000454229,CLN3
CLNS1A,CLNS1A,9606.ENSP00000433919,CLNS1A
CLOCK,CLOCK,9606.ENSP00000426983,CLOCK
CLP1,CLP1,9606.ENSP00000434995,CLP1
CLPP,CLPP,9606.ENSP00000245816,CLPP
CLPS,CLPS,9606.ENSP00000259938,CLPS
CLPX,CLPX,9606.ENSP00000300107,CLPX
CLRN1,Clrn1,9606.ENSP00000329158,CLRN1
CLTA,Clta,9606.ENSP00000242285,CLTA
CLTC,CLTC,9606.ENSP00000479606,CLTC
CLTRN,Cltrn,9606.ENSP00000369699,CLTRN
CLU,CLU,9606.ENSP00000315130,CLU
CLUAP1,Cluap1,9606.ENSP00000344392,CLUAP1
CMC1,CMC1,9606.ENSP00000418348,CMC1
CMTM3,Cmtm3,9606.ENSP00000400482,CMTM3
CMTM4,CMTM4,9606.ENSP00000333833,CMTM4
CMTM6,CMTM6,9606.ENSP00000205636,CMTM6
CNBP,CNBP,9606.ENSP00000410769,CNBP
CNGA3,CNGA3,9606.ENSP00000272602,CNGA3
CNGB3,CNGB3,9606.ENSP00000316605,CNGB3
CNIH2,Cnih2,9606.ENSP00000310003,CNIH2
CNIH3,Cnih3,9606.ENSP00000272133,CNIH3
CNIH4,CNIH4,9606.ENSP00000420443,CNIH4
CNKSR1,CNKSR1,9606.ENSP00000363371,CNKSR1
CNN1,CNN1,9606.ENSP00000252456,CNN1
CNOT1,CNOT1,9606.ENSP00000320949,CNOT1
CNOT10,CNOT10,9606.ENSP00000399862,CNOT10
CNOT11,CNOT11,9606.ENSP00000289382,CNOT11
CNOT2,CNOT2,9606.ENSP00000229195,CNOT2
CNOT3,CNOT3,9606.ENSP00000351159,CNOT3
CNOT6,CNOT6,9606.ENSP00000481893,CNOT6
CNOT6L,CNOT6L,9606.ENSP00000424896,CNOT6L
CNOT7,CNOT7,9606.ENSP00000355279,CNOT7
CNOT8,CNOT8,9606.ENSP00000430493,CNOT8
CNOT9,CNOT9,9606.ENSP00000486540,CNOT9
CNP,CNP,9606.ENSP00000377470,CNP
CNPY3,Cnpy3,9606.ENSP00000361926,CNPY3
CNR1,CNR1,9606.ENSP00000358513,CNR1
CNR2,CNR2,9606.ENSP00000363596,CNR2
CNTF,CNTF,9606.ENSP00000355370,CNTF
CNTFR,CNTFR,9606.ENSP00000368265,CNTFR
CNTN1,Cntn1,9606.ENSP00000447006,CNTN1
CNTNAP1,CNTNAP1,9606.ENSP00000264638,CNTNAP1
CNTNAP2,Cntnap2,9606.ENSP00000354778,CNTNAP2
CNTRL,CNTRL,9606.ENSP00000362962,CNTRL
COA1,COA1,9606.ENSP00000379218,COA1
COA3,COA3,9606.ENSP00000354762,COA3
COBL,Cobl,9606.ENSP00000378912,COBL
COBLL1,COBLL1,9606.ENSP00000487041,COBLL1
COG1,COG1,9606.ENSP00000299886,COG1
COG2,COG2,9606.ENSP00000355629,COG2
COG3,COG3,9606.ENSP00000258654,COG3
COG4,COG4,9606.ENSP00000315775,COG4
COG5,COG5,9606.ENSP00000297135,COG5
COG6,COG6,9606.ENSP00000397441,COG6
COG7,COG7,9606.ENSP00000305442,COG7
COG8,COG8,9606.ENSP00000497669,COG8
COIL,COIL,9606.ENSP00000240316,COIL
COL18A1,COL18A1,9606.ENSP00000352798,COL18A1
COL1A1,COL1A1,9606.ENSP00000225964,COL1A1
COL3A1,COL3A1,9606.ENSP00000304408,COL3A1
COL4A1,Col4a1,9606.ENSP00000364979,COL4A1
COL4A3,COL4A3,9606.ENSP00000379823,COL4A3
COL6A3,COL6A3,9606.ENSP00000295550,COL6A3
COLGALT1,COLGALT1,9606.ENSP00000252599,COLGALT1
COLQ,COLQ,9606.ENSP00000373298,COLQ
COMMD1,COMMD1,9606.ENSP00000308236,COMMD1
COMMD10,COMMD10,9606.ENSP00000274458,COMMD10
COMMD2,COMMD2,9606.ENSP00000419475,COMMD2
COMMD3,COMMD3,9606.ENSP00000366032,COMMD3
COMMD4,COMMD4,9606.ENSP00000267935,COMMD4
COMMD5,COMMD5,9606.ENSP00000394331,COMMD5
COMMD6,COMMD6,9606.ENSP00000348054,COMMD6
COMMD7,COMMD7,9606.ENSP00000278980,COMMD7
COMMD8,COMMD8,9606.ENSP00000370984,COMMD8
COMMD9,COMMD9,9606.ENSP00000263401,COMMD9
COMT,COMT,9606.ENSP00000354511,COMT
COP1,COP1,9606.ENSP00000356641,COP1
COPA,COPA,9606.ENSP00000357048,COPA
COPB1,COPB1,9606.ENSP00000249923,COPB1
COPB2,COPB2,9606.ENSP00000329419,COPB2
COPE,Cope,9606.ENSP00000469035,COPE
COPG1,COPG1,9606.ENSP00000325002,COPG1
COPRS,COPRS,9606.ENSP00000304327,COPRS
COPS2,COPS2,9606.ENSP00000299259,COPS2
COPS3,COPS3,9606.ENSP00000268717,COPS3
COPS4,COPS4,9606.ENSP00000424655,COPS4
COPS5,COPS5,9606.ENSP00000350512,COPS5
COPS6,COPS6,9606.ENSP00000304102,COPS6
COPS7A,COPS7A,9606.ENSP00000446039,COPS7A
COPS8,COPS8,9606.ENSP00000346340,COPS8
COPZ1,COPZ1,9606.ENSP00000449270,COPZ1
CORO1B,CORO1B,9606.ENSP00000340211,CORO1B
CORO2A,CORO2A,9606.ENSP00000343746,CORO2A
COX14,COX14,9606.ENSP00000326052,COX14
COX15,COX15,9606.ENSP00000016171,COX15
COX16,COX16,9606.ENSP00000374562,COX16
COX4I1,COX4I1,9606.ENSP00000457513,COX4I1
COX5A,COX5A,9606.ENSP00000317780,COX5A
COX5B,COX5B,9606.ENSP00000258424,COX5B
COX6A1,COX6A1,9606.ENSP00000229379,COX6A1
COX6A2,COX6A2,9606.ENSP00000287490,COX6A2
COX6B1,COX6B1,9606.ENSP00000466818,COX6B1
COX6C,COX6C,9606.ENSP00000429707,COX6C
COX7A1,COX7A1,9606.ENSP00000292907,COX7A1
COX7A2,COX7A2,9606.ENSP00000359098,COX7A2
COX7B,COX7B,9606.ENSP00000497474,COX7B
COX7C,COX7C,9606.ENSP00000425759,COX7C
COX8A,COX8A,9606.ENSP00000321260,COX8A
CP,CP,9606.ENSP00000264613,CP
CPE,CPE,9606.ENSP00000386104,CPE
CPLX1,CPLX1,9606.ENSP00000305613,CPLX1
CPLX2,CPLX2,9606.ENSP00000352544,CPLX2
CPLX3,Cplx3,9606.ENSP00000378464,CPLX3
CPLX4,Cplx4,9606.ENSP00000299721,CPLX4
CPM,CPM,9606.ENSP00000339157,CPM
CPN1,CPN1,9606.ENSP00000359446,CPN1
CPN2,CPN2,9606.ENSP00000319464,CPN2
CPS1,CPS1,9606.ENSP00000402608,CPS1
CPSF1,CPSF1,9606.ENSP00000484669,CPSF1
CPSF2,CPSF2,9606.ENSP00000298875,CPSF2
CPSF3,CPSF3,9606.ENSP00000238112,CPSF3
CPSF4,CPSF4,9606.ENSP00000292476,CPSF4
CPSF6,CPSF6,9606.ENSP00000266679,CPSF6
CPSF7,CPSF7,9606.ENSP00000345412,CPSF7
CPT1A,Cpt1a,9606.ENSP00000265641,CPT1A
CPT1C,Cpt1c,9606.ENSP00000376303,CPT1C
CR2,CR2,9606.ENSP00000356024,CR2
CRABP2,CRABP2,9606.ENSP00000482841,CRABP2
CRADD,CRADD,9606.ENSP00000439068,CRADD
CRB1,CRB1,9606.ENSP00000356370,CRB1
CRB3,CRB3,9606.ENSP00000349204,CRB3
CRBN,CRBN,9606.ENSP00000231948,CRBN
CRCP,CRCP,9606.ENSP00000378736,CRCP
CREB1,CREB1,9606.ENSP00000387699,CREB1
CREB3L2,CREB3L2,9606.ENSP00000329140,CREB3L2
CREB3L3,Creb3l3,9606.ENSP00000078445,CREB3L3
CREBBP,CREBBP,9606.ENSP00000262367,CREBBP
CRHR1,CRHR1,9606.ENSP00000381333,CRHR1
CRHR2,CRHR2,9606.ENSP00000340943,CRHR2
CRK,CRK,9606.ENSP00000300574,CRK
CRKL,CRKL,9606.ENSP00000346300,CRKL
CRLF1,CRLF1,9606.ENSP00000376188,CRLF1
CRLF2,CRLF2,9606.ENSP00000370978,CRLF2
CRMP1,CRMP1,9606.ENSP00000321606,CRMP1
CRNKL1,CRNKL1,9606.ENSP00000366557,CRNKL1
CRP,Crp,9606.ENSP00000255030,CRP
CRTAP,Crtap,9606.ENSP00000323696,CRTAP
CRX,CRX,9606.ENSP00000221996,CRX
CRY1,CRY1,9606.ENSP00000008527,CRY1
CRY2,CRY2,9606.ENSP00000478187,CRY2
CRYAB,CRYAB,9606.ENSP00000433560,CRYAB
CS,CS,9606.ENSP00000342056,CS
CSDE1,CSDE1,9606.ENSP00000481762,CSDE1
CSE1L,CSE1L,9606.ENSP00000262982,CSE1L
CSF1,CSF1,9606.ENSP00000327513,CSF1
CSF1R,CSF1R,9606.ENSP00000286301,CSF1R
CSF2,CSF2,9606.ENSP00000296871,CSF2
CSF2RA,CSF2RA,9606.ENSP00000394227,CSF2RA
CSF2RB,CSF2RB,9606.ENSP00000384053,CSF2RB
CSF3,CSF3,9606.ENSP00000225474,CSF3
CSF3R,CSF3R,9606.ENSP00000362195,CSF3R
CSK,CSK,9606.ENSP00000220003,CSK
CSNK1A1,CSNK1A1,9606.ENSP00000261798,CSNK1A1
CSNK1E,CSNK1E,9606.ENSP00000380044,CSNK1E
CSNK2A1,CSNK2A1,9606.ENSP00000217244,CSNK2A1
CSNK2A2,CSNK2A2,9606.ENSP00000262506,CSNK2A2
CSNK2B,CSNK2B,9606.ENSP00000365042,CSNK2B
CSPG4,CSPG4,9606.ENSP00000312506,CSPG4
CSTF1,CSTF1,9606.ENSP00000217109,CSTF1
CSTF2,CSTF2,9606.ENSP00000387996,CSTF2
CSTF3,CSTF3,9606.ENSP00000315791,CSTF3
CTBP1,CTBP1,9606.ENSP00000290921,CTBP1
CTBP2,CTBP2,9606.ENSP00000311825,CTBP2
CTC1,CTC1,9606.ENSP00000498499,CTC1
CTCF,CTCF,9606.ENSP00000494538,CTCF
CTDP1,CTDP1,9606.ENSP00000484525,CTDP1
CTDSP1,CTDSP1,9606.ENSP00000273062,CTDSP1
CTDSP2,CTDSP2,9606.ENSP00000381148,CTDSP2
CTDSPL,CTDSPL,9606.ENSP00000273179,CTDSPL
CTIF,CTIF,9606.ENSP00000372459,CTIF
CTNNA1,CTNNA1,9606.ENSP00000304669,CTNNA1
CTNNAL1,CTNNAL1,9606.ENSP00000320434,CTNNAL1
CTNNB1,CTNNB1,9606.ENSP00000495360,CTNNB1
CTNNBIP1,CTNNBIP1,9606.ENSP00000366474,CTNNBIP1
CTNNBL1,CTNNBL1,9606.ENSP00000355050,CTNNBL1
CTNND1,CTNND1,9606.ENSP00000382004,CTNND1
CTR9,CTR9,9606.ENSP00000355013,CTR9
CTSA,CTSA,9606.ENSP00000361562,CTSA
CTSG,CTSG,9606.ENSP00000216336,CTSG
CTSL,CTSL,9606.ENSP00000345344,CTSL
CTTN,CTTN,9606.ENSP00000365745,CTTN
CTTNBP2NL,CTTNBP2NL,9606.ENSP00000271277,CTTNBP2NL
CUBN,CUBN,9606.ENSP00000367064,CUBN
CUL1,CUL1,9606.ENSP00000326804,CUL1
CUL2,CUL2,9606.ENSP00000414095,CUL2
CUL3,CUL3,9606.ENSP00000264414,CUL3
CUL4A,CUL4A,9606.ENSP00000364589,CUL4A
CUL4B,CUL4B,9606.ENSP00000384109,CUL4B
CUL5,CUL5,9606.ENSP00000376808,CUL5
CUL7,CUL7,9606.ENSP00000438788,CUL7
CUL9,CUL9,9606.ENSP00000252050,CUL9
CUX1,Cux1,9606.ENSP00000353401,CUX1
CWC15,CWC15,9606.ENSP00000475615,CWC15
CWC22,CWC22,9606.ENSP00000387006,CWC22
CWC25,CWC25,9606.ENSP00000478070,CWC25
CWC27,CWC27,9606.ENSP00000370460,CWC27
CXADR,Cxadr,9606.ENSP00000284878,CXADR
CXCL12,CXCL12,9606.ENSP00000379140,CXCL12
CXCR1,CXCR1,9606.ENSP00000295683,CXCR1
CXCR2,CXCR2,9606.ENSP00000319635,CXCR2
CXCR3,CXCR3,9606.ENSP00000362795,CXCR3
CXCR4,CXCR4,9606.ENSP00000386884,CXCR4
CXCR5,CXCR5,9606.ENSP00000292174,CXCR5
CXXC1,CXXC1,9606.ENSP00000390475,CXXC1
CYB5A,CYB5A,9606.ENSP00000341625,CYB5A
CYB5R3,CYB5R3,9606.ENSP00000354468,CYB5R3
CYBA,CYBA,9606.ENSP00000261623,CYBA
CYBB,CYBB,9606.ENSP00000367851,CYBB
CYC1,CYC1,9606.ENSP00000317159,CYC1
CYCS,CYCS,9606.ENSP00000307786,CYCS
CYFIP1,CYFIP1,9606.ENSP00000481038,CYFIP1
CYLD,CYLD,9606.ENSP00000392025,CYLD
CYP11A1,CYP11A1,9606.ENSP00000268053,CYP11A1
CYP11B1,CYP11B1,9606.ENSP00000292427,CYP11B1
CYP19A1,CYP19A1,9606.ENSP00000379683,CYP19A1
CYP1B1,CYP1B1,9606.ENSP00000478561,CYP1B1
CYP27B1,Vdr,9606.ENSP00000228606,CYP27B1
CYP2C9,CYP2C9,9606.ENSP00000260682,CYP2C9
CYP2D6,CYP2D6,9606.ENSP00000496150,CYP2D6
CYP2E1,CYP2E1,9606.ENSP00000440689,CYP2E1
CYP3A4,CYP3A4,9606.ENSP00000498939,CYP3A4
CYP3A5,CYP3A5,9606.ENSP00000222982,CYP3A5
CYSLTR1,CYSLTR1,9606.ENSP00000362401,CYSLTR1
CYSLTR2,CYSLTR2,9606.ENSP00000282018,CYSLTR2
CYTH2,CYTH2,9606.ENSP00000493357,CYTH2
CYTH3,CYTH3,9606.ENSP00000297044,CYTH3
DAAM1,DAAM1,9606.ENSP00000378557,DAAM1
DAB2,Dab2,9606.ENSP00000313391,DAB2
DAB2IP,Dab2ip,9606.ENSP00000259371,DAB2IP
DACH1,Dach1,9606.ENSP00000482245,DACH1
DAD1,DAD1,9606.ENSP00000250498,DAD1
DAG1,Dag1,9606.ENSP00000442600,DAG1
DAP3,DAP3,9606.ENSP00000357320,DAP3
DAPK1,Dapk1,9606.ENSP00000386135,DAPK1
DARS1,DARS1,9606.ENSP00000264161,DARS1
DAXX,Daxx,9606.ENSP00000266000,DAXX
DBF4,DBF4,9606.ENSP00000265728,DBF4
DBT,Dbt,9606.ENSP00000359151,DBT
DCAF1,DCAF1,9606.ENSP00000393183,DCAF1
DCAF7,DCAF7,9606.ENSP00000483236,DCAF7
DCC,DCC,9606.ENSP00000389140,DCC
DCDC2,DCDC2,9606.ENSP00000367715,DCDC2
DCLRE1C,DCLRE1C,9606.ENSP00000367527,DCLRE1C
DCN,DCN,9606.ENSP00000052754,DCN
DCP1A,DCP1A,9606.ENSP00000476386,DCP1A
DCP2,DCP2,9606.ENSP00000373715,DCP2
DCT,DCT,9606.ENSP00000392762,DCT
DCTN1,DCTN1,9606.ENSP00000354791,DCTN1
DCTN2,DCTN2,9606.ENSP00000408910,DCTN2
DCTN3,DCTN3,9606.ENSP00000259632,DCTN3
DCTN4,DCTN4,9606.ENSP00000414906,DCTN4
DCTN5,DCTN5,9606.ENSP00000300087,DCTN5
DCTN6,DCTN6,9606.ENSP00000221114,DCTN6
DCUN1D1,DCUN1D1,9606.ENSP00000292782,DCUN1D1
DCUN1D2,DCUN1D2,9606.ENSP00000417706,DCUN1D2
DCUN1D3,DCUN1D3,9606.ENSP00000319482,DCUN1D3
DCX,Dcx,9606.ENSP00000490614,DCX
DDB1,DDB1,9606.ENSP00000301764,DDB1
DDB2,DDB2,9606.ENSP00000256996,DDB2
DDC,DDC,9606.ENSP00000403644,DDC
DDIT3,DDIT3,9606.ENSP00000448665,DDIT3
DDIT4,DDIT4,9606.ENSP00000307305,DDIT4
DDN,DDN,9606.ENSP00000390590,DDN
DDOST,DDOST,9606.ENSP00000399457,DDOST
DDR1,DDR1,9606.ENSP00000427552,DDR1
DDX1,DDX1,9606.ENSP00000370745,DDX1
DDX11,DDX11,9606.ENSP00000440402,DDX11
DDX17,DDX17,9606.ENSP00000380033,DDX17
DDX18,Ddx18,9606.ENSP00000263239,DDX18
DDX20,DDX20,9606.ENSP00000358716,DDX20
DDX21,DDX21,9606.ENSP00000346120,DDX21
DDX23,DDX23,9606.ENSP00000310723,DDX23
DDX24,Ddx24,9606.ENSP00000481495,DDX24
DDX27,DDX27,9606.ENSP00000483495,DDX27
DDX28,DDX28,9606.ENSP00000332340,DDX28
DDX39A,DDX39A,9606.ENSP00000242776,DDX39A
DDX39B,DDX39B,9606.ENSP00000416269,DDX39B
DDX3X,DDX3X,9606.ENSP00000494040,DDX3X
DDX41,DDX41,9606.ENSP00000330349,DDX41
DDX42,DDX42,9606.ENSP00000464050,DDX42
DDX46,DDX46,9606.ENSP00000416534,DDX46
DDX5,DDX5,9606.ENSP00000225792,DDX5
DDX56,Ddx56,9606.ENSP00000258772,DDX56
DDX58,RIGI,9606.ENSP00000369213,DDX58
DDX6,DDX6,9606.ENSP00000478754,DDX6
DEK,DEK,9606.ENSP00000498653,DEK
DEPDC5,DEPDC5,9606.ENSP00000498382,DEPDC5
DEPTOR,DEPTOR,9606.ENSP00000286234,DEPTOR
DERL1,DERL1,9606.ENSP00000259512,DERL1
DERL2,DERL2,9606.ENSP00000158771,DERL2
DET1,DET1,9606.ENSP00000456340,DET1
DGAT1,DGAT1,9606.ENSP00000482264,DGAT1
DGAT2,DGAT2,9606.ENSP00000228027,DGAT2
DGCR8,DGCR8,9606.ENSP00000263209,DGCR8
DGKZ,DGKZ,9606.ENSP00000412178,DGKZ
DHCR24,DHCR24,9606.ENSP00000360316,DHCR24
DHCR7,DHCR7,9606.ENSP00000347717,DHCR7
DHDDS,DHDDS,9606.ENSP00000353104,DHDDS
DHFR,DHFR,9606.ENSP00000396308,DHFR
DHX15,DHX15,9606.ENSP00000336741,DHX15
DHX16,DHX16,9606.ENSP00000365625,DHX16
DHX30,DHX30,9606.ENSP00000405620,DHX30
DHX35,DHX35,9606.ENSP00000252011,DHX35
DHX36,Dhx36,9606.ENSP00000417078,DHX36
DHX38,DHX38,9606.ENSP00000268482,DHX38
DHX8,DHX8,9606.ENSP00000262415,DHX8
DHX9,DHX9,9606.ENSP00000356520,DHX9
DIAPH1,DIAPH1,9606.ENSP00000373706,DIAPH1
DIAPH3,Diaph3,9606.ENSP00000383178,DIAPH3
DICER1,DICER1,9606.ENSP00000437256,DICER1
DIO1,DIO1,9606.ENSP00000354643,DIO1
DIS3,DIS3,9606.ENSP00000366997,DIS3
DIS3L,DIS3L,9606.ENSP00000321711,DIS3L
DISC1,DISC1,9606.ENSP00000403888,DISC1
DISP1,Disp1,9606.ENSP00000284476,DISP1
DIXDC1,DIXDC1,9606.ENSP00000394352,DIXDC1
DKC1,DKC1,9606.ENSP00000358563,DKC1
DKK1,DKK1,9606.ENSP00000363081,DKK1
DLAT,DLAT,9606.ENSP00000280346,DLAT
DLC1,DLC1,9606.ENSP00000276297,DLC1
DLD,DLD,9606.ENSP00000205402,DLD
DLG1,DLG1,9606.ENSP00000345731,DLG1
DLG2,Dlg2,9606.ENSP00000365272,DLG2
DLG3,DLG3,9606.ENSP00000363480,DLG3
DLG4,DLG4,9606.ENSP00000497806,DLG4
DLG5,DLG5,9606.ENSP00000361467,DLG5
DLGAP1,DLGAP1,9606.ENSP00000316377,DLGAP1
DLGAP4,DLGAP4,9606.ENSP00000363023,DLGAP4
DLL1,DLL1,9606.ENSP00000355718,DLL1
DLST,DLST,9606.ENSP00000335304,DLST
DMAP1,DMAP1,9606.ENSP00000361363,DMAP1
DMC1,Dmc1,9606.ENSP00000216024,DMC1
DMD,DMD,9606.ENSP00000354923,DMD
DMTN,DMTN,9606.ENSP00000427866,DMTN
DMXL1,DMXL1,9606.ENSP00000439479,DMXL1
DMXL2,DMXL2,9606.ENSP00000441858,DMXL2
DNAAF2,DNAAF2,9606.ENSP00000298292,DNAAF2
DNAAF4,DNAAF4,9606.ENSP00000323275,DNAAF4
DNAAF5,DNAAF5,9606.ENSP00000297440,DNAAF5
DNAH5,DNAH5,9606.ENSP00000265104,DNAH5
DNAH9,DNAH9,9606.ENSP00000262442,DNAH9
DNAI1,DNAI1,9606.ENSP00000480538,DNAI1
DNAI2,DNAI2,9606.ENSP00000400252,DNAI2
DNAJA1,DNAJA1,9606.ENSP00000369127,DNAJA1
DNAJA2,DNAJA2,9606.ENSP00000314030,DNAJA2
DNAJB1,DNAJB1,9606.ENSP00000254322,DNAJB1
DNAJB11,DNAJB11,9606.ENSP00000414398,DNAJB11
DNAJB12,DNAJB12,9606.ENSP00000345575,DNAJB12
DNAJB14,DNAJB14,9606.ENSP00000404381,DNAJB14
DNAJB2,DNAJB2,9606.ENSP00000338019,DNAJB2
DNAJB9,DNAJB9,9606.ENSP00000249356,DNAJB9
DNAJC10,DNAJC10,9606.ENSP00000264065,DNAJC10
DNAJC11,DNAJC11,9606.ENSP00000366800,DNAJC11
DNAJC12,Dnajc12,9606.ENSP00000225171,DNAJC12
DNAJC14,DNAJC14,9606.ENSP00000350223,DNAJC14
DNAJC19,DNAJC19,9606.ENSP00000372005,DNAJC19
DNAJC2,Dnajc2,9606.ENSP00000368565,DNAJC2
DNAJC3,DNAJC3,9606.ENSP00000473631,DNAJC3
DNAJC5,Dnajc5,9606.ENSP00000354111,DNAJC5
DNAJC5B,Dnajc5b,9606.ENSP00000276570,DNAJC5B
DNAJC7,DNAJC7,9606.ENSP00000406463,DNAJC7
DNAJC8,DNAJC8,9606.ENSP00000263697,DNAJC8
DNM1,Dnm1,9606.ENSP00000362014,DNM1
DNM1L,DNM1L,9606.ENSP00000449089,DNM1L
DNM2,DNM2,9606.ENSP00000373905,DNM2
DNMT1,DNMT1,9606.ENSP00000352516,DNMT1
DNMT3A,DNMT3A,9606.ENSP00000264709,DNMT3A
DNMT3B,DNMT3B,9606.ENSP00000328547,DNMT3B
DNMT3L,DNMT3L,9606.ENSP00000270172,DNMT3L
DNTT,DNTT,9606.ENSP00000360216,DNTT
DNTTIP1,DNTTIP1,9606.ENSP00000361705,DNTTIP1
DNTTIP2,DNTTIP2,9606.ENSP00000411010,DNTTIP2
DOCK1,DOCK1,9606.ENSP00000485033,DOCK1
DOCK2,DOCK2,9606.ENSP00000429283,DOCK2
DOCK3,Dock3,9606.ENSP00000266037,DOCK3
DOCK4,DOCK4,9606.ENSP00000410746,DOCK4
DOCK7,DOCK7,9606.ENSP00000251157,DOCK7
DOCK8,DOCK8,9606.ENSP00000394888,DOCK8
DOK1,Dok1,9606.ENSP00000233668,DOK1
DOK2,DOK2,9606.ENSP00000276420,DOK2
DOK7,Dok7,9606.ENSP00000344432,DOK7
DONSON,DONSON,9606.ENSP00000307143,DONSON
DOP1B,DOP1B,9606.ENSP00000382104,DOP1B
DOT1L,DOT1L,9606.ENSP00000381657,DOT1L
DPF2,DPF2,9606.ENSP00000252268,DPF2
DPM1,DPM1,9606.ENSP00000360638,DPM1
DPM2,DPM2,9606.ENSP00000322181,DPM2
DPM3,DPM3,9606.ENSP00000357384,DPM3
DPP10,DPP10,9606.ENSP00000376855,DPP10
DPP4,DPP4,9606.ENSP00000353731,DPP4
DPP6,Dpp6,9606.ENSP00000367001,DPP6
DPP9,DPP9,9606.ENSP00000262960,DPP9
DPY30,DPY30,9606.ENSP00000345837,DPY30
DPYD,DPYD,9606.ENSP00000359211,DPYD
DPYSL2,Dpysl2,9606.ENSP00000427985,DPYSL2
DPYSL5,Dpysl5,9606.ENSP00000288699,DPYSL5
DR1,DR1,9606.ENSP00000359295,DR1
DRAP1,DRAP1,9606.ENSP00000307850,DRAP1
DRD1,DRD1,9606.ENSP00000377353,DRD1
DRD2,DRD2,9606.ENSP00000354859,DRD2
DRD3,DRD3,9606.ENSP00000373169,DRD3
DRD4,DRD4,9606.ENSP00000176183,DRD4
DRD5,DRD5,9606.ENSP00000306129,DRD5
DRG1,DRG1,9606.ENSP00000329715,DRG1
DRG2,DRG2,9606.ENSP00000225729,DRG2
DROSHA,DROSHA,9606.ENSP00000425979,DROSHA
DRP2,Drp2,9606.ENSP00000378635,DRP2
DSCC1,DSCC1,9606.ENSP00000322180,DSCC1
DSN1,DSN1,9606.ENSP00000389810,DSN1
DTL,DTL,9606.ENSP00000355958,DTL
DTNA,DTNA,9606.ENSP00000470152,DTNA
DTNB,Dtnb,9606.ENSP00000384084,DTNB
DTNBP1,DTNBP1,9606.ENSP00000341680,DTNBP1
DTX3L,DTX3L,9606.ENSP00000296161,DTX3L
DUOX1,DUOX1,9606.ENSP00000317997,DUOX1
DUOX2,DUOX2,9606.ENSP00000373691,DUOX2
DUOXA1,Duoxa1,9606.ENSP00000267803,DUOXA1
DUSP16,MAPK10,9606.ENSP00000298573,DUSP16
DUSP4,Dusp4,9606.ENSP00000240100,DUSP4
DUSP6,Dusp6,9606.ENSP00000279488,DUSP6
DVL1,DVL1,9606.ENSP00000368166,DVL1
DVL2,DVL2,9606.ENSP00000005340,DVL2
DVL3,Dvl3,9606.ENSP00000316054,DVL3
DYNC1H1,DYNC1H1,9606.ENSP00000348965,DYNC1H1
DYNC1I1,DYNC1I1,9606.ENSP00000320130,DYNC1I1
DYNC1I2,Dync1i2,9606.ENSP00000380308,DYNC1I2
DYNC1LI1,DYNC1LI1,9606.ENSP00000273130,DYNC1LI1
DYNC2H1,DYNC2H1,9606.ENSP00000497174,DYNC2H1
DYNC2LI1,DYNC2LI1,9606.ENSP00000474032,DYNC2LI1
DYNLL1,DYNLL1,9606.ENSP00000376297,DYNLL1
DYNLL2,DYNLL2,9606.ENSP00000477310,DYNLL2
DYNLRB1,DYNLRB1,9606.ENSP00000349679,DYNLRB1
DYNLRB2,DYNLRB2,9606.ENSP00000455791,DYNLRB2
DYNLT1,DYNLT1,9606.ENSP00000356056,DYNLT1
DYNLT3,DYNLT3,9606.ENSP00000367841,DYNLT3
DYRK1A,DYRK1A,9606.ENSP00000340373,DYRK1A
DYRK1B,DYRK1B,9606.ENSP00000469863,DYRK1B
DYRK2,DYRK2,9606.ENSP00000342105,DYRK2
DYSF,DYSF,9606.ENSP00000386881,DYSF
DZIP1,DZIP1,9606.ENSP00000257312,DZIP1
E2F1,E2f1,9606.ENSP00000345571,E2F1
E2F2,E2f2,9606.ENSP00000355249,E2F2
E2F3,E2f3,9606.ENSP00000262904,E2F3
E2F4,E2F4,9606.ENSP00000368686,E2F4
E2F5,E2f5,9606.ENSP00000398124,E2F5
E2F6,E2F6,9606.ENSP00000370936,E2F6
EAF1,EAF1,9606.ENSP00000380054,EAF1
EAF2,EAF2,9606.ENSP00000273668,EAF2
EBI3,EBI3,9606.ENSP00000221847,EBI3
EBNA1BP2,EBNA1BP2,9606.ENSP00000407323,EBNA1BP2
ECSIT,ECSIT,9606.ENSP00000270517,ECSIT
ECT2,ECT2,9606.ENSP00000376457,ECT2
EDC3,EDC3,9606.ENSP00000497737,EDC3
EDC4,EDC4,9606.ENSP00000351811,EDC4
EDN1,EDN1,9606.ENSP00000368683,EDN1
EDNRA,EDNRA,9606.ENSP00000315011,EDNRA
EDNRB,EDNRB,9606.ENSP00000366416,EDNRB
EEA1,EEA1,9606.ENSP00000317955,EEA1
EED,EED,9606.ENSP00000338186,EED
EEF1A1,EEF1A1,9606.ENSP00000339063,EEF1A1
EEF1A2,Eef1a2,9606.ENSP00000217182,EEF1A2
EEF1E1,EEF1E1,9606.ENSP00000369038,EEF1E1
EEF1G,EEF1G,9606.ENSP00000331901,EEF1G
EEF2,EEF2,9606.ENSP00000307940,EEF2
EFCAB6,EFCAB6,9606.ENSP00000262726,EFCAB6
EFCAB7,Efcab7,9606.ENSP00000360129,EFCAB7
EFNB1,EFNB1,9606.ENSP00000204961,EFNB1
EFNB2,EFNB2,9606.ENSP00000493716,EFNB2
EFTUD2,EFTUD2,9606.ENSP00000392094,EFTUD2
EGF,EGF,9606.ENSP00000265171,EGF
EGFLAM,EGFLAM,9606.ENSP00000346964,EGFLAM
EGFR,EGFR,9606.ENSP00000275493,EGFR
EGLN1,EGLN1,9606.ENSP00000355601,EGLN1
EGLN2,EGLN2,9606.ENSP00000469686,EGLN2
EGLN3,EGLN3,9606.ENSP00000250457,EGLN3
EGR1,EGR1,9606.ENSP00000239938,EGR1
EHBP1,EHBP1,9606.ENSP00000263991,EHBP1
EHD1,Ehd1,9606.ENSP00000479153,EHD1
EHD2,Ehd2,9606.ENSP00000263277,EHD2
EHD3,Ehd3,9606.ENSP00000327116,EHD3
EHD4,Ehd4,9606.ENSP00000220325,EHD4
EHMT1,EHMT1,9606.ENSP00000417980,EHMT1
EHMT2,EHMT2,9606.ENSP00000379078,EHMT2
EID3,EID3,9606.ENSP00000435619,EID3
EIF1,Eif1,9606.ENSP00000419449,EIF1
EIF1AX,EIF1AX,9606.ENSP00000368927,EIF1AX
EIF2B1,EIF2B1,9606.ENSP00000416250,EIF2B1
EIF2B2,EIF2B2,9606.ENSP00000266126,EIF2B2
EIF2B3,EIF2B3,9606.ENSP00000353575,EIF2B3
EIF2B4,EIF2B4,9606.ENSP00000429323,EIF2B4
EIF2B5,EIF2B5,9606.ENSP00000497160,EIF2B5
EIF2S1,EIF2S1,9606.ENSP00000256383,EIF2S1
EIF2S2,EIF2S2,9606.ENSP00000364119,EIF2S2
EIF2S3,EIF2S3,9606.ENSP00000253039,EIF2S3
EIF3A,EIF3A,9606.ENSP00000358140,EIF3A
EIF3B,EIF3B,9606.ENSP00000354125,EIF3B
EIF3C,EIF3C,9606.ENSP00000332604,EIF3C
EIF3D,EIF3D,9606.ENSP00000216190,EIF3D
EIF3E,EIF3E,9606.ENSP00000220849,EIF3E
EIF3F,EIF3F,9606.ENSP00000431800,EIF3F
EIF3G,EIF3G,9606.ENSP00000253108,EIF3G
EIF3H,EIF3H,9606.ENSP00000429931,EIF3H
EIF3I,EIF3I,9606.ENSP00000362688,EIF3I
EIF3J,EIF3J,9606.ENSP00000261868,EIF3J
EIF3K,EIF3K,9606.ENSP00000248342,EIF3K
EIF3L,EIF3L,9606.ENSP00000499067,EIF3L
EIF3M,EIF3M,9606.ENSP00000436049,EIF3M
EIF4A1,EIF4A1,9606.ENSP00000293831,EIF4A1
EIF4A3,EIF4A3,9606.ENSP00000497641,EIF4A3
EIF4E,EIF4E,9606.ENSP00000425561,EIF4E
EIF4E2,EIF4E2,9606.ENSP00000258416,EIF4E2
EIF4ENIF1,EIF4ENIF1,9606.ENSP00000380659,EIF4ENIF1
EIF4G1,EIF4G1,9606.ENSP00000416255,EIF4G1
EIF4G3,Eif4g3,9606.ENSP00000383274,EIF4G3
EIF6,EIF6,9606.ENSP00000363559,EIF6
ELANE,ELANE,9606.ENSP00000466090,ELANE
ELAVL1,ELAVL1,9606.ENSP00000385269,ELAVL1
ELF3,Elf3,9606.ENSP00000352673,ELF3
ELK1,ELK1,9606.ENSP00000366182,ELK1
ELK3,ELK3,9606.ENSP00000228741,ELK3
ELK4,ELK4,9606.ENSP00000350681,ELK4
ELL,ELL,9606.ENSP00000262809,ELL
ELL2,ELL2,9606.ENSP00000237853,ELL2
ELL3,ELL3,9606.ENSP00000320346,ELL3
ELMO1,ELMO1,9606.ENSP00000312185,ELMO1
ELMO2,ELMO2,9606.ENSP00000290246,ELMO2
ELMSAN1,MIDEAS,9606.ENSP00000286523,ELMSAN1
ELN,ELN,9606.ENSP00000351807,ELN
ELOA,Eloa,9606.ENSP00000395574,ELOA
ELOB,ELOB,9606.ENSP00000262306,ELOB
ELOC,ELOC,9606.ENSP00000478121,ELOC
ELP1,ELP1,9606.ENSP00000363779,ELP1
ELP2,ELP2,9606.ENSP00000414851,ELP2
ELP3,ELP3,9606.ENSP00000256398,ELP3
ELP4,ELP4,9606.ENSP00000379267,ELP4
ELP5,ELP5,9606.ENSP00000379869,ELP5
ELP6,ELP6,9606.ENSP00000296149,ELP6
EMC1,EMC1,9606.ENSP00000420608,EMC1
EMC10,EMC10,9606.ENSP00000334037,EMC10
EMC2,EMC2,9606.ENSP00000220853,EMC2
EMC3,EMC3,9606.ENSP00000245046,EMC3
EMC4,EMC4,9606.ENSP00000267750,EMC4
EMC6,EMC6,9606.ENSP00000380322,EMC6
EMC7,EMC7,9606.ENSP00000256545,EMC7
EMC8,EMC8,9606.ENSP00000253457,EMC8
EMC9,EMC9,9606.ENSP00000403210,EMC9
EMD,EMD,9606.ENSP00000358857,EMD
EME1,EME1,9606.ENSP00000376952,EME1
EMILIN1,EMILIN1,9606.ENSP00000369677,EMILIN1
EMSY,EMSY,9606.ENSP00000433205,EMSY
EMX1,Emx1,9606.ENSP00000258106,EMX1
ENAH,ENAH,9606.ENSP00000355809,ENAH
ENC1,ENC1,9606.ENSP00000499185,ENC1
ENG,ENG,9606.ENSP00000362299,ENG
ENKUR,Trpc2,9606.ENSP00000331044,ENKUR
ENTPD1,ENTPD1,9606.ENSP00000360250,ENTPD1
ENTPD2,Entpd2,9606.ENSP00000347213,ENTPD2
ENTR1,ENTR1,9606.ENSP00000349929,ENTR1
ENY2,ENY2,9606.ENSP00000429986,ENY2
EP300,EP300,9606.ENSP00000263253,EP300
EP400,EP400,9606.ENSP00000374212,EP400
EPAS1,EPAS1,9606.ENSP00000263734,EPAS1
EPB41,EPB41,9606.ENSP00000345259,EPB41
EPB41L3,EPB41L3,9606.ENSP00000343158,EPB41L3
EPC1,EPC1,9606.ENSP00000263062,EPC1
EPC2,EPC2,9606.ENSP00000258484,EPC2
EPCAM,EPCAM,9606.ENSP00000263735,EPCAM
EPGN,EPGN,9606.ENSP00000411898,EPGN
EPHA1,EPHA1,9606.ENSP00000275815,EPHA1
EPHA2,EPHA2,9606.ENSP00000351209,EPHA2
EPHA4,EPHA4,9606.ENSP00000281821,EPHA4
EPHA8,EPHA8,9606.ENSP00000166244,EPHA8
EPHB1,Ephb1,9606.ENSP00000381097,EPHB1
EPHB2,Ephb2,9606.ENSP00000383053,EPHB2
EPM2A,EPM2A,9606.ENSP00000356489,EPM2A
EPN1,EPN1,9606.ENSP00000406209,EPN1
EPO,EPO,9606.ENSP00000252723,EPO
EPOR,EPOR,9606.ENSP00000222139,EPOR
EPRS1,EPRS1,9606.ENSP00000355890,EPRS1
EPS15,EPS15,9606.ENSP00000360798,EPS15
EPS8,EPS8,9606.ENSP00000494689,EPS8
EPS8L1,EPS8L1,9606.ENSP00000201647,EPS8L1
EPS8L2,EPS8L2,9606.ENSP00000435585,EPS8L2
ERAP1,ERAP1,9606.ENSP00000296754,ERAP1
ERAP2,ERAP2,9606.ENSP00000400376,ERAP2
ERBB2,ERBB2,9606.ENSP00000269571,ERBB2
ERBB3,ERBB3,9606.ENSP00000267101,ERBB3
ERBB4,ERBB4,9606.ENSP00000342235,ERBB4
ERC1,ERC1,9606.ENSP00000354158,ERC1
ERC2,Erc2,9606.ENSP00000288221,ERC2
ERCC1,ERCC1,9606.ENSP00000013807,ERCC1
ERCC2,ERCC2,9606.ENSP00000375809,ERCC2
ERCC3,ERCC3,9606.ENSP00000285398,ERCC3
ERCC4,ERCC4,9606.ENSP00000310520,ERCC4
ERCC5,ERCC5,9606.ENSP00000498881,ERCC5
ERCC6,ERCC6,9606.ENSP00000348089,ERCC6
ERCC8,ERCC8,9606.ENSP00000265038,ERCC8
EREG,EREG,9606.ENSP00000244869,EREG
ERG,ERG,9606.ENSP00000414150,ERG
ERH,ERH,9606.ENSP00000451080,ERH
ERI1,Eri1,9606.ENSP00000250263,ERI1
ERLEC1,ERLEC1,9606.ENSP00000185150,ERLEC1
ERLIN1,ERLIN1,9606.ENSP00000410964,ERLIN1
ERLIN2,ERLIN2,9606.ENSP00000428112,ERLIN2
ERN1,ERN1,9606.ENSP00000401445,ERN1
ERP29,Erp29,9606.ENSP00000261735,ERP29
ERRFI1,ERRFI1,9606.ENSP00000366702,ERRFI1
ESAM,ESAM,9606.ENSP00000278927,ESAM
ESCO1,ESCO1,9606.ENSP00000269214,ESCO1
ESPL1,ESPL1,9606.ENSP00000257934,ESPL1
ESPN,Espn,9606.ENSP00000496593,ESPN
ESR1,ESR1,9606.ENSP00000405330,ESR1
ESR2,ESR2,9606.ENSP00000343925,ESR2
ESS2,ESS2,9606.ENSP00000252137,ESS2
ESYT1,ESYT1,9606.ENSP00000267113,ESYT1
ESYT2,ESYT2,9606.ENSP00000499020,ESYT2
ESYT3,ESYT3,9606.ENSP00000374218,ESYT3
ETF1,ETF1,9606.ENSP00000353741,ETF1
ETS1,ETS1,9606.ENSP00000376436,ETS1
ETS2,Ets2,9606.ENSP00000353344,ETS2
ETV6,ETV6,9606.ENSP00000379658,ETV6
EVC,Evc,9606.ENSP00000264956,EVC
EVC2,Evc2,9606.ENSP00000342144,EVC2
EVI5,EVI5,9606.ENSP00000440826,EVI5
EWSR1,EWSR1,9606.ENSP00000400142,EWSR1
EXD1,Exd1,9606.ENSP00000415056,EXD1
EXO1,Exo1,9606.ENSP00000355506,EXO1
EXOC1,Exoc1,9606.ENSP00000370695,EXOC1
EXOC2,Exoc2,9606.ENSP00000230449,EXOC2
EXOC3,Exoc3,9606.ENSP00000425587,EXOC3
EXOC4,Exoc4,9606.ENSP00000253861,EXOC4
EXOC5,Exoc5,9606.ENSP00000484855,EXOC5
EXOC6,Exoc6,9606.ENSP00000260762,EXOC6
EXOC7,Exoc7,9606.ENSP00000334100,EXOC7
EXOC8,Exoc8,9606.ENSP00000355605,EXOC8
EXOSC1,EXOSC1,9606.ENSP00000359939,EXOSC1
EXOSC10,Exosc10,9606.ENSP00000366135,EXOSC10
EXOSC2,EXOSC2,9606.ENSP00000361433,EXOSC2
EXOSC3,EXOSC3,9606.ENSP00000323046,EXOSC3
EXOSC4,EXOSC4,9606.ENSP00000315476,EXOSC4
EXOSC5,Exosc5,9606.ENSP00000221233,EXOSC5
EXOSC6,EXOSC6,9606.ENSP00000398597,EXOSC6
EXOSC7,EXOSC7,9606.ENSP00000265564,EXOSC7
EXOSC8,EXOSC8,9606.ENSP00000374354,EXOSC8
EXOSC9,EXOSC9,9606.ENSP00000368984,EXOSC9
EXPH5,EXPH5,9606.ENSP00000265843,EXPH5
EXT1,EXT1,9606.ENSP00000367446,EXT1
EXT2,EXT2,9606.ENSP00000379032,EXT2
EYA1,Eya1,9606.ENSP00000496255,EYA1
EYA3,Eya3,9606.ENSP00000362978,EYA3
EYA4,EYA4,9606.ENSP00000432770,EYA4
EZH2,Ezh2,9606.ENSP00000320147,EZH2
EZR,Ezr,9606.ENSP00000338934,EZR
F10,F10,9606.ENSP00000364709,F10
F11R,F11r,9606.ENSP00000357005,F11R
F2,F2,9606.ENSP00000308541,F2
F2R,F2R,9606.ENSP00000321326,F2R
F2RL1,F2RL1,9606.ENSP00000296677,F2RL1
F2RL2,F2rl2,9606.ENSP00000296641,F2RL2
F2RL3,F2RL3,9606.ENSP00000248076,F2RL3
F3,F3,9606.ENSP00000334145,F3
F5,F5,9606.ENSP00000356771,F5
F7,F7,9606.ENSP00000364731,F7
F8,F8,9606.ENSP00000353393,F8
FAAP100,FAAP100,9606.ENSP00000333283,FAAP100
FAAP24,FAAP24,9606.ENSP00000466121,FAAP24
FADD,FADD,9606.ENSP00000301838,FADD
FAF1,FAF1,9606.ENSP00000379457,FAF1
FAF2,FAF2,9606.ENSP00000261942,FAF2
FAM126A,HYCC1,9606.ENSP00000403396,FAM126A
FAM89B,Fam89b,9606.ENSP00000431459,FAM89B
FAM8A1,FAM8A1,9606.ENSP00000259963,FAM8A1
FAM98B,FAM98B,9606.ENSP00000380734,FAM98B
FANCA,FANCA,9606.ENSP00000373952,FANCA
FANCB,FANCB,9606.ENSP00000498215,FANCB
FANCC,FANCC,9606.ENSP00000289081,FANCC
FANCD2,FANCD2,9606.ENSP00000287647,FANCD2
FANCE,FANCE,9606.ENSP00000229769,FANCE
FANCF,FANCF,9606.ENSP00000330875,FANCF
FANCG,FANCG,9606.ENSP00000367910,FANCG
FANCI,FANCI,9606.ENSP00000310842,FANCI
FANCL,FANCL,9606.ENSP00000385021,FANCL
FANCM,FANCM,9606.ENSP00000267430,FANCM
FAP,FAP,9606.ENSP00000188790,FAP
FARP2,FARP2,9606.ENSP00000264042,FARP2
FAS,CD95,9606.ENSP00000498466,FAS
FASTKD2,FASTKD2,9606.ENSP00000385990,FASTKD2
FASTKD5,FASTKD5,9606.ENSP00000369618,FASTKD5
FAU,FAU,9606.ENSP00000431822,FAU
FBF1,FBF1,9606.ENSP00000490726,FBF1
FBH1,FBH1,9606.ENSP00000369335,FBH1
FBL,FBL,9606.ENSP00000221801,FBL
FBLN2,FBLN2,9606.ENSP00000384169,FBLN2
FBLN5,FBLN5,9606.ENSP00000345008,FBLN5
FBN1,FBN1,9606.ENSP00000325527,FBN1
FBRS,FBRS,9606.ENSP00000348489,FBRS
FBRSL1,FBRSL1,9606.ENSP00000396160,FBRSL1
FBXL2,FBXL2,9606.ENSP00000417601,FBXL2
FBXL20,FBXL20,9606.ENSP00000264658,FBXL20
FBXL3,FBXL3,9606.ENSP00000347834,FBXL3
FBXO10,FBXO10,9606.ENSP00000403802,FBXO10
FBXO11,FBXO11,9606.ENSP00000384823,FBXO11
FBXO15,Fbxo15,9606.ENSP00000393154,FBXO15
FBXO17,FBXO17,9606.ENSP00000292852,FBXO17
FBXO2,Fbxo2,9606.ENSP00000346240,FBXO2
FBXO27,FBXO27,9606.ENSP00000292853,FBXO27
FBXO31,FBXO31,9606.ENSP00000310841,FBXO31
FBXO32,Fbxo32,9606.ENSP00000428205,FBXO32
FBXO44,FBXO44,9606.ENSP00000365959,FBXO44
FBXO45,Fbxo45,9606.ENSP00000310332,FBXO45
FBXO6,FBXO6,9606.ENSP00000365944,FBXO6
FBXW11,FBXW11,9606.ENSP00000265094,FBXW11
FBXW2,FBXW2,9606.ENSP00000476369,FBXW2
FBXW7,FBXW7,9606.ENSP00000474725,FBXW7
FBXW8,FBXW8,9606.ENSP00000498999,FBXW8
FCER1A,FCER1A,9606.ENSP00000357097,FCER1A
FCER1G,FCER1G,9606.ENSP00000289902,FCER1G
FCER2,FCER2,9606.ENSP00000264072,FCER2
FCGR1A,FCGR1A,9606.ENSP00000358165,FCGR1A
FCGR3A,FCGR3A,9606.ENSP00000356946,FCGR3A
FCGRT,FCGRT,9606.ENSP00000410798,FCGRT
FCHSD2,FCHSD2,9606.ENSP00000386722,FCHSD2
FDPS,FDPS,9606.ENSP00000349078,FDPS
FDX1,FDX1,9606.ENSP00000260270,FDX1
FDXR,FDXR,9606.ENSP00000416515,FDXR
FEM1A,FEM1A,9606.ENSP00000269856,FEM1A
FEN1,FEN1,9606.ENSP00000305480,FEN1
FER,FER,9606.ENSP00000281092,FER
FERMT2,FERMT2,9606.ENSP00000342858,FERMT2
FERMT3,FERMT3,9606.ENSP00000279227,FERMT3
FES,FES,9606.ENSP00000331504,FES
FEZ1,FEZ1,9606.ENSP00000497070,FEZ1
FGA,FGA,9606.ENSP00000498441,FGA
FGB,FGB,9606.ENSP00000306099,FGB
FGF1,FGF1,9606.ENSP00000480791,FGF1
FGF12,Fgf12,9606.ENSP00000413496,FGF12
FGF13,FGF13,9606.ENSP00000396198,FGF13
FGF19,FGF19,9606.ENSP00000294312,FGF19
FGF2,FGF2,9606.ENSP00000264498,FGF2
FGF21,FGF21,9606.ENSP00000471477,FGF21
FGF23,FGF23,9606.ENSP00000237837,FGF23
FGF4,FGF4,9606.ENSP00000168712,FGF4
FGF7,KGF,9606.ENSP00000267843,FGF7
FGFR1,FGFR1,9606.ENSP00000393312,FGFR1
FGFR1OP,CEP43,9606.ENSP00000355812,FGFR1OP
FGFR2,FGFR2,9606.ENSP00000410294,FGFR2
FGFR3,FGFR3,9606.ENSP00000339824,FGFR3
FGFR4,FGFR4,9606.ENSP00000292408,FGFR4
FGFRL1,FGFRL1,9606.ENSP00000381498,FGFRL1
FGG,FGG,9606.ENSP00000336829,FGG
FGR,Fgr,9606.ENSP00000363117,FGR
FHL1,FHL1,9606.ENSP00000498684,FHL1
FHL2,FHL2,9606.ENSP00000386892,FHL2
FHL5,Fhl5,9606.ENSP00000326022,FHL5
FIG4,FIG4,9606.ENSP00000230124,FIG4
FILIP1,FILIP1,9606.ENSP00000237172,FILIP1
FIP1L1,FIP1L1,9606.ENSP00000336752,FIP1L1
FIS1,FIS1,9606.ENSP00000223136,FIS1
FKBP10,FKBP10,9606.ENSP00000317232,FKBP10
FKBP15,FKBP15,9606.ENSP00000416158,FKBP15
FKBP1A,FKBP1A,9606.ENSP00000383003,FKBP1A
FKBP1B,Fkbp1b,9606.ENSP00000370373,FKBP1B
FKBP4,FKBP4,9606.ENSP00000001008,FKBP4
FKBP5,FKBP5,9606.ENSP00000444810,FKBP5
FKBP8,FKBP8,9606.ENSP00000471700,FKBP8
FKBPL,FKBPL,9606.ENSP00000364298,FKBPL
FLCN,FLCN,9606.ENSP00000285071,FLCN
FLI1,FLI1,9606.ENSP00000433488,FLI1
FLNA,FLNA,9606.ENSP00000358866,FLNA
FLNC,Flnc,9606.ENSP00000327145,FLNC
FLOT1,FLOT1,9606.ENSP00000365569,FLOT1
FLOT2,FLOT2,9606.ENSP00000378368,FLOT2
FLRT3,FLRT3,9606.ENSP00000339912,FLRT3
FLT1,FLT1,9606.ENSP00000282397,FLT1
FLT3,FLT3,9606.ENSP00000241453,FLT3
FLT3LG,FLT3LG,9606.ENSP00000469613,FLT3LG
FLT4,FLT4,9606.ENSP00000261937,FLT4
FMR1,Fmr1,9606.ENSP00000359506,FMR1
FN1,FN1,9606.ENSP00000346839,FN1
FNBP1L,FNBP1L,9606.ENSP00000271234,FNBP1L
FNIP1,FNIP1,9606.ENSP00000421985,FNIP1
FNIP2,FNIP2,9606.ENSP00000264433,FNIP2
FNTA,FNTA,9606.ENSP00000303423,FNTA
FNTB,FNTB,9606.ENSP00000246166,FNTB
FOLH1,FOLH1,9606.ENSP00000256999,FOLH1
FOLR1,FOLR1,9606.ENSP00000377284,FOLR1
FOS,FOS,9606.ENSP00000306245,FOS
FOSB,FOSB,9606.ENSP00000245919,FOSB
FOSL1,Fosl1,9606.ENSP00000310170,FOSL1
FOXA1,FOXA1,9606.ENSP00000250448,FOXA1
FOXG1,FOXG1,9606.ENSP00000339004,FOXG1
FOXH1,FOXH1,9606.ENSP00000366534,FOXH1
FOXK1,FOXK1,9606.ENSP00000328720,FOXK1
FOXK2,FOXK2,9606.ENSP00000335677,FOXK2
FOXM1,FOXM1,9606.ENSP00000342307,FOXM1
FOXO1,FOXO1,9606.ENSP00000368880,FOXO1
FOXO3,FOXO3,9606.ENSP00000339527,FOXO3
FOXO4,FOXO4,9606.ENSP00000363377,FOXO4
FOXP3,FOXP3,9606.ENSP00000365380,FOXP3
FRAS1,Fras1,9606.ENSP00000422834,FRAS1
FRAT1,Frat1,9606.ENSP00000360060,FRAT1
FREM1,FREM1,9606.ENSP00000412940,FREM1
FREM2,FREM2,9606.ENSP00000280481,FREM2
FRG1,FRG1,9606.ENSP00000226798,FRG1
FRMD7,FRMD7,9606.ENSP00000298542,FRMD7
FRRS1L,Frrs1l,9606.ENSP00000477141,FRRS1L
FRS2,Frs2,9606.ENSP00000447241,FRS2
FSCN2,Fscn2,9606.ENSP00000334665,FSCN2
FSHR,FSHR,9606.ENSP00000384708,FSHR
FST,FST,9606.ENSP00000256759,FST
FSTL3,Fstl3,9606.ENSP00000166139,FSTL3
FTH1,FTH1,9606.ENSP00000273550,FTH1
FTL,FTL,9606.ENSP00000366525,FTL
FTO,FTO,9606.ENSP00000418823,FTO
FTSJ3,Ftsj3,9606.ENSP00000396673,FTSJ3
FURIN,FURIN,9606.ENSP00000483552,FURIN
FUS,Fus,9606.ENSP00000254108,FUS
FUZ,Fuz,9606.ENSP00000313309,FUZ
FXN,FXN,9606.ENSP00000419243,FXN
FXR1,FXR1,9606.ENSP00000350170,FXR1
FXYD1,Fxyd1,9606.ENSP00000481244,FXYD1
FXYD2,FXYD2,9606.ENSP00000292079,FXYD2
FXYD6,FXYD6,9606.ENSP00000442756,FXYD6
FYB1,Fyb1,9606.ENSP00000493623,FYB1
FYN,Fyn,9606.ENSP00000346671,FYN
FZD4,Fzd4,9606.ENSP00000434034,FZD4
FZD5,FZD5,9606.ENSP00000354607,FZD5
FZD7,Fzd7,9606.ENSP00000286201,FZD7
FZD8,Fzd8,9606.ENSP00000363826,FZD8
G3BP1,G3BP1,9606.ENSP00000377681,G3BP1
G3BP2,G3bp2,9606.ENSP00000352738,G3BP2
G6PD,G6PD,9606.ENSP00000377192,G6PD
GAB1,GAB1,9606.ENSP00000262995,GAB1
GAB2,GAB2,9606.ENSP00000354952,GAB2
GABARAPL2,Gabarapl2,9606.ENSP00000037243,GABARAPL2
GABBR1,GABBR1,9606.ENSP00000366233,GABBR1
GABBR2,GABBR2,9606.ENSP00000259455,GABBR2
GABRA1,GABRA1,9606.ENSP00000393097,GABRA1
GABRA2,Gabra2,9606.ENSP00000427603,GABRA2
GABRA3,GABRA3,9606.ENSP00000359337,GABRA3
GABRA4,Gabra4,9606.ENSP00000264318,GABRA4
GABRA5,Gabra5,9606.ENSP00000382953,GABRA5
GABRA6,Gabra6,9606.ENSP00000274545,GABRA6
GABRB1,GABRB1,9606.ENSP00000295454,GABRB1
GABRB2,GABRB2,9606.ENSP00000274547,GABRB2
GABRB3,Gabrb3,9606.ENSP00000308725,GABRB3
GABRD,GABRD,9606.ENSP00000367848,GABRD
GABRE,GABRE,9606.ENSP00000359353,GABRE
GABRG1,Gabrg1,9606.ENSP00000295452,GABRG1
GABRG2,GABRG2,9606.ENSP00000410732,GABRG2
GABRG3,Gabrg3,9606.ENSP00000479113,GABRG3
GABRP,GABRP,9606.ENSP00000430100,GABRP
GABRQ,GABRQ,9606.ENSP00000469332,GABRQ
GADD45A,GADD45A,9606.ENSP00000360025,GADD45A
GADD45B,GADD45B,9606.ENSP00000215631,GADD45B
GADD45G,GADD45G,9606.ENSP00000252506,GADD45G
GAK,GAK,9606.ENSP00000314499,GAK
GALNS,GALNS,9606.ENSP00000268695,GALNS
GALR1,GALR1,9606.ENSP00000299727,GALR1
GALR2,Galr2,9606.ENSP00000329684,GALR2
GAN,GAN,9606.ENSP00000497351,GAN
GANAB,Ganab,9606.ENSP00000340466,GANAB
GAP43,Gap43,9606.ENSP00000377372,GAP43
GAPDH,GAPDH,9606.ENSP00000380070,GAPDH
GAR1,GAR1,9606.ENSP00000226796,GAR1
GART,GART,9606.ENSP00000371253,GART
GAS1,Gas1,9606.ENSP00000298743,GAS1
GAS8,GAS8,9606.ENSP00000268699,GAS8
GATA1,Gata1,9606.ENSP00000365858,GATA1
GATA2,GATA2,9606.ENSP00000345681,GATA2
GATA3,GATA3,9606.ENSP00000368632,GATA3
GATA4,GATA4,9606.ENSP00000435712,GATA4
GATAD2A,GATAD2A,9606.ENSP00000384899,GATAD2A
GATAD2B,GATAD2B,9606.ENSP00000357644,GATAD2B
GATB,GATB,9606.ENSP00000263985,GATB
GATC,GATC,9606.ENSP00000446872,GATC
GBA,GBA1,9606.ENSP00000314508,GBA
GBP1,GBP1,9606.ENSP00000359504,GBP1
GCFC2,GCFC2,9606.ENSP00000318690,GCFC2
GCG,GCG,9606.ENSP00000387662,GCG
GCGR,GCGR,9606.ENSP00000383558,GCGR
GCH1,Gch1,9606.ENSP00000477796,GCH1
GCHFR,Gchfr,9606.ENSP00000260447,GCHFR
GCK,Gck,9606.ENSP00000223366,GCK
GCLC,GCLC,9606.ENSP00000497574,GCLC
GCLM,GCLM,9606.ENSP00000359258,GCLM
GCN1,GCN1,9606.ENSP00000300648,GCN1
GDF11,GDF11,9606.ENSP00000257868,GDF11
GDF15,GDF15,9606.ENSP00000252809,GDF15
GDF2,GDF2,9606.ENSP00000463051,GDF2
GDF5,GDF5,9606.ENSP00000363492,GDF5
GDI1,Gdi1,9606.ENSP00000394071,GDI1
GDNF,GDNF,9606.ENSP00000409007,GDNF
GEMIN2,GEMIN2,9606.ENSP00000308533,GEMIN2
GEMIN4,GEMIN4,9606.ENSP00000321706,GEMIN4
GEMIN5,GEMIN5,9606.ENSP00000285873,GEMIN5
GEMIN6,GEMIN6,9606.ENSP00000281950,GEMIN6
GEMIN7,GEMIN7,9606.ENSP00000270257,GEMIN7
GEMIN8,GEMIN8,9606.ENSP00000369895,GEMIN8
GET4,GET4,9606.ENSP00000265857,GET4
GFER,GFER,9606.ENSP00000248114,GFER
GFI1,GFI1,9606.ENSP00000294702,GFI1
GFI1B,Gfi1b,9606.ENSP00000344782,GFI1B
GFRA1,GFRA1,9606.ENSP00000347591,GFRA1
GFRA2,GFRA2,9606.ENSP00000428518,GFRA2
GFRA3,GFRA3,9606.ENSP00000274721,GFRA3
GFRA4,GFRA4,9606.ENSP00000313423,GFRA4
GFRAL,GFRAL,9606.ENSP00000343636,GFRAL
GGA1,GGA1,9606.ENSP00000371175,GGA1
GGA2,GGA2,9606.ENSP00000311962,GGA2
GGA3,GGA3,9606.ENSP00000438085,GGA3
GH1,GH1,9606.ENSP00000312673,GH1
GHR,GHR,9606.ENSP00000483403,GHR
GHRH,GHRH,9606.ENSP00000362716,GHRH
GHRHR,GHRHR,9606.ENSP00000320180,GHRHR
GHRL,GHRL,9606.ENSP00000335074,GHRL
GHSR,GHSR,9606.ENSP00000241256,GHSR
GID4,GID4,9606.ENSP00000268719,GID4
GID8,GID8,9606.ENSP00000266069,GID8
GIGYF2,GIGYF2,9606.ENSP00000387170,GIGYF2
GINS1,GINS1,9606.ENSP00000262460,GINS1
GINS2,GINS2,9606.ENSP00000253462,GINS2
GINS3,GINS3,9606.ENSP00000401018,GINS3
GINS4,GINS4,9606.ENSP00000276533,GINS4
GIPC1,GIPC1,9606.ENSP00000376753,GIPC1
GIPR,GIPR,9606.ENSP00000467494,GIPR
GIT1,GIT1,9606.ENSP00000378338,GIT1
GIT2,GIT2,9606.ENSP00000347464,GIT2
GJA1,GJA1,9606.ENSP00000282561,GJA1
GJB2,GJB2,9606.ENSP00000372295,GJB2
GJB3,GJB3,9606.ENSP00000362464,GJB3
GJB6,GJB6,9606.ENSP00000494468,GJB6
GLA,GLA,9606.ENSP00000218516,GLA
GLB1,GLB1,9606.ENSP00000306920,GLB1
GLE1,GLE1,9606.ENSP00000308622,GLE1
GLG1,GLG1,9606.ENSP00000205061,GLG1
GLI1,GLI1,9606.ENSP00000228682,GLI1
GLI2,Gli2,9606.ENSP00000390436,GLI2
GLI3,GLI3,9606.ENSP00000379258,GLI3
GLIS2,GLIS2,9606.ENSP00000262366,GLIS2
GLIS3,GLIS3,9606.ENSP00000371398,GLIS3
GLMN,GLMN,9606.ENSP00000359385,GLMN
GLP1R,GLP1R,9606.ENSP00000362353,GLP1R
GLP2R,GLP2R,9606.ENSP00000262441,GLP2R
GLRA1,GLRA1,9606.ENSP00000411593,GLRA1
GLRA2,Glra2,9606.ENSP00000218075,GLRA2
GLRB,GLRB,9606.ENSP00000264428,GLRB
GLRX3,GLRX3,9606.ENSP00000357633,GLRX3
GMNN,GMNN,9606.ENSP00000230056,GMNN
GNA11,GNA11,9606.ENSP00000078429,GNA11
GNA12,GNA12,9606.ENSP00000275364,GNA12
GNA13,GNA13,9606.ENSP00000400717,GNA13
GNA14,GNA14,9606.ENSP00000365807,GNA14
GNA15,GNA15,9606.ENSP00000262958,GNA15
GNAI1,GNAI1,9606.ENSP00000497260,GNAI1
GNAI2,GNAI2,9606.ENSP00000312999,GNAI2
GNAI3,GNAI3,9606.ENSP00000358867,GNAI3
GNAO1,Gnao1,9606.ENSP00000262494,GNAO1
GNAQ,GNAQ,9606.ENSP00000286548,GNAQ
GNAS,GNAS,9606.ENSP00000360141,GNAS
GNAT1,GNAT1,9606.ENSP00000232461,GNAT1
GNAZ,Gnaz,9606.ENSP00000478892,GNAZ
GNB1,GNB1,9606.ENSP00000367872,GNB1
GNB2,GNB2,9606.ENSP00000305260,GNB2
GNB3,GNB3,9606.ENSP00000229264,GNB3
GNB4,GNB4,9606.ENSP00000232564,GNB4
GNB5,GNB5,9606.ENSP00000261837,GNB5
GNG10,GNG10,9606.ENSP00000363411,GNG10
GNG11,GNG11,9606.ENSP00000248564,GNG11
GNG12,GNG12,9606.ENSP00000360021,GNG12
GNG13,GNG13,9606.ENSP00000248150,GNG13
GNG2,GNG2,9606.ENSP00000334448,GNG2
GNG3,GNG3,9606.ENSP00000294117,GNG3
GNG4,GNG4,9606.ENSP00000398629,GNG4
GNG5,GNG5,9606.ENSP00000359675,GNG5
GNG7,GNG7,9606.ENSP00000371594,GNG7
GNG8,GNG8,9606.ENSP00000300873,GNG8
GNGT1,GNGT1,9606.ENSP00000248572,GNGT1
GNGT2,GNGT2,9606.ENSP00000421710,GNGT2
GNL1,GNL1,9606.ENSP00000365806,GNL1
GNL2,Gnl2,9606.ENSP00000362153,GNL2
GNL3,GNL3,9606.ENSP00000395772,GNL3
GNPAT,GNPAT,9606.ENSP00000355607,GNPAT
GNPTAB,GNPTAB,9606.ENSP00000299314,GNPTAB
GNPTG,GNPTG,9606.ENSP00000204679,GNPTG
GNRHR,GNRHR,9606.ENSP00000226413,GNRHR
GOLGA2,GOLGA2,9606.ENSP00000416097,GOLGA2
GOLGA3,GOLGA3,9606.ENSP00000204726,GOLGA3
GOLGA7,GOLGA7,9606.ENSP00000350378,GOLGA7
GOLGA7B,GOLGA7B,9606.ENSP00000359634,GOLGA7B
GON4L,Gon4l,9606.ENSP00000357315,GON4L
GOPC,GOPC,9606.ENSP00000357484,GOPC
GORASP1,GORASP1,9606.ENSP00000313869,GORASP1
GORASP2,Gorasp2,9606.ENSP00000234160,GORASP2
GOSR1,Gosr1,9606.ENSP00000225724,GOSR1
GOSR2,Gosr2,9606.ENSP00000461784,GOSR2
GP1BA,GP1BA,9606.ENSP00000329380,GP1BA
GP1BB,GP1BB,9606.ENSP00000383382,GP1BB
GP5,GP5,9606.ENSP00000383931,GP5
GP6,GP6,9606.ENSP00000308782,GP6
GP9,GP9,9606.ENSP00000303942,GP9
GPAA1,GPAA1,9606.ENSP00000347206,GPAA1
GPATCH1,GPATCH1,9606.ENSP00000170564,GPATCH1
GPC3,GPC3,9606.ENSP00000377836,GPC3
GPC4,Gpc4,9606.ENSP00000359864,GPC4
GPER1,GPER1,9606.ENSP00000380281,GPER1
GPHN,Gphn,9606.ENSP00000417901,GPHN
GPN1,GPN1,9606.ENSP00000264718,GPN1
GPN3,GPN3,9606.ENSP00000442770,GPN3
GPR135,GPR135,9606.ENSP00000378548,GPR135
GPR143,GPR143,9606.ENSP00000417161,GPR143
GPR158,GPR158,9606.ENSP00000365529,GPR158
GPR179,GPR179,9606.ENSP00000483469,GPR179
GPR183,GPR183,9606.ENSP00000365596,GPR183
GPR19,Gpr19,9606.ENSP00000498976,GPR19
GPR37,GPR37,9606.ENSP00000306449,GPR37
GPR37L1,Gpr37l1,9606.ENSP00000356251,GPR37L1
GPR39,GPR39,9606.ENSP00000327417,GPR39
GPR4,GPR4,9606.ENSP00000319744,GPR4
GPR50,GPR50,9606.ENSP00000218316,GPR50
GPR55,GPR55,9606.ENSP00000498258,GPR55
GPR61,GPR61,9606.ENSP00000432456,GPR61
GPR62,GPR62,9606.ENSP00000319250,GPR62
GPR68,GPR68,9606.ENSP00000498702,GPR68
GPR83,GPR83,9606.ENSP00000243673,GPR83
GPR88,Gpr88,9606.ENSP00000314223,GPR88
GPRASP1,GPRASP1,9606.ENSP00000498934,GPRASP1
GPRC5A,GPRC5A,9606.ENSP00000014914,GPRC5A
GPS1,Gps1,9606.ENSP00000376167,GPS1
GPS2,Gps2,9606.ENSP00000379841,GPS2
GPSM1,Gpsm1,9606.ENSP00000392828,GPSM1
GPSM2,GPSM2,9606.ENSP00000385510,GPSM2
GRASP,TAMALIN,9606.ENSP00000293662,GRASP
GRB10,Grb10,9606.ENSP00000493728,GRB10
GRB14,GRB14,9606.ENSP00000263915,GRB14
GRB2,Grb2,9606.ENSP00000376345,GRB2
GRB7,Grb7,9606.ENSP00000403459,GRB7
GRIA1,Gria1,9606.ENSP00000428994,GRIA1
GRIA2,Gria2,9606.ENSP00000296526,GRIA2
GRIA3,Gria3,9606.ENSP00000481554,GRIA3
GRIA4,Gria4,9606.ENSP00000282499,GRIA4
GRID2,Grid2,9606.ENSP00000282020,GRID2
GRIK1,Grik1,9606.ENSP00000327687,GRIK1
GRIK2,Grik2,9606.ENSP00000397026,GRIK2
GRIK3,Grik3,9606.ENSP00000362183,GRIK3
GRIK4,Grik4,9606.ENSP00000435648,GRIK4
GRIK5,Grik5,9606.ENSP00000301218,GRIK5
GRIN1,Grin1,9606.ENSP00000360608,GRIN1
GRIN2A,Grin2a,9606.ENSP00000332549,GRIN2A
GRIN2B,Grin2b,9606.ENSP00000477455,GRIN2B
GRIN2C,GRIN2C,9606.ENSP00000293190,GRIN2C
GRIN2D,GRIN2D,9606.ENSP00000263269,GRIN2D
GRIN3A,Grin3a,9606.ENSP00000355155,GRIN3A
GRIN3B,Grin3b,9606.ENSP00000234389,GRIN3B
GRIP1,Grip1,9606.ENSP00000381098,GRIP1
GRIPAP1,Gripap1,9606.ENSP00000365606,GRIPAP1
GRK2,Grk2,9606.ENSP00000312262,GRK2
GRK5,GRK5,9606.ENSP00000376609,GRK5
GRK6,Grk6,9606.ENSP00000347655,GRK6
GRM1,Grm1,9606.ENSP00000282753,GRM1
GRM2,Grm2,9606.ENSP00000378492,GRM2
GRM3,GRM3,9606.ENSP00000355316,GRM3
GRM4,GRM4,9606.ENSP00000440556,GRM4
GRM5,Grm5,9606.ENSP00000306138,GRM5
GRM6,Grm6,9606.ENSP00000497110,GRM6
GRM7,GRM7,9606.ENSP00000350348,GRM7
GRM8,GRM8,9606.ENSP00000351142,GRM8
GRN,GRN,9606.ENSP00000053867,GRN
GRPEL1,GRPEL1,9606.ENSP00000264954,GRPEL1
GRPEL2,GRPEL2,9606.ENSP00000329558,GRPEL2
GRPR,Grpr,9606.ENSP00000369643,GRPR
GRSF1,GRSF1,9606.ENSP00000254799,GRSF1
GRWD1,GRWD1,9606.ENSP00000253237,GRWD1
GSE1,GSE1,9606.ENSP00000253458,GSE1
GSG1L,Gsg1l,9606.ENSP00000394954,GSG1L
GSK3A,Gsk3a,9606.ENSP00000222330,GSK3A
GSK3B,Gsk3b,9606.ENSP00000324806,GSK3B
GSKIP,GSKIP,9606.ENSP00000451188,GSKIP
GSN,Gsn,9606.ENSP00000362924,GSN
GSPT1,GSPT1,9606.ENSP00000398131,GSPT1
GSPT2,GSPT2,9606.ENSP00000341247,GSPT2
GSR,GSR,9606.ENSP00000221130,GSR
GSTP1,GSTP1,9606.ENSP00000381607,GSTP1
GTF2A1,GTF2A1,9606.ENSP00000452454,GTF2A1
GTF2A2,GTF2A2,9606.ENSP00000379372,GTF2A2
GTF2B,GTF2B,9606.ENSP00000359531,GTF2B
GTF2E1,GTF2E1,9606.ENSP00000283875,GTF2E1
GTF2E2,GTF2E2,9606.ENSP00000348168,GTF2E2
GTF2F1,Gtf2f1,9606.ENSP00000377969,GTF2F1
GTF2F2,GTF2F2,9606.ENSP00000340823,GTF2F2
GTF2H1,GTF2H1,9606.ENSP00000265963,GTF2H1
GTF2H2,GTF2H2,9606.ENSP00000274400,GTF2H2
GTF2H3,GTF2H3,9606.ENSP00000445162,GTF2H3
GTF2H4,Gtf2h4,9606.ENSP00000259895,GTF2H4
GTF2H5,GTF2H5,9606.ENSP00000476100,GTF2H5
GTF2I,GTF2I,9606.ENSP00000460070,GTF2I
GTF3A,GTF3A,9606.ENSP00000370532,GTF3A
GTF3C1,GTF3C1,9606.ENSP00000348510,GTF3C1
GTF3C2,GTF3C2,9606.ENSP00000352536,GTF3C2
GTF3C3,GTF3C3,9606.ENSP00000263956,GTF3C3
GTF3C4,GTF3C4,9606.ENSP00000361219,GTF3C4
GTF3C5,GTF3C5,9606.ENSP00000361180,GTF3C5
GTPBP4,Gtpbp4,9606.ENSP00000354040,GTPBP4
GUCA1A,GUCA1A,9606.ENSP00000053469,GUCA1A
GUCY1A1,Gucy1a1,9606.ENSP00000296518,GUCY1A1
GUCY1A2,Gucy1a2,9606.ENSP00000282249,GUCY1A2
GUCY1B1,Gucy1b1,9606.ENSP00000426786,GUCY1B1
GUCY2C,GUCY2C,9606.ENSP00000261170,GUCY2C
GUCY2D,GUCY2D,9606.ENSP00000254854,GUCY2D
GUSB,Gusb,9606.ENSP00000302728,GUSB
GYG1,GYG1,9606.ENSP00000340736,GYG1
GYPC,GYPC,9606.ENSP00000259254,GYPC
GYS1,GYS1,9606.ENSP00000317904,GYS1
H1-1,H1-1,9606.ENSP00000244573,H1-1
H1-10,H1-10,9606.ENSP00000329662,H1-10
H1-3,H1-3,9606.ENSP00000244534,H1-3
H2AC1,H2AC1,9606.ENSP00000297012,H2AC1
H2AC18,H2AC18,9606.ENSP00000358155,H2AC18
H2AC20,H2AC20,9606.ENSP00000332194,H2AC20
H2AX,H2AX,9606.ENSP00000434024,H2AX
H2AZ1,H2AZ1,9606.ENSP00000296417,H2AZ1
H2AZ2,H2AZ2,9606.ENSP00000308405,H2AZ2
H2BC1,H2bc1,9606.ENSP00000274764,H2BC1
H2BC14,H2BC14,9606.ENSP00000477907,H2BC14
H2BC18,H2BC18,9606.ENSP00000445831,H2BC18
H2BC21,H2BC21,9606.ENSP00000358151,H2BC21
H2BC3,H2BC3,9606.ENSP00000482674,H2BC3
H2BC4,H2BC4,9606.ENSP00000321744,H2BC4
H3-3A,H3-3A,9606.ENSP00000355780,H3-3A
H3-3B,H3-3b,9606.ENSP00000254810,H3-3B
H3C1,H3C1,9606.ENSP00000480826,H3C1
H4C1,H4c1,9606.ENSP00000479106,H4C1
H4C2,H4c2,9606.ENSP00000366974,H4C2
HADHA,HADHA,9606.ENSP00000370023,HADHA
HADHB,HADHB,9606.ENSP00000325136,HADHB
HAP1,HAP1,9606.ENSP00000334002,HAP1
HAS1,HAS1,9606.ENSP00000222115,HAS1
HAS2,HAS2,9606.ENSP00000306991,HAS2
HAS3,HAS3,9606.ENSP00000304440,HAS3
HAT1,HAT1,9606.ENSP00000264108,HAT1
HAUS1,HAUS1,9606.ENSP00000282058,HAUS1
HAUS2,HAUS2,9606.ENSP00000260372,HAUS2
HAUS3,HAUS3,9606.ENSP00000243706,HAUS3
HAUS4,HAUS4,9606.ENSP00000206474,HAUS4
HAUS5,HAUS5,9606.ENSP00000439056,HAUS5
HAUS6,HAUS6,9606.ENSP00000369871,HAUS6
HAUS7,HAUS7,9606.ENSP00000359230,HAUS7
HAUS8,HAUS8,9606.ENSP00000253669,HAUS8
HAVCR2,HAVCR2,9606.ENSP00000312002,HAVCR2
HAX1,Hax1,9606.ENSP00000329002,HAX1
HBA1,HBA1,9606.ENSP00000322421,HBA1
HBB,HBB,9606.ENSP00000494175,HBB
HBD,HBD,9606.ENSP00000494708,HBD
HBE1,HBE1,9606.ENSP00000292896,HBE1
HBEGF,HBEGF,9606.ENSP00000230990,HBEGF
HBG1,HBG1,9606.ENSP00000327431,HBG1
HBG2,HBG2,9606.ENSP00000338082,HBG2
HBS1L,HBS1L,9606.ENSP00000356811,HBS1L
HCAR2,HCAR2,9606.ENSP00000375066,HCAR2
HCAR3,HCAR3,9606.ENSP00000436714,HCAR3
HCFC1,HCFC1,9606.ENSP00000309555,HCFC1
HCFC2,HCFC2,9606.ENSP00000229330,HCFC2
HCK,Hck,9606.ENSP00000365012,HCK
HCLS1,Hcls1,9606.ENSP00000320176,HCLS1
HCN1,Hcn1,9606.ENSP00000307342,HCN1
HCN2,Hcn2,9606.ENSP00000251287,HCN2
HCN3,Hcn3,9606.ENSP00000357342,HCN3
HCN4,Hcn4,9606.ENSP00000261917,HCN4
HCRTR1,HCRTR1,9606.ENSP00000384387,HCRTR1
HCRTR2,Hcrtr2,9606.ENSP00000477548,HCRTR2
HCST,Hcst,9606.ENSP00000246551,HCST
HDAC1,Hdac1,9606.ENSP00000362649,HDAC1
HDAC10,HDAC10,9606.ENSP00000216271,HDAC10
HDAC11,HDAC11,9606.ENSP00000295757,HDAC11
HDAC2,Hdac2,9606.ENSP00000430432,HDAC2
HDAC3,Hdac3,9606.ENSP00000302967,HDAC3
HDAC4,Hdac4,9606.ENSP00000264606,HDAC4
HDAC5,Hdac5,9606.ENSP00000225983,HDAC5
HDAC6,Hdac6,9606.ENSP00000365804,HDAC6
HDAC7,Hdac7,9606.ENSP00000080059,HDAC7
HDAC8,Hdac8,9606.ENSP00000362674,HDAC8
HDAC9,Hdac9,9606.ENSP00000408617,HDAC9
HDGF,HDGF,9606.ENSP00000357189,HDGF
HDLBP,HDLBP,9606.ENSP00000375836,HDLBP
HEG1,Heg1,9606.ENSP00000311502,HEG1
HELZ2,Helz2,9606.ENSP00000417401,HELZ2
HEPACAM,Hepacam,9606.ENSP00000298251,HEPACAM
HEPH,HEPH,9606.ENSP00000430620,HEPH
HERC1,HERC1,9606.ENSP00000390158,HERC1
HERC2,HERC2,9606.ENSP00000261609,HERC2
HES1,Hes1,9606.ENSP00000232424,HES1
HESX1,HESX1,9606.ENSP00000498190,HESX1
HEXA,HEXA,9606.ENSP00000455114,HEXA
HEXB,HEXB,9606.ENSP00000261416,HEXB
HEXIM1,HEXIM1,9606.ENSP00000328773,HEXIM1
HEY1,HEY1,9606.ENSP00000338272,HEY1
HEY2,HEY2,9606.ENSP00000357348,HEY2
HFE,HFE,9606.ENSP00000417404,HFE
HGF,HGF,9606.ENSP00000222390,HGF
HGS,Hgs,9606.ENSP00000331201,HGS
HIC1,HIC1,9606.ENSP00000314080,HIC1
HIF1A,HIF1A,9606.ENSP00000437955,HIF1A
HIF1AN,Hif1an,9606.ENSP00000299163,HIF1AN
HIF3A,Hif3a,9606.ENSP00000366898,HIF3A
HIGD1A,HIGD1A,9606.ENSP00000398064,HIGD1A
HINFP,HINFP,9606.ENSP00000318085,HINFP
HINT1,Hint1,9606.ENSP00000304229,HINT1
HIP1,HIP1,9606.ENSP00000336747,HIP1
HIP1R,HIP1R,9606.ENSP00000253083,HIP1R
HIPK1,HIPK1,9606.ENSP00000407442,HIPK1
HIPK2,HIPK2,9606.ENSP00000385571,HIPK2
HIRA,HIRA,9606.ENSP00000263208,HIRA
HIVEP1,Hivep1,9606.ENSP00000368698,HIVEP1
HIVEP3,HIVEP3,9606.ENSP00000361664,HIVEP3
HJURP,HJURP,9606.ENSP00000414109,HJURP
HJV,HJV,9606.ENSP00000337014,HJV
HK1,HK1,9606.ENSP00000494664,HK1
HLA-DRA,HLA-DRA,9606.ENSP00000378786,HLA-DRA
HLA-DRB1,HLA-DRB1,9606.ENSP00000353099,HLA-DRB1
HLF,HLF,9606.ENSP00000226067,HLF
HMG20A,HMG20A,9606.ENSP00000371133,HMG20A
HMG20B,HMG20B,9606.ENSP00000328269,HMG20B
HMGA1,Hmga1,9606.ENSP00000399888,HMGA1
HMGB1,Hmgb1,9606.ENSP00000345347,HMGB1
HMGB2,HMGB2,9606.ENSP00000296503,HMGB2
HMGCR,HMGCR,9606.ENSP00000287936,HMGCR
HMGN1,HMGN1,9606.ENSP00000370125,HMGN1
HMMR,HMMR,9606.ENSP00000377492,HMMR
HNF1A,Hnf1a,9606.ENSP00000438804,HNF1A
HNF4A,Hnf4a,9606.ENSP00000312987,HNF4A
HNRNPA0,HNRNPA0,9606.ENSP00000316042,HNRNPA0
HNRNPA1,HNRNPA1,9606.ENSP00000341826,HNRNPA1
HNRNPA2B1,HNRNPA2B1,9606.ENSP00000346694,HNRNPA2B1
HNRNPA3,HNRNPA3,9606.ENSP00000376309,HNRNPA3
HNRNPAB,Hnrnpab,9606.ENSP00000425031,HNRNPAB
HNRNPC,HNRNPC,9606.ENSP00000451291,HNRNPC
HNRNPD,HNRNPD,9606.ENSP00000313199,HNRNPD
HNRNPDL,HNRNPDL,9606.ENSP00000483254,HNRNPDL
HNRNPF,Hnrnpf,9606.ENSP00000400433,HNRNPF
HNRNPH1,Hnrnph1,9606.ENSP00000349168,HNRNPH1
HNRNPK,HNRNPK,9606.ENSP00000365458,HNRNPK
HNRNPL,HNRNPL,9606.ENSP00000221419,HNRNPL
HNRNPM,Hnrnpm,9606.ENSP00000325376,HNRNPM
HNRNPR,Hnrnpr,9606.ENSP00000363745,HNRNPR
HNRNPU,Hnrnpu,9606.ENSP00000491215,HNRNPU
HNRNPUL1,HNRNPUL1,9606.ENSP00000375863,HNRNPUL1
HOMER1,Homer1,9606.ENSP00000334382,HOMER1
HOMER3,HOMER3,9606.ENSP00000439937,HOMER3
HOOK1,HOOK1,9606.ENSP00000360252,HOOK1
HOOK2,HOOK2,9606.ENSP00000380785,HOOK2
HOOK3,Hook3,9606.ENSP00000305699,HOOK3
HOPX,Hopx,9606.ENSP00000450527,HOPX
HOXA10,Hoxa10,9606.ENSP00000283921,HOXA10
HOXA9,Hoxa9,9606.ENSP00000343619,HOXA9
HOXB1,Hoxb1,9606.ENSP00000355140,HOXB1
HOXB13,HOXB13,9606.ENSP00000290295,HOXB13
HOXB7,HOXB7,9606.ENSP00000239165,HOXB7
HOXB8,Hoxb8,9606.ENSP00000239144,HOXB8
HOXC8,HOXC8,9606.ENSP00000040584,HOXC8
HOXD4,HOXD4,9606.ENSP00000302548,HOXD4
HP,HP,9606.ENSP00000348170,HP
HPCA,Hpca,9606.ENSP00000362566,HPCA
HPD,HPD,9606.ENSP00000289004,HPD
HPF1,HPF1,9606.ENSP00000406598,HPF1
HPR,HPR,9606.ENSP00000441828,HPR
HPS1,HPS1,9606.ENSP00000326649,HPS1
HPS3,Hps3,9606.ENSP00000296051,HPS3
HPS4,HPS4,9606.ENSP00000381213,HPS4
HPS5,Hps5,9606.ENSP00000265967,HPS5
HPS6,Hps6,9606.ENSP00000299238,HPS6
HRAS,Hras,9606.ENSP00000407586,HRAS
HRG,HRG,9606.ENSP00000232003,HRG
HRH1,HRH1,9606.ENSP00000380247,HRH1
HRH2,HRH2,9606.ENSP00000366506,HRH2
HRH3,Hrh3,9606.ENSP00000342560,HRH3
HRH4,HRH4,9606.ENSP00000256906,HRH4
HSD11B1,HSD11B1,9606.ENSP00000355995,HSD11B1
HSD17B10,HSD17B10,9606.ENSP00000168216,HSD17B10
HSD3B2,HSD3B2,9606.ENSP00000445122,HSD3B2
HSF1,HSF1,9606.ENSP00000431512,HSF1
HSF2,HSF2,9606.ENSP00000357440,HSF2
HSP90AA1,Hsp90aa1,9606.ENSP00000335153,HSP90AA1
HSP90AB1,Hsp90ab1,9606.ENSP00000360609,HSP90AB1
HSP90B1,Grp94,9606.ENSP00000299767,HSP90B1
HSPA14,Hspa14,9606.ENSP00000367623,HSPA14
HSPA1A,Hspa1a,9606.ENSP00000364802,HSPA1A
HSPA1B,Hspa1b,9606.ENSP00000364801,HSPA1B
HSPA1L,HSPA1L,9606.ENSP00000364805,HSPA1L
HSPA2,Hspa2,9606.ENSP00000378199,HSPA2
HSPA4,HSPA4,9606.ENSP00000302961,HSPA4
HSPA5,Hspa5,9606.ENSP00000324173,HSPA5
HSPA8,Hspa8,9606.ENSP00000437125,HSPA8
HSPA9,Hspa9,9606.ENSP00000297185,HSPA9
HSPB1,Hspb1,9606.ENSP00000248553,HSPB1
HSPB11,IFT25,9606.ENSP00000194214,HSPB11
HSPB2,Hspb2,9606.ENSP00000302476,HSPB2
HSPB3,Hspb3,9606.ENSP00000303394,HSPB3
HSPB6,HSPB6,9606.ENSP00000004982,HSPB6
HSPB8,HSPB8,9606.ENSP00000281938,HSPB8
HSPBP1,HSPBP1,9606.ENSP00000255631,HSPBP1
HSPD1,HSPD1,9606.ENSP00000340019,HSPD1
HSPG2,HSPG2,9606.ENSP00000363827,HSPG2
HSPH1,Hsph1,9606.ENSP00000487365,HSPH1
HTATSF1,HTATSF1,9606.ENSP00000442699,HTATSF1
HTR1A,Htr1a,9606.ENSP00000316244,HTR1A
HTR1B,Htr1b,9606.ENSP00000358963,HTR1B
HTR1D,HTR1D,9606.ENSP00000363748,HTR1D
HTR1E,HTR1E,9606.ENSP00000307766,HTR1E
HTR2A,Htr2a,9606.ENSP00000437737,HTR2A
HTR2B,Htr2b,9606.ENSP00000258400,HTR2B
HTR2C,Htr2c,9606.ENSP00000276198,HTR2C
HTR3A,HTR3A,9606.ENSP00000347754,HTR3A
HTR3B,HTR3B,9606.ENSP00000260191,HTR3B
HTR3C,HTR3C,9606.ENSP00000322617,HTR3C
HTR3D,HTR3D,9606.ENSP00000371929,HTR3D
HTR3E,HTR3E,9606.ENSP00000406050,HTR3E
HTR4,Htr4,9606.ENSP00000353915,HTR4
HTR6,Htr6,9606.ENSP00000289753,HTR6
HTR7,Htr7,9606.ENSP00000337949,HTR7
HTRA2,HTRA2,9606.ENSP00000258080,HTRA2
HTT,Htt,9606.ENSP00000347184,HTT
HUS1,HUS1,9606.ENSP00000258774,HUS1
HUS1B,HUS1B,9606.ENSP00000370293,HUS1B
HUWE1,HUWE1,9606.ENSP00000340648,HUWE1
HYAL2,HYAL2,9606.ENSP00000401853,HYAL2
HYOU1,Hyou1,9606.ENSP00000480150,HYOU1
HYPK,HYPK,9606.ENSP00000384474,HYPK
IARS1,IARS1,9606.ENSP00000364794,IARS1
IBTK,IBTK,9606.ENSP00000305721,IBTK
ICAM1,ICAM1,9606.ENSP00000264832,ICAM1
ICAM4,Icam4,9606.ENSP00000342114,ICAM4
ICE1,ICE1,9606.ENSP00000296564,ICE1
ICE2,ICE2,9606.ENSP00000261520,ICE2
ICOS,Icos,9606.ENSP00000319476,ICOS
IDH1,IDH1,9606.ENSP00000390265,IDH1
IDH2,IDH2,9606.ENSP00000331897,IDH2
IDH3A,IDH3A,9606.ENSP00000299518,IDH3A
IDH3B,IDH3B,9606.ENSP00000482773,IDH3B
IDH3G,IDH3G,9606.ENSP00000217901,IDH3G
IER5,IER5,9606.ENSP00000356549,IER5
IFI16,IFI16,9606.ENSP00000357113,IFI16
IFI35,IFI35,9606.ENSP00000395590,IFI35
IFIT1,IFIT1,9606.ENSP00000360869,IFIT1
IFIT2,IFIT2,9606.ENSP00000490935,IFIT2
IFIT3,IFIT3,9606.ENSP00000360876,IFIT3
IFNA2,IFNA2,9606.ENSP00000369554,IFNA2
IFNAR1,IFNAR1,9606.ENSP00000270139,IFNAR1
IFNAR2,IFNAR2,9606.ENSP00000343957,IFNAR2
IFNB1,IFNB1,9606.ENSP00000369581,IFNB1
IFNG,IFNG,9606.ENSP00000229135,IFNG
IFNGR1,IFNGR1,9606.ENSP00000356713,IFNGR1
IFNGR2,IFNGR2,9606.ENSP00000371425,IFNGR2
IFNL1,IFNL1,9606.ENSP00000329991,IFNL1
IFNLR1,IFNLR1,9606.ENSP00000327824,IFNLR1
IFNW1,IFNW1,9606.ENSP00000369578,IFNW1
IFRD1,Ifrd1,9606.ENSP00000384477,IFRD1
IFT122,IFT122,9606.ENSP00000296266,IFT122
IFT140,IFT140,9606.ENSP00000406012,IFT140
IFT172,IFT172,9606.ENSP00000260570,IFT172
IFT20,Ift20,9606.ENSP00000464443,IFT20
IFT22,IFT22,9606.ENSP00000320359,IFT22
IFT27,IFT27,9606.ENSP00000393541,IFT27
IFT43,IFT43,9606.ENSP00000238628,IFT43
IFT46,IFT46,9606.ENSP00000264020,IFT46
IFT52,IFT52,9606.ENSP00000362121,IFT52
IFT57,Ift57,9606.ENSP00000264538,IFT57
IFT74,IFT74,9606.ENSP00000404122,IFT74
IFT80,IFT80,9606.ENSP00000312778,IFT80
IFT81,IFT81,9606.ENSP00000242591,IFT81
IFT88,Ift88,9606.ENSP00000323580,IFT88
IGBP1,IGBP1,9606.ENSP00000363661,IGBP1
IGF1,IGF1,9606.ENSP00000376637,IGF1
IGF1R,Igf1r,9606.ENSP00000497069,IGF1R
IGF2,IGF2,9606.ENSP00000391826,IGF2
IGF2BP1,IGF2BP1,9606.ENSP00000290341,IGF2BP1
IGF2R,IGF2R,9606.ENSP00000349437,IGF2R
IGFALS,IGFALS,9606.ENSP00000416683,IGFALS
IGFBP2,IGFBP2,9606.ENSP00000233809,IGFBP2
IGFBP3,IGFBP3,9606.ENSP00000370473,IGFBP3
IGFBP5,IGFBP5,9606.ENSP00000233813,IGFBP5
IGLL1,IGLL1,9606.ENSP00000329312,IGLL1
IGSF5,Igsf5,9606.ENSP00000369962,IGSF5
IGSF9B,Igsf9b,9606.ENSP00000436552,IGSF9B
IKBKB,IKBKB,9606.ENSP00000430684,IKBKB
IKBKE,IKBKE,9606.ENSP00000464030,IKBKE
IKBKG,IKBKG,9606.ENSP00000483825,IKBKG
IKZF1,Ikzf1,9606.ENSP00000331614,IKZF1
IKZF2,Ikzf2,9606.ENSP00000412869,IKZF2
IKZF3,Ikzf3,9606.ENSP00000344544,IKZF3
IKZF4,IKZF4,9606.ENSP00000448419,IKZF4
IL10,IL10,9606.ENSP00000412237,IL10
IL10RA,IL10RA,9606.ENSP00000227752,IL10RA
IL10RB,IL10RB,9606.ENSP00000290200,IL10RB
IL11,IL11,9606.ENSP00000264563,IL11
IL11RA,IL11RA,9606.ENSP00000450565,IL11RA
IL12A,IL12A,9606.ENSP00000303231,IL12A
IL12B,IL12B,9606.ENSP00000231228,IL12B
IL12RB1,IL12RB1,9606.ENSP00000470788,IL12RB1
IL12RB2,IL12RB2,9606.ENSP00000262345,IL12RB2
IL13,IL13,9606.ENSP00000304915,IL13
IL13RA1,IL13RA1,9606.ENSP00000360730,IL13RA1
IL13RA2,IL13RA2,9606.ENSP00000361004,IL13RA2
IL15,IL15,9606.ENSP00000296545,IL15
IL15RA,IL15RA,9606.ENSP00000380421,IL15RA
IL17A,IL17A,9606.ENSP00000497968,IL17A
IL17C,IL17C,9606.ENSP00000244241,IL17C
IL17F,IL17F,9606.ENSP00000337432,IL17F
IL17RA,IL17RA,9606.ENSP00000320936,IL17RA
IL17RB,IL17RB,9606.ENSP00000288167,IL17RB
IL17RC,IL17RC,9606.ENSP00000295981,IL17RC
IL17RD,IL17RD,9606.ENSP00000296318,IL17RD
IL17RE,IL17RE,9606.ENSP00000373325,IL17RE
IL18,IL18,9606.ENSP00000280357,IL18
IL18R1,IL18R1,9606.ENSP00000387211,IL18R1
IL18RAP,IL18RAP,9606.ENSP00000264260,IL18RAP
IL19,IL19,9606.ENSP00000499459,IL19
IL1A,Il1a,9606.ENSP00000263339,IL1A
IL1B,IL1B,9606.ENSP00000263341,IL1B
IL1R1,IL1R1,9606.ENSP00000386380,IL1R1
IL1RAP,IL1RAP,9606.ENSP00000314807,IL1RAP
IL1RL1,IL1RL1,9606.ENSP00000233954,IL1RL1
IL1RL2,IL1RL2,9606.ENSP00000264257,IL1RL2
IL2,IL2,9606.ENSP00000226730,IL2
IL20,IL20,9606.ENSP00000356065,IL20
IL20RA,IL20RA,9606.ENSP00000314976,IL20RA
IL20RB,IL20RB,9606.ENSP00000328133,IL20RB
IL21,IL21,9606.ENSP00000497915,IL21
IL21R,IL21R,9606.ENSP00000338010,IL21R
IL22,IL22,9606.ENSP00000442424,IL22
IL22RA1,IL22RA1,9606.ENSP00000270800,IL22RA1
IL23A,IL23A,9606.ENSP00000228534,IL23A
IL23R,IL23R,9606.ENSP00000321345,IL23R
IL25,IL25,9606.ENSP00000328111,IL25
IL27,IL27,9606.ENSP00000349365,IL27
IL2RA,IL2RA,9606.ENSP00000369293,IL2RA
IL2RB,IL2RB,9606.ENSP00000216223,IL2RB
IL2RG,IL2RG,9606.ENSP00000363318,IL2RG
IL3,IL3,9606.ENSP00000296870,IL3
IL31,IL31,9606.ENSP00000366234,IL31
IL31RA,IL31RA,9606.ENSP00000498630,IL31RA
IL32,IL32,9606.ENSP00000431775,IL32
IL33,IL33,9606.ENSP00000370842,IL33
IL36A,IL36A,9606.ENSP00000259211,IL36A
IL36B,IL36B,9606.ENSP00000259213,IL36B
IL36G,IL36G,9606.ENSP00000259205,IL36G
IL36RN,IL36RN,9606.ENSP00000259212,IL36RN
IL3RA,IL3RA,9606.ENSP00000327890,IL3RA
IL4,IL4,9606.ENSP00000231449,IL4
IL4R,IL4R,9606.ENSP00000379111,IL4R
IL5,IL5,9606.ENSP00000231454,IL5
IL5RA,IL5RA,9606.ENSP00000412209,IL5RA
IL6,IL6,9606.ENSP00000385675,IL6
IL6R,IL6R,9606.ENSP00000357470,IL6R
IL6ST,IL6ST,9606.ENSP00000370698,IL6ST
IL7,IL7,9606.ENSP00000263851,IL7
IL7R,IL7R,9606.ENSP00000306157,IL7R
IL9,Il9,9606.ENSP00000274520,IL9
IL9R,Il9r,9606.ENSP00000244174,IL9R
ILF2,ILF2,9606.ENSP00000355011,ILF2
ILF3,ILF3,9606.ENSP00000404121,ILF3
ILK,ILK,9606.ENSP00000379975,ILK
IMMT,IMMT,9606.ENSP00000387262,IMMT
IMP3,IMP3,9606.ENSP00000326981,IMP3
IMP4,IMP4,9606.ENSP00000259239,IMP4
IMPDH1,IMPDH1,9606.ENSP00000345096,IMPDH1
IMPDH2,IMPDH2,9606.ENSP00000321584,IMPDH2
INA,Ina,9606.ENSP00000358865,INA
INCENP,INCENP,9606.ENSP00000378295,INCENP
ING1,ING1,9606.ENSP00000364929,ING1
ING2,ING2,9606.ENSP00000307183,ING2
ING3,ING3,9606.ENSP00000320566,ING3
ING4,ING4,9606.ENSP00000380024,ING4
ING5,ING5,9606.ENSP00000490767,ING5
INIP,INIP,9606.ENSP00000363360,INIP
INO80,INO80,9606.ENSP00000497609,INO80
INO80B,INO80B,9606.ENSP00000233331,INO80B
INO80C,INO80C,9606.ENSP00000391457,INO80C
INO80D,INO80D,9606.ENSP00000384198,INO80D
INO80E,INO80E,9606.ENSP00000457016,INO80E
INPP5D,Inpp5d,9606.ENSP00000405338,INPP5D
INPP5E,INPP5E,9606.ENSP00000360777,INPP5E
INPPL1,INPPL1,9606.ENSP00000298229,INPPL1
INS,INS,9606.ENSP00000380432,INS
INSC,INSC,9606.ENSP00000368872,INSC
INSIG1,INSIG1,9606.ENSP00000344741,INSIG1
INSIG2,INSIG2,9606.ENSP00000245787,INSIG2
INSR,INSR,9606.ENSP00000303830,INSR
INTS1,INTS1,9606.ENSP00000385722,INTS1
INTS10,INTS10,9606.ENSP00000381064,INTS10
INTS11,INTS11,9606.ENSP00000445001,INTS11
INTS12,INTS12,9606.ENSP00000415433,INTS12
INTS2,INTS2,9606.ENSP00000414237,INTS2
INTS3,INTS3,9606.ENSP00000318641,INTS3
INTS4,INTS4,9606.ENSP00000434466,INTS4
INTS5,INTS5,9606.ENSP00000327889,INTS5
INTS6,INTS6,9606.ENSP00000310260,INTS6
INTS7,INTS7,9606.ENSP00000355961,INTS7
INTS8,INTS8,9606.ENSP00000430338,INTS8
INTS9,INTS9,9606.ENSP00000429065,INTS9
INTU,INTU,9606.ENSP00000334003,INTU
INVS,INVS,9606.ENSP00000262457,INVS
IP6K1,Ip6k1,9606.ENSP00000482032,IP6K1
IPO11,IPO11,9606.ENSP00000386992,IPO11
IPO13,IPO13,9606.ENSP00000361418,IPO13
IPO4,IPO4,9606.ENSP00000346453,IPO4
IPO5,IPO5,9606.ENSP00000261574,IPO5
IPO7,IPO7,9606.ENSP00000369042,IPO7
IPO8,IPO8,9606.ENSP00000256079,IPO8
IPO9,IPO9,9606.ENSP00000354742,IPO9
IQCB1,IQCB1,9606.ENSP00000311505,IQCB1
IQCE,Iqce,9606.ENSP00000480715,IQCE
IQCG,IQCG,9606.ENSP00000265239,IQCG
IQGAP1,IQGAP1,9606.ENSP00000268182,IQGAP1
IQGAP2,IQGAP2,9606.ENSP00000274364,IQGAP2
IQGAP3,Iqgap3,9606.ENSP00000354451,IQGAP3
IQSEC1,Iqsec1,9606.ENSP00000480301,IQSEC1
IRAK1,IRAK1,9606.ENSP00000358997,IRAK1
IRAK2,IRAK2,9606.ENSP00000256458,IRAK2
IRAK3,IRAK3,9606.ENSP00000261233,IRAK3
IRAK4,IRAK4,9606.ENSP00000479889,IRAK4
IRF1,IRF1,9606.ENSP00000245414,IRF1
IRF2BP1,IRF2BP1,9606.ENSP00000307265,IRF2BP1
IRF2BP2,IRF2BP2,9606.ENSP00000355568,IRF2BP2
IRF2BPL,IRF2BPL,9606.ENSP00000238647,IRF2BPL
IRF3,IRF3,9606.ENSP00000471896,IRF3
IRF4,Irf4,9606.ENSP00000370343,IRF4
IRF7,IRF7,9606.ENSP00000380697,IRF7
IRF8,IRF8,9606.ENSP00000268638,IRF8
IRF9,IRF9,9606.ENSP00000380073,IRF9
IRS1,IRS1,9606.ENSP00000304895,IRS1
IRS2,Irs2,9606.ENSP00000365016,IRS2
IRS4,IRS4,9606.ENSP00000361202,IRS4
ISCU,ISCU,9606.ENSP00000310623,ISCU
ISL1,ISL1,9606.ENSP00000230658,ISL1
IST1,IST1,9606.ENSP00000438399,IST1
ISY1,ISY1,9606.ENSP00000273541,ISY1
ITCH,ITCH,9606.ENSP00000499786,ITCH
ITFG2,ITFG2,9606.ENSP00000228799,ITFG2
ITGA1,ITGA1,9606.ENSP00000282588,ITGA1
ITGA10,ITGA10,9606.ENSP00000358310,ITGA10
ITGA11,ITGA11,9606.ENSP00000327290,ITGA11
ITGA2,ITGA2,9606.ENSP00000296585,ITGA2
ITGA2B,ITGA2B,9606.ENSP00000262407,ITGA2B
ITGA3,ITGA3,9606.ENSP00000315190,ITGA3
ITGA4,ITGA4,9606.ENSP00000380227,ITGA4
ITGA5,ITGA5,9606.ENSP00000293379,ITGA5
ITGA6,ITGA6,9606.ENSP00000386896,ITGA6
ITGA7,ITGA7,9606.ENSP00000452120,ITGA7
ITGA8,ITGA8,9606.ENSP00000367316,ITGA8
ITGA9,ITGA9,9606.ENSP00000264741,ITGA9
ITGAE,ITGAE,9606.ENSP00000263087,ITGAE
ITGAL,ITGAL,9606.ENSP00000349252,ITGAL
ITGAM,ITGAM,9606.ENSP00000496959,ITGAM
ITGAV,ITGAV,9606.ENSP00000261023,ITGAV
ITGAX,Itgax,9606.ENSP00000454623,ITGAX
ITGB1,ITGB1,9606.ENSP00000379350,ITGB1
ITGB1BP1,ITGB1BP1,9606.ENSP00000353850,ITGB1BP1
ITGB2,ITGB2,9606.ENSP00000380948,ITGB2
ITGB3,ITGB3,9606.ENSP00000452786,ITGB3
ITGB3BP,ITGB3BP,9606.ENSP00000360133,ITGB3BP
ITGB4,ITGB4,9606.ENSP00000200181,ITGB4
ITGB5,ITGB5,9606.ENSP00000296181,ITGB5
ITGB6,ITGB6,9606.ENSP00000283249,ITGB6
ITGB7,ITGB7,9606.ENSP00000267082,ITGB7
ITGB8,ITGB8,9606.ENSP00000222573,ITGB8
ITK,ITK,9606.ENSP00000398655,ITK
ITPR1,ITPR1,9606.ENSP00000306253,ITPR1
ITPR2,Itpr2,9606.ENSP00000370744,ITPR2
ITPR3,ITPR3,9606.ENSP00000363435,ITPR3
ITSN1,ITSN1,9606.ENSP00000370719,ITSN1
IZUMO1,IZUMO1,9606.ENSP00000327786,IZUMO1
IZUMO1R,IZUMO1R,9606.ENSP00000332963,IZUMO1R
JADE1,JADE1,9606.ENSP00000226319,JADE1
JADE2,JADE2,9606.ENSP00000282605,JADE2
JADE3,JADE3,9606.ENSP00000481850,JADE3
JAK1,Jak1,9606.ENSP00000499900,JAK1
JAK2,Jak2,9606.ENSP00000371067,JAK2
JAK3,Jak3,9606.ENSP00000432511,JAK3
JAM2,JAM2,9606.ENSP00000383376,JAM2
JAM3,Jam3,9606.ENSP00000299106,JAM3
JAML,Jaml,9606.ENSP00000348635,JAML
JUN,Jun,9606.ENSP00000360266,JUN
JUNB,Junb,9606.ENSP00000303315,JUNB
JUND,JUND,9606.ENSP00000252818,JUND
JUP,Jup,9606.ENSP00000377508,JUP
KALRN,Kalrn,9606.ENSP00000240874,KALRN
KANSL1,KANSL1,9606.ENSP00000387393,KANSL1
KANSL2,KANSL2,9606.ENSP00000415436,KANSL2
KANSL3,KANSL3,9606.ENSP00000396749,KANSL3
KARS1,Kars1,9606.ENSP00000325448,KARS1
KAT14,KAT14,9606.ENSP00000392318,KAT14
KAT2A,KAT2A,9606.ENSP00000225916,KAT2A
KAT2B,Kat2b,9606.ENSP00000263754,KAT2B
KAT5,Kat5,9606.ENSP00000340330,KAT5
KAT6A,KAT6A,9606.ENSP00000265713,KAT6A
KAT6B,KAT6B,9606.ENSP00000287239,KAT6B
KAT7,KAT7,9606.ENSP00000259021,KAT7
KAT8,KAT8,9606.ENSP00000406037,KAT8
KATNA1,KATNA1,9606.ENSP00000356381,KATNA1
KATNAL1,KATNAL1,9606.ENSP00000369989,KATNAL1
KATNB1,KATNB1,9606.ENSP00000368982,KATNB1
KATNBL1,KATNBL1,9606.ENSP00000256544,KATNBL1
KBTBD6,KBTBD6,9606.ENSP00000368799,KBTBD6
KBTBD7,KBTBD7,9606.ENSP00000368797,KBTBD7
KCMF1,KCMF1,9606.ENSP00000386738,KCMF1
KCNA1,Kcna1,9606.ENSP00000371985,KCNA1
KCNA10,KCNA10,9606.ENSP00000358786,KCNA10
KCNA2,Kcna2,9606.ENSP00000487785,KCNA2
KCNA3,Kcna3,9606.ENSP00000358784,KCNA3
KCNA4,Kcna4,9606.ENSP00000328511,KCNA4
KCNA5,Kcna5,9606.ENSP00000252321,KCNA5
KCNA6,Kcna6,9606.ENSP00000280684,KCNA6
KCNA7,Kcna7,9606.ENSP00000221444,KCNA7
KCNAB1,KCNAB1,9606.ENSP00000419952,KCNAB1
KCNAB2,KCNAB2,9606.ENSP00000367323,KCNAB2
KCNAB3,Kcnab3,9606.ENSP00000302719,KCNAB3
KCNB1,KCNB1,9606.ENSP00000360806,KCNB1
KCNB2,KCNB2,9606.ENSP00000430846,KCNB2
KCNC1,KCNC1,9606.ENSP00000265969,KCNC1
KCNC2,Kcnc2,9606.ENSP00000449253,KCNC2
KCNC3,KCNC3,9606.ENSP00000434241,KCNC3
KCNC4,Kcnc4,9606.ENSP00000358802,KCNC4
KCND1,Kcnd1,9606.ENSP00000218176,KCND1
KCND2,KCND2,9606.ENSP00000333496,KCND2
KCND3,KCND3,9606.ENSP00000319591,KCND3
KCNE1,KCNE1,9606.ENSP00000382226,KCNE1
KCNE2,KCNE2,9606.ENSP00000290310,KCNE2
KCNE3,KCNE3,9606.ENSP00000310557,KCNE3
KCNE4,KCNE4,9606.ENSP00000281830,KCNE4
KCNE5,KCNE5,9606.ENSP00000361173,KCNE5
KCNF1,KCNF1,9606.ENSP00000295082,KCNF1
KCNG1,KCNG1,9606.ENSP00000360626,KCNG1
KCNG2,KCNG2,9606.ENSP00000315654,KCNG2
KCNG3,KCNG3,9606.ENSP00000304127,KCNG3
KCNG4,KCNG4,9606.ENSP00000312129,KCNG4
KCNH1,KCNH1,9606.ENSP00000271751,KCNH1
KCNH2,KCNH2,9606.ENSP00000262186,KCNH2
KCNH3,KCNH3,9606.ENSP00000257981,KCNH3
KCNH6,Kcnh6,9606.ENSP00000463533,KCNH6
KCNH8,KCNH8,9606.ENSP00000328813,KCNH8
KCNIP1,Kcnip1,9606.ENSP00000414886,KCNIP1
KCNIP2,Kcnip2,9606.ENSP00000420040,KCNIP2
KCNIP3,Kcnip3,9606.ENSP00000295225,KCNIP3
KCNIP4,KCNIP4,9606.ENSP00000371587,KCNIP4
KCNJ10,KCNJ10,9606.ENSP00000495557,KCNJ10
KCNJ11,KCNJ11,9606.ENSP00000345708,KCNJ11
KCNJ12,Kcnj12,9606.ENSP00000463778,KCNJ12
KCNJ3,Kcnj3,9606.ENSP00000295101,KCNJ3
KCNJ5,Kcnj5,9606.ENSP00000433295,KCNJ5
KCNJ6,Kcnj6,9606.ENSP00000477437,KCNJ6
KCNJ8,Kcnj8,9606.ENSP00000499300,KCNJ8
KCNK10,KCNK10,9606.ENSP00000312811,KCNK10
KCNK18,Kcnk18,9606.ENSP00000334650,KCNK18
KCNK3,Kcnk3,9606.ENSP00000306275,KCNK3
KCNK9,Kcnk9,9606.ENSP00000498198,KCNK9
KCNMA1,KCNMA1,9606.ENSP00000286628,KCNMA1
KCNN4,Kcnn4,9606.ENSP00000496939,KCNN4
KCNQ1,KCNQ1,9606.ENSP00000155840,KCNQ1
KCNQ2,KCNQ2,9606.ENSP00000352035,KCNQ2
KCNQ3,KCNQ3,9606.ENSP00000373648,KCNQ3
KCNQ4,KCNQ4,9606.ENSP00000262916,KCNQ4
KCNQ5,KCNQ5,9606.ENSP00000345055,KCNQ5
KCNS1,Kcns1,9606.ENSP00000445595,KCNS1
KCNS2,Kcns2,9606.ENSP00000287042,KCNS2
KCNS3,KCNS3,9606.ENSP00000385968,KCNS3
KCNV1,KCNV1,9606.ENSP00000435954,KCNV1
KCNV2,KCNV2,9606.ENSP00000371514,KCNV2
KCTD10,Kctd10,9606.ENSP00000228495,KCTD10
KCTD11,KCTD11,9606.ENSP00000495203,KCTD11
KCTD12,KCTD12,9606.ENSP00000366694,KCTD12
KCTD16,KCTD16,9606.ENSP00000426548,KCTD16
KCTD19,Kctd19,9606.ENSP00000305702,KCTD19
KCTD6,KCTD6,9606.ENSP00000347188,KCTD6
KDM1A,KDM1A,9606.ENSP00000383042,KDM1A
KDM2B,KDM2B,9606.ENSP00000366271,KDM2B
KDM3A,KDM3A,9606.ENSP00000386660,KDM3A
KDM4A,KDM4A,9606.ENSP00000361473,KDM4A
KDM4C,KDM4C,9606.ENSP00000370710,KDM4C
KDM5B,KDM5B,9606.ENSP00000356233,KDM5B
KDM6A,KDM6A,9606.ENSP00000367203,KDM6A
KDM6B,KDM6B,9606.ENSP00000254846,KDM6B
KDM8,KDM8,9606.ENSP00000398410,KDM8
KDR,KDR,9606.ENSP00000263923,KDR
KEAP1,KEAP1,9606.ENSP00000377245,KEAP1
KHDC3L,KHDC3L,9606.ENSP00000359392,KHDC3L
KHDRBS1,KHDRBS1,9606.ENSP00000313829,KHDRBS1
KHSRP,KHSRP,9606.ENSP00000381216,KHSRP
KIAA0753,KIAA0753,9606.ENSP00000355250,KIAA0753
KIDINS220,Kidins220,9606.ENSP00000256707,KIDINS220
KIF11,KIF11,9606.ENSP00000260731,KIF11
KIF13A,Kif13a,9606.ENSP00000259711,KIF13A
KIF14,KIF14,9606.ENSP00000356319,KIF14
KIF15,Kif15,9606.ENSP00000324020,KIF15
KIF17,KIF17,9606.ENSP00000247986,KIF17
KIF1B,Kif1b,9606.ENSP00000263934,KIF1B
KIF20A,KIF20A,9606.ENSP00000378356,KIF20A
KIF21A,Kif21a,9606.ENSP00000354878,KIF21A
KIF23,KIF23,9606.ENSP00000260363,KIF23
KIF2A,KIF2A,9606.ENSP00000385000,KIF2A
KIF3A,KIF3A,9606.ENSP00000385808,KIF3A
KIF3B,KIF3B,9606.ENSP00000364864,KIF3B
KIF4A,KIF4A,9606.ENSP00000363524,KIF4A
KIF5A,KIF5A,9606.ENSP00000408979,KIF5A
KIF5B,KIF5B,9606.ENSP00000307078,KIF5B
KIF5C,KIF5C,9606.ENSP00000393379,KIF5C
KIF7,Kif7,9606.ENSP00000377934,KIF7
KIFAP3,Kifap3,9606.ENSP00000354560,KIFAP3
KIN,KIN,9606.ENSP00000368881,KIN
KIRREL1,Kirrel1,9606.ENSP00000352138,KIRREL1
KISS1R,KISS1R,9606.ENSP00000234371,KISS1R
KIT,KIT,9606.ENSP00000288135,KIT
KITLG,KITLG,9606.ENSP00000495951,KITLG
KL,Kl,9606.ENSP00000369442,KL
KLB,KLB,9606.ENSP00000257408,KLB
KLC1,KLC1,9606.ENSP00000414982,KLC1
KLC2,Klc2,9606.ENSP00000399403,KLC2
KLC3,KLC3,9606.ENSP00000375810,KLC3
KLF10,KLF10,9606.ENSP00000285407,KLF10
KLF5,Klf5,9606.ENSP00000366915,KLF5
KLHL12,KLHL12,9606.ENSP00000356230,KLHL12
KLHL13,KLHL13,9606.ENSP00000419803,KLHL13
KLHL20,KLHL20,9606.ENSP00000209884,KLHL20
KLHL24,KLHL24,9606.ENSP00000395012,KLHL24
KLHL25,KLHL25,9606.ENSP00000336800,KLHL25
KLHL3,KLHL3,9606.ENSP00000312397,KLHL3
KLHL41,Klhl41,9606.ENSP00000284669,KLHL41
KLHL42,KLHL42,9606.ENSP00000370671,KLHL42
KLHL7,KLHL7,9606.ENSP00000343273,KLHL7
KLHL8,KLHL8,9606.ENSP00000273963,KLHL8
KLHL9,KLHL9,9606.ENSP00000351933,KLHL9
KLK2,KLK2,9606.ENSP00000313581,KLK2
KLK3,KLK3,9606.ENSP00000314151,KLK3
KLK6,KLK6,9606.ENSP00000366047,KLK6
KLRC1,KLRC1,9606.ENSP00000438038,KLRC1
KLRD1,KLRD1,9606.ENSP00000338130,KLRD1
KLRK1,KLRK1,9606.ENSP00000240618,KLRK1
KMT2A,KMT2A,9606.ENSP00000436786,KMT2A
KMT2B,KMT2B,9606.ENSP00000398837,KMT2B
KMT2C,KMT2C,9606.ENSP00000262189,KMT2C
KMT2D,KMT2D,9606.ENSP00000301067,KMT2D
KMT2E,KMT2E,9606.ENSP00000312379,KMT2E
KNL1,KNL1,9606.ENSP00000335463,KNL1
KNSTRN,KNSTRN,9606.ENSP00000249776,KNSTRN
KNTC1,KNTC1,9606.ENSP00000328236,KNTC1
KPNA1,KPNA1,9606.ENSP00000343701,KPNA1
KPNA2,KPNA2,9606.ENSP00000438483,KPNA2
KPNA3,KPNA3,9606.ENSP00000261667,KPNA3
KPNA4,KPNA4,9606.ENSP00000334373,KPNA4
KPNA6,KPNA6,9606.ENSP00000362728,KPNA6
KPNB1,KPNB1,9606.ENSP00000290158,KPNB1
KPTN,KPTN,9606.ENSP00000337850,KPTN
KRAS,KRAS,9606.ENSP00000256078,KRAS
KREMEN1,KREMEN1,9606.ENSP00000331242,KREMEN1
KREMEN2,Kremen2,9606.ENSP00000304422,KREMEN2
KRIT1,KRIT1,9606.ENSP00000378015,KRIT1
KRT1,KRT1,9606.ENSP00000252244,KRT1
KRT10,KRT10,9606.ENSP00000269576,KRT10
KRT14,KRT14,9606.ENSP00000167586,KRT14
KRT16,KRT16,9606.ENSP00000301653,KRT16
KRT2,KRT2,9606.ENSP00000310861,KRT2
KRT5,KRT5,9606.ENSP00000252242,KRT5
KRT6A,KRT6A,9606.ENSP00000369317,KRT6A
KRT6B,KRT6B,9606.ENSP00000252252,KRT6B
KRTCAP2,KRTCAP2,9606.ENSP00000295682,KRTCAP2
KSR1,KSR1,9606.ENSP00000381958,KSR1
KSR2,KSR2,9606.ENSP00000389715,KSR2
KTN1,KTN1,9606.ENSP00000378725,KTN1
KXD1,KXD1,9606.ENSP00000472836,KXD1
KY,Ky,9606.ENSP00000397598,KY
L1CAM,L1cam,9606.ENSP00000359077,L1CAM
L3MBTL2,L3MBTL2,9606.ENSP00000216237,L3MBTL2
LACTB,LACTB,9606.ENSP00000261893,LACTB
LAG3,LAG3,9606.ENSP00000203629,LAG3
LAGE3,LAGE3,9606.ENSP00000349923,LAGE3
LAMA2,Lama2,9606.ENSP00000400365,LAMA2
LAMA3,LAMA3,9606.ENSP00000324532,LAMA3
LAMA4,LAMA4,9606.ENSP00000230538,LAMA4
LAMA5,LAMA5,9606.ENSP00000252999,LAMA5
LAMB1,LAMB1,9606.ENSP00000222399,LAMB1
LAMB2,LAMB2,9606.ENSP00000307156,LAMB2
LAMC1,LAMC1,9606.ENSP00000258341,LAMC1
LAMTOR1,Lamtor1,9606.ENSP00000278671,LAMTOR1
LAMTOR2,Lamtor2,9606.ENSP00000357288,LAMTOR2
LAMTOR3,Lamtor3,9606.ENSP00000424183,LAMTOR3
LAMTOR4,Lamtor4,9606.ENSP00000343118,LAMTOR4
LAMTOR5,Lamtor5,9606.ENSP00000256644,LAMTOR5
LAPTM4B,LAPTM4B,9606.ENSP00000402301,LAPTM4B
LARP1,LARP1,9606.ENSP00000336721,LARP1
LARP7,LARP7,9606.ENSP00000422626,LARP7
LARS1,LARS1,9606.ENSP00000377954,LARS1
LAS1L,LAS1L,9606.ENSP00000363944,LAS1L
LAT,Lat,9606.ENSP00000378845,LAT
LAT2,Lat2,9606.ENSP00000381492,LAT2
LATS1,LATS1,9606.ENSP00000437550,LATS1
LATS2,Lats2,9606.ENSP00000372035,LATS2
LCA5,LCA5,9606.ENSP00000376686,LCA5
LCK,Lck,9606.ENSP00000477713,LCK
LCOR,LCOR,9606.ENSP00000490116,LCOR
LCP2,Lcp2,9606.ENSP00000046794,LCP2
LDB1,Ldb1,9606.ENSP00000501277,LDB1
LDB3,Ldb3,9606.ENSP00000401437,LDB3
LDHA,LDHA,9606.ENSP00000445175,LDHA
LDLR,Ldlr,9606.ENSP00000454071,LDLR
LEF1,Lef1,9606.ENSP00000265165,LEF1
LEMD3,LEMD3,9606.ENSP00000308369,LEMD3
LENG8,LENG8,9606.ENSP00000318374,LENG8
LEO1,LEO1,9606.ENSP00000299601,LEO1
LEP,Lep,9606.ENSP00000312652,LEP
LEPR,Lepr,9606.ENSP00000330393,LEPR
LGALS1,LGALS1,9606.ENSP00000215909,LGALS1
LGALS3,LGALS3,9606.ENSP00000254301,LGALS3
LGALS3BP,LGALS3BP,9606.ENSP00000262776,LGALS3BP
LGALS9,LGALS9,9606.ENSP00000378856,LGALS9
LGI1,Lgi1,9606.ENSP00000360472,LGI1
LGR4,Lgr4,9606.ENSP00000368516,LGR4
LGR5,LGR5,9606.ENSP00000266674,LGR5
LGR6,LGR6,9606.ENSP00000356247,LGR6
LHCGR,Lhcgr,9606.ENSP00000294954,LHCGR
LHFPL5,Lhfpl5,9606.ENSP00000498322,LHFPL5
LHX3,Lhx3,9606.ENSP00000360811,LHX3
LHX8,Lhx8,9606.ENSP00000294638,LHX8
LIF,LIF,9606.ENSP00000249075,LIF
LIFR,LIFR,9606.ENSP00000398368,LIFR
LIG1,Lig1,9606.ENSP00000263274,LIG1
LIG3,LIG3,9606.ENSP00000367787,LIG3
LIG4,Lig4,9606.ENSP00000484288,LIG4
LIMD1,Limd1,9606.ENSP00000273317,LIMD1
LIME1,Lime1,9606.ENSP00000309521,LIME1
LIMK1,Limk1,9606.ENSP00000336740,LIMK1
LIMS1,Lims1,9606.ENSP00000337598,LIMS1
LIMS2,LIMS2,9606.ENSP00000326888,LIMS2
LIN37,LIN37,9606.ENSP00000301159,LIN37
LIN52,LIN52,9606.ENSP00000451812,LIN52
LIN54,LIN54,9606.ENSP00000341947,LIN54
LIN7A,Lin7a,9606.ENSP00000447488,LIN7A
LIN7B,Lin7b,9606.ENSP00000221459,LIN7B
LIN7C,Lin7c,9606.ENSP00000278193,LIN7C
LIN9,LIN9,9606.ENSP00000329102,LIN9
LINGO1,Lingo1,9606.ENSP00000347451,LINGO1
LIPF,LIPF,9606.ENSP00000377900,LIPF
LITAF,LITAF,9606.ENSP00000459533,LITAF
LLGL1,Llgl1,9606.ENSP00000321537,LLGL1
LLGL2,LLGL2,9606.ENSP00000376333,LLGL2
LMAN1,LMAN1,9606.ENSP00000251047,LMAN1
LMBRD1,LMBRD1,9606.ENSP00000497690,LMBRD1
LMNA,Lmna,9606.ENSP00000357283,LMNA
LMNB1,LMNB1,9606.ENSP00000261366,LMNB1
LMO2,Lmo2,9606.ENSP00000257818,LMO2
LMO4,LMO4,9606.ENSP00000359575,LMO4
LMO7,LMO7,9606.ENSP00000366757,LMO7
LMX1B,Lmx1b,9606.ENSP00000347684,LMX1B
LNX1,Lnx1,9606.ENSP00000263925,LNX1
LNX2,Lnx2,9606.ENSP00000325929,LNX2
LPAR1,Lpar1,9606.ENSP00000363553,LPAR1
LPAR2,LPAR2,9606.ENSP00000443256,LPAR2
LPAR3,LPAR3,9606.ENSP00000359643,LPAR3
LPAR5,LPAR5,9606.ENSP00000393098,LPAR5
LPIN1,Lpin1,9606.ENSP00000397908,LPIN1
LPP,LPP,9606.ENSP00000491657,LPP
LRGUK,LRGUK,9606.ENSP00000285928,LRGUK
LRIG1,LIG1,9606.ENSP00000273261,LRIG1
LRP1,Lrp1,9606.ENSP00000243077,LRP1
LRP2,Lrp2,9606.ENSP00000496870,LRP2
LRP4,LRP4,9606.ENSP00000367888,LRP4
LRP5,LRP5,9606.ENSP00000294304,LRP5
LRP6,LRP6,9606.ENSP00000261349,LRP6
LRP8,Lrp8,9606.ENSP00000303634,LRP8
LRPPRC,LRPPRC,9606.ENSP00000260665,LRPPRC
LRRC26,LRRC26,9606.ENSP00000360597,LRRC26
LRRC41,Lrrc41,9606.ENSP00000477792,LRRC41
LRRC49,Lrrc49,9606.ENSP00000453273,LRRC49
LRRC4C,Lrrc4c,9606.ENSP00000278198,LRRC4C
LRRC7,LRRC7,9606.ENSP00000309245,LRRC7
LRRC8A,LRRC8A,9606.ENSP00000259324,LRRC8A
LRRC8B,LRRC8B,9606.ENSP00000491377,LRRC8B
LRRC8C,LRRC8C,9606.ENSP00000359483,LRRC8C
LRRC8D,LRRC8D,9606.ENSP00000338887,LRRC8D
LRRC8E,LRRC8E,9606.ENSP00000479953,LRRC8E
LRRK2,LRRK2,9606.ENSP00000298910,LRRK2
LRRTM4,Lrrtm4,9606.ENSP00000387228,LRRTM4
LSM1,LSM1,9606.ENSP00000310596,LSM1
LSM10,LSM10,9606.ENSP00000319341,LSM10
LSM11,LSM11,9606.ENSP00000286307,LSM11
LSM2,LSM2,9606.ENSP00000364813,LSM2
LSM3,LSM3,9606.ENSP00000302160,LSM3
LSM4,LSM4,9606.ENSP00000469468,LSM4
LSM5,LSM5,9606.ENSP00000410758,LSM5
LSM6,LSM6,9606.ENSP00000296581,LSM6
LSM7,LSM7,9606.ENSP00000252622,LSM7
LSM8,LSM8,9606.ENSP00000249299,LSM8
LTA,LTA,9606.ENSP00000403495,LTA
LTB,LTB,9606.ENSP00000410481,LTB
LTBP4,LTBP4,9606.ENSP00000311905,LTBP4
LTBR,LTBR,9606.ENSP00000228918,LTBR
LTF,LTF,9606.ENSP00000231751,LTF
LTK,LTK,9606.ENSP00000263800,LTK
LTO1,LTO1,9606.ENSP00000279147,LTO1
LUC7L2,LUC7L2,9606.ENSP00000347005,LUC7L2
LUC7L3,LUC7L3,9606.ENSP00000376919,LUC7L3
LY86,LY86,9606.ENSP00000369286,LY86
LY96,LY96,9606.ENSP00000284818,LY96
LYAR,LYAR,9606.ENSP00000345917,LYAR
LYN,LYN,9606.ENSP00000428924,LYN
LYRM4,LYRM4,9606.ENSP00000443900,LYRM4
LYVE1,Lyve1,9606.ENSP00000256178,LYVE1
LZTFL1,LZTFL1,9606.ENSP00000296135,LZTFL1
MAATS1,CFAP91,9606.ENSP00000273390,MAATS1
MACF1,MACF1,9606.ENSP00000354573,MACF1
MACROH2A1,MACROH2A1,9606.ENSP00000423563,MACROH2A1
MAD1L1,MAD1L1,9606.ENSP00000385334,MAD1L1
MAD2L1,MAD2L1,9606.ENSP00000296509,MAD2L1
MAD2L2,MAD2L2,9606.ENSP00000235310,MAD2L2
MADCAM1,MADCAM1,9606.ENSP00000215637,MADCAM1
MAEA,MAEA,9606.ENSP00000302830,MAEA
MAFA,MAFA,9606.ENSP00000328364,MAFA
MAGEA1,MAGEA1,9606.ENSP00000349085,MAGEA1
MAGEA11,MAGEA11,9606.ENSP00000347358,MAGEA11
MAGEA2,MAGEA2,9606.ENSP00000485541,MAGEA2
MAGEA3,MAGEA3,9606.ENSP00000473093,MAGEA3
MAGEA6,MAGEA6,9606.ENSP00000480637,MAGEA6
MAGEC2,MAGEC2,9606.ENSP00000354660,MAGEC2
MAGED1,MAGED1,9606.ENSP00000364847,MAGED1
MAGEF1,MAGEF1,9606.ENSP00000315064,MAGEF1
MAGEL2,MAGEL2,9606.ENSP00000497810,MAGEL2
MAGI1,MAGI1,9606.ENSP00000385450,MAGI1
MAGI2,MAGI2,9606.ENSP00000346151,MAGI2
MAGOH,MAGOH,9606.ENSP00000360525,MAGOH
MAGT1,MAGT1,9606.ENSP00000354649,MAGT1
MAJIN,Majin,9606.ENSP00000301896,MAJIN
MAK,MAK,9606.ENSP00000346484,MAK
MAL,MAL,9606.ENSP00000310880,MAL
MALT1,MALT1,9606.ENSP00000497997,MALT1
MAML1,MAML1,9606.ENSP00000292599,MAML1
MAML2,Maml2,9606.ENSP00000434552,MAML2
MAML3,MAML3,9606.ENSP00000421180,MAML3
MAOA,MAOA,9606.ENSP00000340684,MAOA
MAOB,MAOB,9606.ENSP00000367309,MAOB
MAP11,TRAPPC14,9606.ENSP00000324741,MAP11
MAP1B,MAP1B,9606.ENSP00000296755,MAP1B
MAP1LC3A,MAP1LC3A,9606.ENSP00000363970,MAP1LC3A
MAP2,Map2,9606.ENSP00000353508,MAP2
MAP2K1,MAP2K1,9606.ENSP00000302486,MAP2K1
MAP2K2,MAP2K2,9606.ENSP00000262948,MAP2K2
MAP2K3,MAP2K3,9606.ENSP00000345083,MAP2K3
MAP2K4,MAP2K4,9606.ENSP00000410402,MAP2K4
MAP2K5,MAP2K5,9606.ENSP00000178640,MAP2K5
MAP2K7,Map2k7,9606.ENSP00000381070,MAP2K7
MAP3K1,Map3k1,9606.ENSP00000382423,MAP3K1
MAP3K11,MAP3K11,9606.ENSP00000309597,MAP3K11
MAP3K14,MAP3K14,9606.ENSP00000482657,MAP3K14
MAP3K2,MAP3K2,9606.ENSP00000387246,MAP3K2
MAP3K20,MAP3K20,9606.ENSP00000364361,MAP3K20
MAP3K3,MAP3K3,9606.ENSP00000354927,MAP3K3
MAP3K4,MAP3K4,9606.ENSP00000375986,MAP3K4
MAP3K5,MAP3K5,9606.ENSP00000351908,MAP3K5
MAP3K7,MAP3K7,9606.ENSP00000358335,MAP3K7
MAP3K8,MAP3K8,9606.ENSP00000263056,MAP3K8
MAP4K4,Map4k4,9606.ENSP00000343658,MAP4K4
MAPK1,MAPK1,9606.ENSP00000215832,MAPK1
MAPK11,MAPK11,9606.ENSP00000333685,MAPK11
MAPK14,MAPK14,9606.ENSP00000229795,MAPK14
MAPK3,MAPK3,9606.ENSP00000263025,MAPK3
MAPK6,MAPK6,9606.ENSP00000261845,MAPK6
MAPK7,Mapk7,9606.ENSP00000311005,MAPK7
MAPK8,Mapk8,9606.ENSP00000378974,MAPK8
MAPK8IP1,MAPK8IP1,9606.ENSP00000241014,MAPK8IP1
MAPK8IP2,MAPK8IP2,9606.ENSP00000330572,MAPK8IP2
MAPK9,Mapk9,9606.ENSP00000394560,MAPK9
MAPKAP1,MAPKAP1,9606.ENSP00000265960,MAPKAP1
MAPKAPK2,MAPKAPK2,9606.ENSP00000356070,MAPKAPK2
MAPKAPK3,MAPKAPK3,9606.ENSP00000396467,MAPKAPK3
MAPKAPK5,MAPKAPK5,9606.ENSP00000449381,MAPKAPK5
MAPRE1,MAPRE1,9606.ENSP00000364721,MAPRE1
MAPRE3,MAPRE3,9606.ENSP00000233121,MAPRE3
MAPT,MAPT,9606.ENSP00000340820,MAPT
MARC2,MTARC2,9606.ENSP00000355880,MARC2
MARCHF2,MARCHF2,9606.ENSP00000471536,MARCHF2
MARCKSL1,MARCKSL1,9606.ENSP00000362638,MARCKSL1
MARK2,MARK2,9606.ENSP00000385751,MARK2
MARS1,MARS1,9606.ENSP00000262027,MARS1
MAS1,MAS1,9606.ENSP00000501180,MAS1
MASP1,MASP1,9606.ENSP00000296280,MASP1
MASP2,MASP2,9606.ENSP00000383690,MASP2
MAT1A,MAT1A,9606.ENSP00000361287,MAT1A
MAT2A,MAT2A,9606.ENSP00000303147,MAT2A
MAT2B,MAT2B,9606.ENSP00000325425,MAT2B
MATR3,MATR3,9606.ENSP00000378284,MATR3
MAU2,MAU2,9606.ENSP00000262815,MAU2
MAVS,MAVS,9606.ENSP00000401980,MAVS
MAX,MAX,9606.ENSP00000351490,MAX
MAZ,MAZ,9606.ENSP00000219782,MAZ
MBD1,MBD1,9606.ENSP00000468785,MBD1
MBD2,MBD2,9606.ENSP00000256429,MBD2
MBD3,MBD3,9606.ENSP00000412302,MBD3
MBIP,MBIP,9606.ENSP00000399718,MBIP
MBL2,MBL2,9606.ENSP00000363079,MBL2
MBTD1,MBTD1,9606.ENSP00000468304,MBTD1
MC1R,MC1R,9606.ENSP00000451605,MC1R
MC2R,MC2R,9606.ENSP00000333821,MC2R
MC3R,MC3R,9606.ENSP00000243911,MC3R
MC4R,MC4R,9606.ENSP00000299766,MC4R
MC5R,MC5R,9606.ENSP00000468086,MC5R
MCC,MCC,9606.ENSP00000386227,MCC
MCCC1,MCCC1,9606.ENSP00000265594,MCCC1
MCCC2,MCCC2,9606.ENSP00000343657,MCCC2
MCF2,MCF2,9606.ENSP00000430276,MCF2
MCF2L,Mcf2l,9606.ENSP00000440374,MCF2L
MCFD2,MCFD2,9606.ENSP00000386651,MCFD2
MCHR1,Mchr1,9606.ENSP00000249016,MCHR1
MCIDAS,MCIDAS,9606.ENSP00000426359,MCIDAS
MCL1,MCL1,9606.ENSP00000358022,MCL1
MCM2,MCM2,9606.ENSP00000265056,MCM2
MCM3,MCM3,9606.ENSP00000480987,MCM3
MCM3AP,MCM3AP,9606.ENSP00000291688,MCM3AP
MCM4,MCM4,9606.ENSP00000262105,MCM4
MCM5,MCM5,9606.ENSP00000216122,MCM5
MCM6,MCM6,9606.ENSP00000264156,MCM6
MCM7,MCM7,9606.ENSP00000307288,MCM7
MCM8,MCM8,9606.ENSP00000368164,MCM8
MCM9,MCM9,9606.ENSP00000314505,MCM9
MCPH1,MCPH1,9606.ENSP00000342924,MCPH1
MCRS1,MCRS1,9606.ENSP00000349640,MCRS1
MCU,MCU,9606.ENSP00000362144,MCU
MCUB,MCUB,9606.ENSP00000378145,MCUB
MDC1,MDC1,9606.ENSP00000365588,MDC1
MDM2,MDM2,9606.ENSP00000258149,MDM2
MDM4,MDM4,9606.ENSP00000356150,MDM4
MDN1,MDN1,9606.ENSP00000358400,MDN1
MEAF6,MEAF6,9606.ENSP00000362166,MEAF6
MECOM,MECOM,9606.ENSP00000264674,MECOM
MECP2,MECP2,9606.ENSP00000395535,MECP2
MED1,MED1,9606.ENSP00000300651,MED1
MED10,MED10,9606.ENSP00000255764,MED10
MED11,MED11,9606.ENSP00000293777,MED11
MED12,MED12,9606.ENSP00000363193,MED12
MED13,MED13,9606.ENSP00000380888,MED13
MED13L,MED13L,9606.ENSP00000281928,MED13L
MED14,MED14,9606.ENSP00000323720,MED14
MED15,MED15,9606.ENSP00000263205,MED15
MED16,MED16,9606.ENSP00000325612,MED16
MED17,MED17,9606.ENSP00000251871,MED17
MED18,MED18,9606.ENSP00000362948,MED18
MED19,MED19,9606.ENSP00000498791,MED19
MED20,MED20,9606.ENSP00000265350,MED20
MED21,MED21,9606.ENSP00000282892,MED21
MED22,MED22,9606.ENSP00000482438,MED22
MED23,MED23,9606.ENSP00000357047,MED23
MED24,MED24,9606.ENSP00000440100,MED24
MED25,MED25,9606.ENSP00000326767,MED25
MED26,MED26,9606.ENSP00000263390,MED26
MED27,MED27,9606.ENSP00000292035,MED27
MED28,MED28,9606.ENSP00000237380,MED28
MED29,MED29,9606.ENSP00000481733,MED29
MED30,MED30,9606.ENSP00000297347,MED30
MED31,MED31,9606.ENSP00000225728,MED31
MED4,MED4,9606.ENSP00000258648,MED4
MED6,MED6,9606.ENSP00000481920,MED6
MED7,MED7,9606.ENSP00000286317,MED7
MED8,MED8,9606.ENSP00000290663,MED8
MED9,MED9,9606.ENSP00000268711,MED9
MEF2A,MEF2A,9606.ENSP00000453095,MEF2A
MEF2C,MEF2C,9606.ENSP00000340874,MEF2C
MEF2D,MEF2D,9606.ENSP00000271555,MEF2D
MEFV,MEFV,9606.ENSP00000219596,MEFV
MEGF8,Megf8,9606.ENSP00000251268,MEGF8
MEI4,Mei4,9606.ENSP00000473370,MEI4
MEIG1,MEIG1,9606.ENSP00000384334,MEIG1
MEIOB,Meiob,9606.ENSP00000314484,MEIOB
MEIS1,MEIS1,9606.ENSP00000272369,MEIS1
MEIS2,Meis2,9606.ENSP00000453793,MEIS2
MEMO1,MEMO1,9606.ENSP00000295065,MEMO1
MEN1,MEN1,9606.ENSP00000337088,MEN1
MEP1A,MEP1A,9606.ENSP00000230588,MEP1A
MEP1B,MEP1B,9606.ENSP00000269202,MEP1B
MEPCE,MEPCE,9606.ENSP00000308546,MEPCE
MET,MET,9606.ENSP00000317272,MET
METAP2,METAP2,9606.ENSP00000325312,METAP2
METTL14,METTL14,9606.ENSP00000373474,METTL14
METTL3,METTL3,9606.ENSP00000298717,METTL3
MFAP1,MFAP1,9606.ENSP00000267812,MFAP1
MFAP2,MFAP2,9606.ENSP00000364685,MFAP2
MFF,Mff,9606.ENSP00000302037,MFF
MFGE8,MFGE8,9606.ENSP00000268150,MFGE8
MGA,MGA,9606.ENSP00000219905,MGA
MGAM,MGAM,9606.ENSP00000447378,MGAM
MGAT1,MGAT1,9606.ENSP00000332073,MGAT1
MGAT2,MGAT2,9606.ENSP00000307423,MGAT2
MGAT4B,MGAT4B,9606.ENSP00000338487,MGAT4B
MGAT5,MGAT5,9606.ENSP00000281923,MGAT5
MGRN1,MGRN1,9606.ENSP00000262370,MGRN1
MIA2,MIA2,9606.ENSP00000491014,MIA2
MIA3,MIA3,9606.ENSP00000340900,MIA3
MICA,MICA,9606.ENSP00000413079,MICA
MICAL1,MICAL1,9606.ENSP00000486901,MICAL1
MICALL1,MICALL1,9606.ENSP00000215957,MICALL1
MICALL2,Micall2,9606.ENSP00000297508,MICALL2
MICB,MICB,9606.ENSP00000252229,MICB
MICOS10,MICOS10,9606.ENSP00000325562,MICOS10
MICOS13,MICOS13,9606.ENSP00000468723,MICOS13
MICU1,MICU1,9606.ENSP00000493232,MICU1
MICU2,MICU2,9606.ENSP00000371811,MICU2
MID1,MID1,9606.ENSP00000414521,MID1
MIEF1,Mief1,9606.ENSP00000385110,MIEF1
MIER1,MIER1,9606.ENSP00000383820,MIER1
MIER2,MIER2,9606.ENSP00000264819,MIER2
MIF,MIF,9606.ENSP00000215754,MIF
MINK1,Mink1,9606.ENSP00000347427,MINK1
MIOS,MIOS,9606.ENSP00000339881,MIOS
MIS12,MIS12,9606.ENSP00000370557,MIS12
MIS18A,MIS18A,9606.ENSP00000290130,MIS18A
MIS18BP1,MIS18BP1,9606.ENSP00000309790,MIS18BP1
MITF,MITF,9606.ENSP00000391803,MITF
MKKS,MKKS,9606.ENSP00000246062,MKKS
MKLN1,MKLN1,9606.ENSP00000323527,MKLN1
MKNK1,MKNK1,9606.ENSP00000498083,MKNK1
MKS1,MKS1,9606.ENSP00000376827,MKS1
MLC1,MLC1,9606.ENSP00000310375,MLC1
MLH1,MLH1,9606.ENSP00000231790,MLH1
MLKL,MLKL,9606.ENSP00000308351,MLKL
MLLT1,MLLT1,9606.ENSP00000252674,MLLT1
MLLT10,MLLT10,9606.ENSP00000307411,MLLT10
MLLT3,MLLT3,9606.ENSP00000369695,MLLT3
MLPH,Mlph,9606.ENSP00000264605,MLPH
MLST8,MLST8,9606.ENSP00000457870,MLST8
MLX,Mlx,9606.ENSP00000246912,MLX
MLXIP,Mlxip,9606.ENSP00000312834,MLXIP
MMAA,MMAA,9606.ENSP00000497008,MMAA
MMACHC,Mmachc,9606.ENSP00000383840,MMACHC
MMADHC,Mmadhc,9606.ENSP00000389060,MMADHC
MMGT1,MMGT1,9606.ENSP00000306220,MMGT1
MMP14,MMP14,9606.ENSP00000308208,MMP14
MMP2,MMP2,9606.ENSP00000219070,MMP2
MMP9,MMP9,9606.ENSP00000361405,MMP9
MMS19,MMS19,9606.ENSP00000359818,MMS19
MMS22L,MMS22L,9606.ENSP00000275053,MMS22L
MMUT,MMUT,9606.ENSP00000274813,MMUT
MNAT1,MNAT1,9606.ENSP00000261245,MNAT1
MND1,MND1,9606.ENSP00000240488,MND1
MOB1A,MOB1A,9606.ENSP00000379364,MOB1A
MOB4,MOB4,9606.ENSP00000315702,MOB4
MOCS1,MOCS1,9606.ENSP00000344794,MOCS1
MOCS2,MOCS2,9606.ENSP00000380157,MOCS2
MON1A,MON1A,9606.ENSP00000296473,MON1A
MON1B,MON1B,9606.ENSP00000248248,MON1B
MON2,MON2,9606.ENSP00000377250,MON2
MORF4L1,MORF4L1,9606.ENSP00000331310,MORF4L1
MORF4L2,MORF4L2,9606.ENSP00000394417,MORF4L2
MOV10,MOV10,9606.ENSP00000399797,MOV10
MPDZ,MPDZ,9606.ENSP00000320006,MPDZ
MPHOSPH10,MPHOSPH10,9606.ENSP00000244230,MPHOSPH10
MPHOSPH6,MPHOSPH6,9606.ENSP00000258169,MPHOSPH6
MPHOSPH8,MPHOSPH8,9606.ENSP00000355388,MPHOSPH8
MPL,MPL,9606.ENSP00000361548,MPL
MPO,MPO,9606.ENSP00000225275,MPO
MPP1,MPP1,9606.ENSP00000358547,MPP1
MPP3,MPP3,9606.ENSP00000381430,MPP3
MPP4,MPP4,9606.ENSP00000387278,MPP4
MPP5,PALS1,9606.ENSP00000261681,MPP5
MPP6,PALS2,9606.ENSP00000222644,MPP6
MPP7,MPP7,9606.ENSP00000337907,MPP7
MPRIP,MPRIP,9606.ENSP00000379156,MPRIP
MRAP,MRAP,9606.ENSP00000382684,MRAP
MRAP2,MRAP2,9606.ENSP00000257776,MRAP2
MRAS,MRAS,9606.ENSP00000289104,MRAS
MRC2,MRC2,9606.ENSP00000307513,MRC2
MRE11,MRE11,9606.ENSP00000325863,MRE11
MRFAP1,MRFAP1,9606.ENSP00000318352,MRFAP1
MRGBP,MRGBP,9606.ENSP00000359518,MRGBP
MRNIP,MRNIP,9606.ENSP00000292586,MRNIP
MRPL1,MRPL1,9606.ENSP00000315017,MRPL1
MRPL10,MRPL10,9606.ENSP00000290208,MRPL10
MRPL11,MRPL11,9606.ENSP00000308897,MRPL11
MRPL12,MRPL12,9606.ENSP00000333837,MRPL12
MRPL13,MRPL13,9606.ENSP00000306548,MRPL13
MRPL14,MRPL14,9606.ENSP00000361084,MRPL14
MRPL15,MRPL15,9606.ENSP00000260102,MRPL15
MRPL16,MRPL16,9606.ENSP00000300151,MRPL16
MRPL17,MRPL17,9606.ENSP00000288937,MRPL17
MRPL18,MRPL18,9606.ENSP00000356001,MRPL18
MRPL19,MRPL19,9606.ENSP00000377486,MRPL19
MRPL2,MRPL2,9606.ENSP00000373404,MRPL2
MRPL20,MRPL20,9606.ENSP00000341082,MRPL20
MRPL21,MRPL21,9606.ENSP00000354580,MRPL21
MRPL22,MRPL22,9606.ENSP00000431040,MRPL22
MRPL23,MRPL23,9606.ENSP00000380466,MRPL23
MRPL24,MRPL24,9606.ENSP00000354525,MRPL24
MRPL27,MRPL27,9606.ENSP00000225969,MRPL27
MRPL28,MRPL28,9606.ENSP00000497004,MRPL28
MRPL3,MRPL3,9606.ENSP00000264995,MRPL3
MRPL30,MRPL30,9606.ENSP00000338057,MRPL30
MRPL32,MRPL32,9606.ENSP00000223324,MRPL32
MRPL33,MRPL33,9606.ENSP00000296102,MRPL33
MRPL34,MRPL34,9606.ENSP00000252602,MRPL34
MRPL35,MRPL35,9606.ENSP00000338389,MRPL35
MRPL36,MRPL36,9606.ENSP00000423399,MRPL36
MRPL37,MRPL37,9606.ENSP00000473980,MRPL37
MRPL38,MRPL38,9606.ENSP00000308275,MRPL38
MRPL39,MRPL39,9606.ENSP00000305682,MRPL39
MRPL4,MRPL4,9606.ENSP00000306902,MRPL4
MRPL40,MRPL40,9606.ENSP00000333401,MRPL40
MRPL41,MRPL41,9606.ENSP00000360498,MRPL41
MRPL42,MRPL42,9606.ENSP00000449884,MRPL42
MRPL43,MRPL43,9606.ENSP00000339844,MRPL43
MRPL44,MRPL44,9606.ENSP00000258383,MRPL44
MRPL45,MRPL45,9606.ENSP00000484903,MRPL45
MRPL46,MRPL46,9606.ENSP00000312311,MRPL46
MRPL47,MRPL47,9606.ENSP00000417602,MRPL47
MRPL48,MRPL48,9606.ENSP00000308717,MRPL48
MRPL49,MRPL49,9606.ENSP00000279242,MRPL49
MRPL50,MRPL50,9606.ENSP00000363999,MRPL50
MRPL51,MRPL51,9606.ENSP00000229238,MRPL51
MRPL52,MRPL52,9606.ENSP00000347277,MRPL52
MRPL53,MRPL53,9606.ENSP00000258105,MRPL53
MRPL54,MRPL54,9606.ENSP00000331849,MRPL54
MRPL55,MRPL55,9606.ENSP00000403614,MRPL55
MRPL9,MRPL9,9606.ENSP00000357823,MRPL9
MRPS10,MRPS10,9606.ENSP00000053468,MRPS10
MRPS11,MRPS11,9606.ENSP00000317376,MRPS11
MRPS12,MRPS12,9606.ENSP00000384952,MRPS12
MRPS14,MRPS14,9606.ENSP00000420714,MRPS14
MRPS15,MRPS15,9606.ENSP00000362208,MRPS15
MRPS16,MRPS16,9606.ENSP00000362036,MRPS16
MRPS17,MRPS17,9606.ENSP00000285298,MRPS17
MRPS18A,MRPS18A,9606.ENSP00000361206,MRPS18A
MRPS18B,MRPS18B,9606.ENSP00000259873,MRPS18B
MRPS18C,MRPS18C,9606.ENSP00000295491,MRPS18C
MRPS2,MRPS2,9606.ENSP00000360850,MRPS2
MRPS21,MRPS21,9606.ENSP00000461930,MRPS21
MRPS22,MRPS22,9606.ENSP00000418008,MRPS22
MRPS23,MRPS23,9606.ENSP00000320184,MRPS23
MRPS24,MRPS24,9606.ENSP00000318158,MRPS24
MRPS25,MRPS25,9606.ENSP00000253686,MRPS25
MRPS26,MRPS26,9606.ENSP00000369682,MRPS26
MRPS27,MRPS27,9606.ENSP00000426941,MRPS27
MRPS28,MRPS28,9606.ENSP00000276585,MRPS28
MRPS30,MRPS30,9606.ENSP00000424328,MRPS30
MRPS31,MRPS31,9606.ENSP00000315397,MRPS31
MRPS33,MRPS33,9606.ENSP00000320567,MRPS33
MRPS34,MRPS34,9606.ENSP00000177742,MRPS34
MRPS35,MRPS35,9606.ENSP00000081029,MRPS35
MRPS5,MRPS5,9606.ENSP00000272418,MRPS5
MRPS6,MRPS6,9606.ENSP00000382250,MRPS6
MRPS7,MRPS7,9606.ENSP00000245539,MRPS7
MRPS9,MRPS9,9606.ENSP00000258455,MRPS9
MRTFA,MRTFA,9606.ENSP00000498671,MRTFA
MRTO4,Mrto4,9606.ENSP00000364320,MRTO4
MRVI1,IRAG1,9606.ENSP00000412130,MRVI1
MS4A1,MS4A1,9606.ENSP00000433277,MS4A1
MS4A2,MS4A2,9606.ENSP00000278888,MS4A2
MSH2,MSH2,9606.ENSP00000233146,MSH2
MSH3,MSH3,9606.ENSP00000265081,MSH3
MSH4,MSH4,9606.ENSP00000263187,MSH4
MSH5,MSH5,9606.ENSP00000364855,MSH5
MSH6,MSH6,9606.ENSP00000234420,MSH6
MSL1,MSL1,9606.ENSP00000462945,MSL1
MSL2,MSL2,9606.ENSP00000311827,MSL2
MSL3,MSL3,9606.ENSP00000312244,MSL3
MSN,MSN,9606.ENSP00000353408,MSN
MST1R,MST1R,9606.ENSP00000296474,MST1R
MSTN,MSTN,9606.ENSP00000260950,MSTN
MSX1,MSX1,9606.ENSP00000372170,MSX1
MSX2,Msx2,9606.ENSP00000239243,MSX2
MT-ATP6,MT-ATP6,9606.ENSP00000354632,MT-ATP6
MT-ATP8,MT-ATP8,9606.ENSP00000355265,MT-ATP8
MT-CO1,MT-CO1,9606.ENSP00000354499,MT-CO1
MT-CO2,MT-CO2,9606.ENSP00000354876,MT-CO2
MT-CO3,MT-CO3,9606.ENSP00000354982,MT-CO3
MT-CYB,MT-CYB,9606.ENSP00000354554,MT-CYB
MT-ND1,MT-ND1,9606.ENSP00000354687,MT-ND1
MT-ND2,MT-ND2,9606.ENSP00000355046,MT-ND2
MT-ND3,MT-ND3,9606.ENSP00000355206,MT-ND3
MT-ND4,MT-ND4,9606.ENSP00000354961,MT-ND4
MT-ND4L,MT-ND4L,9606.ENSP00000354728,MT-ND4L
MT-ND5,MT-ND5,9606.ENSP00000354813,MT-ND5
MT-ND6,MT-ND6,9606.ENSP00000354665,MT-ND6
MTA1,MTA1,9606.ENSP00000333633,MTA1
MTA2,MTA2,9606.ENSP00000278823,MTA2
MTA3,MTA3,9606.ENSP00000385823,MTA3
MTDH,MTDH,9606.ENSP00000338235,MTDH
MTERF4,MTERF4,9606.ENSP00000480378,MTERF4
MTHFD2,MTHFD2,9606.ENSP00000377617,MTHFD2
MTIF2,MTIF2,9606.ENSP00000263629,MTIF2
MTNR1A,MTNR1A,9606.ENSP00000302811,MTNR1A
MTNR1B,MTNR1B,9606.ENSP00000257068,MTNR1B
MTOR,MTOR,9606.ENSP00000354558,MTOR
MTREX,MTREX,9606.ENSP00000230640,MTREX
MTTP,MTTP,9606.ENSP00000427679,MTTP
MTUS1,Mtus1,9606.ENSP00000262102,MTUS1
MTX1,MTX1,9606.ENSP00000357360,MTX1
MTX2,MTX2,9606.ENSP00000249442,MTX2
MTX3,MTX3,9606.ENSP00000424798,MTX3
MUC1,MUC1,9606.ENSP00000484824,MUC1
MUC5B,MUC5B,9606.ENSP00000436812,MUC5B
MUS81,MUS81,9606.ENSP00000307853,MUS81
MUSK,MUSK,9606.ENSP00000363571,MUSK
MVB12B,MVB12B,9606.ENSP00000354772,MVB12B
MXD1,MXD1,9606.ENSP00000264444,MXD1
MXI1,MXI1,9606.ENSP00000331152,MXI1
MYBBP1A,MYBBP1A,9606.ENSP00000370968,MYBBP1A
MYBL2,MYBL2,9606.ENSP00000217026,MYBL2
MYBPC1,MYBPC1,9606.ENSP00000400908,MYBPC1
MYC,MYC,9606.ENSP00000478887,MYC
MYCBP,MYCBP,9606.ENSP00000380702,MYCBP
MYCBP2,MYCBP2,9606.ENSP00000444596,MYCBP2
MYCBPAP,MYCBPAP,9606.ENSP00000498665,MYCBPAP
MYCN,MYCN,9606.ENSP00000281043,MYCN
MYD88,MYD88,9606.ENSP00000498321,MYD88
MYH10,MYH10,9606.ENSP00000353590,MYH10
MYH9,MYH9,9606.ENSP00000216181,MYH9
MYL12A,MYL12A,9606.ENSP00000464359,MYL12A
MYL12B,Myl12b,9606.ENSP00000463559,MYL12B
MYL6,MYL6,9606.ENSP00000446955,MYL6
MYLK,MYLK,9606.ENSP00000353452,MYLK
MYO15A,Myo15a,9606.ENSP00000495481,MYO15A
MYO1A,Myo1a,9606.ENSP00000393392,MYO1A
MYO1C,MYO1C,9606.ENSP00000496954,MYO1C
MYO1E,MYO1E,9606.ENSP00000288235,MYO1E
MYO3B,Myo3b,9606.ENSP00000386213,MYO3B
MYO5A,MYO5A,9606.ENSP00000382177,MYO5A
MYO5B,MYO5B,9606.ENSP00000285039,MYO5B
MYO7A,MYO7A,9606.ENSP00000386331,MYO7A
MYOCD,MYOCD,9606.ENSP00000401678,MYOCD
MYOD1,MYOD1,9606.ENSP00000250003,MYOD1
MYOG,Myog,9606.ENSP00000241651,MYOG
MYOM1,MYOM1,9606.ENSP00000348821,MYOM1
MYOZ2,Myoz2,9606.ENSP00000306997,MYOZ2
MYRIP,Myrip,9606.ENSP00000301972,MYRIP
MYSM1,MYSM1,9606.ENSP00000418734,MYSM1
MZB1,Mzb1,9606.ENSP00000303920,MZB1
N4BP2,N4BP2,9606.ENSP00000261435,N4BP2
NAA10,NAA10,9606.ENSP00000417763,NAA10
NAA15,NAA15,9606.ENSP00000296543,NAA15
NAA16,NAA16,9606.ENSP00000368716,NAA16
NAA20,NAA20,9606.ENSP00000335636,NAA20
NAA25,NAA25,9606.ENSP00000261745,NAA25
NAA30,NAA30,9606.ENSP00000452521,NAA30
NAA35,NAA35,9606.ENSP00000354972,NAA35
NAA38,NAA38,9606.ENSP00000332103,NAA38
NAA50,NAA50,9606.ENSP00000240922,NAA50
NABP1,NABP1,9606.ENSP00000403683,NABP1
NABP2,NABP2,9606.ENSP00000369545,NABP2
NACA,NACA,9606.ENSP00000448035,NACA
NACC1,Nacc1,9606.ENSP00000292431,NACC1
NAE1,NAE1,9606.ENSP00000351990,NAE1
NAIP,NAIP,9606.ENSP00000428657,NAIP
NALCN,NALCN,9606.ENSP00000251127,NALCN
NANOG,NANOG,9606.ENSP00000229307,NANOG
NANOS2,Nanos2,9606.ENSP00000341021,NANOS2
NAP1L1,NAP1L1,9606.ENSP00000477538,NAP1L1
NAPA,Napa,9606.ENSP00000263354,NAPA
NAPB,Napb,9606.ENSP00000482826,NAPB
NAPG,Napg,9606.ENSP00000324628,NAPG
NASP,NASP,9606.ENSP00000255120,NASP
NBAS,NBAS,9606.ENSP00000281513,NBAS
NBN,NBN,9606.ENSP00000265433,NBN
NBR1,NBR1,9606.ENSP00000343479,NBR1
NCAM1,Ncam1,9606.ENSP00000480132,NCAM1
NCAPD2,NCAPD2,9606.ENSP00000325017,NCAPD2
NCAPD3,NCAPD3,9606.ENSP00000433681,NCAPD3
NCAPG,NCAPG,9606.ENSP00000251496,NCAPG
NCAPG2,NCAPG2,9606.ENSP00000387007,NCAPG2
NCAPH,NCAPH,9606.ENSP00000240423,NCAPH
NCAPH2,NCAPH2,9606.ENSP00000299821,NCAPH2
NCBP1,NCBP1,9606.ENSP00000364289,NCBP1
NCBP2,NCBP2,9606.ENSP00000326806,NCBP2
NCBP3,NCBP3,9606.ENSP00000373657,NCBP3
NCF1,NCF1,9606.ENSP00000289473,NCF1
NCF2,NCF2,9606.ENSP00000356505,NCF2
NCF4,NCF4,9606.ENSP00000380334,NCF4
NCK1,NCK1,9606.ENSP00000417273,NCK1
NCKAP1,NCKAP1,9606.ENSP00000354251,NCKAP1
NCL,NCL,9606.ENSP00000318195,NCL
NCLN,NCLN,9606.ENSP00000246117,NCLN
NCOA1,NCOA1,9606.ENSP00000385216,NCOA1
NCOA2,NCOA2,9606.ENSP00000399968,NCOA2
NCOA3,NCOA3,9606.ENSP00000361066,NCOA3
NCOA4,NCOA4,9606.ENSP00000463027,NCOA4
NCOA5,NCOA5,9606.ENSP00000290231,NCOA5
NCOA6,NCOA6,9606.ENSP00000363929,NCOA6
NCOA7,NCOA7,9606.ENSP00000376269,NCOA7
NCOR1,NCOR1,9606.ENSP00000268712,NCOR1
NCOR2,NCOR2,9606.ENSP00000384018,NCOR2
NCR3,NCR3,9606.ENSP00000342156,NCR3
NCSTN,NCSTN,9606.ENSP00000294785,NCSTN
NDC1,NDC1,9606.ENSP00000360483,NDC1
NDC80,NDC80,9606.ENSP00000261597,NDC80
NDE1,NDE1,9606.ENSP00000379643,NDE1
NDFIP1,NDFIP1,9606.ENSP00000253814,NDFIP1
NDFIP2,NDFIP2,9606.ENSP00000480798,NDFIP2
NDN,Ndn,9606.ENSP00000497916,NDN
NDP,NDP,9606.ENSP00000495811,NDP
NDUFA1,NDUFA1,9606.ENSP00000360492,NDUFA1
NDUFA10,NDUFA10,9606.ENSP00000252711,NDUFA10
NDUFA11,NDUFA11,9606.ENSP00000389160,NDUFA11
NDUFA12,NDUFA12,9606.ENSP00000330737,NDUFA12
NDUFA13,NDUFA13,9606.ENSP00000423673,NDUFA13
NDUFA2,NDUFA2,9606.ENSP00000252102,NDUFA2
NDUFA3,NDUFA3,9606.ENSP00000418438,NDUFA3
NDUFA4,NDUFA4,9606.ENSP00000339720,NDUFA4
NDUFA5,NDUFA5,9606.ENSP00000417142,NDUFA5
NDUFA6,NDUFA6,9606.ENSP00000482543,NDUFA6
NDUFA7,NDUFA7,9606.ENSP00000301457,NDUFA7
NDUFA8,NDUFA8,9606.ENSP00000362873,NDUFA8
NDUFA9,NDUFA9,9606.ENSP00000266544,NDUFA9
NDUFAB1,NDUFAB1,9606.ENSP00000458770,NDUFAB1
NDUFAF1,NDUFAF1,9606.ENSP00000260361,NDUFAF1
NDUFB1,NDUFB1,9606.ENSP00000483888,NDUFB1
NDUFB10,NDUFB10,9606.ENSP00000268668,NDUFB10
NDUFB11,NDUFB11,9606.ENSP00000276062,NDUFB11
NDUFB2,NDUFB2,9606.ENSP00000419087,NDUFB2
NDUFB3,NDUFB3,9606.ENSP00000407336,NDUFB3
NDUFB4,NDUFB4,9606.ENSP00000184266,NDUFB4
NDUFB5,NDUFB5,9606.ENSP00000259037,NDUFB5
NDUFB6,NDUFB6,9606.ENSP00000369176,NDUFB6
NDUFB7,NDUFB7,9606.ENSP00000215565,NDUFB7
NDUFB8,NDUFB8,9606.ENSP00000299166,NDUFB8
NDUFB9,NDUFB9,9606.ENSP00000276689,NDUFB9
NDUFC1,NDUFC1,9606.ENSP00000441126,NDUFC1
NDUFC2,NDUFC2,9606.ENSP00000281031,NDUFC2
NDUFS1,NDUFS1,9606.ENSP00000392709,NDUFS1
NDUFS2,NDUFS2,9606.ENSP00000356972,NDUFS2
NDUFS3,NDUFS3,9606.ENSP00000263774,NDUFS3
NDUFS4,NDUFS4,9606.ENSP00000296684,NDUFS4
NDUFS5,NDUFS5,9606.ENSP00000362058,NDUFS5
NDUFS6,NDUFS6,9606.ENSP00000274137,NDUFS6
NDUFS7,NDUFS7,9606.ENSP00000233627,NDUFS7
NDUFS8,NDUFS8,9606.ENSP00000315774,NDUFS8
NDUFV1,NDUFV1,9606.ENSP00000497587,NDUFV1
NDUFV2,NDUFV2,9606.ENSP00000327268,NDUFV2
NDUFV3,NDUFV3,9606.ENSP00000346196,NDUFV3
NECAB3,NECAB3,9606.ENSP00000246190,NECAB3
NECTIN1,NECTIN1,9606.ENSP00000264025,NECTIN1
NECTIN3,NECTIN3,9606.ENSP00000418070,NECTIN3
NECTIN4,NECTIN4,9606.ENSP00000356991,NECTIN4
NEDD4,NEDD4,9606.ENSP00000424827,NEDD4
NEDD4L,NEDD4L,9606.ENSP00000383199,NEDD4L
NEDD8,NEDD8,9606.ENSP00000250495,NEDD8
NEDD9,NEDD9,9606.ENSP00000368759,NEDD9
NEIL1,NEIL1,9606.ENSP00000347170,NEIL1
NEIL2,NEIL2,9606.ENSP00000284503,NEIL2
NEK1,NEK1,9606.ENSP00000424757,NEK1
NEK2,NEK2,9606.ENSP00000355966,NEK2
NEK7,NEK7,9606.ENSP00000356355,NEK7
NEK8,NEK8,9606.ENSP00000268766,NEK8
NEK9,NEK9,9606.ENSP00000238616,NEK9
NELFA,NELFA,9606.ENSP00000445757,NELFA
NELFB,NELFB,9606.ENSP00000339495,NELFB
NELFCD,NELFCD,9606.ENSP00000473290,NELFCD
NELFE,NELFE,9606.ENSP00000364578,NELFE
NETO1,NETO1,9606.ENSP00000313088,NETO1
NETO2,Neto2,9606.ENSP00000455169,NETO2
NEU1,NEU1,9606.ENSP00000364782,NEU1
NEURL4,NEURL4,9606.ENSP00000382390,NEURL4
NEUROD1,Neurod1,9606.ENSP00000295108,NEUROD1
NF1,NF1,9606.ENSP00000351015,NF1
NF2,NF2,9606.ENSP00000344666,NF2
NFASC,Nfasc,9606.ENSP00000344786,NFASC
NFAT5,NFAT5,9606.ENSP00000338806,NFAT5
NFATC2,NFATC2,9606.ENSP00000379330,NFATC2
NFATC2IP,Nfatc2ip,9606.ENSP00000324792,NFATC2IP
NFE2L1,NFE2L1,9606.ENSP00000354855,NFE2L1
NFE2L2,NFE2L2,9606.ENSP00000380252,NFE2L2
NFE4,NFE4,9606.ENSP00000498569,NFE4
NFKB1,NFKB1,9606.ENSP00000226574,NFKB1
NFKB2,NFKB2,9606.ENSP00000358983,NFKB2
NFKBIA,NFKBIA,9606.ENSP00000216797,NFKBIA
NFKBIB,NFKBIB,9606.ENSP00000312988,NFKBIB
NFKBIE,NFKBIE,9606.ENSP00000275015,NFKBIE
NFRKB,NFRKB,9606.ENSP00000436926,NFRKB
NFS1,NFS1,9606.ENSP00000363205,NFS1
NFYA,NFYA,9606.ENSP00000345702,NFYA
NFYB,NFYB,9606.ENSP00000240055,NFYB
NFYC,NFYC,9606.ENSP00000312617,NFYC
NGDN,NGDN,9606.ENSP00000386134,NGDN
NGEF,NGEF,9606.ENSP00000264051,NGEF
NGF,NGF,9606.ENSP00000358525,NGF
NGFR,NGFR,9606.ENSP00000172229,NGFR
NGLY1,Ngly1,9606.ENSP00000280700,NGLY1
NGRN,NGRN,9606.ENSP00000368389,NGRN
NHEJ1,NHEJ1,9606.ENSP00000349313,NHEJ1
NHLH2,NHLH2,9606.ENSP00000358519,NHLH2
NHLRC1,NHLRC1,9606.ENSP00000345464,NHLRC1
NHP2,NHP2,9606.ENSP00000274606,NHP2
NICN1,Nicn1,9606.ENSP00000273598,NICN1
NIFK,Nifk,9606.ENSP00000285814,NIFK
NIN,NIN,9606.ENSP00000371472,NIN
NINJ1,NINJ1,9606.ENSP00000364595,NINJ1
NIPBL,NIPBL,9606.ENSP00000282516,NIPBL
NISCH,NISCH,9606.ENSP00000418232,NISCH
NKX2-5,Nkx2-5,9606.ENSP00000327758,NKX2-5
NKX3-1,NKX3-1,9606.ENSP00000370253,NKX3-1
NKX3-2,Nkx3-2,9606.ENSP00000371875,NKX3-2
NLGN1,NLGN1,9606.ENSP00000392500,NLGN1
NLGN2,Nlgn2,9606.ENSP00000305288,NLGN2
NLK,NLK,9606.ENSP00000384625,NLK
NLRC3,NLRC3,9606.ENSP00000352039,NLRC3
NLRC4,NLRC4,9606.ENSP00000385428,NLRC4
NLRP1,NLRP1,9606.ENSP00000460475,NLRP1
NLRP12,NLRP12,9606.ENSP00000375653,NLRP12
NLRP14,NLRP14,9606.ENSP00000299481,NLRP14
NLRP2,NLRP2,9606.ENSP00000445135,NLRP2
NLRP3,NLRP3,9606.ENSP00000337383,NLRP3
NLRP5,NLRP5,9606.ENSP00000375063,NLRP5
NLRP6,NLRP6,9606.ENSP00000309767,NLRP6
NLRP7,NLRP7,9606.ENSP00000467123,NLRP7
NLRP9,NLRP9,9606.ENSP00000331857,NLRP9
NMD3,NMD3,9606.ENSP00000417559,NMD3
NME1,NME1,9606.ENSP00000337060,NME1
NME2,NME2,9606.ENSP00000376886,NME2
NMI,NMI,9606.ENSP00000243346,NMI
NMNAT1,NMNAT1,9606.ENSP00000366410,NMNAT1
NMNAT2,NMNAT2,9606.ENSP00000287713,NMNAT2
NMRK2,NMRK2,9606.ENSP00000480091,NMRK2
NMUR2,Nmur2,9606.ENSP00000255262,NMUR2
NOD1,NOD1,9606.ENSP00000222823,NOD1
NOD2,NOD2,9606.ENSP00000300589,NOD2
NOL10,NOL10,9606.ENSP00000371101,NOL10
NOL11,NOL11,9606.ENSP00000253247,NOL11
NOL9,NOL9,9606.ENSP00000366934,NOL9
NOLC1,NOLC1,9606.ENSP00000385410,NOLC1
NOMO1,NOMO1,9606.ENSP00000287667,NOMO1
NONO,NONO,9606.ENSP00000276079,NONO
NOP10,NOP10,9606.ENSP00000332198,NOP10
NOP2,Nop2,9606.ENSP00000371858,NOP2
NOP56,NOP56,9606.ENSP00000370589,NOP56
NOP58,NOP58,9606.ENSP00000264279,NOP58
NOS1,NOS1,9606.ENSP00000477999,NOS1
NOS1AP,NOS1AP,9606.ENSP00000355133,NOS1AP
NOS2,NOS2,9606.ENSP00000327251,NOS2
NOS3,NOS3,9606.ENSP00000297494,NOS3
NOSTRIN,NOSTRIN,9606.ENSP00000394051,NOSTRIN
NOTCH1,NOTCH1,9606.ENSP00000498587,NOTCH1
NOTCH2,NOTCH2,9606.ENSP00000256646,NOTCH2
NOTCH3,Notch3,9606.ENSP00000263388,NOTCH3
NOTCH4,NOTCH4,9606.ENSP00000364163,NOTCH4
NOX1,NOX1,9606.ENSP00000362057,NOX1
NOXA1,NOXA1,9606.ENSP00000342848,NOXA1
NOXO1,NOXO1,9606.ENSP00000380450,NOXO1
NPAS2,NPAS2,9606.ENSP00000338283,NPAS2
NPAT,NPAT,9606.ENSP00000278612,NPAT
NPBWR1,Npbwr1,9606.ENSP00000330284,NPBWR1
NPC1L1,Npc1l1,9606.ENSP00000289547,NPC1L1
NPFFR1,Npffr1,9606.ENSP00000277942,NPFFR1
NPFFR2,Npffr2,9606.ENSP00000307822,NPFFR2
NPHP1,Nphp1,9606.ENSP00000313169,NPHP1
NPHP3,NPHP3,9606.ENSP00000338766,NPHP3
NPHP4,Nphp4,9606.ENSP00000367398,NPHP4
NPHS1,Nphs1,9606.ENSP00000368190,NPHS1
NPHS2,Nphs2,9606.ENSP00000356587,NPHS2
NPLOC4,Nploc4,9606.ENSP00000331487,NPLOC4
NPM1,Npm1,9606.ENSP00000296930,NPM1
NPM3,Npm3,9606.ENSP00000359128,NPM3
NPR1,NPR1,9606.ENSP00000357669,NPR1
NPR2,NPR2,9606.ENSP00000341083,NPR2
NPRL2,NPRL2,9606.ENSP00000232501,NPRL2
NPRL3,NPRL3,9606.ENSP00000483814,NPRL3
NPTX1,Nptx1,9606.ENSP00000307549,NPTX1
NPTX2,Nptx2,9606.ENSP00000265634,NPTX2
NPTXR,Nptxr,9606.ENSP00000327545,NPTXR
NPY1R,Npy1r,9606.ENSP00000354652,NPY1R
NPY2R,Npy2r,9606.ENSP00000332591,NPY2R
NPY5R,Npy5r,9606.ENSP00000423917,NPY5R
NR0B1,NR0B1,9606.ENSP00000368253,NR0B1
NR0B2,Nr0b2,9606.ENSP00000254227,NR0B2
NR1D1,Nr1d1,9606.ENSP00000246672,NR1D1
NR1H2,Nr1h2,9606.ENSP00000499121,NR1H2
NR1H3,Nr1h3,9606.ENSP00000477707,NR1H3
NR1H4,Nr1h4,9606.ENSP00000447149,NR1H4
NR1I2,NR1I2,9606.ENSP00000336528,NR1I2
NR1I3,Nr1i3,9606.ENSP00000356959,NR1I3
NR2C1,NR2C1,9606.ENSP00000333275,NR2C1
NR2C2,NR2C2,9606.ENSP00000483059,NR2C2
NR2E3,NR2E3,9606.ENSP00000482504,NR2E3
NR2F2,NR2F2,9606.ENSP00000377721,NR2F2
NR3C1,Nr3c1,9606.ENSP00000231509,NR3C1
NR3C2,Nr3c2,9606.ENSP00000350815,NR3C2
NR4A1,Nr4a1,9606.ENSP00000440864,NR4A1
NR4A2,Nr4a2,9606.ENSP00000344479,NR4A2
NR4A3,NR4A3,9606.ENSP00000482027,NR4A3
NR5A1,Nr5a1,9606.ENSP00000362690,NR5A1
NR5A2,Nr5a2,9606.ENSP00000356331,NR5A2
NRAS,NRAS,9606.ENSP00000358548,NRAS
NRBF2,NRBF2,9606.ENSP00000277746,NRBF2
NRCAM,Nrcam,9606.ENSP00000368314,NRCAM
NRG1,Nrg1,9606.ENSP00000287842,NRG1
NRIP1,Nrip1,9606.ENSP00000327213,NRIP1
NRL,NRL,9606.ENSP00000454062,NRL
NRN1,Nrn1,9606.ENSP00000480483,NRN1
NRP1,Nrp1,9606.ENSP00000265371,NRP1
NRP2,NRP2,9606.ENSP00000353582,NRP2
NRSN1,Nrsn1,9606.ENSP00000367739,NRSN1
NRTN,NRTN,9606.ENSP00000302648,NRTN
NRXN1,Nrxn1,9606.ENSP00000385142,NRXN1
NSD1,NSD1,9606.ENSP00000395929,NSD1
NSF,Nsf,9606.ENSP00000381293,NSF
NSFL1C,Nsfl1c,9606.ENSP00000418529,NSFL1C
NSG1,Nsg1,9606.ENSP00000388823,NSG1
NSL1,NSL1,9606.ENSP00000355944,NSL1
NSMCE1,NSMCE1,9606.ENSP00000355077,NSMCE1
NSMCE2,NSMCE2,9606.ENSP00000287437,NSMCE2
NSMCE3,NSMCE3,9606.ENSP00000330694,NSMCE3
NSMCE4A,NSMCE4A,9606.ENSP00000358019,NSMCE4A
NSUN4,NSUN4,9606.ENSP00000419740,NSUN4
NTF3,NTF3,9606.ENSP00000397297,NTF3
NTF4,NTF4,9606.ENSP00000469455,NTF4
NTRK1,Ntrk1,9606.ENSP00000431418,NTRK1
NTRK2,Ntrk2,9606.ENSP00000277120,NTRK2
NTRK3,Ntrk3,9606.ENSP00000354207,NTRK3
NTS,NTS,9606.ENSP00000256010,NTS
NTSR1,NTSR1,9606.ENSP00000359532,NTSR1
NTSR2,NTSR2,9606.ENSP00000303686,NTSR2
NUB1,NUB1,9606.ENSP00000454264,NUB1
NUBP1,NUBP1,9606.ENSP00000283027,NUBP1
NUBP2,NUBP2,9606.ENSP00000262302,NUBP2
NUDC,NUDC,9606.ENSP00000319664,NUDC
NUDCD3,NUDCD3,9606.ENSP00000347626,NUDCD3
NUDT21,NUDT21,9606.ENSP00000300291,NUDT21
NUF2,NUF2,9606.ENSP00000271452,NUF2
NUFIP1,NUFIP1,9606.ENSP00000368459,NUFIP1
NUFIP2,NUFIP2,9606.ENSP00000225388,NUFIP2
NUMA1,NUMA1,9606.ENSP00000377298,NUMA1
NUMB,NUMB,9606.ENSP00000451300,NUMB
NUP107,NUP107,9606.ENSP00000229179,NUP107
NUP133,NUP133,9606.ENSP00000261396,NUP133
NUP153,NUP153,9606.ENSP00000444029,NUP153
NUP155,NUP155,9606.ENSP00000231498,NUP155
NUP160,NUP160,9606.ENSP00000367721,NUP160
NUP188,NUP188,9606.ENSP00000361658,NUP188
NUP205,NUP205,9606.ENSP00000285968,NUP205
NUP210,NUP210,9606.ENSP00000254508,NUP210
NUP214,NUP214,9606.ENSP00000352400,NUP214
NUP35,NUP35,9606.ENSP00000295119,NUP35
NUP37,NUP37,9606.ENSP00000448054,NUP37
NUP42,NUP42,9606.ENSP00000258742,NUP42
NUP43,NUP43,9606.ENSP00000342262,NUP43
NUP50,NUP50,9606.ENSP00000345895,NUP50
NUP54,NUP54,9606.ENSP00000264883,NUP54
NUP58,NUP58,9606.ENSP00000371155,NUP58
NUP62,NUP62,9606.ENSP00000471191,NUP62
NUP85,NUP85,9606.ENSP00000245544,NUP85
NUP88,NUP88,9606.ENSP00000458954,NUP88
NUP93,NUP93,9606.ENSP00000310668,NUP93
NUP98,NUP98,9606.ENSP00000316032,NUP98
NUS1,NUS1,9606.ENSP00000357480,NUS1
NXF1,NXF1,9606.ENSP00000436679,NXF1
NXT1,NXT1,9606.ENSP00000254998,NXT1
OAZ1,OAZ1,9606.ENSP00000473381,OAZ1
OBSL1,OBSL1,9606.ENSP00000385636,OBSL1
OCLN,Ocln,9606.ENSP00000347379,OCLN
OCRL,Ocrl,9606.ENSP00000360154,OCRL
ODC1,ODC1,9606.ENSP00000234111,ODC1
ODF2,ODF2,9606.ENSP00000403453,ODF2
OFD1,OFD1,9606.ENSP00000344314,OFD1
OGDH,OGDH,9606.ENSP00000388183,OGDH
OGG1,OGG1,9606.ENSP00000306561,OGG1
OGT,Ogt,9606.ENSP00000362824,OGT
OIP5,OIP5,9606.ENSP00000220514,OIP5
OLFM1,Olfm1,9606.ENSP00000360858,OLFM1
OLFM2,Olfm2,9606.ENSP00000264833,OLFM2
OLFM3,Olfm3,9606.ENSP00000345192,OLFM3
ONECUT1,Onecut1,9606.ENSP00000302630,ONECUT1
OOEP,Ooep,9606.ENSP00000359384,OOEP
OPA1,OPA1,9606.ENSP00000354681,OPA1
OPN3,OPN3,9606.ENSP00000355512,OPN3
OPRD1,Oprd1,9606.ENSP00000234961,OPRD1
OPRM1,Oprm1,9606.ENSP00000394624,OPRM1
OPTN,Optn,9606.ENSP00000368022,OPTN
ORAI1,Orai1,9606.ENSP00000482568,ORAI1
ORC1,Orc1,9606.ENSP00000360623,ORC1
ORC2,Orc2,9606.ENSP00000234296,ORC2
ORC3,Orc3,9606.ENSP00000257789,ORC3
ORC4,Orc4,9606.ENSP00000441953,ORC4
ORC5,Orc5,9606.ENSP00000297431,ORC5
ORC6,Orc6,9606.ENSP00000219097,ORC6
ORMDL3,ORMDL3,9606.ENSP00000377724,ORMDL3
OS9,Os9,9606.ENSP00000318165,OS9
OSBP,OSBP,9606.ENSP00000263847,OSBP
OSBPL1A,OSBPL1A,9606.ENSP00000320291,OSBPL1A
OSGEP,OSGEP,9606.ENSP00000206542,OSGEP
OSMR,OSMR,9606.ENSP00000274276,OSMR
OSTC,OSTC,9606.ENSP00000426167,OSTC
OSTF1,OSTF1,9606.ENSP00000340836,OSTF1
OTUB1,OTUB1,9606.ENSP00000444357,OTUB1
OTX2,Otx2,9606.ENSP00000500595,OTX2
OXSR1,Oxsr1,9606.ENSP00000311713,OXSR1
OXTR,Oxtr,9606.ENSP00000324270,OXTR
P2RX2,P2rx2,9606.ENSP00000343339,P2RX2
P2RX3,P2rx3,9606.ENSP00000263314,P2RX3
P2RX7,P2RX7,9606.ENSP00000330696,P2RX7
P2RY1,P2ry1,9606.ENSP00000304767,P2RY1
P2RY11,P2RY11,9606.ENSP00000323872,P2RY11
P2RY12,P2ry12,9606.ENSP00000307259,P2RY12
P2RY13,P2ry13,9606.ENSP00000320376,P2RY13
P2RY2,P2ry2,9606.ENSP00000310305,P2RY2
P2RY4,P2ry4,9606.ENSP00000363643,P2RY4
P2RY6,P2ry6,9606.ENSP00000480966,P2RY6
P3H1,P3h1,9606.ENSP00000236040,P3H1
P3H3,P3h3,9606.ENSP00000478600,P3H3
P3H4,P3h4,9606.ENSP00000347649,P3H4
P4HA1,P4HA1,9606.ENSP00000263556,P4HA1
P4HA2,P4ha2,9606.ENSP00000384999,P4HA2
P4HA3,P4HA3,9606.ENSP00000401749,P4HA3
P4HB,P4hb,9606.ENSP00000327801,P4HB
PA2G4,PA2G4,9606.ENSP00000302886,PA2G4
PABPC1,PABPC1,9606.ENSP00000313007,PABPC1
PACRG,PACRG,9606.ENSP00000337946,PACRG
PACS1,PACS1,9606.ENSP00000316454,PACS1
PACS2,PACS2,9606.ENSP00000393559,PACS2
PACSIN1,PACSIN1,9606.ENSP00000484060,PACSIN1
PACSIN2,PACSIN2,9606.ENSP00000263246,PACSIN2
PACSIN3,PACSIN3,9606.ENSP00000440945,PACSIN3
PAF1,PAF1,9606.ENSP00000221265,PAF1
PAFAH1B1,PAFAH1B1,9606.ENSP00000380378,PAFAH1B1
PAFAH1B2,PAFAH1B2,9606.ENSP00000435289,PAFAH1B2
PAFAH1B3,PAFAH1B3,9606.ENSP00000444935,PAFAH1B3
PAG1,PAG1,9606.ENSP00000220597,PAG1
PAGR1,PAGR1,9606.ENSP00000326519,PAGR1
PAH,PAH,9606.ENSP00000448059,PAH
PAIP1,PAIP1,9606.ENSP00000302768,PAIP1
PAK1,PAK1,9606.ENSP00000278568,PAK1
PAK2,PAK2,9606.ENSP00000314067,PAK2
PAK4,PAK4,9606.ENSP00000469413,PAK4
PAK6,PAK6,9606.ENSP00000453858,PAK6
PALB2,PALB2,9606.ENSP00000261584,PALB2
PALM2AKAP2,Akap2,9606.ENSP00000363654,PALM2AKAP2
PAM,PAM,9606.ENSP00000306100,PAM
PAM16,PAM16,9606.ENSP00000315693,PAM16
PAN2,PAN2,9606.ENSP00000481859,PAN2
PAN3,PAN3,9606.ENSP00000370345,PAN3
PAPOLA,PAPOLA,9606.ENSP00000216277,PAPOLA
PAPPA,PAPPA,9606.ENSP00000330658,PAPPA
PAQR3,PAQR3,9606.ENSP00000421981,PAQR3
PAQR8,Paqr8,9606.ENSP00000406197,PAQR8
PARD3,PARD3,9606.ENSP00000363921,PARD3
PARD3B,PARD3B,9606.ENSP00000385848,PARD3B
PARD6A,PARD6A,9606.ENSP00000219255,PARD6A
PARD6B,PARD6B,9606.ENSP00000360672,PARD6B
PARG,PARG,9606.ENSP00000384408,PARG
PARK7,PARK7,9606.ENSP00000340278,PARK7
PARL,PARL,9606.ENSP00000325421,PARL
PARN,PARN,9606.ENSP00000387911,PARN
PARP1,PARP1,9606.ENSP00000355759,PARP1
PARP2,PARP2,9606.ENSP00000250416,PARP2
PARP3,PARP3,9606.ENSP00000381740,PARP3
PARP9,PARP9,9606.ENSP00000353512,PARP9
PARVA,PARVA,9606.ENSP00000334008,PARVA
PARVB,PARVB,9606.ENSP00000384515,PARVB
PATJ,PATJ,9606.ENSP00000494277,PATJ
PATZ1,PATZ1,9606.ENSP00000266269,PATZ1
PAWR,PAWR,9606.ENSP00000328088,PAWR
PAX2,PAX2,9606.ENSP00000359319,PAX2
PAX3,PAX3,9606.ENSP00000375921,PAX3
PAX6,PAX6,9606.ENSP00000492024,PAX6
PAX7,Pax7,9606.ENSP00000364524,PAX7
PAX9,PAX9,9606.ENSP00000355245,PAX9
PAXIP1,PAXIP1,9606.ENSP00000384048,PAXIP1
PAXX,PAXX,9606.ENSP00000360682,PAXX
PBRM1,PBRM1,9606.ENSP00000386593,PBRM1
PBX1,PBX1,9606.ENSP00000405890,PBX1
PBX2,PBX2,9606.ENSP00000364190,PBX2
PBX3,PBX3,9606.ENSP00000362588,PBX3
PCBD2,Pcbd2,9606.ENSP00000421544,PCBD2
PCBP1,PCBP1,9606.ENSP00000305556,PCBP1
PCBP2,PCBP2,9606.ENSP00000352438,PCBP2
PCCA,PCCA,9606.ENSP00000365462,PCCA
PCCB,PCCB,9606.ENSP00000419027,PCCB
PCDH15,Pcdh15,9606.ENSP00000363068,PCDH15
PCF11,PCF11,9606.ENSP00000298281,PCF11
PCGF1,PCGF1,9606.ENSP00000233630,PCGF1
PCGF2,PCGF2,9606.ENSP00000482063,PCGF2
PCGF3,PCGF3,9606.ENSP00000354724,PCGF3
PCGF5,PCGF5,9606.ENSP00000337500,PCGF5
PCGF6,PCGF6,9606.ENSP00000358862,PCGF6
PCID2,PCID2,9606.ENSP00000479494,PCID2
PCLAF,PCLAF,9606.ENSP00000300035,PCLAF
PCM1,PCM1,9606.ENSP00000327077,PCM1
PCNA,PCNA,9606.ENSP00000368458,PCNA
PCNT,PCNT,9606.ENSP00000352572,PCNT
PCSK9,PCSK9,9606.ENSP00000303208,PCSK9
PDC,PDC,9606.ENSP00000375855,PDC
PDCD1,PDCD1,9606.ENSP00000335062,PDCD1
PDCD10,PDCD10,9606.ENSP00000376506,PDCD10
PDCD1LG2,PDCD1LG2,9606.ENSP00000380855,PDCD1LG2
PDCD2,PDCD2,9606.ENSP00000439467,PDCD2
PDCD4,PDCD4,9606.ENSP00000280154,PDCD4
PDCD6,PDCD6,9606.ENSP00000264933,PDCD6
PDCD6IP,PDCD6IP,9606.ENSP00000411825,PDCD6IP
PDCD7,PDCD7,9606.ENSP00000204549,PDCD7
PDCL,PDCL,9606.ENSP00000259467,PDCL
PDE10A,PDE10A,9606.ENSP00000355847,PDE10A
PDE1A,PDE1A,9606.ENSP00000410309,PDE1A
PDE1B,PDE1B,9606.ENSP00000243052,PDE1B
PDE1C,PDE1C,9606.ENSP00000379496,PDE1C
PDE2A,PDE2A,9606.ENSP00000334910,PDE2A
PDE3A,PDE3A,9606.ENSP00000351957,PDE3A
PDE3B,PDE3B,9606.ENSP00000282096,PDE3B
PDE4A,PDE4A,9606.ENSP00000370078,PDE4A
PDE4B,PDE4B,9606.ENSP00000342637,PDE4B
PDE4C,PDE4C,9606.ENSP00000469696,PDE4C
PDE4D,PDE4D,9606.ENSP00000345502,PDE4D
PDE4DIP,PDE4DIP,9606.ENSP00000358363,PDE4DIP
PDE5A,PDE5A,9606.ENSP00000347046,PDE5A
PDE6A,PDE6A,9606.ENSP00000255266,PDE6A
PDE6B,PDE6B,9606.ENSP00000420295,PDE6B
PDE6C,PDE6C,9606.ENSP00000360502,PDE6C
PDE6D,PDE6D,9606.ENSP00000287600,PDE6D
PDE6G,PDE6G,9606.ENSP00000328412,PDE6G
PDE6H,PDE6H,9606.ENSP00000266395,PDE6H
PDE7A,PDE7A,9606.ENSP00000385632,PDE7A
PDE7B,PDE7B,9606.ENSP00000310661,PDE7B
PDE8A,PDE8A,9606.ENSP00000378056,PDE8A
PDE8B,PDE8B,9606.ENSP00000264917,PDE8B
PDE9A,PDE9A,9606.ENSP00000291539,PDE9A
PDGFB,PDGFB,9606.ENSP00000330382,PDGFB
PDGFRA,PDGFRA,9606.ENSP00000257290,PDGFRA
PDGFRB,PDGFRB,9606.ENSP00000261799,PDGFRB
PDHA1,PDHA1,9606.ENSP00000369134,PDHA1
PDHB,PDHB,9606.ENSP00000307241,PDHB
PDHX,PDHX,9606.ENSP00000227868,PDHX
PDIA3,PDIA3,9606.ENSP00000300289,PDIA3
PDIA4,Pdia4,9606.ENSP00000499129,PDIA4
PDIA6,PDIA6,9606.ENSP00000385385,PDIA6
PDLIM1,PDLIM1,9606.ENSP00000360305,PDLIM1
PDLIM4,PDLIM4,9606.ENSP00000253754,PDLIM4
PDLIM5,PDLIM5,9606.ENSP00000480359,PDLIM5
PDPK1,PDPK1,9606.ENSP00000344220,PDPK1
PDPN,Pdpn,9606.ENSP00000294489,PDPN
PDRG1,PDRG1,9606.ENSP00000202017,PDRG1
PDS5A,PDS5A,9606.ENSP00000303427,PDS5A
PDS5B,PDS5B,9606.ENSP00000313851,PDS5B
PDX1,PDX1,9606.ENSP00000370421,PDX1
PDXK,PDXK,9606.ENSP00000291565,PDXK
PDZD11,PDZD11,9606.ENSP00000239666,PDZD11
PDZD3,NHERF4,9606.ENSP00000347742,PDZD3
PDZD7,PDZD7,9606.ENSP00000480489,PDZD7
PDZK1,PDZK1,9606.ENSP00000342143,PDZK1
PDZK1IP1,PDZK1IP1,9606.ENSP00000294338,PDZK1IP1
PEAK1,PEAK1,9606.ENSP00000452796,PEAK1
PECAM1,PECAM1,9606.ENSP00000457421,PECAM1
PEF1,PEF1,9606.ENSP00000362807,PEF1
PELI1,PELI1,9606.ENSP00000351789,PELI1
PELO,PELO,9606.ENSP00000274311,PELO
PELP1,PELP1,9606.ENSP00000301396,PELP1
PER1,PER1,9606.ENSP00000314420,PER1
PER2,Per2,9606.ENSP00000254657,PER2
PER3,Per3,9606.ENSP00000482093,PER3
PES1,PES1,9606.ENSP00000346725,PES1
PET100,PET100,9606.ENSP00000470539,PET100
PET117,PET117,9606.ENSP00000397881,PET117
PEX1,PEX1,9606.ENSP00000248633,PEX1
PEX10,PEX10,9606.ENSP00000288774,PEX10
PEX12,PEX12,9606.ENSP00000482609,PEX12
PEX14,PEX14,9606.ENSP00000349016,PEX14
PEX19,PEX19,9606.ENSP00000357051,PEX19
PEX2,Pex2,9606.ENSP00000349543,PEX2
PEX26,PEX26,9606.ENSP00000331106,PEX26
PEX3,PEX3,9606.ENSP00000356563,PEX3
PEX5,PEX5,9606.ENSP00000391601,PEX5
PEX6,PEX6,9606.ENSP00000303511,PEX6
PEX7,PEX7,9606.ENSP00000315680,PEX7
PFDN1,PFDN1,9606.ENSP00000261813,PFDN1
PFDN2,PFDN2,9606.ENSP00000356989,PFDN2
PFDN4,PFDN4,9606.ENSP00000360473,PFDN4
PFDN5,PFDN5,9606.ENSP00000447942,PFDN5
PFDN6,PFDN6,9606.ENSP00000378563,PFDN6
PFKL,PFKL,9606.ENSP00000269848,PFKL
PFKM,PFKM,9606.ENSP00000496597,PFKM
PFKP,PFKP,9606.ENSP00000370517,PFKP
PFN1,PFN1,9606.ENSP00000225655,PFN1
PFN2,Pfn2,9606.ENSP00000239940,PFN2
PGAM5,PGAM5,9606.ENSP00000438465,PGAM5
PGF,PGF,9606.ENSP00000451040,PGF
PGGT1B,PGGT1B,9606.ENSP00000404676,PGGT1B
PGR,PGR,9606.ENSP00000325120,PGR
PGRMC1,PGRMC1,9606.ENSP00000217971,PGRMC1
PHAX,PHAX,9606.ENSP00000297540,PHAX
PHB,PHB1,9606.ENSP00000479488,PHB
PHB2,PHB2,9606.ENSP00000441875,PHB2
PHC1,PHC1,9606.ENSP00000437659,PHC1
PHC2,PHC2,9606.ENSP00000257118,PHC2
PHC3,PHC3,9606.ENSP00000420294,PHC3
PHF10,PHF10,9606.ENSP00000341805,PHF10
PHF19,PHF19,9606.ENSP00000483946,PHF19
PHF20,PHF20,9606.ENSP00000363124,PHF20
PHF21A,PHF21A,9606.ENSP00000398824,PHF21A
PHF21B,PHF21B,9606.ENSP00000324403,PHF21B
PHF5A,PHF5A,9606.ENSP00000216252,PHF5A
PHGDH,PHGDH,9606.ENSP00000493382,PHGDH
PHKA1,PHKA1,9606.ENSP00000362643,PHKA1
PHKB,PHKB,9606.ENSP00000313504,PHKB
PHKG1,PHKG1,9606.ENSP00000445440,PHKG1
PHLPP1,PHLPP1,9606.ENSP00000262719,PHLPP1
PHLPP2,PHLPP2,9606.ENSP00000457991,PHLPP2
PI4K2A,PI4K2A,9606.ENSP00000359665,PI4K2A
PI4KA,PI4KA,9606.ENSP00000255882,PI4KA
PIAS1,PIAS1,9606.ENSP00000438574,PIAS1
PIAS2,Pias2,9606.ENSP00000465676,PIAS2
PIAS3,PIAS3,9606.ENSP00000376765,PIAS3
PIAS4,Pias4,9606.ENSP00000262971,PIAS4
PIBF1,PIBF1,9606.ENSP00000317144,PIBF1
PICALM,PICALM,9606.ENSP00000377015,PICALM
PICK1,PICK1,9606.ENSP00000385205,PICK1
PIDD1,PIDD1,9606.ENSP00000337797,PIDD1
PIGA,PIGA,9606.ENSP00000369820,PIGA
PIGC,PIGC,9606.ENSP00000356702,PIGC
PIGH,PIGH,9606.ENSP00000216452,PIGH
PIGK,PIGK,9606.ENSP00000359848,PIGK
PIGQ,PIGQ,9606.ENSP00000026218,PIGQ
PIGR,Pigr,9606.ENSP00000348888,PIGR
PIGS,PIGS,9606.ENSP00000309430,PIGS
PIGT,PIGT,9606.ENSP00000279036,PIGT
PIGU,PIGU,9606.ENSP00000217446,PIGU
PIH1D1,PIH1D1,9606.ENSP00000262265,PIH1D1
PIK3AP1,Pik3ap1,9606.ENSP00000339826,PIK3AP1
PIK3C2A,PIK3C2A,9606.ENSP00000265970,PIK3C2A
PIK3C2B,PIK3C2B,9606.ENSP00000356155,PIK3C2B
PIK3C3,PIK3C3,9606.ENSP00000262039,PIK3C3
PIK3CA,PIK3CA,9606.ENSP00000263967,PIK3CA
PIK3CB,PIK3CB,9606.ENSP00000501150,PIK3CB
PIK3CD,PIK3CD,9606.ENSP00000366563,PIK3CD
PIK3CG,PIK3CG,9606.ENSP00000419260,PIK3CG
PIK3R1,PIK3R1,9606.ENSP00000428056,PIK3R1
PIK3R2,PIK3R2,9606.ENSP00000222254,PIK3R2
PIK3R3,Pik3r3,9606.ENSP00000262741,PIK3R3
PIK3R4,PIK3R4,9606.ENSP00000349205,PIK3R4
PIK3R5,PIK3R5,9606.ENSP00000392812,PIK3R5
PIK3R6,Pik3r6,9606.ENSP00000480157,PIK3R6
PIKFYVE,PIKFYVE,9606.ENSP00000264380,PIKFYVE
PIM1,PIM1,9606.ENSP00000362608,PIM1
PIN1,PIN1,9606.ENSP00000247970,PIN1
PIN4,PIN4,9606.ENSP00000499466,PIN4
PINK1,PINK1,9606.ENSP00000364204,PINK1
PIP,PIP,9606.ENSP00000291009,PIP
PIP5K1B,PIP5K1B,9606.ENSP00000265382,PIP5K1B
PITPNM1,PITPNM1,9606.ENSP00000348772,PITPNM1
PITPNM2,PITPNM2,9606.ENSP00000322218,PITPNM2
PITPNM3,PITPNM3,9606.ENSP00000262483,PITPNM3
PITX2,PITX2,9606.ENSP00000495061,PITX2
PIWIL1,Piwil1,9606.ENSP00000245255,PIWIL1
PIWIL2,Piwil2,9606.ENSP00000349208,PIWIL2
PJA1,PJA1,9606.ENSP00000355014,PJA1
PKD1,PKD1,9606.ENSP00000262304,PKD1
PKD2,PKD2,9606.ENSP00000237596,PKD2
PKHD1,PKHD1,9606.ENSP00000360158,PKHD1
PKLR,PKLR,9606.ENSP00000339933,PKLR
PKM,PKM,9606.ENSP00000320171,PKM
PKN1,PKN1,9606.ENSP00000343325,PKN1
PKNOX1,PKNOX1,9606.ENSP00000291547,PKNOX1
PKP1,PKP1,9606.ENSP00000263946,PKP1
PKP2,Pkp2,9606.ENSP00000070846,PKP2
PLA2G2A,Pla2g2a,9606.ENSP00000383364,PLA2G2A
PLA2G4A,Pla2g4a,9606.ENSP00000356436,PLA2G4A
PLAA,Plaa,9606.ENSP00000380460,PLAA
PLAGL1,Plagl1,9606.ENSP00000353734,PLAGL1
PLAT,PLAT,9606.ENSP00000220809,PLAT
PLAU,PLAU,9606.ENSP00000361850,PLAU
PLAUR,PLAUR,9606.ENSP00000339328,PLAUR
PLCB1,PLCB1,9606.ENSP00000338185,PLCB1
PLCB2,PLCB2,9606.ENSP00000260402,PLCB2
PLCB3,PLCB3,9606.ENSP00000443631,PLCB3
PLCG1,PLCG1,9606.ENSP00000244007,PLCG1
PLCG2,PLCG2,9606.ENSP00000482457,PLCG2
PLD1,PLD1,9606.ENSP00000342793,PLD1
PLD2,Pld2,9606.ENSP00000263088,PLD2
PLEC,Plec,9606.ENSP00000323856,PLEC
PLEKHA7,PLEKHA7,9606.ENSP00000435389,PLEKHA7
PLEKHM2,PLEKHM2,9606.ENSP00000364956,PLEKHM2
PLG,PLG,9606.ENSP00000308938,PLG
PLIN3,PLIN3,9606.ENSP00000221957,PLIN3
PLK1,PLK1,9606.ENSP00000300093,PLK1
PLK4,PLK4,9606.ENSP00000270861,PLK4
PLN,PLN,9606.ENSP00000350132,PLN
PLOD1,Plod1,9606.ENSP00000196061,PLOD1
PLOD2,PLOD2,9606.ENSP00000282903,PLOD2
PLOD3,PLOD3,9606.ENSP00000223127,PLOD3
PLP1,Plp1,9606.ENSP00000481006,PLP1
PLPP3,PLPP3,9606.ENSP00000360296,PLPP3
PLRG1,PLRG1,9606.ENSP00000424417,PLRG1
PLXNA1,PLXNA1,9606.ENSP00000377061,PLXNA1
PLXNA2,PLXNA2,9606.ENSP00000356000,PLXNA2
PLXNA3,PLXNA3,9606.ENSP00000358696,PLXNA3
PLXNA4,PLXNA4,9606.ENSP00000352882,PLXNA4
PLXNB1,PLXNB1,9606.ENSP00000351338,PLXNB1
PLXNC1,PLXNC1,9606.ENSP00000258526,PLXNC1
PLXND1,PLXND1,9606.ENSP00000317128,PLXND1
PMF1,PMF1,9606.ENSP00000357256,PMF1
PML,PML,9606.ENSP00000268058,PML
PMPCA,Pmpca,9606.ENSP00000360782,PMPCA
PMPCB,Pmpcb,9606.ENSP00000249269,PMPCB
PMS1,PMS1,9606.ENSP00000406490,PMS1
PMS2,PMS2,9606.ENSP00000265849,PMS2
PNKD,PNKD,9606.ENSP00000273077,PNKD
PNKP,PNKP,9606.ENSP00000323511,PNKP
PNLIP,PNLIP,9606.ENSP00000358223,PNLIP
PNN,PNN,9606.ENSP00000216832,PNN
PNOC,Oprl1,9606.ENSP00000301908,PNOC
PNP,PNP,9606.ENSP00000354532,PNP
PNRC1,PNRC1,9606.ENSP00000336931,PNRC1
PNRC2,PNRC2,9606.ENSP00000497590,PNRC2
PODXL,PODXL,9606.ENSP00000367817,PODXL
POLA1,POLA1,9606.ENSP00000368358,POLA1
POLA2,POLA2,9606.ENSP00000265465,POLA2
POLB,POLB,9606.ENSP00000265421,POLB
POLD1,POLD1,9606.ENSP00000472445,POLD1
POLD2,POLD2,9606.ENSP00000480186,POLD2
POLD3,POLD3,9606.ENSP00000263681,POLD3
POLD4,POLD4,9606.ENSP00000311368,POLD4
POLE,POLE,9606.ENSP00000322570,POLE
POLE2,POLE2,9606.ENSP00000216367,POLE2
POLE3,POLE3,9606.ENSP00000363286,POLE3
POLE4,POLE4,9606.ENSP00000420176,POLE4
POLH,POLH,9606.ENSP00000361310,POLH
POLK,POLK,9606.ENSP00000241436,POLK
POLR1A,POLR1A,9606.ENSP00000263857,POLR1A
POLR1B,POLR1B,9606.ENSP00000444136,POLR1B
POLR1C,POLR1C,9606.ENSP00000496044,POLR1C
POLR1D,POLR1D,9606.ENSP00000302478,POLR1D
POLR1E,POLR1E,9606.ENSP00000367029,POLR1E
POLR2A,POLR2A,9606.ENSP00000461879,POLR2A
POLR2B,POLR2B,9606.ENSP00000370625,POLR2B
POLR2C,POLR2C,9606.ENSP00000219252,POLR2C
POLR2D,POLR2D,9606.ENSP00000272645,POLR2D
POLR2E,POLR2E,9606.ENSP00000478303,POLR2E
POLR2F,POLR2F,9606.ENSP00000385725,POLR2F
POLR2G,POLR2G,9606.ENSP00000301788,POLR2G
POLR2H,POLR2H,9606.ENSP00000415536,POLR2H
POLR2I,POLR2I,9606.ENSP00000221859,POLR2I
POLR2J,POLR2J,9606.ENSP00000292614,POLR2J
POLR2K,POLR2K,9606.ENSP00000342889,POLR2K
POLR2L,POLR2L,9606.ENSP00000324124,POLR2L
POLR3A,POLR3A,9606.ENSP00000361446,POLR3A
POLR3B,POLR3B,9606.ENSP00000228347,POLR3B
POLR3C,POLR3C,9606.ENSP00000334564,POLR3C
POLR3D,POLR3D,9606.ENSP00000380904,POLR3D
POLR3E,POLR3E,9606.ENSP00000299853,POLR3E
POLR3F,POLR3F,9606.ENSP00000366828,POLR3F
POLR3G,POLR3G,9606.ENSP00000498469,POLR3G
POLR3H,POLR3H,9606.ENSP00000347345,POLR3H
POLR3K,POLR3K,9606.ENSP00000293860,POLR3K
POM121,POM121,9606.ENSP00000378687,POM121
POMP,POMP,9606.ENSP00000370222,POMP
POP1,POP1,9606.ENSP00000385787,POP1
POP4,POP4,9606.ENSP00000465213,POP4
POP5,POP5,9606.ENSP00000350098,POP5
POP7,POP7,9606.ENSP00000304353,POP7
POT1,POT1,9606.ENSP00000350249,POT1
POU1F1,Pou1f1,9606.ENSP00000342931,POU1F1
POU2AF1,POU2AF1,9606.ENSP00000376786,POU2AF1
POU2F1,POU2F1,9606.ENSP00000356840,POU2F1
POU2F2,POU2F2,9606.ENSP00000431603,POU2F2
POU3F3,Pou3f3,9606.ENSP00000355001,POU3F3
POU4F2,Pou4f2,9606.ENSP00000281321,POU4F2
POU5F1,POU5F1,9606.ENSP00000259915,POU5F1
PPARA,PPARA,9606.ENSP00000385523,PPARA
PPARD,PPARD,9606.ENSP00000310928,PPARD
PPARG,PPARG,9606.ENSP00000287820,PPARG
PPARGC1A,PPARGC1A,9606.ENSP00000264867,PPARGC1A
PPAT,PPAT,9606.ENSP00000264220,PPAT
PPFIA1,Ppfia1,9606.ENSP00000253925,PPFIA1
PPFIA3,Ppfia3,9606.ENSP00000335614,PPFIA3
PPFIA4,Ppfia4,9606.ENSP00000402576,PPFIA4
PPHLN1,PPHLN1,9606.ENSP00000378935,PPHLN1
PPIA,PPIA,9606.ENSP00000419425,PPIA
PPIB,Ppib,9606.ENSP00000300026,PPIB
PPID,Ppid,9606.ENSP00000303754,PPID
PPIE,PPIE,9606.ENSP00000361918,PPIE
PPIF,PPIF,9606.ENSP00000225174,PPIF
PPIG,PPIG,9606.ENSP00000260970,PPIG
PPIH,PPIH,9606.ENSP00000306614,PPIH
PPIL1,PPIL1,9606.ENSP00000362803,PPIL1
PPIL3,PPIL3,9606.ENSP00000286175,PPIL3
PPL,PPL,9606.ENSP00000340510,PPL
PPM1A,PPM1A,9606.ENSP00000327255,PPM1A
PPM1D,PPM1D,9606.ENSP00000306682,PPM1D
PPM1G,PPM1G,9606.ENSP00000342778,PPM1G
PPME1,PPME1,9606.ENSP00000381461,PPME1
PPP1CA,PPP1CA,9606.ENSP00000326031,PPP1CA
PPP1CB,PPP1CB,9606.ENSP00000378769,PPP1CB
PPP1CC,PPP1CC,9606.ENSP00000341779,PPP1CC
PPP1R10,PPP1R10,9606.ENSP00000365694,PPP1R10
PPP1R12A,PPP1R12A,9606.ENSP00000389168,PPP1R12A
PPP1R13B,PPP1R13B,9606.ENSP00000202556,PPP1R13B
PPP1R13L,PPP1R13L,9606.ENSP00000354218,PPP1R13L
PPP1R15B,PPP1R15B,9606.ENSP00000356156,PPP1R15B
PPP1R1B,Ppp1r1b,9606.ENSP00000254079,PPP1R1B
PPP1R8,PPP1R8,9606.ENSP00000311677,PPP1R8
PPP1R9B,PPP1R9B,9606.ENSP00000478767,PPP1R9B
PPP2CA,PPP2CA,9606.ENSP00000418447,PPP2CA
PPP2CB,Ppp2cb,9606.ENSP00000221138,PPP2CB
PPP2R1A,PPP2R1A,9606.ENSP00000324804,PPP2R1A
PPP2R1B,PPP2R1B,9606.ENSP00000311344,PPP2R1B
PPP2R2A,PPP2R2A,9606.ENSP00000325074,PPP2R2A
PPP2R2B,Ppp2r2b,9606.ENSP00000377936,PPP2R2B
PPP2R3A,PPP2R3A,9606.ENSP00000264977,PPP2R3A
PPP2R3B,PPP2R3B,9606.ENSP00000375080,PPP2R3B
PPP2R3C,PPP2R3C,9606.ENSP00000261475,PPP2R3C
PPP2R5A,PPP2R5A,9606.ENSP00000261461,PPP2R5A
PPP3CA,PPP3CA,9606.ENSP00000378323,PPP3CA
PPP3CB,PPP3CB,9606.ENSP00000378306,PPP3CB
PPP3CC,PPP3CC,9606.ENSP00000380878,PPP3CC
PPP3R1,PPP3R1,9606.ENSP00000234310,PPP3R1
PPP3R2,Ppp3r2,9606.ENSP00000498330,PPP3R2
PPP4C,PPP4C,9606.ENSP00000279387,PPP4C
PPP4R1,PPP4R1,9606.ENSP00000383402,PPP4R1
PPP4R2,PPP4R2,9606.ENSP00000349124,PPP4R2
PPP4R3A,PPP4R3A,9606.ENSP00000450864,PPP4R3A
PPP4R3B,PPP4R3B,9606.ENSP00000483228,PPP4R3B
PPP4R4,PPP4R4,9606.ENSP00000305924,PPP4R4
PPP5C,PPP5C,9606.ENSP00000012443,PPP5C
PPP6C,PPP6C,9606.ENSP00000392147,PPP6C
PPP6R1,PPP6R1,9606.ENSP00000414202,PPP6R1
PPP6R2,PPP6R2,9606.ENSP00000478417,PPP6R2
PPP6R3,PPP6R3,9606.ENSP00000377390,PPP6R3
PPWD1,PPWD1,9606.ENSP00000261308,PPWD1
PQBP1,PQBP1,9606.ENSP00000498362,PQBP1
PRAME,PRAME,9606.ENSP00000445675,PRAME
PRC1,PRC1,9606.ENSP00000377793,PRC1
PRCC,PRCC,9606.ENSP00000271526,PRCC
PRCD,PRCD,9606.ENSP00000467661,PRCD
PRDM4,PRDM4,9606.ENSP00000228437,PRDM4
PRDX1,PRDX1,9606.ENSP00000262746,PRDX1
PREB,PREB,9606.ENSP00000260643,PREB
PREX2,PREX2,9606.ENSP00000288368,PREX2
PRG2,PRG2,9606.ENSP00000312134,PRG2
PRIM1,PRIM1,9606.ENSP00000350491,PRIM1
PRIM2,PRIM2,9606.ENSP00000484105,PRIM2
PRIMA1,Prima1,9606.ENSP00000376848,PRIMA1
PRKAA1,PRKAA1,9606.ENSP00000346148,PRKAA1
PRKAA2,PRKAA2,9606.ENSP00000360290,PRKAA2
PRKAB1,PRKAB1,9606.ENSP00000441369,PRKAB1
PRKAB2,PRKAB2,9606.ENSP00000254101,PRKAB2
PRKACA,PRKACA,9606.ENSP00000309591,PRKACA
PRKACB,Prkacb,9606.ENSP00000359719,PRKACB
PRKAG1,PRKAG1,9606.ENSP00000323867,PRKAG1
PRKAG2,Prkag2,9606.ENSP00000287878,PRKAG2
PRKAG3,PRKAG3,9606.ENSP00000397133,PRKAG3
PRKAR1A,PRKAR1A,9606.ENSP00000376475,PRKAR1A
PRKAR1B,Prkar1b,9606.ENSP00000385749,PRKAR1B
PRKAR2A,PRKAR2A,9606.ENSP00000265563,PRKAR2A
PRKAR2B,PRKAR2B,9606.ENSP00000265717,PRKAR2B
PRKCA,PRKCA,9606.ENSP00000408695,PRKCA
PRKCB,PRKCB,9606.ENSP00000496129,PRKCB
PRKCD,PRKCD,9606.ENSP00000331602,PRKCD
PRKCE,Prkce,9606.ENSP00000306124,PRKCE
PRKCG,Prkcg,9606.ENSP00000263431,PRKCG
PRKCH,Prkch,9606.ENSP00000329127,PRKCH
PRKCI,PRKCI,9606.ENSP00000295797,PRKCI
PRKCQ,PRKCQ,9606.ENSP00000263125,PRKCQ
PRKCSH,Prkcsh,9606.ENSP00000466134,PRKCSH
PRKCZ,PRKCZ,9606.ENSP00000367830,PRKCZ
PRKD1,Prkd1,9606.ENSP00000390535,PRKD1
PRKD2,PRKD2,9606.ENSP00000393978,PRKD2
PRKDC,PRKDC,9606.ENSP00000313420,PRKDC
PRKG1,PRKG1,9606.ENSP00000363092,PRKG1
PRKN,PRKN,9606.ENSP00000355865,PRKN
PRKRIP1,PRKRIP1,9606.ENSP00000419270,PRKRIP1
PRLHR,Prlhr,9606.ENSP00000239032,PRLHR
PRLR,PRLR,9606.ENSP00000482954,PRLR
PRMT1,PRMT1,9606.ENSP00000406162,PRMT1
PRMT2,PRMT2,9606.ENSP00000380759,PRMT2
PRMT5,PRMT5,9606.ENSP00000319169,PRMT5
PRMT7,PRMT7,9606.ENSP00000343103,PRMT7
PRNP,PRNP,9606.ENSP00000399376,PRNP
PROKR1,Prokr1,9606.ENSP00000303775,PROKR1
PROM1,PROM1,9606.ENSP00000426809,PROM1
PRORP,PRORP,9606.ENSP00000440915,PRORP
PRPF18,PRPF18,9606.ENSP00000367835,PRPF18
PRPF19,PRPF19,9606.ENSP00000227524,PRPF19
PRPF3,PRPF3,9606.ENSP00000315379,PRPF3
PRPF31,PRPF31,9606.ENSP00000324122,PRPF31
PRPF38A,PRPF38A,9606.ENSP00000257181,PRPF38A
PRPF4,PRPF4,9606.ENSP00000363313,PRPF4
PRPF40A,PRPF40A,9606.ENSP00000386458,PRPF40A
PRPF4B,PRP4K,9606.ENSP00000337194,PRPF4B
PRPF6,PRPF6,9606.ENSP00000266079,PRPF6
PRPF8,PRPF8,9606.ENSP00000460348,PRPF8
PRR5,PRR5,9606.ENSP00000384848,PRR5
PRR5L,PRR5L,9606.ENSP00000368144,PRR5L
PRRT2,Prrt2,9606.ENSP00000456226,PRRT2
PRRX1,PRRX1,9606.ENSP00000239461,PRRX1
PRRX2,PRRX2,9606.ENSP00000361547,PRRX2
PRSS1,PRSS1,9606.ENSP00000308720,PRSS1
PRUNE1,PRUNE1,9606.ENSP00000271620,PRUNE1
PRX,PRX,9606.ENSP00000326018,PRX
PSAP,PSAP,9606.ENSP00000378394,PSAP
PSEN1,PSEN1,9606.ENSP00000326366,PSEN1
PSEN2,PSEN2,9606.ENSP00000355747,PSEN2
PSENEN,PSENEN,9606.ENSP00000468411,PSENEN
PSIP1,PSIP1,9606.ENSP00000370114,PSIP1
PSMA1,PSMA1,9606.ENSP00000414359,PSMA1
PSMA2,PSMA2,9606.ENSP00000223321,PSMA2
PSMA3,PSMA3,9606.ENSP00000216455,PSMA3
PSMA4,PSMA4,9606.ENSP00000044462,PSMA4
PSMA5,PSMA5,9606.ENSP00000271308,PSMA5
PSMA6,PSMA6,9606.ENSP00000261479,PSMA6
PSMA7,PSMA7,9606.ENSP00000359910,PSMA7
PSMA8,PSMA8,9606.ENSP00000311121,PSMA8
PSMB1,PSMB1,9606.ENSP00000262193,PSMB1
PSMB10,PSMB10,9606.ENSP00000351314,PSMB10
PSMB11,Psmb11,9606.ENSP00000386212,PSMB11
PSMB2,PSMB2,9606.ENSP00000362334,PSMB2
PSMB3,PSMB3,9606.ENSP00000483688,PSMB3
PSMB4,PSMB4,9606.ENSP00000290541,PSMB4
PSMB5,PSMB5,9606.ENSP00000355325,PSMB5
PSMB6,PSMB6,9606.ENSP00000270586,PSMB6
PSMB7,PSMB7,9606.ENSP00000259457,PSMB7
PSMB8,PSMB8,9606.ENSP00000364016,PSMB8
PSMB9,Psmb9,9606.ENSP00000363993,PSMB9
PSMC1,PSMC1,9606.ENSP00000261303,PSMC1
PSMC2,PSMC2,9606.ENSP00000391211,PSMC2
PSMC3,PSMC3,9606.ENSP00000481029,PSMC3
PSMC3IP,PSMC3IP,9606.ENSP00000377384,PSMC3IP
PSMC4,PSMC4,9606.ENSP00000157812,PSMC4
PSMC5,PSMC5,9606.ENSP00000310572,PSMC5
PSMC6,PSMC6,9606.ENSP00000484998,PSMC6
PSMD1,PSMD1,9606.ENSP00000309474,PSMD1
PSMD10,PSMD10,9606.ENSP00000217958,PSMD10
PSMD11,PSMD11,9606.ENSP00000261712,PSMD11
PSMD12,PSMD12,9606.ENSP00000348442,PSMD12
PSMD13,PSMD13,9606.ENSP00000396937,PSMD13
PSMD14,PSMD14,9606.ENSP00000386541,PSMD14
PSMD2,PSMD2,9606.ENSP00000310129,PSMD2
PSMD3,PSMD3,9606.ENSP00000264639,PSMD3
PSMD4,PSMD4,9606.ENSP00000357876,PSMD4
PSMD5,PSMD5,9606.ENSP00000210313,PSMD5
PSMD6,PSMD6,9606.ENSP00000418695,PSMD6
PSMD7,PSMD7,9606.ENSP00000219313,PSMD7
PSMD8,PSMD8,9606.ENSP00000215071,PSMD8
PSMD9,PSMD9,9606.ENSP00000440485,PSMD9
PSME1,PSME1,9606.ENSP00000372155,PSME1
PSME2,PSME2,9606.ENSP00000216802,PSME2
PSME3,PSME3,9606.ENSP00000293362,PSME3
PSME4,Psme4,9606.ENSP00000384211,PSME4
PSMG1,PSMG1,9606.ENSP00000329915,PSMG1
PSMG2,PSMG2,9606.ENSP00000325919,PSMG2
PSMG3,PSMG3,9606.ENSP00000288607,PSMG3
PSMG4,PSMG4,9606.ENSP00000392353,PSMG4
PSPC1,PSPC1,9606.ENSP00000343966,PSPC1
PSPN,PSPN,9606.ENSP00000245810,PSPN
PTAFR,PTAFR,9606.ENSP00000442658,PTAFR
PTBP1,PTBP1,9606.ENSP00000349428,PTBP1
PTBP2,PTBP2,9606.ENSP00000359216,PTBP2
PTCD3,PTCD3,9606.ENSP00000254630,PTCD3
PTCH1,PTCH1,9606.ENSP00000332353,PTCH1
PTEN,PTEN,9606.ENSP00000361021,PTEN
PTF1A,PTF1A,9606.ENSP00000365687,PTF1A
PTGDR,PTGDR,9606.ENSP00000303424,PTGDR
PTGDR2,PTGDR2,9606.ENSP00000332812,PTGDR2
PTGDS,PTGDS,9606.ENSP00000360687,PTGDS
PTGER1,PTGER1,9606.ENSP00000292513,PTGER1
PTGER2,Ptger2,9606.ENSP00000245457,PTGER2
PTGER3,PTGER3,9606.ENSP00000349003,PTGER3
PTGER4,PTGER4,9606.ENSP00000302846,PTGER4
PTGES3,PTGES3,9606.ENSP00000482075,PTGES3
PTGFR,PTGFR,9606.ENSP00000359793,PTGFR
PTGIR,PTGIR,9606.ENSP00000291294,PTGIR
PTGS1,PTGS1,9606.ENSP00000354612,PTGS1
PTGS2,PTGS2,9606.ENSP00000356438,PTGS2
PTH,PTH,9606.ENSP00000433208,PTH
PTH1R,PTH1R,9606.ENSP00000402723,PTH1R
PTH2,PTH2,9606.ENSP00000270631,PTH2
PTH2R,PTH2R,9606.ENSP00000272847,PTH2R
PTHLH,PTHLH,9606.ENSP00000441765,PTHLH
PTK2,PTK2,9606.ENSP00000341189,PTK2
PTK2B,PTK2B,9606.ENSP00000380638,PTK2B
PTK7,Ptk7,9606.ENSP00000418754,PTK7
PTMA,PTMA,9606.ENSP00000344547,PTMA
PTPN1,Ptpn1,9606.ENSP00000360683,PTPN1
PTPN11,PTPN11,9606.ENSP00000489597,PTPN11
PTPN13,PTPN13,9606.ENSP00000394794,PTPN13
PTPN2,PTPN2,9606.ENSP00000311857,PTPN2
PTPN6,PTPN6,9606.ENSP00000391592,PTPN6
PTPRA,PTPRA,9606.ENSP00000369756,PTPRA
PTPRB,PTPRB,9606.ENSP00000334928,PTPRB
PTPRC,PTPRC,9606.ENSP00000411355,PTPRC
PTPRCAP,PTPRCAP,9606.ENSP00000325589,PTPRCAP
PTPRF,Ptprf,9606.ENSP00000353030,PTPRF
PTPRS,Ptprs,9606.ENSP00000467537,PTPRS
PTTG1,PTTG1,9606.ENSP00000377536,PTTG1
PUF60,PUF60,9606.ENSP00000434359,PUF60
PURA,Pura,9606.ENSP00000332706,PURA
PURB,Purb,9606.ENSP00000379051,PURB
PUS1,Pus1,9606.ENSP00000365837,PUS1
PWP1,PWP1,9606.ENSP00000387365,PWP1
PXN,PXN,9606.ENSP00000267257,PXN
PYCARD,PYCARD,9606.ENSP00000247470,PYCARD
PYM1,PYM1,9606.ENSP00000386156,PYM1
QARS1,QARS1,9606.ENSP00000307567,QARS1
QRFPR,Qrfpr,9606.ENSP00000377948,QRFPR
QRSL1,QRSL1,9606.ENSP00000358042,QRSL1
RAB11A,RAB11A,9606.ENSP00000261890,RAB11A
RAB11B,RAB11B,9606.ENSP00000333547,RAB11B
RAB11FIP1,RAB11FIP1,9606.ENSP00000331342,RAB11FIP1
RAB11FIP2,RAB11FIP2,9606.ENSP00000358200,RAB11FIP2
RAB11FIP3,RAB11FIP3,9606.ENSP00000262305,RAB11FIP3
RAB11FIP5,RAB11FIP5,9606.ENSP00000258098,RAB11FIP5
RAB13,RAB13,9606.ENSP00000357564,RAB13
RAB14,RAB14,9606.ENSP00000362946,RAB14
RAB18,RAB18,9606.ENSP00000478479,RAB18
RAB1A,Rab1A,9606.ENSP00000387286,RAB1A
RAB23,RAB23,9606.ENSP00000417610,RAB23
RAB24,RAB24,9606.ENSP00000304376,RAB24
RAB26,RAB26,9606.ENSP00000210187,RAB26
RAB27A,RAB27A,9606.ENSP00000379601,RAB27A
RAB27B,Rab27b,9606.ENSP00000262094,RAB27B
RAB2A,Rab2a,9606.ENSP00000262646,RAB2A
RAB3A,RAB3A,9606.ENSP00000222256,RAB3A
RAB3IP,RAB3IP,9606.ENSP00000447300,RAB3IP
RAB4A,RAB4A,9606.ENSP00000355651,RAB4A
RAB5A,RAB5A,9606.ENSP00000273047,RAB5A
RAB5IF,RAB5IF,9606.ENSP00000341213,RAB5IF
RAB7A,RAB7A,9606.ENSP00000265062,RAB7A
RAB8A,RAB8A,9606.ENSP00000300935,RAB8A
RAB9A,RAB9A,9606.ENSP00000420127,RAB9A
RABEP1,RABEP1,9606.ENSP00000445408,RABEP1
RABGEF1,RABGEF1,9606.ENSP00000370208,RABGEF1
RABGGTA,RABGGTA,9606.ENSP00000382341,RABGGTA
RABIF,Rabif,9606.ENSP00000356231,RABIF
RABL2B,RABL2B,9606.ENSP00000378958,RABL2B
RAC1,RAC1,9606.ENSP00000348461,RAC1
RAC2,Rac2,9606.ENSP00000249071,RAC2
RACGAP1,RACGAP1,9606.ENSP00000404190,RACGAP1
RACK1,RACK1,9606.ENSP00000426909,RACK1
RAD1,RAD1,9606.ENSP00000371469,RAD1
RAD17,RAD17,9606.ENSP00000426191,RAD17
RAD18,RAD18,9606.ENSP00000264926,RAD18
RAD21,RAD21,9606.ENSP00000297338,RAD21
RAD23A,RAD23A,9606.ENSP00000467024,RAD23A
RAD23B,RAD23B,9606.ENSP00000350708,RAD23B
RAD50,RAD50,9606.ENSP00000368100,RAD50
RAD51,RAD51,9606.ENSP00000493712,RAD51
RAD51AP1,RAD51AP1,9606.ENSP00000228843,RAD51AP1
RAD51B,RAD51B,9606.ENSP00000419881,RAD51B
RAD51C,RAD51C,9606.ENSP00000336701,RAD51C
RAD51D,RAD51D,9606.ENSP00000466399,RAD51D
RAD52,RAD52,9606.ENSP00000351284,RAD52
RAD9A,RAD9A,9606.ENSP00000311360,RAD9A
RAD9B,RAD9B,9606.ENSP00000376440,RAD9B
RAE1,RAE1,9606.ENSP00000379181,RAE1
RAF1,RAF1,9606.ENSP00000401888,RAF1
RAG1,RAG1,9606.ENSP00000299440,RAG1
RAG2,RAG2,9606.ENSP00000478672,RAG2
RALA,Rala,9606.ENSP00000005257,RALA
RALBP1,RALBP1,9606.ENSP00000372924,RALBP1
RALY,RALY,9606.ENSP00000246194,RALY
RAMP1,RAMP1,9606.ENSP00000254661,RAMP1
RAMP2,RAMP2,9606.ENSP00000253796,RAMP2
RAMP3,RAMP3,9606.ENSP00000242249,RAMP3
RAN,RAN,9606.ENSP00000446215,RAN
RANBP1,RANBP1,9606.ENSP00000401564,RANBP1
RANBP10,RANBP10,9606.ENSP00000316589,RANBP10
RANBP2,RANBP2,9606.ENSP00000283195,RANBP2
RANBP3,RANBP3,9606.ENSP00000341483,RANBP3
RANBP9,RANBP9,9606.ENSP00000011619,RANBP9
RAP1A,RAP1A,9606.ENSP00000358723,RAP1A
RAP1B,RAP1B,9606.ENSP00000250559,RAP1B
RAP2A,Rap2a,9606.ENSP00000245304,RAP2A
RAPGEF1,RAPGEF1,9606.ENSP00000361264,RAPGEF1
RAPGEF2,Rapgef2,9606.ENSP00000264431,RAPGEF2
RAPGEF4,RAPGEF4,9606.ENSP00000380271,RAPGEF4
RARA,RARA,9606.ENSP00000254066,RARA
RARB,RARB,9606.ENSP00000332296,RARB
RARG,RARG,9606.ENSP00000388510,RARG
RARS1,RARS1,9606.ENSP00000231572,RARS1
RASA1,RASA1,9606.ENSP00000274376,RASA1
RASAL2,RASAL2,9606.ENSP00000356621,RASAL2
RASD1,Rasd1,9606.ENSP00000225688,RASD1
RASGRF1,RASGRF1,9606.ENSP00000405963,RASGRF1
RASGRP1,RASGRP1,9606.ENSP00000310244,RASGRP1
RASSF1,Rassf1,9606.ENSP00000349547,RASSF1
RB1,RB1,9606.ENSP00000267163,RB1
RB1CC1,RB1CC1,9606.ENSP00000025008,RB1CC1
RBAK,RBAK,9606.ENSP00000380120,RBAK
RBBP4,RBBP4,9606.ENSP00000362592,RBBP4
RBBP5,RBBP5,9606.ENSP00000264515,RBBP5
RBBP7,RBBP7,9606.ENSP00000369424,RBBP7
RBBP8,RBBP8,9606.ENSP00000382628,RBBP8
RBCK1,RBCK1,9606.ENSP00000348632,RBCK1
RBL1,RBL1,9606.ENSP00000362768,RBL1
RBL2,RBL2,9606.ENSP00000262133,RBL2
RBM10,RBM10,9606.ENSP00000328848,RBM10
RBM14,RBM14,9606.ENSP00000311747,RBM14
RBM17,RBM17,9606.ENSP00000388638,RBM17
RBM22,RBM22,9606.ENSP00000199814,RBM22
RBM23,RBM23,9606.ENSP00000352956,RBM23
RBM25,RBM25,9606.ENSP00000261973,RBM25
RBM28,RBM28,9606.ENSP00000223073,RBM28
RBM39,RBM39,9606.ENSP00000253363,RBM39
RBM42,RBM42,9606.ENSP00000262633,RBM42
RBM5,RBM5,9606.ENSP00000343054,RBM5
RBM7,RBM7,9606.ENSP00000364639,RBM7
RBM8A,RBM8A,9606.ENSP00000463058,RBM8A
RBMX,RBMX,9606.ENSP00000359645,RBMX
RBMXL2,RBMXL2,9606.ENSP00000304139,RBMXL2
RBP1,Rbp1,9606.ENSP00000232219,RBP1
RBP4,RBP4,9606.ENSP00000360522,RBP4
RBPJ,RBPJ,9606.ENSP00000345206,RBPJ
RBPJL,Rbpjl,9606.ENSP00000341243,RBPJL
RBSN,RBSN,9606.ENSP00000253699,RBSN
RBX1,RBX1,9606.ENSP00000216225,RBX1
RC3H1,RC3H1,9606.ENSP00000356669,RC3H1
RCAN1,RCAN1,9606.ENSP00000370527,RCAN1
RCC1,RCC1,9606.ENSP00000497402,RCC1
RCC1L,RCC1L,9606.ENSP00000480364,RCC1L
RCCD1,RCCD1,9606.ENSP00000377801,RCCD1
RCHY1,RCHY1,9606.ENSP00000321239,RCHY1
RCN2,Rcn2,9606.ENSP00000319739,RCN2
RCOR1,RCOR1,9606.ENSP00000262241,RCOR1
RCOR3,RCOR3,9606.ENSP00000413929,RCOR3
RD3,RD3,9606.ENSP00000355969,RD3
RDH5,RDH5,9606.ENSP00000257895,RDH5
RDX,RDX,9606.ENSP00000496414,RDX
REC114,Rec114,9606.ENSP00000328423,REC114
REC8,Rec8,9606.ENSP00000482546,REC8
REEP1,REEP1,9606.ENSP00000392197,REEP1
REEP5,REEP5,9606.ENSP00000368959,REEP5
REL,REL,9606.ENSP00000295025,REL
RELA,RELA,9606.ENSP00000384273,RELA
RELB,RELB,9606.ENSP00000221452,RELB
REN,REN,9606.ENSP00000272190,REN
RENBP,RENBP,9606.ENSP00000377303,RENBP
REPS1,Reps1,9606.ENSP00000392065,REPS1
REST,REST,9606.ENSP00000311816,REST
RET,RET,9606.ENSP00000347942,RET
RETN,Retn,9606.ENSP00000221515,RETN
REV1,REV1,9606.ENSP00000258428,REV1
REV3L,REV3L,9606.ENSP00000351697,REV3L
RFC1,RFC1,9606.ENSP00000371321,RFC1
RFC2,RFC2,9606.ENSP00000055077,RFC2
RFC3,RFC3,9606.ENSP00000369411,RFC3
RFC4,RFC4,9606.ENSP00000376272,RFC4
RFC5,RFC5,9606.ENSP00000408295,RFC5
RFX5,RFX5,9606.ENSP00000290524,RFX5
RFXANK,RFXANK,9606.ENSP00000305071,RFXANK
RFXAP,RFXAP,9606.ENSP00000255476,RFXAP
RGP1,RGP1,9606.ENSP00000367318,RGP1
RGR,RGR,9606.ENSP00000352427,RGR
RGS11,RGS11,9606.ENSP00000380876,RGS11
RGS14,Rgs14,9606.ENSP00000386229,RGS14
RGS17,Rgs17,9606.ENSP00000206262,RGS17
RGS19,RGS19,9606.ENSP00000378483,RGS19
RGS2,RGS2,9606.ENSP00000235382,RGS2
RGS20,RGS20,9606.ENSP00000297313,RGS20
RGS4,Rgs4,9606.ENSP00000397181,RGS4
RGS6,RGS6,9606.ENSP00000451030,RGS6
RGS7,RGS7,9606.ENSP00000355523,RGS7
RGS7BP,RGS7BP,9606.ENSP00000334851,RGS7BP
RGS9,RGS9,9606.ENSP00000262406,RGS9
RGS9BP,RGS9BP,9606.ENSP00000334134,RGS9BP
RHNO1,RHNO1,9606.ENSP00000479598,RHNO1
RHO,RHO,9606.ENSP00000296271,RHO
RHOA,RHOA,9606.ENSP00000400175,RHOA
RHOB,RHOB,9606.ENSP00000272233,RHOB
RHOBTB3,RHOBTB3,9606.ENSP00000369318,RHOBTB3
RHOD,RHOD,9606.ENSP00000308576,RHOD
RHOG,Rhog,9606.ENSP00000339467,RHOG
RHOH,RHOH,9606.ENSP00000371219,RHOH
RHOT1,RHOT1,9606.ENSP00000351132,RHOT1
RHOT2,RHOT2,9606.ENSP00000321971,RHOT2
RHPN1,Rhpn1,9606.ENSP00000289013,RHPN1
RIC3,Ric3,9606.ENSP00000308820,RIC3
RIC8A,Ric8a,9606.ENSP00000325941,RIC8A
RICTOR,RICTOR,9606.ENSP00000296782,RICTOR
RIF1,RIF1,9606.ENSP00000243326,RIF1
RILP,RILP,9606.ENSP00000301336,RILP
RIMBP2,Rimbp2,9606.ENSP00000261655,RIMBP2
RIMBP3,RIMBP3,9606.ENSP00000483386,RIMBP3
RIMS1,Rims1,9606.ENSP00000428417,RIMS1
RIMS2,Rims2,9606.ENSP00000427018,RIMS2
RIN1,RIN1,9606.ENSP00000310406,RIN1
RING1,RING1,9606.ENSP00000363787,RING1
RINL,RINL,9606.ENSP00000467107,RINL
RINT1,RINT1,9606.ENSP00000257700,RINT1
RIPK1,RIPK1,9606.ENSP00000259808,RIPK1
RIPK2,RIPK2,9606.ENSP00000220751,RIPK2
RIPK3,RIPK3,9606.ENSP00000216274,RIPK3
RIT2,Rit2,9606.ENSP00000321805,RIT2
RMC1,RMC1,9606.ENSP00000269221,RMC1
RMI1,RMI1,9606.ENSP00000317039,RMI1
RMND5A,RMND5A,9606.ENSP00000283632,RMND5A
RMND5B,RMND5B,9606.ENSP00000420875,RMND5B
RNASEK,Rnasek,9606.ENSP00000449500,RNASEK
RNASEL,RNASEL,9606.ENSP00000356530,RNASEL
RND1,Rnd1,9606.ENSP00000308461,RND1
RNF11,RNF11,9606.ENSP00000242719,RNF11
RNF114,RNF114,9606.ENSP00000244061,RNF114
RNF115,RNF115,9606.ENSP00000463650,RNF115
RNF123,RNF123,9606.ENSP00000328287,RNF123
RNF128,RNF128,9606.ENSP00000255499,RNF128
RNF139,RNF139,9606.ENSP00000304051,RNF139
RNF14,RNF14,9606.ENSP00000324956,RNF14
RNF170,RNF170,9606.ENSP00000445725,RNF170
RNF19A,RNF19A,9606.ENSP00000428968,RNF19A
RNF2,RNF2,9606.ENSP00000356480,RNF2
RNF20,RNF20,9606.ENSP00000373772,RNF20
RNF31,RNF31,9606.ENSP00000315112,RNF31
RNF4,RNF4,9606.ENSP00000426503,RNF4
RNF40,RNF40,9606.ENSP00000325677,RNF40
RNF43,RNF43,9606.ENSP00000463069,RNF43
RNF7,RNF7,9606.ENSP00000273480,RNF7
RNF8,RNF8,9606.ENSP00000362578,RNF8
RNH1,RNH1,9606.ENSP00000433999,RNH1
RNPC3,RNPC3,9606.ENSP00000432886,RNPC3
RNPS1,RNPS1,9606.ENSP00000457723,RNPS1
RO60,RO60,9606.ENSP00000356416,RO60
ROBO4,ROBO4,9606.ENSP00000304945,ROBO4
ROCK1,ROCK1,9606.ENSP00000382697,ROCK1
ROCK2,ROCK2,9606.ENSP00000317985,ROCK2
ROGDI,ROGDI,9606.ENSP00000322832,ROGDI
ROMO1,ROMO1,9606.ENSP00000363191,ROMO1
ROPN1,Ropn1,9606.ENSP00000184183,ROPN1
ROR1,Ror1,9606.ENSP00000360120,ROR1
ROR2,Ror2,9606.ENSP00000364860,ROR2
RORA,Rora,9606.ENSP00000261523,RORA
ROS1,ROS1,9606.ENSP00000357494,ROS1
RP2,RP2,9606.ENSP00000218340,RP2
RPA1,RPA1,9606.ENSP00000254719,RPA1
RPA2,RPA2,9606.ENSP00000363017,RPA2
RPA3,RPA3,9606.ENSP00000223129,RPA3
RPAP1,RPAP1,9606.ENSP00000306123,RPAP1
RPAP3,RPAP3,9606.ENSP00000005386,RPAP3
RPE65,RPE65,9606.ENSP00000262340,RPE65
RPF2,Rpf2,9606.ENSP00000402338,RPF2
RPGR,RPGR,9606.ENSP00000495537,RPGR
RPGRIP1,RPGRIP1,9606.ENSP00000382895,RPGRIP1
RPGRIP1L,RPGRIP1L,9606.ENSP00000493946,RPGRIP1L
RPL10,RPL10,9606.ENSP00000413436,RPL10
RPL10A,RPL10A,9606.ENSP00000363018,RPL10A
RPL11,RPL11,9606.ENSP00000496250,RPL11
RPL12,RPL12,9606.ENSP00000354739,RPL12
RPL13,RPL13,9606.ENSP00000307889,RPL13
RPL13A,RPL13A,9606.ENSP00000375730,RPL13A
RPL14,RPL14,9606.ENSP00000379506,RPL14
RPL15,RPL15,9606.ENSP00000309334,RPL15
RPL17,RPL17,9606.ENSP00000463842,RPL17
RPL18,RPL18,9606.ENSP00000447001,RPL18
RPL18A,RPL18A,9606.ENSP00000222247,RPL18A
RPL19,RPL19,9606.ENSP00000225430,RPL19
RPL21,RPL21,9606.ENSP00000346027,RPL21
RPL22,RPL22,9606.ENSP00000346088,RPL22
RPL23,RPL23,9606.ENSP00000420311,RPL23
RPL23A,RPL23A,9606.ENSP00000389103,RPL23A
RPL24,RPL24,9606.ENSP00000377640,RPL24
RPL26,RPL26,9606.ENSP00000463784,RPL26
RPL27,RPL27,9606.ENSP00000464813,RPL27
RPL27A,RPL27A,9606.ENSP00000346015,RPL27A
RPL28,RPL28,9606.ENSP00000452763,RPL28
RPL29,RPL29,9606.ENSP00000294189,RPL29
RPL3,RPL3,9606.ENSP00000346001,RPL3
RPL30,RPL30,9606.ENSP00000428085,RPL30
RPL31,RPL31,9606.ENSP00000386717,RPL31
RPL32,RPL32,9606.ENSP00000416429,RPL32
RPL34,RPL34,9606.ENSP00000378163,RPL34
RPL35,RPL35,9606.ENSP00000259469,RPL35
RPL35A,RPL35A,9606.ENSP00000495672,RPL35A
RPL36,RPL36,9606.ENSP00000464342,RPL36
RPL36A,RPL36A,9606.ENSP00000404375,RPL36A
RPL37,RPL37,9606.ENSP00000274242,RPL37
RPL37A,RPL37A,9606.ENSP00000418082,RPL37A
RPL38,RPL38,9606.ENSP00000309830,RPL38
RPL39,RPL39,9606.ENSP00000355315,RPL39
RPL4,RPL4,9606.ENSP00000311430,RPL4
RPL41,RPL41,9606.ENSP00000449026,RPL41
RPL5,RPL5,9606.ENSP00000359345,RPL5
RPL6,RPL6,9606.ENSP00000403172,RPL6
RPL7,RPL7,9606.ENSP00000339795,RPL7
RPL7A,RPL7A,9606.ENSP00000361076,RPL7A
RPL8,RPL8,9606.ENSP00000262584,RPL8
RPL9,RPL9,9606.ENSP00000494697,RPL9
RPLP0,RPLP0,9606.ENSP00000449328,RPLP0
RPLP1,RPLP1,9606.ENSP00000346037,RPLP1
RPLP2,RPLP2,9606.ENSP00000431240,RPLP2
RPN1,RPN1,9606.ENSP00000296255,RPN1
RPN2,RPN2,9606.ENSP00000237530,RPN2
RPP14,RPP14,9606.ENSP00000412894,RPP14
RPP21,RPP21,9606.ENSP00000409799,RPP21
RPP25,RPP25,9606.ENSP00000317691,RPP25
RPP30,RPP30,9606.ENSP00000389182,RPP30
RPP38,RPP38,9606.ENSP00000478982,RPP38
RPP40,RPP40,9606.ENSP00000369391,RPP40
RPS10,RPS10,9606.ENSP00000481646,RPS10
RPS11,RPS11,9606.ENSP00000270625,RPS11
RPS12,RPS12,9606.ENSP00000230050,RPS12
RPS13,RPS13,9606.ENSP00000435777,RPS13
RPS14,RPS14,9606.ENSP00000385958,RPS14
RPS15,RPS15,9606.ENSP00000466010,RPS15
RPS15A,RPS15A,9606.ENSP00000318646,RPS15A
RPS16,RPS16,9606.ENSP00000367806,RPS16
RPS17,RPS17,9606.ENSP00000498019,RPS17
RPS18,RPS18,9606.ENSP00000393241,RPS18
RPS19,RPS19,9606.ENSP00000470972,RPS19
RPS2,RPS2,9606.ENSP00000341885,RPS2
RPS20,RPS20,9606.ENSP00000429374,RPS20
RPS21,RPS21,9606.ENSP00000345957,RPS21
RPS23,RPS23,9606.ENSP00000296674,RPS23
RPS24,RPS24,9606.ENSP00000414321,RPS24
RPS25,RPS25,9606.ENSP00000435096,RPS25
RPS26,RPS26,9606.ENSP00000348849,RPS26
RPS27,RPS27,9606.ENSP00000499044,RPS27
RPS27A,RPS27A,9606.ENSP00000272317,RPS27A
RPS28,RPS28,9606.ENSP00000472469,RPS28
RPS29,RPS29,9606.ENSP00000379339,RPS29
RPS3,RPS3,9606.ENSP00000278572,RPS3
RPS3A,RPS3A,9606.ENSP00000346050,RPS3A
RPS4X,RPS4X,9606.ENSP00000362744,RPS4X
RPS4Y1,RPS4Y1,9606.ENSP00000250784,RPS4Y1
RPS5,RPS5,9606.ENSP00000472985,RPS5
RPS6,RPS6,9606.ENSP00000369757,RPS6
RPS6KA1,RPS6KA1,9606.ENSP00000435412,RPS6KA1
RPS6KA3,Rps6ka3,9606.ENSP00000368884,RPS6KA3
RPS7,RPS7,9606.ENSP00000495273,RPS7
RPS8,RPS8,9606.ENSP00000379888,RPS8
RPS9,RPS9,9606.ENSP00000375632,RPS9
RPSA,RPSA,9606.ENSP00000389351,RPSA
RPTOR,RPTOR,9606.ENSP00000307272,RPTOR
RPUSD3,RPUSD3,9606.ENSP00000373331,RPUSD3
RPUSD4,RPUSD4,9606.ENSP00000298317,RPUSD4
RRAGA,RRAGA,9606.ENSP00000369899,RRAGA
RRAGB,RRAGB,9606.ENSP00000262850,RRAGB
RRAGC,RRAGC,9606.ENSP00000362092,RRAGC
RRAGD,RRAGD,9606.ENSP00000358423,RRAGD
RRAS,Rras,9606.ENSP00000246792,RRAS
RREB1,RREB1,9606.ENSP00000369270,RREB1
RRM1,RRM1,9606.ENSP00000300738,RRM1
RRM2,RRM2,9606.ENSP00000353770,RRM2
RRM2B,RRM2B,9606.ENSP00000251810,RRM2B
RRN3,RRN3,9606.ENSP00000198767,RRN3
RRP1,Rrp1,9606.ENSP00000417464,RRP1
RRP8,RRP8,9606.ENSP00000254605,RRP8
RRS1,Rrs1,9606.ENSP00000322396,RRS1
RS1,RS1,9606.ENSP00000369320,RS1
RSF1,RSF1,9606.ENSP00000311513,RSF1
RSL1D1,RSL1D1,9606.ENSP00000460871,RSL1D1
RSL24D1,RSL24D1,9606.ENSP00000260443,RSL24D1
RSPH1,Rsph1,9606.ENSP00000291536,RSPH1
RSPH4A,Rsph4a,9606.ENSP00000229554,RSPH4A
RSPH6A,Rsph6a,9606.ENSP00000221538,RSPH6A
RSPH9,Rsph9,9606.ENSP00000361238,RSPH9
RSPO1,RSPO1,9606.ENSP00000348944,RSPO1
RSPO2,RSPO2,9606.ENSP00000276659,RSPO2
RSPO3,RSPO3,9606.ENSP00000349131,RSPO3
RSPO4,RSPO4,9606.ENSP00000217260,RSPO4
RTCB,RTCB,9606.ENSP00000216038,RTCB
RTN1,RTN1,9606.ENSP00000267484,RTN1
RTN2,RTN2,9606.ENSP00000245923,RTN2
RTN3,RTN3,9606.ENSP00000367050,RTN3
RTN4,RTN4,9606.ENSP00000337838,RTN4
RTN4R,RTN4R,9606.ENSP00000043402,RTN4R
RTP1,Rtp1,9606.ENSP00000311712,RTP1
RTRAF,RTRAF,9606.ENSP00000261700,RTRAF
RUNX1,RUNX1,9606.ENSP00000300305,RUNX1
RUNX2,RUNX2,9606.ENSP00000360493,RUNX2
RUNX3,RUNX3,9606.ENSP00000382800,RUNX3
RUVBL1,RUVBL1,9606.ENSP00000318297,RUVBL1
RUVBL2,RUVBL2,9606.ENSP00000473172,RUVBL2
RWDD1,RWDD1,9606.ENSP00000420357,RWDD1
RXFP1,RXFP1,9606.ENSP00000405841,RXFP1
RXRA,RXRA,9606.ENSP00000419692,RXRA
RXRB,RXRB,9606.ENSP00000363817,RXRB
RXRG,RXRG,9606.ENSP00000352900,RXRG
RYBP,RYBP,9606.ENSP00000419494,RYBP
RYK,RYK,9606.ENSP00000478721,RYK
RYR1,Ryr1,9606.ENSP00000352608,RYR1
RYR2,Ryr2,9606.ENSP00000355533,RYR2
RYR3,Ryr3,9606.ENSP00000489262,RYR3
S100A10,S100a10,9606.ENSP00000357801,S100A10
S100A6,S100A6,9606.ENSP00000357709,S100A6
S100A8,S100A8,9606.ENSP00000357721,S100A8
S100A9,S100A9,9606.ENSP00000357727,S100A9
S1PR1,S1PR1,9606.ENSP00000305416,S1PR1
S1PR2,S1PR2,9606.ENSP00000496438,S1PR2
S1PR3,S1pr3,9606.ENSP00000365006,S1PR3
S1PR4,S1PR4,9606.ENSP00000246115,S1PR4
S1PR5,S1PR5,9606.ENSP00000328472,S1PR5
SAC3D1,SAC3D1,9606.ENSP00000436649,SAC3D1
SAE1,SAE1,9606.ENSP00000270225,SAE1
SAFB,SAFB,9606.ENSP00000467423,SAFB
SAMM50,SAMM50,9606.ENSP00000345445,SAMM50
SAP130,SAP130,9606.ENSP00000350333,SAP130
SAP18,SAP18,9606.ENSP00000481842,SAP18
SAP25,SAP25,9606.ENSP00000481773,SAP25
SAP30,SAP30,9606.ENSP00000296504,SAP30
SAP30BP,SAP30BP,9606.ENSP00000462116,SAP30BP
SAR1B,SAR1B,9606.ENSP00000385432,SAR1B
SARM1,SARM1,9606.ENSP00000468032,SARM1
SARNP,SARNP,9606.ENSP00000337632,SARNP
SART1,SART1,9606.ENSP00000310448,SART1
SART3,SART3,9606.ENSP00000449386,SART3
SAV1,SAV1,9606.ENSP00000324729,SAV1
SBNO1,SBNO1,9606.ENSP00000473665,SBNO1
SCAF4,SCAF4,9606.ENSP00000286835,SCAF4
SCAF8,SCAF8,9606.ENSP00000413098,SCAF8
SCAMP1,SCAMP1,9606.ENSP00000481022,SCAMP1
SCAMP3,SCAMP3,9606.ENSP00000307275,SCAMP3
SCAP,SCAP,9606.ENSP00000265565,SCAP
SCARB2,SCARB2,9606.ENSP00000264896,SCARB2
SCFD1,Scfd1,9606.ENSP00000390783,SCFD1
SCG2,SCG2,9606.ENSP00000304133,SCG2
SCHIP1,SCHIP1,9606.ENSP00000404860,SCHIP1
SCIMP,SCIMP,9606.ENSP00000461269,SCIMP
SCIN,Scin,9606.ENSP00000297029,SCIN
SCLT1,SCLT1,9606.ENSP00000281142,SCLT1
SCMH1,SCMH1,9606.ENSP00000318094,SCMH1
SCN10A,Scn10a,9606.ENSP00000390600,SCN10A
SCN11A,Scn11a,9606.ENSP00000499569,SCN11A
SCN1A,SCN1A,9606.ENSP00000303540,SCN1A
SCN1B,SCN1B,9606.ENSP00000396915,SCN1B
SCN2A,SCN2A,9606.ENSP00000490107,SCN2A
SCN2B,SCN2B,9606.ENSP00000278947,SCN2B
SCN3A,SCN3A,9606.ENSP00000283254,SCN3A
SCN3B,SCN3B,9606.ENSP00000376523,SCN3B
SCN4A,SCN4A,9606.ENSP00000396320,SCN4A
SCN5A,SCN5A,9606.ENSP00000328968,SCN5A
SCN7A,SCN7A,9606.ENSP00000496114,SCN7A
SCN8A,SCN8A,9606.ENSP00000346534,SCN8A
SCN9A,SCN9A,9606.ENSP00000386306,SCN9A
SCNN1A,SCNN1A,9606.ENSP00000353292,SCNN1A
SCNN1B,SCNN1B,9606.ENSP00000345751,SCNN1B
SCNN1D,SCNN1D,9606.ENSP00000368411,SCNN1D
SCNN1G,SCNN1G,9606.ENSP00000300061,SCNN1G
SCRIB,SCRIB,9606.ENSP00000349486,SCRIB
SCT,SCT,9606.ENSP00000176195,SCT
SCTR,SCTR,9606.ENSP00000019103,SCTR
SCUBE2,SCUBE2,9606.ENSP00000310658,SCUBE2
SCYL1,SCYL1,9606.ENSP00000270176,SCYL1
SDC1,SDC1,9606.ENSP00000370542,SDC1
SDC2,SDC2,9606.ENSP00000307046,SDC2
SDC4,SDC4,9606.ENSP00000361818,SDC4
SDCBP,SDCBP,9606.ENSP00000428184,SDCBP
SDF2,SDF2,9606.ENSP00000247020,SDF2
SDF2L1,SDF2L1,9606.ENSP00000248958,SDF2L1
SDHA,SDHA,9606.ENSP00000264932,SDHA
SDHB,SDHB,9606.ENSP00000364649,SDHB
SDHC,SDHC,9606.ENSP00000356953,SDHC
SDHD,SDHD,9606.ENSP00000364699,SDHD
SEC11A,SEC11A,9606.ENSP00000452697,SEC11A
SEC11C,SEC11C,9606.ENSP00000468633,SEC11C
SEC13,SEC13,9606.ENSP00000373312,SEC13
SEC16A,SEC16A,9606.ENSP00000325827,SEC16A
SEC22B,Sec22b,9606.ENSP00000463393,SEC22B
SEC23A,SEC23A,9606.ENSP00000306881,SEC23A
SEC23IP,SEC23IP,9606.ENSP00000358071,SEC23IP
SEC24B,SEC24B,9606.ENSP00000428564,SEC24B
SEC24C,SEC24C,9606.ENSP00000343405,SEC24C
SEC31B,SEC31B,9606.ENSP00000359370,SEC31B
SEC61A1,SEC61A1,9606.ENSP00000243253,SEC61A1
SEC61B,SEC61B,9606.ENSP00000223641,SEC61B
SEC61G,SEC61G,9606.ENSP00000388337,SEC61G
SEC62,SEC62,9606.ENSP00000337688,SEC62
SEC63,SEC63,9606.ENSP00000357998,SEC63
SEH1L,SEH1L,9606.ENSP00000382779,SEH1L
SEL1L,SEL1L,9606.ENSP00000337053,SEL1L
SELENBP1,SELENBP1,9606.ENSP00000397261,SELENBP1
SELENOF,Selenof,9606.ENSP00000328729,SELENOF
SELENOK,SELENOK,9606.ENSP00000418813,SELENOK
SELENOS,SELENOS,9606.ENSP00000381282,SELENOS
SELP,SELP,9606.ENSP00000263686,SELP
SELPLG,SELPLG,9606.ENSP00000228463,SELPLG
SEM1,SEM1,9606.ENSP00000481021,SEM1
SEMA3A,SEMA3A,9606.ENSP00000265362,SEMA3A
SEMA3C,SEMA3C,9606.ENSP00000265361,SEMA3C
SEMA3E,Sema3e,9606.ENSP00000496491,SEMA3E
SEMA4A,SEMA4A,9606.ENSP00000357265,SEMA4A
SEMA4D,SEMA4D,9606.ENSP00000416523,SEMA4D
SEMA6D,SEMA6D,9606.ENSP00000324857,SEMA6D
SEMA7A,SEMA7A,9606.ENSP00000261918,SEMA7A
SENP1,SENP1,9606.ENSP00000394791,SENP1
SENP3,SENP3,9606.ENSP00000314029,SENP3
SEPHS1,SEPHS1,9606.ENSP00000367893,SEPHS1
SEPHS2,SEPHS2,9606.ENSP00000418669,SEPHS2
SEPSECS,SEPSECS,9606.ENSP00000371535,SEPSECS
SEPTIN11,Septin11,9606.ENSP00000422896,SEPTIN11
SEPTIN2,Septin2,9606.ENSP00000479861,SEPTIN2
SEPTIN3,SEPTIN3,9606.ENSP00000494051,SEPTIN3
SEPTIN5,SEPTIN5,9606.ENSP00000391311,SEPTIN5
SEPTIN6,Septin6,9606.ENSP00000341524,SEPTIN6
SEPTIN7,SEPTIN7,9606.ENSP00000413507,SEPTIN7
SEPTIN8,Septin8,9606.ENSP00000367991,SEPTIN8
SEPTIN9,Septin9,9606.ENSP00000391249,SEPTIN9
SERBP1,SERBP1,9606.ENSP00000360034,SERBP1
SERPINA1,SERPINA1,9606.ENSP00000416066,SERPINA1
SERPINA3,SERPINA3,9606.ENSP00000450540,SERPINA3
SERPINA5,SERPINA5,9606.ENSP00000333203,SERPINA5
SERPINB2,SERPINB2,9606.ENSP00000401645,SERPINB2
SERPINC1,SERPINC1,9606.ENSP00000356671,SERPINC1
SERPIND1,SERPIND1,9606.ENSP00000215727,SERPIND1
SERPINE1,SERPINE1,9606.ENSP00000223095,SERPINE1
SERPINH1,Serpinh1,9606.ENSP00000434412,SERPINH1
SERTAD1,SERTAD1,9606.ENSP00000350633,SERTAD1
SESN2,SESN2,9606.ENSP00000253063,SESN2
SET,SET,9606.ENSP00000361777,SET
SETBP1,Setbp1,9606.ENSP00000497406,SETBP1
SETD1A,SETD1A,9606.ENSP00000262519,SETD1A
SETD1B,SETD1B,9606.ENSP00000474253,SETD1B
SETD2,SETD2,9606.ENSP00000386759,SETD2
SETD7,SETD7,9606.ENSP00000274031,SETD7
SETDB1,SETDB1,9606.ENSP00000271640,SETDB1
SETMAR,SETMAR,9606.ENSP00000373354,SETMAR
SF1,SF1,9606.ENSP00000366604,SF1
SF3A1,SF3A1,9606.ENSP00000215793,SF3A1
SF3A2,SF3A2,9606.ENSP00000221494,SF3A2
SF3A3,SF3A3,9606.ENSP00000362110,SF3A3
SF3B1,SF3B1,9606.ENSP00000335321,SF3B1
SF3B2,SF3B2,9606.ENSP00000318861,SF3B2
SF3B3,SF3B3,9606.ENSP00000305790,SF3B3
SF3B4,SF3B4,9606.ENSP00000271628,SF3B4
SF3B5,SF3B5,9606.ENSP00000356541,SF3B5
SF3B6,SF3B6,9606.ENSP00000233468,SF3B6
SFI1,SFI1,9606.ENSP00000383145,SFI1
SFPQ,SFPQ,9606.ENSP00000349748,SFPQ
SFRP2,SFRP2,9606.ENSP00000274063,SFRP2
SFSWAP,SFSWAP,9606.ENSP00000437738,SFSWAP
SGCA,SGCA,9606.ENSP00000262018,SGCA
SGCB,SGCB,9606.ENSP00000370839,SGCB
SGCD,SGCD,9606.ENSP00000338343,SGCD
SGCE,SGCE,9606.ENSP00000496268,SGCE
SGCG,SGCG,9606.ENSP00000218867,SGCG
SGCZ,Sgcz,9606.ENSP00000371512,SGCZ
SGF29,SGF29,9606.ENSP00000316114,SGF29
SGK1,SGK1,9606.ENSP00000356832,SGK1
SGK3,Sgk3,9606.ENSP00000379842,SGK3
SGMS1,SGMS1,9606.ENSP00000354829,SGMS1
SGO2,SGO2,9606.ENSP00000350447,SGO2
SGTA,SGTA,9606.ENSP00000221566,SGTA
SH2B1,Sh2b1,9606.ENSP00000321221,SH2B1
SH2D1A,Sh2d1a,9606.ENSP00000360181,SH2D1A
SH2D2A,SH2D2A,9606.ENSP00000376123,SH2D2A
SH3GL1,Sh3gl1,9606.ENSP00000269886,SH3GL1
SH3GL2,SH3GL2,9606.ENSP00000369981,SH3GL2
SH3GL3,SH3GL3,9606.ENSP00000320092,SH3GL3
SH3GLB1,SH3GLB1,9606.ENSP00000479919,SH3GLB1
SH3KBP1,SH3KBP1,9606.ENSP00000380921,SH3KBP1
SH3RF1,SH3RF1,9606.ENSP00000284637,SH3RF1
SHANK1,SHANK1,9606.ENSP00000293441,SHANK1
SHANK2,Shank2,9606.ENSP00000345193,SHANK2
SHANK3,SHANK3,9606.ENSP00000489407,SHANK3
SHARPIN,SHARPIN,9606.ENSP00000381698,SHARPIN
SHB,SHB,9606.ENSP00000366936,SHB
SHC1,SHC1,9606.ENSP00000401303,SHC1
SHC2,SHC2,9606.ENSP00000264554,SHC2
SHC3,SHC3,9606.ENSP00000364995,SHC3
SHCBP1,SHCBP1,9606.ENSP00000306473,SHCBP1
SHFL,SHFL,9606.ENSP00000253110,SHFL
SHH,Shh,9606.ENSP00000297261,SHH
SHISA9,Shisa9,9606.ENSP00000454014,SHISA9
SHLD1,SHLD1,9606.ENSP00000305875,SHLD1
SHLD2,SHLD2,9606.ENSP00000298786,SHLD2
SHLD3,SHLD3,9606.ENSP00000424007,SHLD3
SHMT1,SHMT1,9606.ENSP00000318868,SHMT1
SHMT2,SHMT2,9606.ENSP00000333667,SHMT2
SHOC2,SHOC2,9606.ENSP00000358464,SHOC2
SIAH1,SIAH1,9606.ENSP00000349156,SIAH1
SIAH2,SIAH2,9606.ENSP00000322457,SIAH2
SIGMAR1,SIGMAR1,9606.ENSP00000277010,SIGMAR1
SIKE1,SIKE1,9606.ENSP00000358541,SIKE1
SIM1,Sim1,9606.ENSP00000358210,SIM1
SIM2,Sim2,9606.ENSP00000290399,SIM2
SIN3A,SIN3A,9606.ENSP00000378402,SIN3A
SIN3B,SIN3B,9606.ENSP00000369131,SIN3B
SIPA1,Sipa1,9606.ENSP00000377771,SIPA1
SIRPA,Sirpa,9606.ENSP00000478763,SIRPA
SIRT1,SIRT1,9606.ENSP00000212015,SIRT1
SIRT5,SIRT5,9606.ENSP00000476228,SIRT5
SIRT6,SIRT6,9606.ENSP00000337332,SIRT6
SIVA1,SIVA1,9606.ENSP00000329213,SIVA1
SIX1,SIX1,9606.ENSP00000494686,SIX1
SIX2,SIX2,9606.ENSP00000304502,SIX2
SIX3,SIX3,9606.ENSP00000260653,SIX3
SKAP2,SKAP2,9606.ENSP00000005587,SKAP2
SKI,SKI,9606.ENSP00000367797,SKI
SKIL,SKIL,9606.ENSP00000415243,SKIL
SKP1,SKP1,9606.ENSP00000231487,SKP1
SKP2,SKP2,9606.ENSP00000274255,SKP2
SLA2,Sla2,9606.ENSP00000262866,SLA2
SLAMF1,SLAMF1,9606.ENSP00000438406,SLAMF1
SLBP,Slbp,9606.ENSP00000417686,SLBP
SLC10A1,SLC10A1,9606.ENSP00000216540,SLC10A1
SLC10A2,SLC10A2,9606.ENSP00000245312,SLC10A2
SLC10A5,SLC10A5,9606.ENSP00000428612,SLC10A5
SLC10A6,SLC10A6,9606.ENSP00000273905,SLC10A6
SLC10A7,SLC10A7,9606.ENSP00000421275,SLC10A7
SLC11A2,SLC11A2,9606.ENSP00000378364,SLC11A2
SLC12A1,SLC12A1,9606.ENSP00000495332,SLC12A1
SLC12A2,SLC12A2,9606.ENSP00000262461,SLC12A2
SLC12A3,SLC12A3,9606.ENSP00000402152,SLC12A3
SLC16A1,SLC16A1,9606.ENSP00000441065,SLC16A1
SLC16A2,SLC16A2,9606.ENSP00000465734,SLC16A2
SLC17A7,Slc17a7,9606.ENSP00000221485,SLC17A7
SLC18A1,Slc18a1,9606.ENSP00000387549,SLC18A1
SLC18A2,SLC18A2,9606.ENSP00000496339,SLC18A2
SLC1A2,SLC1A2,9606.ENSP00000278379,SLC1A2
SLC22A11,SLC22A11,9606.ENSP00000301891,SLC22A11
SLC22A12,SLC22A12,9606.ENSP00000366797,SLC22A12
SLC22A6,SLC22A6,9606.ENSP00000367102,SLC22A6
SLC22A8,SLC22A8,9606.ENSP00000337335,SLC22A8
SLC25A15,ORC1,9606.ENSP00000342267,SLC25A15
SLC25A3,SLC25A3,9606.ENSP00000228318,SLC25A3
SLC25A4,Slc25a4,9606.ENSP00000281456,SLC25A4
SLC25A5,SLC25A5,9606.ENSP00000360671,SLC25A5
SLC26A4,Slc26a4,9606.ENSP00000494017,SLC26A4
SLC29A1,SLC29A1,9606.ENSP00000498610,SLC29A1
SLC29A2,SLC29A2,9606.ENSP00000440329,SLC29A2
SLC2A1,SLC2A1,9606.ENSP00000416293,SLC2A1
SLC2A4,SLC2A4,9606.ENSP00000320935,SLC2A4
SLC34A1,SLC34A1,9606.ENSP00000321424,SLC34A1
SLC35A2,SLC35A2,9606.ENSP00000416002,SLC35A2
SLC38A9,SLC38A9,9606.ENSP00000380074,SLC38A9
SLC3A2,SLC3A2,9606.ENSP00000367123,SLC3A2
SLC40A1,SLC40A1,9606.ENSP00000261024,SLC40A1
SLC4A1,SLC4A1,9606.ENSP00000262418,SLC4A1
SLC5A1,SLC5A1,9606.ENSP00000266088,SLC5A1
SLC5A2,SLC5A2,9606.ENSP00000327943,SLC5A2
SLC6A1,SLC6A1,9606.ENSP00000494136,SLC6A1
SLC6A19,SLC6A19,9606.ENSP00000305302,SLC6A19
SLC6A2,SLC6A2,9606.ENSP00000219833,SLC6A2
SLC6A3,SLC6A3,9606.ENSP00000270349,SLC6A3
SLC6A4,SLC6A4,9606.ENSP00000261707,SLC6A4
SLC7A5,SLC7A5,9606.ENSP00000261622,SLC7A5
SLC7A8,SLC7A8,9606.ENSP00000320378,SLC7A8
SLC8A1,Slc8a1,9606.ENSP00000384763,SLC8A1
SLC9A3,SLC9A3,9606.ENSP00000264938,SLC9A3
SLC9A3R1,NHERF1,9606.ENSP00000262613,SLC9A3R1
SLC9A3R2,NHERF2,9606.ENSP00000408005,SLC9A3R2
SLFN12,SLFN12,9606.ENSP00000378063,SLFN12
SLMAP,Slmap,9606.ENSP00000499241,SLMAP
SLN,SLN,9606.ENSP00000435380,SLN
SLPI,SLPI,9606.ENSP00000342082,SLPI
SLU7,SLU7,9606.ENSP00000297151,SLU7
SMAD1,SMAD1,9606.ENSP00000305769,SMAD1
SMAD2,SMAD2,9606.ENSP00000262160,SMAD2
SMAD3,SMAD3,9606.ENSP00000332973,SMAD3
SMAD4,SMAD4,9606.ENSP00000341551,SMAD4
SMAD6,SMAD6,9606.ENSP00000288840,SMAD6
SMAD7,SMAD7,9606.ENSP00000262158,SMAD7
SMAD9,SMAD9,9606.ENSP00000369154,SMAD9
SMARCA1,SMARCA1,9606.ENSP00000360162,SMARCA1
SMARCA2,SMARCA2,9606.ENSP00000371638,SMARCA2
SMARCA4,SMARCA4,9606.ENSP00000343896,SMARCA4
SMARCA5,SMARCA5,9606.ENSP00000283131,SMARCA5
SMARCB1,SMARCB1,9606.ENSP00000340883,SMARCB1
SMARCC1,SMARCC1,9606.ENSP00000254480,SMARCC1
SMARCC2,SMARCC2,9606.ENSP00000449396,SMARCC2
SMARCD1,SMARCD1,9606.ENSP00000378414,SMARCD1
SMARCD2,SMARCD2,9606.ENSP00000392617,SMARCD2
SMARCD3,SMARCD3,9606.ENSP00000262188,SMARCD3
SMARCE1,SMARCE1,9606.ENSP00000323967,SMARCE1
SMC1A,SMC1A,9606.ENSP00000323421,SMC1A
SMC1B,Smc1b,9606.ENSP00000350036,SMC1B
SMC2,SMC2,9606.ENSP00000286398,SMC2
SMC3,SMC3,9606.ENSP00000354720,SMC3
SMC4,SMC4,9606.ENSP00000341382,SMC4
SMC5,SMC5,9606.ENSP00000354957,SMC5
SMC6,SMC6,9606.ENSP00000404092,SMC6
SMCR8,SMCR8,9606.ENSP00000385025,SMCR8
SMDT1,SMDT1,9606.ENSP00000327467,SMDT1
SMG1,SMG1,9606.ENSP00000402515,SMG1
SMG5,SMG5,9606.ENSP00000355261,SMG5
SMG6,SMG6,9606.ENSP00000263073,SMG6
SMG8,SMG8,9606.ENSP00000438748,SMG8
SMG9,SMG9,9606.ENSP00000270066,SMG9
SMIM20,SMIM20,9606.ENSP00000427407,SMIM20
SMN1,SMN1,9606.ENSP00000370083,SMN1
SMNDC1,SMNDC1,9606.ENSP00000358616,SMNDC1
SMO,SMO,9606.ENSP00000249373,SMO
SMU1,SMU1,9606.ENSP00000380336,SMU1
SMURF1,SMURF1,9606.ENSP00000354621,SMURF1
SMURF2,SMURF2,9606.ENSP00000262435,SMURF2
SNAI1,SNAI1,9606.ENSP00000244050,SNAI1
SNAP23,SNAP23,9606.ENSP00000249647,SNAP23
SNAP25,SNAP25,9606.ENSP00000254976,SNAP25
SNAP29,SNAP29,9606.ENSP00000215730,SNAP29
SNAP47,Snap47,9606.ENSP00000314157,SNAP47
SNAP91,Snap91,9606.ENSP00000400459,SNAP91
SNAPC1,SNAPC1,9606.ENSP00000216294,SNAPC1
SNAPC2,SNAPC2,9606.ENSP00000221573,SNAPC2
SNAPC3,SNAPC3,9606.ENSP00000370200,SNAPC3
SNAPC4,SNAPC4,9606.ENSP00000298532,SNAPC4
SNAPC5,SNAPC5,9606.ENSP00000319597,SNAPC5
SNAPIN,SNAPIN,9606.ENSP00000357674,SNAPIN
SNCA,SNCA,9606.ENSP00000500990,SNCA
SNCAIP,SNCAIP,9606.ENSP00000261367,SNCAIP
SND1,SND1,9606.ENSP00000346762,SND1
SNF8,SNF8,9606.ENSP00000421380,SNF8
SNRNP200,SNRNP200,9606.ENSP00000317123,SNRNP200
SNRNP25,SNRNP25,9606.ENSP00000372482,SNRNP25
SNRNP35,SNRNP35,9606.ENSP00000403310,SNRNP35
SNRNP40,SNRNP40,9606.ENSP00000263694,SNRNP40
SNRNP48,SNRNP48,9606.ENSP00000339834,SNRNP48
SNRNP70,SNRNP70,9606.ENSP00000472998,SNRNP70
SNRPA,SNRPA,9606.ENSP00000243563,SNRPA
SNRPA1,SNRPA1,9606.ENSP00000254193,SNRPA1
SNRPB,SNRPB,9606.ENSP00000412566,SNRPB
SNRPB2,SNRPB2,9606.ENSP00000246071,SNRPB2
SNRPC,SNRPC,9606.ENSP00000244520,SNRPC
SNRPD1,SNRPD1,9606.ENSP00000300413,SNRPD1
SNRPD2,SNRPD2,9606.ENSP00000342374,SNRPD2
SNRPD3,SNRPD3,9606.ENSP00000215829,SNRPD3
SNRPE,SNRPE,9606.ENSP00000400591,SNRPE
SNRPF,SNRPF,9606.ENSP00000266735,SNRPF
SNRPG,SNRPG,9606.ENSP00000393388,SNRPG
SNRPN,SNRPN,9606.ENSP00000494831,SNRPN
SNTA1,SNTA1,9606.ENSP00000217381,SNTA1
SNTB1,SNTB1,9606.ENSP00000378965,SNTB1
SNTB2,SNTB2,9606.ENSP00000338191,SNTB2
SNTG1,SNTG1,9606.ENSP00000493900,SNTG1
SNU13,SNU13,9606.ENSP00000383949,SNU13
SNUPN,SNUPN,9606.ENSP00000454852,SNUPN
SNW1,SNW1,9606.ENSP00000451129,SNW1
SNX1,SNX1,9606.ENSP00000261889,SNX1
SNX2,SNX2,9606.ENSP00000368831,SNX2
SNX27,Snx27,9606.ENSP00000400333,SNX27
SNX4,SNX4,9606.ENSP00000251775,SNX4
SNX6,SNX6,9606.ENSP00000498872,SNX6
SOAT1,SOAT1,9606.ENSP00000356591,SOAT1
SOCS1,Socs1,9606.ENSP00000496577,SOCS1
SOCS2,SOCS2,9606.ENSP00000481249,SOCS2
SOCS3,SOCS3,9606.ENSP00000330341,SOCS3
SOCS6,SOCS6,9606.ENSP00000381034,SOCS6
SORBS1,SORBS1,9606.ENSP00000360293,SORBS1
SORBS2,SORBS2,9606.ENSP00000347852,SORBS2
SORBS3,SORBS3,9606.ENSP00000240123,SORBS3
SORL1,SORL1,9606.ENSP00000260197,SORL1
SORT1,SORT1,9606.ENSP00000256637,SORT1
SOS1,SOS1,9606.ENSP00000384675,SOS1
SOST,SOST,9606.ENSP00000301691,SOST
SOX2,SOX2,9606.ENSP00000323588,SOX2
SOX4,SOX4,9606.ENSP00000244745,SOX4
SOX9,SOX9,9606.ENSP00000245479,SOX9
SP1,SP1,9606.ENSP00000329357,SP1
SP3,SP3,9606.ENSP00000310301,SP3
SPAG1,SPAG1,9606.ENSP00000373450,SPAG1
SPAG5,SPAG5,9606.ENSP00000323300,SPAG5
SPAG9,SPAG9,9606.ENSP00000262013,SPAG9
SPARC,SPARC,9606.ENSP00000231061,SPARC
SPAST,SPAST,9606.ENSP00000320885,SPAST
SPATA2,SPATA2,9606.ENSP00000416799,SPATA2
SPATA22,Spata22,9606.ENSP00000459580,SPATA22
SPATA7,SPATA7,9606.ENSP00000377176,SPATA7
SPC24,SPC24,9606.ENSP00000465075,SPC24
SPC25,SPC25,9606.ENSP00000282074,SPC25
SPCS1,SPCS1,9606.ENSP00000233025,SPCS1
SPCS2,SPCS2,9606.ENSP00000263672,SPCS2
SPCS3,SPCS3,9606.ENSP00000427463,SPCS3
SPDEF,SPDEF,9606.ENSP00000363149,SPDEF
SPDL1,SPDL1,9606.ENSP00000265295,SPDL1
SPEF2,SPEF2,9606.ENSP00000348314,SPEF2
SPEN,SPEN,9606.ENSP00000364912,SPEN
SPG11,SPG11,9606.ENSP00000261866,SPG11
SPG7,SPG7,9606.ENSP00000495795,SPG7
SPHK1,Sphk1,9606.ENSP00000313681,SPHK1
SPI1,SPI1,9606.ENSP00000227163,SPI1
SPOP,SPOP,9606.ENSP00000377001,SPOP
SPP1,SPP1,9606.ENSP00000378517,SPP1
SPTA1,Spta1,9606.ENSP00000495214,SPTA1
SPTAN1,SPTAN1,9606.ENSP00000487444,SPTAN1
SPTBN1,Sptbn1,9606.ENSP00000349259,SPTBN1
SPTBN2,Sptbn2,9606.ENSP00000432568,SPTBN2
SPTLC1,SPTLC1,9606.ENSP00000262554,SPTLC1
SPTLC2,SPTLC2,9606.ENSP00000216484,SPTLC2
SPTLC3,SPTLC3,9606.ENSP00000381968,SPTLC3
SPTSSA,SPTSSA,9606.ENSP00000298130,SPTSSA
SPTSSB,SPTSSB,9606.ENSP00000352097,SPTSSB
SQSTM1,SQSTM1,9606.ENSP00000374455,SQSTM1
SRA1,SRA1,9606.ENSP00000337513,SRA1
SRC,SRC,9606.ENSP00000362680,SRC
SRCAP,SRCAP,9606.ENSP00000262518,SRCAP
SREBF1,SREBF1,9606.ENSP00000348069,SREBF1
SREBF2,SREBF2,9606.ENSP00000354476,SREBF2
SREK1,SREK1,9606.ENSP00000334538,SREK1
SRF,SRF,9606.ENSP00000265354,SRF
SRFBP1,Srfbp1,9606.ENSP00000341324,SRFBP1
SRI,SRI,9606.ENSP00000265729,SRI
SRP14,SRP14,9606.ENSP00000267884,SRP14
SRPK1,SRPK1,9606.ENSP00000362931,SRPK1
SRRM1,SRRM1,9606.ENSP00000326261,SRRM1
SRRM2,SRRM2,9606.ENSP00000301740,SRRM2
SRRT,SRRT,9606.ENSP00000480421,SRRT
SRSF1,SRSF1,9606.ENSP00000258962,SRSF1
SRSF11,SRSF11,9606.ENSP00000359988,SRSF11
SRSF2,SRSF2,9606.ENSP00000376276,SRSF2
SRSF3,SRSF3,9606.ENSP00000362820,SRSF3
SRSF4,SRSF4,9606.ENSP00000362900,SRSF4
SRSF5,SRSF5,9606.ENSP00000452123,SRSF5
SRSF6,SRSF6,9606.ENSP00000244020,SRSF6
SRSF7,SRSF7,9606.ENSP00000325905,SRSF7
SRSF8,SRSF8,9606.ENSP00000480140,SRSF8
SRSF9,SRSF9,9606.ENSP00000229390,SRSF9
SRXN1,SRXN1,9606.ENSP00000371388,SRXN1
SRY,SRY,9606.ENSP00000372547,SRY
SS18,SS18,9606.ENSP00000414516,SS18
SS18L1,Ss18l1,9606.ENSP00000333012,SS18L1
SSB,SSB,9606.ENSP00000386636,SSB
SSH1,SSH1,9606.ENSP00000315713,SSH1
SSPN,SSPN,9606.ENSP00000242729,SSPN
SSR1,SSR1,9606.ENSP00000244763,SSR1
SSR2,SSR2,9606.ENSP00000295702,SSR2
SSR3,SSR3,9606.ENSP00000420641,SSR3
SSR4,SSR4,9606.ENSP00000317331,SSR4
SSRP1,SSRP1,9606.ENSP00000278412,SSRP1
SSTR1,SSTR1,9606.ENSP00000267377,SSTR1
SSTR2,SSTR2,9606.ENSP00000350198,SSTR2
SSTR3,SSTR3,9606.ENSP00000480971,SSTR3
SSTR4,SSTR4,9606.ENSP00000255008,SSTR4
SSTR5,SSTR5,9606.ENSP00000293897,SSTR5
SSU72,SSU72,9606.ENSP00000291386,SSU72
ST13,ST13,9606.ENSP00000216218,ST13
ST3GAL1,ST3GAL1,9606.ENSP00000428540,ST3GAL1
STAG1,STAG1,9606.ENSP00000372689,STAG1
STAG2,STAG2,9606.ENSP00000218089,STAG2
STAG3,Stag3,9606.ENSP00000477973,STAG3
STAM,STAM,9606.ENSP00000366746,STAM
STAM2,STAM2,9606.ENSP00000263904,STAM2
STAMBP,STAMBP,9606.ENSP00000377633,STAMBP
STAP1,STAP1,9606.ENSP00000265404,STAP1
STAT1,STAT1,9606.ENSP00000354394,STAT1
STAT2,STAT2,9606.ENSP00000315768,STAT2
STAT3,STAT3,9606.ENSP00000264657,STAT3
STAT5A,STAT5A,9606.ENSP00000341208,STAT5A
STAT5B,STAT5B,9606.ENSP00000293328,STAT5B
STAT6,STAT6,9606.ENSP00000300134,STAT6
STAU1,STAU1,9606.ENSP00000360922,STAU1
STAU2,Stau2,9606.ENSP00000428756,STAU2
STEAP1,STEAP1,9606.ENSP00000297205,STEAP1
STEAP2,STEAP2,9606.ENSP00000378119,STEAP2
STIL,STIL,9606.ENSP00000360944,STIL
STIM1,STIM1,9606.ENSP00000478059,STIM1
STING1,STING1,9606.ENSP00000498596,STING1
STIP1,STIP1,9606.ENSP00000351646,STIP1
STK11,STK11,9606.ENSP00000324856,STK11
STK26,STK26,9606.ENSP00000377867,STK26
STK3,STK3,9606.ENSP00000429744,STK3
STK38,STK38,9606.ENSP00000229812,STK38
STK39,STK39,9606.ENSP00000348278,STK39
STK4,STK4,9606.ENSP00000361892,STK4
STMN1,STMN1,9606.ENSP00000410452,STMN1
STN1,STN1,9606.ENSP00000224950,STN1
STOM,STOM,9606.ENSP00000286713,STOM
STOML2,STOML2,9606.ENSP00000348886,STOML2
STON2,STON2,9606.ENSP00000450857,STON2
STRADA,STRADA,9606.ENSP00000336655,STRADA
STRAP,STRAP,9606.ENSP00000392270,STRAP
STRIP1,STRIP1,9606.ENSP00000358810,STRIP1
STRN,STRN,9606.ENSP00000263918,STRN
STRN3,STRN3,9606.ENSP00000350071,STRN3
STRN4,STRN4,9606.ENSP00000375777,STRN4
STT3A,STT3A,9606.ENSP00000376472,STT3A
STT3B,STT3B,9606.ENSP00000295770,STT3B
STUB1,STUB1,9606.ENSP00000219548,STUB1
STX11,Fhl4,9606.ENSP00000356540,STX11
STX12,STX12,9606.ENSP00000363054,STX12
STX16,STX16,9606.ENSP00000360183,STX16
STX18,Stx18,9606.ENSP00000305810,STX18
STX1A,STX1A,9606.ENSP00000222812,STX1A
STX1B,STX1B,9606.ENSP00000215095,STX1B
STX2,STX2,9606.ENSP00000376178,STX2
STX3,STX3,9606.ENSP00000338562,STX3
STX4,STX4,9606.ENSP00000317714,STX4
STX5,Stx5,9606.ENSP00000294179,STX5
STX6,STX6,9606.ENSP00000258301,STX6
STX7,STX7,9606.ENSP00000356918,STX7
STX8,Stx8,9606.ENSP00000305255,STX8
STXBP1,STXBP1,9606.ENSP00000362399,STXBP1
STXBP5,Stxbp5,9606.ENSP00000321826,STXBP5
SUB1,SUB1,9606.ENSP00000265073,SUB1
SUCLA2,SUCLA2,9606.ENSP00000494360,SUCLA2
SUCLG1,SUCLG1,9606.ENSP00000377446,SUCLG1
SUCLG2,SUCLG2,9606.ENSP00000419325,SUCLG2
SUDS3,SUDS3,9606.ENSP00000443988,SUDS3
SUFU,SUFU,9606.ENSP00000358918,SUFU
SUGP1,SUGP1,9606.ENSP00000247001,SUGP1
SUMO1,SUMO1,9606.ENSP00000376077,SUMO1
SUMO3,SUMO3,9606.ENSP00000409666,SUMO3
SUPT16H,SUPT16H,9606.ENSP00000216297,SUPT16H
SUPT20H,SUPT20H,9606.ENSP00000417510,SUPT20H
SUPT3H,SUPT3H,9606.ENSP00000360515,SUPT3H
SUPT4H1,SUPT4H1,9606.ENSP00000225504,SUPT4H1
SUPT5H,SUPT5H,9606.ENSP00000470252,SUPT5H
SUPT6H,SUPT6H,9606.ENSP00000319104,SUPT6H
SUPT7L,SUPT7L,9606.ENSP00000336750,SUPT7L
SURF1,SURF1,9606.ENSP00000361042,SURF1
SURF4,SURF4,9606.ENSP00000361057,SURF4
SUV39H1,SUV39H1,9606.ENSP00000337976,SUV39H1
SUV39H2,Suv39h2,9606.ENSP00000346997,SUV39H2
SUZ12,SUZ12,9606.ENSP00000316578,SUZ12
SV2A,Sv2a,9606.ENSP00000358142,SV2A
SVIL,SVIL,9606.ENSP00000348128,SVIL
SVIP,SVIP,9606.ENSP00000346130,SVIP
SWAP70,Swap70,9606.ENSP00000315630,SWAP70
SWSAP1,SWSAP1,9606.ENSP00000310008,SWSAP1
SYAP1,SYAP1,9606.ENSP00000369500,SYAP1
SYCE1,Syce1,9606.ENSP00000303978,SYCE1
SYCE2,Syce2,9606.ENSP00000293695,SYCE2
SYCP1,Sycp1,9606.ENSP00000358535,SYCP1
SYCP2,Sycp2,9606.ENSP00000350162,SYCP2
SYCP3,Sycp3,9606.ENSP00000376658,SYCP3
SYF2,SYF2,9606.ENSP00000236273,SYF2
SYK,SYK,9606.ENSP00000364898,SYK
SYMPK,SYMPK,9606.ENSP00000245934,SYMPK
SYN1,SYN1,9606.ENSP00000295987,SYN1
SYN2,Syn2,9606.ENSP00000480050,SYN2
SYNCRIP,SYNCRIP,9606.ENSP00000358635,SYNCRIP
SYNE2,SYNE2,9606.ENSP00000350719,SYNE2
SYNGAP1,Syngap1,9606.ENSP00000496007,SYNGAP1
SYNJ1,Synj1,9606.ENSP00000409667,SYNJ1
SYNPO,Synpo,9606.ENSP00000377789,SYNPO
SYT1,SYT1,9606.ENSP00000261205,SYT1
SYT2,Syt2,9606.ENSP00000356237,SYT2
SYT7,SYT7,9606.ENSP00000444201,SYT7
SYTL1,Sytl1,9606.ENSP00000440704,SYTL1
SYTL3,SYTL3,9606.ENSP00000483936,SYTL3
SYTL4,SYTL4,9606.ENSP00000362080,SYTL4
SYTL5,Sytl5,9606.ENSP00000395220,SYTL5
SYVN1,SYVN1,9606.ENSP00000366395,SYVN1
SZT2,SZT2,9606.ENSP00000457168,SZT2
TAB1,TAB1,9606.ENSP00000216160,TAB1
TAB2,TAB2,9606.ENSP00000356426,TAB2
TAB3,TAB3,9606.ENSP00000368215,TAB3
TAC1,TAC1,9606.ENSP00000321106,TAC1
TACC1,TACC1,9606.ENSP00000321703,TACC1
TACC2,TACC2,9606.ENSP00000358001,TACC2
TACC3,TACC3,9606.ENSP00000326550,TACC3
TACR1,TACR1,9606.ENSP00000303522,TACR1
TACR2,TACR2,9606.ENSP00000362403,TACR2
TACR3,TACR3,9606.ENSP00000303325,TACR3
TACSTD2,TACSTD2,9606.ENSP00000360269,TACSTD2
TADA1,TADA1,9606.ENSP00000356848,TADA1
TADA2A,TADA2A,9606.ENSP00000481091,TADA2A
TADA2B,TADA2B,9606.ENSP00000308022,TADA2B
TADA3,TADA3,9606.ENSP00000307684,TADA3
TAF1,TAF1,9606.ENSP00000406549,TAF1
TAF10,TAF10,9606.ENSP00000299424,TAF10
TAF11,TAF11,9606.ENSP00000354633,TAF11
TAF12,TAF12,9606.ENSP00000263974,TAF12
TAF13,TAF13,9606.ENSP00000355051,TAF13
TAF15,TAF15,9606.ENSP00000474096,TAF15
TAF1A,TAF1A,9606.ENSP00000339976,TAF1A
TAF1B,TAF1B,9606.ENSP00000263663,TAF1B
TAF1C,TAF1C,9606.ENSP00000455265,TAF1C
TAF2,TAF2,9606.ENSP00000367406,TAF2
TAF3,TAF3,9606.ENSP00000340271,TAF3
TAF4,TAF4,9606.ENSP00000252996,TAF4
TAF4B,TAF4B,9606.ENSP00000462980,TAF4B
TAF5,TAF5,9606.ENSP00000358854,TAF5
TAF5L,TAF5L,9606.ENSP00000258281,TAF5L
TAF6,TAF6,9606.ENSP00000399982,TAF6
TAF6L,TAF6L,9606.ENSP00000294168,TAF6L
TAF7,TAF7,9606.ENSP00000312709,TAF7
TAF7L,Taf7l,9606.ENSP00000361998,TAF7L
TAF8,Taf8,9606.ENSP00000362068,TAF8
TAF9,TAF9,9606.ENSP00000370193,TAF9
TAF9B,TAF9B,9606.ENSP00000339917,TAF9B
TAL1,TAL1,9606.ENSP00000294339,TAL1
TANK,TANK,9606.ENSP00000259075,TANK
TAP1,TAP1,9606.ENSP00000346206,TAP1
TARBP2,TARBP2,9606.ENSP00000266987,TARBP2
TARDBP,TARDBP,9606.ENSP00000240185,TARDBP
TAS1R1,Tas1r1,9606.ENSP00000331867,TAS1R1
TAS1R2,Tas1r2,9606.ENSP00000364520,TAS1R2
TAS1R3,Tas1r3,9606.ENSP00000344411,TAS1R3
TASOR,TASOR,9606.ENSP00000347845,TASOR
TAX1BP1,Tax1bp1,9606.ENSP00000379612,TAX1BP1
TBC1D7,TBC1D7,9606.ENSP00000475727,TBC1D7
TBCB,TBCB,9606.ENSP00000221855,TBCB
TBCD,TBCD,9606.ENSP00000347719,TBCD
TBCE,TBCE,9606.ENSP00000439170,TBCE
TBK1,TBK1,9606.ENSP00000329967,TBK1
TBKBP1,TBKBP1,9606.ENSP00000354777,TBKBP1
TBL1X,TBL1X,9606.ENSP00000495556,TBL1X
TBL1XR1,TBL1XR1,9606.ENSP00000405574,TBL1XR1
TBL1Y,TBL1Y,9606.ENSP00000372499,TBL1Y
TBL3,TBL3,9606.ENSP00000454836,TBL3
TBP,TBP,9606.ENSP00000230354,TBP
TBPL1,TBPL1,9606.ENSP00000237264,TBPL1
TBX18,TBX18,9606.ENSP00000358677,TBX18
TBX20,TBX20,9606.ENSP00000386170,TBX20
TBX5,TBX5,9606.ENSP00000309913,TBX5
TBXA2R,TBXA2R,9606.ENSP00000393333,TBXA2R
TCAP,TCAP,9606.ENSP00000312624,TCAP
TCERG1,TCERG1,9606.ENSP00000296702,TCERG1
TCF12,TCF12,9606.ENSP00000388940,TCF12
TCF21,Tcf21,9606.ENSP00000356857,TCF21
TCF3,TCF3,9606.ENSP00000262965,TCF3
TCF4,TCF4,9606.ENSP00000381382,TCF4
TCF7L2,TCF7L2,9606.ENSP00000486891,TCF7L2
TCL1A,TCL1A,9606.ENSP00000451506,TCL1A
TCOF1,TCOF1,9606.ENSP00000367028,TCOF1
TCP1,TCP1,9606.ENSP00000317334,TCP1
TCTN1,Tctn1,9606.ENSP00000380779,TCTN1
TCTN2,Tctn2,9606.ENSP00000304941,TCTN2
TCTN3,Tctn3,9606.ENSP00000483364,TCTN3
TDP1,TDP1,9606.ENSP00000337353,TDP1
TDRD1,Tdrd1,9606.ENSP00000251864,TDRD1
TDRD12,Tdrd12,9606.ENSP00000390621,TDRD12
TDRD3,TDRD3,9606.ENSP00000440190,TDRD3
TEAD1,Tead1,9606.ENSP00000435233,TEAD1
TEAD2,Tead2,9606.ENSP00000472109,TEAD2
TEAD3,Tead3,9606.ENSP00000345772,TEAD3
TEAD4,TEAD4,9606.ENSP00000352926,TEAD4
TEC,Tec,9606.ENSP00000370912,TEC
TEK,TEK,9606.ENSP00000369375,TEK
TELO2,TELO2,9606.ENSP00000262319,TELO2
TEN1,TEN1,9606.ENSP00000380762,TEN1
TENT5C,TENT5C,9606.ENSP00000358458,TENT5C
TERB1,Terb1,9606.ENSP00000463762,TERB1
TERB2,Terb2,9606.ENSP00000340644,TERB2
TERF1,TERF1,9606.ENSP00000276603,TERF1
TERF2,TERF2,9606.ENSP00000254942,TERF2
TERF2IP,TERF2IP,9606.ENSP00000300086,TERF2IP
TERT,TERT,9606.ENSP00000309572,TERT
TESMIN,TESMIN,9606.ENSP00000255087,TESMIN
TET2,TET2,9606.ENSP00000442788,TET2
TEX10,TEX10,9606.ENSP00000364037,TEX10
TF,TF,9606.ENSP00000385834,TF
TFAP2A,TFAP2A,9606.ENSP00000501092,TFAP2A
TFAP2C,TFAP2C,9606.ENSP00000201031,TFAP2C
TFCP2,TFCP2,9606.ENSP00000257915,TFCP2
TFDP1,TFDP1,9606.ENSP00000364519,TFDP1
TFEB,TFEB,9606.ENSP00000351742,TFEB
TFG,TFG,9606.ENSP00000240851,TFG
TFIP11,TFIP11,9606.ENSP00000384421,TFIP11
TFPI,TFPI,9606.ENSP00000233156,TFPI
TFPI2,TFPI2,9606.ENSP00000222543,TFPI2
TFR2,TFR2,9606.ENSP00000420525,TFR2
TFRC,TFRC,9606.ENSP00000376197,TFRC
TG,Tg,9606.ENSP00000220616,TG
TGFA,TGFA,9606.ENSP00000404131,TGFA
TGFB1,TGFB1,9606.ENSP00000221930,TGFB1
TGFB1I1,TGFB1I1,9606.ENSP00000378332,TGFB1I1
TGFB3,TGFB3,9606.ENSP00000238682,TGFB3
TGFBI,TGFBI,9606.ENSP00000416330,TGFBI
TGFBR1,TGFBR1,9606.ENSP00000447297,TGFBR1
TGFBR2,TGFBR2,9606.ENSP00000351905,TGFBR2
TGFBRAP1,TGFBRAP1,9606.ENSP00000377027,TGFBRAP1
TGIF1,TGIF1,9606.ENSP00000327959,TGIF1
TGM2,TGM2,9606.ENSP00000355330,TGM2
TH,TH,9606.ENSP00000370571,TH
THAP11,THAP11,9606.ENSP00000304689,THAP11
THBS1,THBS1,9606.ENSP00000260356,THBS1
THBS2,THBS2,9606.ENSP00000355751,THBS2
THBS3,THBS3,9606.ENSP00000357362,THBS3
THOC1,THOC1,9606.ENSP00000261600,THOC1
THOC2,THOC2,9606.ENSP00000245838,THOC2
THOC3,THOC3,9606.ENSP00000265097,THOC3
THOC5,THOC5,9606.ENSP00000420306,THOC5
THOC6,THOC6,9606.ENSP00000326531,THOC6
THOC7,THOC7,9606.ENSP00000295899,THOC7
THOP1,THOP1,9606.ENSP00000304467,THOP1
THPO,THPO,9606.ENSP00000494504,THPO
THRA,THRA,9606.ENSP00000264637,THRA
THRAP3,THRAP3,9606.ENSP00000346634,THRAP3
THRB,THRB,9606.ENSP00000379904,THRB
TIA1,Tia1,9606.ENSP00000401371,TIA1
TIAL1,Tial1,9606.ENSP00000358089,TIAL1
TIAM1,TIAM1,9606.ENSP00000286827,TIAM1
TIAM2,Tiam2,9606.ENSP00000437188,TIAM2
TICAM1,TICAM1,9606.ENSP00000248244,TICAM1
TICAM2,TICAM2,9606.ENSP00000415139,TICAM2
TICRR,TICRR,9606.ENSP00000268138,TICRR
TIE1,TIE1,9606.ENSP00000361554,TIE1
TIMELESS,TIMELESS,9606.ENSP00000450607,TIMELESS
TIMM10,TIMM10,9606.ENSP00000257245,TIMM10
TIMM10B,TIMM10B,9606.ENSP00000254616,TIMM10B
TIMM13,TIMM13,9606.ENSP00000215570,TIMM13
TIMM17A,TIMM17A,9606.ENSP00000356256,TIMM17A
TIMM17B,TIMM17B,9606.ENSP00000379999,TIMM17B
TIMM21,TIMM21,9606.ENSP00000169551,TIMM21
TIMM22,TIMM22,9606.ENSP00000320236,TIMM22
TIMM23,TIMM23,9606.ENSP00000464522,TIMM23
TIMM29,TIMM29,9606.ENSP00000270502,TIMM29
TIMM44,TIMM44,9606.ENSP00000270538,TIMM44
TIMM50,TIMM50,9606.ENSP00000445806,TIMM50
TIMM8A,TIMM8A,9606.ENSP00000361993,TIMM8A
TIMM9,TIMM9,9606.ENSP00000378588,TIMM9
TIMP1,TIMP1,9606.ENSP00000218388,TIMP1
TIMP2,TIMP2,9606.ENSP00000262768,TIMP2
TIMP3,TIMP3,9606.ENSP00000266085,TIMP3
TINF2,TINF2,9606.ENSP00000267415,TINF2
TIPIN,TIPIN,9606.ENSP00000261881,TIPIN
TIRAP,TIRAP,9606.ENSP00000376445,TIRAP
TJP1,TJP1,9606.ENSP00000348416,TJP1
TLE1,TLE1,9606.ENSP00000365682,TLE1
TLE2,TLE2,9606.ENSP00000466542,TLE2
TLE3,TLE3,9606.ENSP00000452871,TLE3
TLE4,TLE4,9606.ENSP00000365720,TLE4
TLE5,TLE5,9606.ENSP00000221561,TLE5
TLE6,TLE6,9606.ENSP00000246112,TLE6
TLN1,TLN1,9606.ENSP00000316029,TLN1
TLR1,TLR1,9606.ENSP00000354932,TLR1
TLR2,TLR2,9606.ENSP00000260010,TLR2
TLR3,TLR3,9606.ENSP00000296795,TLR3
TLR4,TLR4,9606.ENSP00000363089,TLR4
TLR5,TLR5,9606.ENSP00000496355,TLR5
TLR6,TLR6,9606.ENSP00000389600,TLR6
TLR7,TLR7,9606.ENSP00000370034,TLR7
TLR9,Tlr9,9606.ENSP00000353874,TLR9
TLX1,TLX1,9606.ENSP00000359215,TLX1
TM4SF5,TM4SF5,9606.ENSP00000270560,TM4SF5
TMC1,Tmc1,9606.ENSP00000494684,TMC1
TMC2,Tmc2,9606.ENSP00000351732,TMC2
TMCO1,TMCO1,9606.ENSP00000480514,TMCO1
TMED10,TMED10,9606.ENSP00000303145,TMED10
TMED2,TMED2,9606.ENSP00000262225,TMED2
TMEM147,TMEM147,9606.ENSP00000222284,TMEM147
TMEM17,Tmem17,9606.ENSP00000335094,TMEM17
TMEM175,TMEM175,9606.ENSP00000264771,TMEM175
TMEM216,Tmem216,9606.ENSP00000334844,TMEM216
TMEM219,TMEM219,9606.ENSP00000457492,TMEM219
TMEM231,Tmem231,9606.ENSP00000258173,TMEM231
TMEM237,TMEM237,9606.ENSP00000386264,TMEM237
TMEM67,TMEM67,9606.ENSP00000389998,TMEM67
TMF1,TMF1,9606.ENSP00000494067,TMF1
TMIE,Tmie,9606.ENSP00000494576,TMIE
TMOD1,TMOD1,9606.ENSP00000259365,TMOD1
TMPO,TMPO,9606.ENSP00000266732,TMPO
TMPRSS2,TMPRSS2,9606.ENSP00000381588,TMPRSS2
TMSB4X,Tmsb4x,9606.ENSP00000370010,TMSB4X
TMUB1,TMUB1,9606.ENSP00000376565,TMUB1
TNC,TNC,9606.ENSP00000265131,TNC
TNF,TNF,9606.ENSP00000398698,TNF
TNFAIP3,TNFAIP3,9606.ENSP00000481570,TNFAIP3
TNFRSF10B,TNFRSF10B,9606.ENSP00000276431,TNFRSF10B
TNFRSF11A,TNFRSF11A,9606.ENSP00000465500,TNFRSF11A
TNFRSF11B,TNFRSF11B,9606.ENSP00000297350,TNFRSF11B
TNFRSF13B,TNFRSF13B,9606.ENSP00000261652,TNFRSF13B
TNFRSF13C,TNFRSF13C,9606.ENSP00000291232,TNFRSF13C
TNFRSF17,TNFRSF17,9606.ENSP00000053243,TNFRSF17
TNFRSF19,TNFRSF19,9606.ENSP00000371693,TNFRSF19
TNFRSF1A,TNFRSF1A,9606.ENSP00000162749,TNFRSF1A
TNFRSF1B,TNFRSF1B,9606.ENSP00000365435,TNFRSF1B
TNFRSF21,TNFRSF21,9606.ENSP00000296861,TNFRSF21
TNFRSF8,TNFRSF8,9606.ENSP00000263932,TNFRSF8
TNFSF10,TNFSF10,9606.ENSP00000241261,TNFSF10
TNFSF11,TNFSF11,9606.ENSP00000381775,TNFSF11
TNFSF13,TNFSF13,9606.ENSP00000343505,TNFSF13
TNFSF13B,TNFSF13B,9606.ENSP00000365048,TNFSF13B
TNFSF8,TNFSF8,9606.ENSP00000223795,TNFSF8
TNIP1,TNIP1,9606.ENSP00000317891,TNIP1
TNIP2,TNIP2,9606.ENSP00000321203,TNIP2
TNK2,TNK2,9606.ENSP00000371341,TNK2
TNKS,TNKS,9606.ENSP00000311579,TNKS
TNKS1BP1,TNKS1BP1,9606.ENSP00000437271,TNKS1BP1
TNKS2,TNKS2,9606.ENSP00000360689,TNKS2
TNNC1,TNNC1,9606.ENSP00000232975,TNNC1
TNNC2,TNNC2,9606.ENSP00000361636,TNNC2
TNNI2,TNNI2,9606.ENSP00000371336,TNNI2
TNNI3,TNNI3,9606.ENSP00000341838,TNNI3
TNNT2,TNNT2,9606.ENSP00000499593,TNNT2
TNNT3,TNNT3,9606.ENSP00000370975,TNNT3
TNPO1,TNPO1,9606.ENSP00000336712,TNPO1
TNPO2,TNPO2,9606.ENSP00000407182,TNPO2
TNPO3,TNPO3,9606.ENSP00000265388,TNPO3
TNS2,Tns2,9606.ENSP00000319756,TNS2
TOB1,TOB1,9606.ENSP00000427695,TOB1
TOE1,TOE1,9606.ENSP00000361162,TOE1
TOLLIP,TOLLIP,9606.ENSP00000314733,TOLLIP
TOMM20,TOMM20,9606.ENSP00000355566,TOMM20
TOMM22,TOMM22,9606.ENSP00000216034,TOMM22
TOMM40,TOMM40,9606.ENSP00000410339,TOMM40
TOMM5,TOMM5,9606.ENSP00000438204,TOMM5
TOMM6,TOMM6,9606.ENSP00000381859,TOMM6
TOMM7,TOMM7,9606.ENSP00000351214,TOMM7
TOMM70,TOMM70,9606.ENSP00000284320,TOMM70
TONSL,TONSL,9606.ENSP00000386239,TONSL
TOP1,TOP1,9606.ENSP00000354522,TOP1
TOP2A,TOP2A,9606.ENSP00000411532,TOP2A
TOP2B,TOP2B,9606.ENSP00000264331,TOP2B
TOP3A,TOP3A,9606.ENSP00000321636,TOP3A
TOP3B,TOP3B,9606.ENSP00000381773,TOP3B
TOPBP1,TOPBP1,9606.ENSP00000260810,TOPBP1
TOR1A,TOR1A,9606.ENSP00000345719,TOR1A
TOR1AIP1,TOR1AIP1,9606.ENSP00000435365,TOR1AIP1
TOR1B,TOR1B,9606.ENSP00000259339,TOR1B
TOX4,TOX4,9606.ENSP00000477868,TOX4
TP53,TP53,9606.ENSP00000269305,TP53
TP53BP1,TP53BP1,9606.ENSP00000371475,TP53BP1
TP53RK,TP53RK,9606.ENSP00000361186,TP53RK
TP73,TP73,9606.ENSP00000367545,TP73
TPGS1,Tpgs1,9606.ENSP00000352265,TPGS1
TPGS2,Tpgs2,9606.ENSP00000464780,TPGS2
TPI1,Tpi1,9606.ENSP00000229270,TPI1
TPM1,TPM1,9606.ENSP00000351022,TPM1
TPM2,TPM2,9606.ENSP00000496494,TPM2
TPM3,TPM3,9606.ENSP00000498577,TPM3
TPO,TPO,9606.ENSP00000329869,TPO
TPP2,Tpp2,9606.ENSP00000365220,TPP2
TPPP,TPPP,9606.ENSP00000353785,TPPP
TPR,TPR,9606.ENSP00000356448,TPR
TPRKB,TPRKB,9606.ENSP00000325398,TPRKB
TPSAB1,TPSAB1,9606.ENSP00000343577,TPSAB1
TPX2,TPX2,9606.ENSP00000300403,TPX2
TRA2B,TRA2B,9606.ENSP00000416959,TRA2B
TRADD,TRADD,9606.ENSP00000341268,TRADD
TRAF1,TRAF1,9606.ENSP00000362994,TRAF1
TRAF2,TRAF2,9606.ENSP00000247668,TRAF2
TRAF3,TRAF3,9606.ENSP00000376500,TRAF3
TRAF3IP1,TRAF3IP1,9606.ENSP00000362424,TRAF3IP1
TRAF4,TRAF4,9606.ENSP00000262395,TRAF4
TRAF6,TRAF6,9606.ENSP00000433623,TRAF6
TRAF7,TRAF7,9606.ENSP00000318944,TRAF7
TRAK1,TRAK1,9606.ENSP00000328998,TRAK1
TRAK2,Trak2,9606.ENSP00000328875,TRAK2
TRAM1,TRAM1,9606.ENSP00000262213,TRAM1
TRAP1,TRAP1,9606.ENSP00000246957,TRAP1
TRAPPC1,TRAPPC1,9606.ENSP00000302783,TRAPPC1
TRAPPC10,TRAPPC10,9606.ENSP00000291574,TRAPPC10
TRAPPC11,TRAPPC11,9606.ENSP00000335371,TRAPPC11
TRAPPC12,TRAPPC12,9606.ENSP00000324318,TRAPPC12
TRAPPC13,TRAPPC13,9606.ENSP00000409231,TRAPPC13
TRAPPC2,TRAPPC2,9606.ENSP00000392495,TRAPPC2
TRAPPC2L,TRAPPC2L,9606.ENSP00000457728,TRAPPC2L
TRAPPC3,TRAPPC3,9606.ENSP00000480332,TRAPPC3
TRAPPC3L,TRAPPC3L,9606.ENSP00000357591,TRAPPC3L
TRAPPC4,TRAPPC4,9606.ENSP00000436005,TRAPPC4
TRAPPC5,TRAPPC5,9606.ENSP00000470262,TRAPPC5
TRAPPC6A,TRAPPC6A,9606.ENSP00000006275,TRAPPC6A
TRAPPC6B,TRAPPC6B,9606.ENSP00000330289,TRAPPC6B
TRAPPC8,TRAPPC8,9606.ENSP00000283351,TRAPPC8
TRAPPC9,TRAPPC9,9606.ENSP00000373979,TRAPPC9
TRAT1,Trat1,9606.ENSP00000295756,TRAT1
TRDN,TRDN,9606.ENSP00000333984,TRDN
TREM2,Trem2,9606.ENSP00000362205,TREM2
TRERF1,TRERF1,9606.ENSP00000439689,TRERF1
TRHR,Trhr,9606.ENSP00000430711,TRHR
TRIB3,TRIB3,9606.ENSP00000415416,TRIB3
TRIM13,TRIM13,9606.ENSP00000348299,TRIM13
TRIM14,TRIM14,9606.ENSP00000344208,TRIM14
TRIM21,TRIM21,9606.ENSP00000254436,TRIM21
TRIM24,TRIM24,9606.ENSP00000340507,TRIM24
TRIM25,TRIM25,9606.ENSP00000323889,TRIM25
TRIM27,TRIM27,9606.ENSP00000366404,TRIM27
TRIM28,TRIM28,9606.ENSP00000253024,TRIM28
TRIM3,TRIM3,9606.ENSP00000433102,TRIM3
TRIM31,TRIM31,9606.ENSP00000365924,TRIM31
TRIM32,TRIM32,9606.ENSP00000408292,TRIM32
TRIM33,TRIM33,9606.ENSP00000351250,TRIM33
TRIM55,Trim55,9606.ENSP00000323913,TRIM55
TRIP4,TRIP4,9606.ENSP00000261884,TRIP4
TRIP6,TRIP6,9606.ENSP00000200457,TRIP6
TRIR,TRIR,9606.ENSP00000242784,TRIR
TRMT10A,TRMT10A,9606.ENSP00000273962,TRMT10A
TRMT10C,TRMT10C,9606.ENSP00000312356,TRMT10C
TRNAU1AP,TRNAU1AP,9606.ENSP00000362936,TRNAU1AP
TRPA1,TRPA1,9606.ENSP00000262209,TRPA1
TRPC1,TRPC1,9606.ENSP00000419313,TRPC1
TRPC3,TRPC3,9606.ENSP00000368966,TRPC3
TRPC4,TRPC4,9606.ENSP00000486109,TRPC4
TRPC6,TRPC6,9606.ENSP00000340913,TRPC6
TRPC7,TRPC7,9606.ENSP00000426070,TRPC7
TRPM1,Trpm1,9606.ENSP00000437849,TRPM1
TRPM4,Trpm4,9606.ENSP00000252826,TRPM4
TRPM6,TRPM6,9606.ENSP00000354006,TRPM6
TRPM7,TRPM7,9606.ENSP00000495860,TRPM7
TRPM8,TRPM8,9606.ENSP00000323926,TRPM8
TRPV1,TRPV1,9606.ENSP00000459962,TRPV1
TRPV2,Trpv2,9606.ENSP00000342222,TRPV2
TRPV3,TRPV3,9606.ENSP00000301365,TRPV3
TRPV4,TRPV4,9606.ENSP00000406191,TRPV4
TRPV5,Trpv5,9606.ENSP00000265310,TRPV5
TRRAP,TRRAP,9606.ENSP00000352925,TRRAP
TRUB2,TRUB2,9606.ENSP00000361982,TRUB2
TSC1,TSC1,9606.ENSP00000298552,TSC1
TSC2,TSC2,9606.ENSP00000219476,TSC2
TSEN15,TSEN15,9606.ENSP00000355299,TSEN15
TSEN2,TSEN2,9606.ENSP00000284995,TSEN2
TSEN34,TSEN34,9606.ENSP00000397402,TSEN34
TSEN54,TSEN54,9606.ENSP00000327487,TSEN54
TSG101,TSG101,9606.ENSP00000251968,TSG101
TSHR,TSHR,9606.ENSP00000441235,TSHR
TSLP,TSLP,9606.ENSP00000339804,TSLP
TSN,TSN,9606.ENSP00000374332,TSN
TSNAX,TSNAX,9606.ENSP00000355599,TSNAX
TSPAN12,TSPAN12,9606.ENSP00000222747,TSPAN12
TSPAN3,Tspan3,9606.ENSP00000267970,TSPAN3
TSPAN4,TSPAN4,9606.ENSP00000380553,TSPAN4
TSPY1,TSPY1,9606.ENSP00000403304,TSPY1
TSPYL5,TSPYL5,9606.ENSP00000322802,TSPYL5
TTBK2,TTBK2,9606.ENSP00000267890,TTBK2
TTC21B,TTC21B,9606.ENSP00000243344,TTC21B
TTC26,IFT56,9606.ENSP00000419279,TTC26
TTC30B,IFT70B,9606.ENSP00000386181,TTC30B
TTC7B,TTC7B,9606.ENSP00000336127,TTC7B
TTC8,TTC8,9606.ENSP00000482306,TTC8
TTF1,Ttf1,9606.ENSP00000333920,TTF1
TTI1,TTI1,9606.ENSP00000362547,TTI1
TTI2,TTI2,9606.ENSP00000478396,TTI2
TTLL1,Ttll1,9606.ENSP00000266254,TTLL1
TTN,TTN,9606.ENSP00000467141,TTN
TTR,TTR,9606.ENSP00000237014,TTR
TUBA1A,TUBA1A,9606.ENSP00000439020,TUBA1A
TUBA1B,TUBA1B,9606.ENSP00000336799,TUBA1B
TUBA1C,TUBA1C,9606.ENSP00000443475,TUBA1C
TUBA4A,TUBA4A,9606.ENSP00000248437,TUBA4A
TUBB,TUBB,9606.ENSP00000339001,TUBB
TUBB1,TUBB1,9606.ENSP00000217133,TUBB1
TUBB2A,TUBB2A,9606.ENSP00000369703,TUBB2A
TUBB2B,TUBB2B,9606.ENSP00000259818,TUBB2B
TUBB3,TUBB3,9606.ENSP00000320295,TUBB3
TUBB4A,TUBB5,9606.ENSP00000264071,TUBB4A
TUBB4B,TUBB4B,9606.ENSP00000341289,TUBB4B
TUBB6,TUBB6,9606.ENSP00000318697,TUBB6
TUBB8,TUBB8,9606.ENSP00000456206,TUBB8
TUBG1,TUBG1,9606.ENSP00000251413,TUBG1
TUBGCP2,TUBGCP2,9606.ENSP00000446093,TUBGCP2
TUBGCP3,TUBGCP3,9606.ENSP00000261965,TUBGCP3
TUBGCP4,TUBGCP4,9606.ENSP00000260383,TUBGCP4
TUBGCP5,TUBGCP5,9606.ENSP00000480316,TUBGCP5
TUBGCP6,TUBGCP6,9606.ENSP00000248846,TUBGCP6
TUFM,TUFM,9606.ENSP00000322439,TUFM
TULP1,Tulp1,9606.ENSP00000229771,TULP1
TULP3,TULP3,9606.ENSP00000380321,TULP3
TUSC3,TUSC3,9606.ENSP00000424544,TUSC3
TWIST1,TWIST1,9606.ENSP00000242261,TWIST1
TWSG1,TWSG1,9606.ENSP00000262120,TWSG1
TXLNA,TXLNA,9606.ENSP00000362711,TXLNA
TXN,TXN,9606.ENSP00000363641,TXN
TXN2,Txn2,9606.ENSP00000216185,TXN2
TXNIP,Txnip,9606.ENSP00000462521,TXNIP
TXNL4A,TXNL4A,9606.ENSP00000269601,TXNL4A
TXNRD1,TXNRD1,9606.ENSP00000434516,TXNRD1
TYK2,TYK2,9606.ENSP00000431885,TYK2
TYMP,TYMP,9606.ENSP00000379038,TYMP
TYMS,TYMS,9606.ENSP00000315644,TYMS
TYR,TYR,9606.ENSP00000263321,TYR
TYROBP,TYROBP,9606.ENSP00000262629,TYROBP
TYRP1,Tyrp1,9606.ENSP00000373570,TYRP1
U2AF1,U2AF1,9606.ENSP00000291552,U2AF1
U2AF2,U2AF2,9606.ENSP00000307863,U2AF2
U2SURP,U2SURP,9606.ENSP00000418563,U2SURP
UBA2,UBA2,9606.ENSP00000246548,UBA2
UBA3,UBA3,9606.ENSP00000354340,UBA3
UBA52,UBA52,9606.ENSP00000388107,UBA52
UBAC1,UBAC1,9606.ENSP00000360821,UBAC1
UBAP2L,UBAP2L,9606.ENSP00000389445,UBAP2L
UBB,Ubb,9606.ENSP00000478771,UBB
UBE2A,UBE2A,9606.ENSP00000360613,UBE2A
UBE2D2,UBE2D2,9606.ENSP00000381717,UBE2D2
UBE2D3,UBE2D3,9606.ENSP00000349722,UBE2D3
UBE2E1,UBE2E1,9606.ENSP00000303709,UBE2E1
UBE2I,UBE2I,9606.ENSP00000348056,UBE2I
UBE2J1,UBE2J1,9606.ENSP00000451261,UBE2J1
UBE2L3,UBE2L3,9606.ENSP00000400906,UBE2L3
UBE2M,UBE2M,9606.ENSP00000253023,UBE2M
UBE2N,UBE2N,9606.ENSP00000316176,UBE2N
UBE2V1,UBE2V1,9606.ENSP00000340305,UBE2V1
UBE2V2,UBE2V2,9606.ENSP00000428209,UBE2V2
UBE3A,UBE3A,9606.ENSP00000497594,UBE3A
UBL3,UBL3,9606.ENSP00000370055,UBL3
UBL4A,UBL4A,9606.ENSP00000358674,UBL4A
UBL5,UBL5,9606.ENSP00000351492,UBL5
UBN1,UBN1,9606.ENSP00000262376,UBN1
UBQLN1,UBQLN1,9606.ENSP00000365576,UBQLN1
UBQLN2,UBQLN2,9606.ENSP00000345195,UBQLN2
UBR4,UBR4,9606.ENSP00000364403,UBR4
UBR5,UBR5,9606.ENSP00000429084,UBR5
UBXN1,Ubxn1,9606.ENSP00000294119,UBXN1
UBXN4,UBXN4,9606.ENSP00000272638,UBXN4
UCHL1,UCHL1,9606.ENSP00000284440,UCHL1
UCN,UCN,9606.ENSP00000296099,UCN
UCP2,UCP2,9606.ENSP00000499695,UCP2
UCP3,Ucp3,9606.ENSP00000323740,UCP3
UFD1,UFD1,9606.ENSP00000263202,UFD1
UGCG,UGCG,9606.ENSP00000363397,UGCG
UGGT1,Uggt1,9606.ENSP00000259253,UGGT1
UGP2,UGP2,9606.ENSP00000338703,UGP2
UHRF1,UHRF1,9606.ENSP00000479617,UHRF1
UIMC1,UIMC1,9606.ENSP00000421926,UIMC1
ULBP1,ULBP1,9606.ENSP00000229708,ULBP1
ULBP2,ULBP2,9606.ENSP00000356320,ULBP2
ULBP3,ULBP3,9606.ENSP00000356308,ULBP3
ULK1,ULK1,9606.ENSP00000324560,ULK1
ULK2,ULK2,9606.ENSP00000378914,ULK2
UMPS,UMPS,9606.ENSP00000232607,UMPS
UNC119,UNC119,9606.ENSP00000337040,UNC119
UNC13A,Unc13a,9606.ENSP00000429562,UNC13A
UNC13B,Unc13b,9606.ENSP00000479261,UNC13B
UNC13D,Unc13d,9606.ENSP00000207549,UNC13D
UNC5B,UNC5B,9606.ENSP00000334329,UNC5B
UNC5D,UNC5D,9606.ENSP00000385143,UNC5D
UNC79,UNC79,9606.ENSP00000256339,UNC79
UNC80,UNC80,9606.ENSP00000391088,UNC80
UNC93B1,Unc93b1,9606.ENSP00000227471,UNC93B1
UPF1,UPF1,9606.ENSP00000470142,UPF1
UPF2,UPF2,9606.ENSP00000348708,UPF2
UPF3A,UPF3A,9606.ENSP00000364448,UPF3A
UPF3B,UPF3B,9606.ENSP00000276201,UPF3B
UQCR10,UQCR10,9606.ENSP00000332887,UQCR10
UQCR11,UQCR11,9606.ENSP00000467262,UQCR11
UQCRB,UQCRB,9606.ENSP00000430494,UQCRB
UQCRC1,UQCRC1,9606.ENSP00000203407,UQCRC1
UQCRC2,UQCRC2,9606.ENSP00000268379,UQCRC2
UQCRFS1,UQCRFS1,9606.ENSP00000306397,UQCRFS1
UQCRH,UQCRH,9606.ENSP00000309565,UQCRH
UQCRQ,UQCRQ,9606.ENSP00000367939,UQCRQ
URI1,URI1,9606.ENSP00000376097,URI1
USE1,USE1,9606.ENSP00000263897,USE1
USF1,USF1,9606.ENSP00000357000,USF1
USF2,USF2,9606.ENSP00000222305,USF2
USH1C,USH1C,9606.ENSP00000005226,USH1C
USH1G,USH1G,9606.ENSP00000480279,USH1G
USH2A,USH2A,9606.ENSP00000305941,USH2A
USO1,Uso1,9606.ENSP00000264904,USO1
USP1,USP1,9606.ENSP00000343526,USP1
USP10,USP10,9606.ENSP00000457411,USP10
USP12,USP12,9606.ENSP00000282344,USP12
USP13,USP13,9606.ENSP00000263966,USP13
USP2,USP2,9606.ENSP00000260187,USP2
USP20,USP20,9606.ENSP00000313811,USP20
USP22,USP22,9606.ENSP00000261497,USP22
USP33,USP33,9606.ENSP00000359829,USP33
USP39,USP39,9606.ENSP00000312981,USP39
USP45,USP45,9606.ENSP00000333376,USP45
USP46,USP46,9606.ENSP00000407818,USP46
USP7,USP7,9606.ENSP00000343535,USP7
USP8,USP8,9606.ENSP00000379721,USP8
USP9X,USP9X,9606.ENSP00000316357,USP9X
UTP4,UTP4,9606.ENSP00000327179,UTP4
UTRN,UTRN,9606.ENSP00000356515,UTRN
UTS2R,UTS2R,9606.ENSP00000323516,UTS2R
UVRAG,UVRAG,9606.ENSP00000348455,UVRAG
UXT,UXT,9606.ENSP00000337393,UXT
VAC14,VAC14,9606.ENSP00000261776,VAC14
VAMP1,VAMP1,9606.ENSP00000379602,VAMP1
VAMP2,Vamp2,9606.ENSP00000418572,VAMP2
VAMP3,Vamp3,9606.ENSP00000054666,VAMP3
VAMP4,Vamp4,9606.ENSP00000236192,VAMP4
VAMP7,Vamp7,9606.ENSP00000262640,VAMP7
VAMP8,Vamp8,9606.ENSP00000263864,VAMP8
VANGL1,Vangl1,9606.ENSP00000347672,VANGL1
VANGL2,Vangl2,9606.ENSP00000357040,VANGL2
VAPA,VAPA,9606.ENSP00000345656,VAPA
VAPB,VAPB,9606.ENSP00000417175,VAPB
VASP,VASP,9606.ENSP00000245932,VASP
VAV1,Vav1,9606.ENSP00000472929,VAV1
VAV2,Vav2,9606.ENSP00000360916,VAV2
VAV3,VAV3,9606.ENSP00000359073,VAV3
VBP1,VBP1,9606.ENSP00000286428,VBP1
VCAM1,Vcam1,9606.ENSP00000294728,VCAM1
VCL,Vcl,9606.ENSP00000211998,VCL
VCP,Vcp,9606.ENSP00000351777,VCP
VDAC1,Vdac1,9606.ENSP00000378487,VDAC1
VDAC2,VDAC2,9606.ENSP00000361635,VDAC2
VEGFB,VEGFB,9606.ENSP00000311127,VEGFB
VEGFC,VEGFC,9606.ENSP00000480043,VEGFC
VEGFD,VEGFD,9606.ENSP00000297904,VEGFD
VEZT,Vezt,9606.ENSP00000410083,VEZT
VGLL4,VGLL4,9606.ENSP00000404251,VGLL4
VHL,Vhl,9606.ENSP00000256474,VHL
VIM,Vim,9606.ENSP00000446007,VIM
VIPAS39,VIPAS39,9606.ENSP00000452181,VIPAS39
VIPR1,VIPR1,9606.ENSP00000327246,VIPR1
VIPR2,VIPR2,9606.ENSP00000262178,VIPR2
VIRMA,Virma,9606.ENSP00000297591,VIRMA
VPREB1,VPREB1,9606.ENSP00000385361,VPREB1
VPS11,VPS11,9606.ENSP00000481126,VPS11
VPS16,VPS16,9606.ENSP00000369810,VPS16
VPS18,VPS18,9606.ENSP00000220509,VPS18
VPS25,VPS25,9606.ENSP00000253794,VPS25
VPS26A,Vps26a,9606.ENSP00000263559,VPS26A
VPS26B,VPS26B,9606.ENSP00000281187,VPS26B
VPS28,VPS28,9606.ENSP00000366565,VPS28
VPS29,Vps29,9606.ENSP00000480853,VPS29
VPS33A,Vps33a,9606.ENSP00000267199,VPS33A
VPS33B,VPS33B,9606.ENSP00000327650,VPS33B
VPS35,Vps35,9606.ENSP00000299138,VPS35
VPS35L,VPS35L,9606.ENSP00000251143,VPS35L
VPS36,VPS36,9606.ENSP00000367299,VPS36
VPS37A,VPS37A,9606.ENSP00000318629,VPS37A
VPS37B,VPS37B,9606.ENSP00000267202,VPS37B
VPS37C,VPS37C,9606.ENSP00000301765,VPS37C
VPS37D,VPS37D,9606.ENSP00000320416,VPS37D
VPS39,VPS39,9606.ENSP00000335193,VPS39
VPS41,VPS41,9606.ENSP00000309457,VPS41
VPS50,VPS50,9606.ENSP00000307666,VPS50
VPS51,VPS51,9606.ENSP00000279281,VPS51
VPS52,VPS52,9606.ENSP00000409952,VPS52
VPS53,VPS53,9606.ENSP00000401435,VPS53
VPS54,VPS54,9606.ENSP00000272322,VPS54
VPS72,VPS72,9606.ENSP00000346464,VPS72
VPS8,VPS8,9606.ENSP00000487164,VPS8
VRK1,VRK1,9606.ENSP00000216639,VRK1
VSNL1,Vsnl1,9606.ENSP00000384719,VSNL1
VTI1A,Vti1a,9606.ENSP00000376792,VTI1A
VTI1B,Vti1b,9606.ENSP00000450731,VTI1B
VTN,VTN,9606.ENSP00000226218,VTN
VWF,VWF,9606.ENSP00000261405,VWF
WAS,Was,9606.ENSP00000365891,WAS
WASF1,Wasf1,9606.ENSP00000376367,WASF1
WASF2,Wasf2,9606.ENSP00000483313,WASF2
WASF3,WASF3,9606.ENSP00000335055,WASF3
WASHC1,WASHC1,9606.ENSP00000485627,WASHC1
WASHC2A,WASHC2A,9606.ENSP00000282633,WASHC2A
WASHC2C,WASHC2C,9606.ENSP00000485513,WASHC2C
WASHC3,WASHC3,9606.ENSP00000240079,WASHC3
WASHC4,WASHC4,9606.ENSP00000484713,WASHC4
WASHC5,WASHC5,9606.ENSP00000318016,WASHC5
WASL,Wasl,9606.ENSP00000223023,WASL
WBP11,WBP11,9606.ENSP00000261167,WBP11
WBP4,WBP4,9606.ENSP00000368801,WBP4
WDHD1,WDHD1,9606.ENSP00000353793,WDHD1
WDPCP,Wdpcp,9606.ENSP00000272321,WDPCP
WDR11,WDR11,9606.ENSP00000263461,WDR11
WDR12,Wdr12,9606.ENSP00000261015,WDR12
WDR18,WDR18,9606.ENSP00000476117,WDR18
WDR19,WDR19,9606.ENSP00000382717,WDR19
WDR20,WDR20,9606.ENSP00000395793,WDR20
WDR24,WDR24,9606.ENSP00000293883,WDR24
WDR26,Wdr26,9606.ENSP00000498603,WDR26
WDR34,DYNC2I2,9606.ENSP00000361800,WDR34
WDR35,WDR35,9606.ENSP00000314444,WDR35
WDR41,WDR41,9606.ENSP00000296679,WDR41
WDR43,WDR43,9606.ENSP00000384302,WDR43
WDR45,WDR45,9606.ENSP00000348848,WDR45
WDR48,WDR48,9606.ENSP00000307491,WDR48
WDR5,Wdr5,9606.ENSP00000351446,WDR5
WDR59,WDR59,9606.ENSP00000262144,WDR59
WDR5B,WDR5B,9606.ENSP00000330381,WDR5B
WDR60,DYNC2I1,9606.ENSP00000384290,WDR60
WDR7,WDR7,9606.ENSP00000254442,WDR7
WDR77,WDR77,9606.ENSP00000235090,WDR77
WDR82,WDR82,9606.ENSP00000296490,WDR82
WDR83,WDR83,9606.ENSP00000402653,WDR83
WDR83OS,WDR83OS,9606.ENSP00000468969,WDR83OS
WDTC1,WDTC1,9606.ENSP00000317971,WDTC1
WFIKKN2,Wfikkn2,9606.ENSP00000311184,WFIKKN2
WHAMM,WHAMM,9606.ENSP00000286760,WHAMM
WHRN,Whrn,9606.ENSP00000354623,WHRN
WIPF1,Wipf1,9606.ENSP00000376330,WIPF1
WIPF3,Wipf3,9606.ENSP00000242140,WIPF3
WIZ,WIZ,9606.ENSP00000469534,WIZ
WNK1,WNK1,9606.ENSP00000341292,WNK1
WNK4,WNK4,9606.ENSP00000246914,WNK4
WNT1,Wnt1,9606.ENSP00000293549,WNT1
WNT3A,WNT3A,9606.ENSP00000284523,WNT3A
WNT5A,Wnt5a,9606.ENSP00000264634,WNT5A
WRAP53,WRAP53,9606.ENSP00000324203,WRAP53
WRN,WRN,9606.ENSP00000298139,WRN
WRNIP1,WRNIP1,9606.ENSP00000370150,WRNIP1
WSB1,Wsb1,9606.ENSP00000262394,WSB1
WTAP,Wtap,9606.ENSP00000351141,WTAP
WTIP,Wtip,9606.ENSP00000466953,WTIP
WWC1,WWC1,9606.ENSP00000427772,WWC1
WWOX,WWOX,9606.ENSP00000457230,WWOX
WWP1,WWP1,9606.ENSP00000427793,WWP1
WWTR1,Wwtr1,9606.ENSP00000419465,WWTR1
XAB2,XAB2,9606.ENSP00000351137,XAB2
XAF1,XAF1,9606.ENSP00000354822,XAF1
XDH,Xdh,9606.ENSP00000368727,XDH
XIAP,XIAP,9606.ENSP00000360242,XIAP
XIRP1,Xirp1,9606.ENSP00000343140,XIRP1
XPA,XPA,9606.ENSP00000364270,XPA
XPC,XPC,9606.ENSP00000285021,XPC
XPNPEP3,XPNPEP3,9606.ENSP00000349658,XPNPEP3
XPO1,Xpo1,9606.ENSP00000384863,XPO1
XPO4,XPO4,9606.ENSP00000255305,XPO4
XPO5,XPO5,9606.ENSP00000265351,XPO5
XPO6,XPO6,9606.ENSP00000302790,XPO6
XPO7,XPO7,9606.ENSP00000252512,XPO7
XPOT,XPOT,9606.ENSP00000327821,XPOT
XRCC1,XRCC1,9606.ENSP00000262887,XRCC1
XRCC2,XRCC2,9606.ENSP00000352271,XRCC2
XRCC3,XRCC3,9606.ENSP00000451974,XRCC3
XRCC4,Xrcc4,9606.ENSP00000421491,XRCC4
XRCC5,Xrcc5,9606.ENSP00000375978,XRCC5
XRCC6,Xrcc6,9606.ENSP00000352257,XRCC6
XRN1,XRN1,9606.ENSP00000264951,XRN1
XRN2,XRN2,9606.ENSP00000366396,XRN2
YAE1,YAE1,9606.ENSP00000223273,YAE1
YAF2,YAF2,9606.ENSP00000328004,YAF2
YAP1,Yap1,9606.ENSP00000478927,YAP1
YBX1,Ybx1,9606.ENSP00000361626,YBX1
YBX2,Ybx2,9606.ENSP00000007699,YBX2
YBX3,Ybx3,9606.ENSP00000228251,YBX3
YEATS2,YEATS2,9606.ENSP00000306983,YEATS2
YEATS4,YEATS4,9606.ENSP00000247843,YEATS4
YES1,Yes1,9606.ENSP00000462468,YES1
YIF1B,Yif1b,9606.ENSP00000343435,YIF1B
YJU2,YJU2,9606.ENSP00000262962,YJU2
YKT6,Ykt6,9606.ENSP00000223369,YKT6
YLPM1,Ylpm1,9606.ENSP00000324463,YLPM1
YME1L1,YME1L1,9606.ENSP00000318480,YME1L1
YPEL5,YPEL5,9606.ENSP00000368835,YPEL5
YWHAB,YWHAB,9606.ENSP00000361930,YWHAB
YWHAE,YWHAE,9606.ENSP00000264335,YWHAE
YWHAG,YWHAG,9606.ENSP00000306330,YWHAG
YWHAH,YWHAH,9606.ENSP00000248975,YWHAH
YWHAQ,YWHAQ,9606.ENSP00000371267,YWHAQ
YWHAZ,YWHAZ,9606.ENSP00000379287,YWHAZ
YY1,YY1,9606.ENSP00000262238,YY1
ZAP70,Zap70,9606.ENSP00000264972,ZAP70
ZBP1,Zbp1,9606.ENSP00000360215,ZBP1
ZBTB16,ZBTB16,9606.ENSP00000338157,ZBTB16
ZBTB17,Zbtb17,9606.ENSP00000364885,ZBTB17
ZBTB32,Zbtb32,9606.ENSP00000376035,ZBTB32
ZBTB33,ZBTB33,9606.ENSP00000450969,ZBTB33
ZBTB8OS,ZBTB8OS,9606.ENSP00000417677,ZBTB8OS
ZC3H12A,Zc3h12a,9606.ENSP00000362179,ZC3H12A
ZC3H12D,ZC3H12D,9606.ENSP00000386616,ZC3H12D
ZC3H13,Zc3h13,9606.ENSP00000242848,ZC3H13
ZC3H15,Zc3h15,9606.ENSP00000338788,ZC3H15
ZC3H18,ZC3H18,9606.ENSP00000416951,ZC3H18
ZC3H8,ZC3H8,9606.ENSP00000386488,ZC3H8
ZC3HAV1,ZC3HAV1,9606.ENSP00000242351,ZC3HAV1
ZC3HC1,ZC3HC1,9606.ENSP00000351052,ZC3HC1
ZCCHC8,ZCCHC8,9606.ENSP00000438993,ZCCHC8
ZCRB1,ZCRB1,9606.ENSP00000266529,ZCRB1
ZDHHC5,Zdhhc5,9606.ENSP00000287169,ZDHHC5
ZDHHC6,ZDHHC6,9606.ENSP00000358413,ZDHHC6
ZDHHC9,ZDHHC9,9606.ENSP00000349689,ZDHHC9
ZEB1,ZEB1,9606.ENSP00000354487,ZEB1
ZEB2,ZEB2,9606.ENSP00000487174,ZEB2
ZER1,Zer1,9606.ENSP00000291900,ZER1
ZFAND2B,ZFAND2B,9606.ENSP00000289528,ZFAND2B
ZFC3H1,ZFC3H1,9606.ENSP00000368017,ZFC3H1
ZFP36,ZFP36,9606.ENSP00000471239,ZFP36
ZFP36L1,ZFP36L1,9606.ENSP00000337386,ZFP36L1
ZFP36L2,ZFP36L2,9606.ENSP00000282388,ZFP36L2
ZFP57,Zfp57,9606.ENSP00000418259,ZFP57
ZFP90,ZFP90,9606.ENSP00000460547,ZFP90
ZFP91,ZFP91,9606.ENSP00000339030,ZFP91
ZFPM1,Zfpm1,9606.ENSP00000326630,ZFPM1
ZFYVE26,ZFYVE26,9606.ENSP00000251119,ZFYVE26
ZFYVE27,Zfyve27,9606.ENSP00000409594,ZFYVE27
ZFYVE9,ZFYVE9,9606.ENSP00000287727,ZFYVE9
ZIC2,Zic2,9606.ENSP00000365514,ZIC2
ZMAT2,ZMAT2,9606.ENSP00000274712,ZMAT2
ZMAT5,ZMAT5,9606.ENSP00000344241,ZMAT5
ZMIZ1,ZMIZ1,9606.ENSP00000334474,ZMIZ1
ZMYM2,ZMYM2,9606.ENSP00000479904,ZMYM2
ZMYM3,ZMYM3,9606.ENSP00000322845,ZMYM3
ZMYND10,Zmynd10,9606.ENSP00000231749,ZMYND10
ZMYND8,ZMYND8,9606.ENSP00000439800,ZMYND8
ZNF143,ZNF143,9606.ENSP00000379847,ZNF143
ZNF207,ZNF207,9606.ENSP00000378165,ZNF207
ZNF217,ZNF217,9606.ENSP00000360526,ZNF217
ZNF274,ZNF274,9606.ENSP00000484810,ZNF274
ZNF281,ZNF281,9606.ENSP00000294740,ZNF281
ZNF304,ZNF304,9606.ENSP00000401642,ZNF304
ZNF326,ZNF326,9606.ENSP00000340796,ZNF326
ZNF335,ZNF335,9606.ENSP00000325326,ZNF335
ZNF346,ZNF346,9606.ENSP00000424495,ZNF346
ZNF350,ZNF350,9606.ENSP00000243644,ZNF350
ZNF365,ZNF365,9606.ENSP00000387091,ZNF365
ZNF516,ZNF516,9606.ENSP00000394757,ZNF516
ZNF541,Znf541,9606.ENSP00000375770,ZNF541
ZNF598,ZNF598,9606.ENSP00000455308,ZNF598
ZNF830,ZNF830,9606.ENSP00000354518,ZNF830
ZNHIT1,ZNHIT1,9606.ENSP00000304593,ZNHIT1
ZNHIT6,ZNHIT6,9606.ENSP00000359606,ZNHIT6
ZNRF1,Znrf1,9606.ENSP00000335091,ZNRF1
ZNRF3,Znrf3,9606.ENSP00000443824,ZNRF3
ZP3,ZP3,9606.ENSP00000378326,ZP3
ZPR1,ZPR1,9606.ENSP00000227322,ZPR1
ZRANB2,ZRANB2,9606.ENSP00000359958,ZRANB2
ZRSR2,ZRSR2,9606.ENSP00000303015,ZRSR2
ZSWIM7,ZSWIM7,9606.ENSP00000382218,ZSWIM7
ZW10,ZW10,9606.ENSP00000200135,ZW10
ZWILCH,ZWILCH,9606.ENSP00000311429,ZWILCH
ZWINT,ZWINT,9606.ENSP00000363055,ZWINT
ZYG11B,ZYG11B,9606.ENSP00000294353,ZYG11B
ZYX,ZYX,9606.ENSP00000324422,ZYX
ZZZ3,ZZZ3,9606.ENSP00000359837,ZZZ3
